MFR URL,PART_NUMBER,Dept,Class,Fine,SKU - MY_PART_NUMBER,Mfg_Part_Num,Part_Desc,E1_Brand,DIB_Brand,Part_Manuf,MANUFACTURER_NAME,BRAND_NAME,TRADE_NAME,MANUFACTURER_PART_NUMBER,Classpath,MOBILE_DESC,INVOICE_DESC,SHORT_DESC,LONG_DESC1,RETAIL_DESC,MARKETING_DESCRIPTION,ITEM_FEATURES_1,ITEM_FEATURES_2,ITEM_FEATURES_3,ITEM_FEATURES_4,With,Standard/Approvals,Product Name,ATTRIBUTE_LABEL 1,ATTRIBUTE_VALUE 1,ATTRIBUTE_UOM 1,ATTRIBUTE_LABEL 2,ATTRIBUTE_VALUE 2,ATTRIBUTE_UOM 2,ATTRIBUTE_LABEL 3,ATTRIBUTE_VALUE 3,ATTRIBUTE_UOM 3,ATTRIBUTE_LABEL 4,ATTRIBUTE_VALUE 4,UNSPSC,Warranty,Selling Qty,Selling UOM,Product Image,Alternate Image 1,Alternate Image 2,Alternate Image 3,Alternate Image 4,Specification Sheet,Discontinued,Actual Image (Yes/No)
,DCB518ASTS06G,Tools & Abrasives,Abrasives,Sanding Belts & Sheets,DCB518ASTS06G,DCB518ASTS06G,"DCB518ASTS06G Diablo 1/2""x18"" - Sanding Belt 6pc",,,Freud Inc (2435),Freud Inc,DIABLO®,Steel Demon™,DCB518ASTS06G,Tools & Abrasives > Abrasives > Sanding Belts & Sheets > Sanding Belts,"Freud Inc Diablo, Diablo 1/2""X18"", Sanding Belt 6Pc, Dcb518Asts06G","DIABLO 1/2""X18"" - SANDING BELT 6PC","Diablo® Dcb518Asts06G Diablo 1/2""X18"" - Sanding Belt 6Pc","DIABLO®, DCB518ASTS06G Diablo 1/2""x18"" - Sanding Belt 6pc, Package Quantity: 6 pc, Dimensions: 1/2 in x 18 in","Diablo® Dcb518Asts06G Diablo 1/2""X18"" - Sanding Belt 6Pc","DIABLO®, DCB518ASTS06G Diablo 1/2""x18"" - Sanding Belt 6pc, Package Quantity: 6 pc, Dimensions: 1/2 in x 18 in",Package Quantity: 6 pc,Dimensions: 1/2 in x 18 in,,,,,Sanding Belts,Package Quantity,6,pc,Dimensions,1/2 in x 18 in,,,,,,,31191501,,1,EA,DIABLO_DCB518ASTS06G.jpg,DIABLO_DCB518ASTS06G_1.jpg,DIABLO_DCB518ASTS06G_2.jpg,DIABLO_DCB518ASTS06G_3.jpg,DIABLO_DCB518ASTS06G_4.jpg,DIABLO_DCB518ASTS06G_Specification_Sheet.pdf,No,Yes
,3MABR-7100075678,Tools & Abrasives,Abrasives,Sanding Belts & Sheets,3MABR-7100075678,3MABR-7100075678,3M 775L Stikit Film P150 - Cubitron II 50 Disc/Box,,,Jam Industrial Supply LLC (JAMIN),3M Company,3M™,Cubitron II™,3MABR-7100075678,Tools & Abrasives > Abrasives > Sanding Belts & Sheets > Sanding Belts,"3M Company 3M, 3M 775L Stikit Film P150, Cubitron Ii 50 Disc/Box,",3M 775L STIKIT FILM P150 - CUBITRON II,3M™ 3Mabr-7100075678 3M 775L Stikit Film P150 - Cubitron Ii 50 Disc/Box,"3M™, 3M 775L Stikit Film P150 - Cubitron II 50 Disc/Box, Part Number: 3MABR-7100075678, Grit: P150, Package Quantity: 50 Disc/Box, Product Line / Series: Cubitron II",3M™ 3Mabr-7100075678 3M 775L Stikit Film P150 - Cubitron Ii 50 Disc/Box,"3M™, 3M 775L Stikit Film P150 - Cubitron II 50 Disc/Box, Part Number: 3MABR-7100075678, Grit: P150, Package Quantity: 50 Disc/Box, Product Line / Series: Cubitron II",Grit: P150,Package Quantity: 50 Disc/Box,Product Line / Series: Cubitron II,,,,Sanding Belts,Grit,P150,,Package Quantity,50,Disc/Box,Product Line / Series,Cubitron II,,,,31191501,,1,EA,3M_3MABR-7100075678.jpg,3M_3MABR-7100075678_1.jpg,3M_3MABR-7100075678_2.jpg,3M_3MABR-7100075678_3.jpg,3M_3MABR-7100075678_4.jpg,3M_3MABR-7100075678_Specification_Sheet.pdf,No,Yes
,3MABR-7100045865,Tools & Abrasives,Abrasives,Sanding Belts & Sheets,3MABR-7100045865,3MABR-7100045865,3M 775L Stikit Film P120 - Cubitron II 50 Disc/Box,,,Jam Industrial Supply LLC (JAMIN),3M Company,3M™,Cubitron II™,3MABR-7100045865,Tools & Abrasives > Abrasives > Sanding Belts & Sheets > Sanding Belts,"3M Company 3M, 3M 775L Stikit Film P120, Cubitron Ii 50 Disc/Box,",3M 775L STIKIT FILM P120 - CUBITRON II,3M™ 3Mabr-7100045865 3M 775L Stikit Film P120 - Cubitron Ii 50 Disc/Box,"3M™, 3M 775L Stikit Film P120 - Cubitron II 50 Disc/Box, Part Number: 3MABR-7100045865, Grit: P120, Package Quantity: 50 Disc/Box, Product Line / Series: Cubitron II",3M™ 3Mabr-7100045865 3M 775L Stikit Film P120 - Cubitron Ii 50 Disc/Box,"3M™, 3M 775L Stikit Film P120 - Cubitron II 50 Disc/Box, Part Number: 3MABR-7100045865, Grit: P120, Package Quantity: 50 Disc/Box, Product Line / Series: Cubitron II",Grit: P120,Package Quantity: 50 Disc/Box,Product Line / Series: Cubitron II,,,,Sanding Belts,Grit,P120,,Package Quantity,50,Disc/Box,Product Line / Series,Cubitron II,,,,31191501,,1,EA,3M_3MABR-7100045865.jpg,3M_3MABR-7100045865_1.jpg,3M_3MABR-7100045865_2.jpg,3M_3MABR-7100045865_3.jpg,3M_3MABR-7100045865_4.jpg,3M_3MABR-7100045865_Specification_Sheet.pdf,No,Yes
,3MABR-7100048736,Tools & Abrasives,Abrasives,Sanding Belts & Sheets,3MABR-7100048736,3MABR-7100048736,3M 775L Stikit Film P80 - Cubitron II 50 Disc/Box,,,Jam Industrial Supply LLC (JAMIN),3M Company,3M™,Cubitron II™,3MABR-7100048736,Tools & Abrasives > Abrasives > Sanding Belts & Sheets > Sanding Belts,"3M Company 3M, 3M 775L Stikit Film P80, Cubitron Ii 50 Disc/Box,",3M 775L STIKIT FILM P80 - CUBITRON II,3M™ 3Mabr-7100048736 3M 775L Stikit Film P80 - Cubitron Ii 50 Disc/Box,"3M™, 3M 775L Stikit Film P80 - Cubitron II 50 Disc/Box, Part Number: 3MABR-7100048736, Grit: P80, Package Quantity: 50 Disc/Box, Product Line / Series: Cubitron II",3M™ 3Mabr-7100048736 3M 775L Stikit Film P80 - Cubitron Ii 50 Disc/Box,"3M™, 3M 775L Stikit Film P80 - Cubitron II 50 Disc/Box, Part Number: 3MABR-7100048736, Grit: P80, Package Quantity: 50 Disc/Box, Product Line / Series: Cubitron II",Grit: P80,Package Quantity: 50 Disc/Box,Product Line / Series: Cubitron II,,,,Sanding Belts,Grit,P80,,Package Quantity,50,Disc/Box,Product Line / Series,Cubitron II,,,,31191501,,1,EA,3M_3MABR-7100048736.jpg,3M_3MABR-7100048736_1.jpg,3M_3MABR-7100048736_2.jpg,3M_3MABR-7100048736_3.jpg,3M_3MABR-7100048736_4.jpg,3M_3MABR-7100048736_Specification_Sheet.pdf,No,Yes
,3MABR-7100075690,Tools & Abrasives,Abrasives,Sanding Belts & Sheets,3MABR-7100075690,3MABR-7100075690,3M 775L Stikit Film P180 - Cubitron II 50 Disc/Box,,,Jam Industrial Supply LLC (JAMIN),3M Company,3M™,Cubitron II™,3MABR-7100075690,Tools & Abrasives > Abrasives > Sanding Belts & Sheets > Sanding Belts,"3M Company 3M, 3M 775L Stikit Film P180, Cubitron Ii 50 Disc/Box,",3M 775L STIKIT FILM P180 - CUBITRON II,3M™ 3Mabr-7100075690 3M 775L Stikit Film P180 - Cubitron Ii 50 Disc/Box,"3M™, 3M 775L Stikit Film P180 - Cubitron II 50 Disc/Box, Part Number: 3MABR-7100075690, Grit: P180, Package Quantity: 50 Disc/Box, Product Line / Series: Cubitron II",3M™ 3Mabr-7100075690 3M 775L Stikit Film P180 - Cubitron Ii 50 Disc/Box,"3M™, 3M 775L Stikit Film P180 - Cubitron II 50 Disc/Box, Part Number: 3MABR-7100075690, Grit: P180, Package Quantity: 50 Disc/Box, Product Line / Series: Cubitron II",Grit: P180,Package Quantity: 50 Disc/Box,Product Line / Series: Cubitron II,,,,Sanding Belts,Grit,P180,,Package Quantity,50,Disc/Box,Product Line / Series,Cubitron II,,,,31191501,,1,EA,3M_3MABR-7100075690.jpg,3M_3MABR-7100075690_1.jpg,3M_3MABR-7100075690_2.jpg,3M_3MABR-7100075690_3.jpg,3M_3MABR-7100075690_4.jpg,3M_3MABR-7100075690_Specification_Sheet.pdf,No,Yes
,3MABR-7100075692,Tools & Abrasives,Abrasives,Sanding Belts & Sheets,3MABR-7100075692,3MABR-7100075692,3M 775L Stikit Film P220 - Cubitron II 50 Disc/Box,,,Jam Industrial Supply LLC (JAMIN),3M Company,3M™,Cubitron II™,3MABR-7100075692,Tools & Abrasives > Abrasives > Sanding Belts & Sheets > Sanding Belts,"3M Company 3M, 3M 775L Stikit Film P220, Cubitron Ii 50 Disc/Box,",3M 775L STIKIT FILM P220 - CUBITRON II,3M™ 3Mabr-7100075692 3M 775L Stikit Film P220 - Cubitron Ii 50 Disc/Box,"3M™, 3M 775L Stikit Film P220 - Cubitron II 50 Disc/Box, Part Number: 3MABR-7100075692, Grit: P220, Package Quantity: 50 Disc/Box, Product Line / Series: Cubitron II",3M™ 3Mabr-7100075692 3M 775L Stikit Film P220 - Cubitron Ii 50 Disc/Box,"3M™, 3M 775L Stikit Film P220 - Cubitron II 50 Disc/Box, Part Number: 3MABR-7100075692, Grit: P220, Package Quantity: 50 Disc/Box, Product Line / Series: Cubitron II",Grit: P220,Package Quantity: 50 Disc/Box,Product Line / Series: Cubitron II,,,,Sanding Belts,Grit,P220,,Package Quantity,50,Disc/Box,Product Line / Series,Cubitron II,,,,31191501,,1,EA,3M_3MABR-7100075692.jpg,3M_3MABR-7100075692_1.jpg,3M_3MABR-7100075692_2.jpg,3M_3MABR-7100075692_3.jpg,3M_3MABR-7100075692_4.jpg,3M_3MABR-7100075692_Specification_Sheet.pdf,No,Yes
,3MABR-7100145365,Tools & Abrasives,Abrasives,Sanding Belts & Sheets,3MABR-7100145365,3MABR-7100145365,3M 775L Stikit Film P320 - Cubitron II 50 Disc/Box,,,Jam Industrial Supply LLC (JAMIN),3M Company,3M™,Cubitron II™,3MABR-7100145365,Tools & Abrasives > Abrasives > Sanding Belts & Sheets > Sanding Belts,"3M Company 3M, 3M 775L Stikit Film P320, Cubitron Ii 50 Disc/Box,",3M 775L STIKIT FILM P320 - CUBITRON II,3M™ 3Mabr-7100145365 3M 775L Stikit Film P320 - Cubitron Ii 50 Disc/Box,"3M™, 3M 775L Stikit Film P320 - Cubitron II 50 Disc/Box, Part Number: 3MABR-7100145365, Grit: P320, Package Quantity: 50 Disc/Box, Product Line / Series: Cubitron II",3M™ 3Mabr-7100145365 3M 775L Stikit Film P320 - Cubitron Ii 50 Disc/Box,"3M™, 3M 775L Stikit Film P320 - Cubitron II 50 Disc/Box, Part Number: 3MABR-7100145365, Grit: P320, Package Quantity: 50 Disc/Box, Product Line / Series: Cubitron II",Grit: P320,Package Quantity: 50 Disc/Box,Product Line / Series: Cubitron II,,,,Sanding Belts,Grit,P320,,Package Quantity,50,Disc/Box,Product Line / Series,Cubitron II,,,,31191501,,1,EA,3M_3MABR-7100145365.jpg,3M_3MABR-7100145365_1.jpg,3M_3MABR-7100145365_2.jpg,3M_3MABR-7100145365_3.jpg,3M_3MABR-7100145365_4.jpg,3M_3MABR-7100145365_Specification_Sheet.pdf,No,Yes
,5B-332-080,Tools & Abrasives,Abrasives,Sanding Belts & Sheets,5B-332-080,5B-332-080,"5B-332-080 HIOLIT 5"" P80",,,Mirka Abrasives Inc (MIRUS),Mirka Abrasives Inc,MIRKA®,Abranet®,5B-332-080,Tools & Abrasives > Abrasives > Sanding Belts & Sheets > Sanding Belts,"Mirka Abrasives Inc Mirka, Hiolit 5"" P80, 5B-332-080 - Part Number: 5B-332-080","HIOLIT 5"" P80","Mirka® 5B-332-080 Hiolit 5"" P80","MIRKA®, 5B-332-080 HIOLIT 5"" P80, Grit: P80","Mirka® 5B-332-080 Hiolit 5"" P80","MIRKA®, 5B-332-080 HIOLIT 5"" P80, Grit: P80",Grit: P80,,,,,,Sanding Belts,Grit,P80,,,,,,,,,,31191501,,1,EA,MIRKA_5B-332-080.jpg,MIRKA_5B-332-080_1.jpg,MIRKA_5B-332-080_2.jpg,MIRKA_5B-332-080_3.jpg,MIRKA_5B-332-080_4.jpg,MIRKA_5B-332-080_Specification_Sheet.pdf,No,Yes
,5B-332-120,Tools & Abrasives,Abrasives,Sanding Belts & Sheets,5B-332-120,5B-332-120,"5B-332-120 HIOLIT 5"" P120",,,Mirka Abrasives Inc (MIRUS),Mirka Abrasives Inc,MIRKA®,Abranet®,5B-332-120,Tools & Abrasives > Abrasives > Sanding Belts & Sheets > Sanding Belts,"Mirka Abrasives Inc Mirka, Hiolit 5"" P120, 5B-332-120 - Part Number: 5B-332-12","HIOLIT 5"" P120","Mirka® 5B-332-120 Hiolit 5"" P120","MIRKA®, 5B-332-120 HIOLIT 5"" P120, Grit: P120","Mirka® 5B-332-120 Hiolit 5"" P120","MIRKA®, 5B-332-120 HIOLIT 5"" P120, Grit: P120",Grit: P120,,,,,,Sanding Belts,Grit,P120,,,,,,,,,,31191501,,1,EA,MIRKA_5B-332-120.jpg,MIRKA_5B-332-120_1.jpg,MIRKA_5B-332-120_2.jpg,MIRKA_5B-332-120_3.jpg,MIRKA_5B-332-120_4.jpg,MIRKA_5B-332-120_Specification_Sheet.pdf,No,Yes
,9A-570-240,Tools & Abrasives,Abrasives,Sanding Belts & Sheets,9A-570-240,9A-570-240,9A-570-240 Abranet 2.75x30,,,Mirka Abrasives Inc (MIRUS),Mirka Abrasives Inc,MIRKA®,Abranet®,9A-570-240,Tools & Abrasives > Abrasives > Sanding Belts & Sheets > Sanding Belts,"Mirka Abrasives Inc Mirka, Abranet 2.75X30, 9A-570-240 - Part Number: 9A-570-2",ABRANET 2.75X30,Mirka® 9A-570-240 Abranet 2.75X30,"MIRKA®, 9A-570-240 Abranet 2.75x30, Amperage: 9 A, Dimensions: 2.75 in x 30 in",Mirka® 9A-570-240 Abranet 2.75X30,"MIRKA®, 9A-570-240 Abranet 2.75x30, Amperage: 9 A, Dimensions: 2.75 in x 30 in",Amperage: 9 A,Dimensions: 2.75 in x 30 in,,,,,Sanding Belts,Amperage,9,A,Dimensions,2.75 in x 30 in,,,,,,,31191501,,1,EA,MIRKA_9A-570-240.jpg,MIRKA_9A-570-240_1.jpg,MIRKA_9A-570-240_2.jpg,MIRKA_9A-570-240_3.jpg,MIRKA_9A-570-240_4.jpg,MIRKA_9A-570-240_Specification_Sheet.pdf,No,Yes
,9A-570-320,Tools & Abrasives,Abrasives,Sanding Belts & Sheets,9A-570-320,9A-570-320,9A-570-320 Abranet 2.75x30,,,Mirka Abrasives Inc (MIRUS),Mirka Abrasives Inc,MIRKA®,Abranet®,9A-570-320,Tools & Abrasives > Abrasives > Sanding Belts & Sheets > Sanding Belts,"Mirka Abrasives Inc Mirka, Abranet 2.75X30, 9A-570-320 - Part Number: 9A-570-3",ABRANET 2.75X30,Mirka® 9A-570-320 Abranet 2.75X30,"MIRKA®, 9A-570-320 Abranet 2.75x30, Amperage: 9 A, Dimensions: 2.75 in x 30 in",Mirka® 9A-570-320 Abranet 2.75X30,"MIRKA®, 9A-570-320 Abranet 2.75x30, Amperage: 9 A, Dimensions: 2.75 in x 30 in",Amperage: 9 A,Dimensions: 2.75 in x 30 in,,,,,Sanding Belts,Amperage,9,A,Dimensions,2.75 in x 30 in,,,,,,,31191501,,1,EA,MIRKA_9A-570-320.jpg,MIRKA_9A-570-320_1.jpg,MIRKA_9A-570-320_2.jpg,MIRKA_9A-570-320_3.jpg,MIRKA_9A-570-320_4.jpg,MIRKA_9A-570-320_Specification_Sheet.pdf,No,Yes
,DBD090094101F,Tools & Abrasives,Abrasives,Cutting & Grinding Wheels,DBD090094101F,DBD090094101F,"DBD090094101F Diablo 9"" - Metal Cut-Off Disc",,,Freud Inc (2435),Freud Inc,DIABLO®,Steel Demon™,DBD090094101F,Tools & Abrasives > Abrasives > Cutting & Grinding Wheels > Cut-Off Wheels & Blades,"Freud Inc Diablo, Diablo 9"", Metal Cut, Off Disc, Dbd090094101F","DIABLO 9"" - METAL CUT-OFF DISC","Diablo® Dbd090094101F Diablo 9"" - Metal Cut-Off Disc","DIABLO®, DBD090094101F Diablo 9"" - Metal Cut-Off Disc, Primary Application: Metal Cutting & Grinding","Diablo® Dbd090094101F Diablo 9"" - Metal Cut-Off Disc","DIABLO®, DBD090094101F Diablo 9"" - Metal Cut-Off Disc, Primary Application: Metal Cutting & Grinding",Primary Application: Metal Cutting & Grinding,,,,,,Cut-Off Wheels & Blades,Primary Application,Metal Cutting & Grinding,,,,,,,,,,31191600,,1,EA,DIABLO_DBD090094101F.jpg,DIABLO_DBD090094101F_1.jpg,DIABLO_DBD090094101F_2.jpg,DIABLO_DBD090094101F_3.jpg,DIABLO_DBD090094101F_4.jpg,DIABLO_DBD090094101F_Specification_Sheet.pdf,No,Yes
,DBDS12125A01F,Tools & Abrasives,Abrasives,Cutting & Grinding Wheels,DBDS12125A01F,DBDS12125A01F,"DBDS12125A01F Diablo 12"" - Steel Demon Metal Cut-Off Disc",,,Freud Inc (2435),Freud Inc,DIABLO®,Steel Demon™,DBDS12125A01F,Tools & Abrasives > Abrasives > Cutting & Grinding Wheels > Cut-Off Wheels & Blades,"Freud Inc Diablo, Diablo 12"", Steel Demon Metal Cut, Off Disc, Dbds12125A01F","DIABLO 12"" - STEEL DEMON METAL CUT-OFF","Diablo® Dbds12125A01F Diablo 12"" - Steel Demon Metal Cut-Off Disc","DIABLO®, DBDS12125A01F Diablo 12"" - Steel Demon Metal Cut-Off Disc, Material: Steel, Primary Application: Metal Cutting & Grinding, Product Line / Series: Steel Demon","Diablo® Dbds12125A01F Diablo 12"" - Steel Demon Metal Cut-Off Disc","DIABLO®, DBDS12125A01F Diablo 12"" - Steel Demon Metal Cut-Off Disc, Material: Steel, Primary Application: Metal Cutting & Grinding, Product Line / Series: Steel Demon",Material: Steel,Primary Application: Metal Cutting & Grinding,Product Line / Series: Steel Demon,,,,Cut-Off Wheels & Blades,Material,Steel,,Primary Application,Metal Cutting & Grinding,,Product Line / Series,Steel Demon,,,,31191600,,1,EA,DIABLO_DBDS12125A01F.jpg,DIABLO_DBDS12125A01F_1.jpg,DIABLO_DBDS12125A01F_2.jpg,DIABLO_DBDS12125A01F_3.jpg,DIABLO_DBDS12125A01F_4.jpg,DIABLO_DBDS12125A01F_Specification_Sheet.pdf,No,Yes
,DBDS12125G01F,Tools & Abrasives,Abrasives,Cutting & Grinding Wheels,DBDS12125G01F,DBDS12125G01F,"DBDS12125G01F Diablo 12""x20mm - Speed Demon Metal Cut-Off Disc",,,Freud Inc (2435),Freud Inc,DIABLO®,Steel Demon™,DBDS12125G01F,Tools & Abrasives > Abrasives > Cutting & Grinding Wheels > Cut-Off Wheels & Blades,"Freud Inc Diablo, Diablo 12""X20Mm, Speed Demon Metal Cut, Off Disc,","DIABLO 12""X20MM - SPEED DEMON METAL","Diablo® Dbds12125G01F Diablo 12""X20Mm - Speed Demon Metal Cut-Off Disc","DIABLO®, DBDS12125G01F Diablo 12""x20mm - Speed Demon Metal Cut-Off Disc, Dimensions: 12 in x 20 in, Primary Application: Metal Cutting & Grinding, Product Line / Series: Speed Demon","Diablo® Dbds12125G01F Diablo 12""X20Mm - Speed Demon Metal Cut-Off Disc","DIABLO®, DBDS12125G01F Diablo 12""x20mm - Speed Demon Metal Cut-Off Disc, Dimensions: 12 in x 20 in, Primary Application: Metal Cutting & Grinding, Product Line / Series: Speed Demon",Dimensions: 12 in x 20 in,Primary Application: Metal Cutting & Grinding,Product Line / Series: Speed Demon,,,,Cut-Off Wheels & Blades,Dimensions,12 in x 20 in,,Primary Application,Metal Cutting & Grinding,,Product Line / Series,Speed Demon,,,,31191600,,1,EA,DIABLO_DBDS12125G01F.jpg,DIABLO_DBDS12125G01F_1.jpg,DIABLO_DBDS12125G01F_2.jpg,DIABLO_DBDS12125G01F_3.jpg,DIABLO_DBDS12125G01F_4.jpg,DIABLO_DBDS12125G01F_Specification_Sheet.pdf,No,Yes
,DBDS14125A01F,Tools & Abrasives,Abrasives,Cutting & Grinding Wheels,DBDS14125A01F,DBDS14125A01F,"DBDS14125A01F Diablo 14""x1"" - Steel Demon Metal Cut-Off Disc",,,Freud Inc (2435),Freud Inc,DIABLO®,Steel Demon™,DBDS14125A01F,Tools & Abrasives > Abrasives > Cutting & Grinding Wheels > Cut-Off Wheels & Blades,"Freud Inc Diablo, Diablo 14""X1"", Steel Demon Metal Cut, Off Disc, Dbds14125A01F","DIABLO 14""X1"" - STEEL DEMON METAL","Diablo® Dbds14125A01F Diablo 14""X1"" - Steel Demon Metal Cut-Off Disc","DIABLO®, DBDS14125A01F Diablo 14""x1"" - Steel Demon Metal Cut-Off Disc, Dimensions: 14 in x 1 in, Material: Steel, Primary Application: Metal Cutting & Grinding, Product Line / Series: Steel Demon","Diablo® Dbds14125A01F Diablo 14""X1"" - Steel Demon Metal Cut-Off Disc","DIABLO®, DBDS14125A01F Diablo 14""x1"" - Steel Demon Metal Cut-Off Disc, Dimensions: 14 in x 1 in, Material: Steel, Primary Application: Metal Cutting & Grinding, Product Line / Series: Steel Demon",Dimensions: 14 in x 1 in,Material: Steel,Primary Application: Metal Cutting & Grinding,Product Line / Series: Steel Demon,,,Cut-Off Wheels & Blades,Dimensions,14 in x 1 in,,Material,Steel,,Primary Application,Metal Cutting & Grinding,,Product Line / Series,Steel Demon,31191600,,1,EA,DIABLO_DBDS14125A01F.jpg,DIABLO_DBDS14125A01F_1.jpg,DIABLO_DBDS14125A01F_2.jpg,DIABLO_DBDS14125A01F_3.jpg,DIABLO_DBDS14125A01F_4.jpg,DIABLO_DBDS14125A01F_Specification_Sheet.pdf,No,Yes
,DBDS14125G01F,Tools & Abrasives,Abrasives,Cutting & Grinding Wheels,DBDS14125G01F,DBDS14125G01F,"DBDS14125G01F Diablo 14""x20mm - Steel Demon Metal Cut-Off Disc",,,Freud Inc (2435),Freud Inc,DIABLO®,Steel Demon™,DBDS14125G01F,Tools & Abrasives > Abrasives > Cutting & Grinding Wheels > Cut-Off Wheels & Blades,"Freud Inc Diablo, Diablo 14""X20Mm, Steel Demon Metal Cut, Off Disc,","DIABLO 14""X20MM - STEEL DEMON METAL","Diablo® Dbds14125G01F Diablo 14""X20Mm - Steel Demon Metal Cut-Off Disc","DIABLO®, DBDS14125G01F Diablo 14""x20mm - Steel Demon Metal Cut-Off Disc, Dimensions: 14 in x 20 in, Material: Steel, Primary Application: Metal Cutting & Grinding, Product Line / Series: Steel Demon","Diablo® Dbds14125G01F Diablo 14""X20Mm - Steel Demon Metal Cut-Off Disc","DIABLO®, DBDS14125G01F Diablo 14""x20mm - Steel Demon Metal Cut-Off Disc, Dimensions: 14 in x 20 in, Material: Steel, Primary Application: Metal Cutting & Grinding, Product Line / Series: Steel Demon",Dimensions: 14 in x 20 in,Material: Steel,Primary Application: Metal Cutting & Grinding,Product Line / Series: Steel Demon,,,Cut-Off Wheels & Blades,Dimensions,14 in x 20 in,,Material,Steel,,Primary Application,Metal Cutting & Grinding,,Product Line / Series,Steel Demon,31191600,,1,EA,DIABLO_DBDS14125G01F.jpg,DIABLO_DBDS14125G01F_1.jpg,DIABLO_DBDS14125G01F_2.jpg,DIABLO_DBDS14125G01F_3.jpg,DIABLO_DBDS14125G01F_4.jpg,DIABLO_DBDS14125G01F_Specification_Sheet.pdf,No,Yes
https://www.milwaukeetool.com/Products/49-94-0013,49-94-0013,Tools & Abrasives,Abrasives,Cutting & Grinding Wheels,49-94-0013,49-94-0013,"49-94-0013 Milw 5""x.045""x7/8"" Metal Cut Off Disc",,,Milwaukee Accessory (4031),Milwaukee Electric Tool Corp,MILWAUKEE®,Heavy Duty™,49-94-0013,Tools & Abrasives > Abrasives > Cutting & Grinding Wheels > Cut-Off Wheels & Blades,"Milwaukee Electric Tool Corp Milwaukee, Milw 5""X.045""X7/8"" Metal Cut Off Disc,","MILW 5""X.045""X7/8"" METAL CUT OFF DISC","Milwaukee® 49-94-0013 Milw 5""X.045""X7/8"" Metal Cut Off Disc","MILWAUKEE®, 49-94-0013 Milw 5""x.045""x7/8"" Metal Cut Off Disc, Dimensions: 5 in x .045 in x 7/8 in, Primary Application: Metal Cutting & Grinding","Milwaukee® 49-94-0013 Milw 5""X.045""X7/8"" Metal Cut Off Disc","MILWAUKEE®, 49-94-0013 Milw 5""x.045""x7/8"" Metal Cut Off Disc, Dimensions: 5 in x .045 in x 7/8 in, Primary Application: Metal Cutting & Grinding",Dimensions: 5 in x .045 in x 7/8 in,Primary Application: Metal Cutting & Grinding,,,,,Cut-Off Wheels & Blades,Dimensions,5 in x .045 in x 7/8 in,,Primary Application,Metal Cutting & Grinding,,,,,,,31191600,,1,EA,MILWAUKEE_49-94-0013.jpg,MILWAUKEE_49-94-0013_1.jpg,MILWAUKEE_49-94-0013_2.jpg,MILWAUKEE_49-94-0013_3.jpg,MILWAUKEE_49-94-0013_4.jpg,MILWAUKEE_49-94-0013_Specification_Sheet.pdf,No,Yes
https://www.milwaukeetool.com/Products/49-94-0029,49-94-0029,Tools & Abrasives,Abrasives,Cutting & Grinding Wheels,49-94-0029,49-94-0029,"49-94-0029 Milw 6-1/2""x1/8""x5/8"" DKO Metal Cut Off Disc",,,Milwaukee Accessory (4031),Milwaukee Electric Tool Corp,MILWAUKEE®,Heavy Duty™,49-94-0029,Tools & Abrasives > Abrasives > Cutting & Grinding Wheels > Cut-Off Wheels & Blades,"Milwaukee Electric Tool Corp Milwaukee, Milw 6, 1/2""X1/8""X5/8"" Dko Metal Cut","MILW 6-1/2""X1/8""X5/8"" DKO METAL CUT OFF","Milwaukee® 49-94-0029 Milw 6-1/2""X1/8""X5/8"" Dko Metal Cut Off Disc","MILWAUKEE®, 49-94-0029 Milw 6-1/2""x1/8""x5/8"" DKO Metal Cut Off Disc, Dimensions: 1/2 in x 1/8 in x 5/8 in, Primary Application: Metal Cutting & Grinding","Milwaukee® 49-94-0029 Milw 6-1/2""X1/8""X5/8"" Dko Metal Cut Off Disc","MILWAUKEE®, 49-94-0029 Milw 6-1/2""x1/8""x5/8"" DKO Metal Cut Off Disc, Dimensions: 1/2 in x 1/8 in x 5/8 in, Primary Application: Metal Cutting & Grinding",Dimensions: 1/2 in x 1/8 in x 5/8 in,Primary Application: Metal Cutting & Grinding,,,,,Cut-Off Wheels & Blades,Dimensions,1/2 in x 1/8 in x 5/8 in,,Primary Application,Metal Cutting & Grinding,,,,,,,31191600,,1,EA,MILWAUKEE_49-94-0029.jpg,MILWAUKEE_49-94-0029_1.jpg,MILWAUKEE_49-94-0029_2.jpg,MILWAUKEE_49-94-0029_3.jpg,MILWAUKEE_49-94-0029_4.jpg,MILWAUKEE_49-94-0029_Specification_Sheet.pdf,No,Yes
https://www.milwaukeetool.com/Products/49-94-0033,49-94-0033,Tools & Abrasives,Abrasives,Cutting & Grinding Wheels,49-94-0033,49-94-0033,"49-94-0033 Milw 7""x1/16""x7/8"" Metal Cut Off Disc",,,Milwaukee Accessory (4031),Milwaukee Electric Tool Corp,MILWAUKEE®,Heavy Duty™,49-94-0033,Tools & Abrasives > Abrasives > Cutting & Grinding Wheels > Cut-Off Wheels & Blades,"Milwaukee Electric Tool Corp Milwaukee, Milw 7""X1/16""X7/8"" Metal Cut Off Disc,","MILW 7""X1/16""X7/8"" METAL CUT OFF DISC","Milwaukee® 49-94-0033 Milw 7""X1/16""X7/8"" Metal Cut Off Disc","MILWAUKEE®, 49-94-0033 Milw 7""x1/16""x7/8"" Metal Cut Off Disc, Dimensions: 7 in x 1/16 in x 7/8 in, Primary Application: Metal Cutting & Grinding","Milwaukee® 49-94-0033 Milw 7""X1/16""X7/8"" Metal Cut Off Disc","MILWAUKEE®, 49-94-0033 Milw 7""x1/16""x7/8"" Metal Cut Off Disc, Dimensions: 7 in x 1/16 in x 7/8 in, Primary Application: Metal Cutting & Grinding",Dimensions: 7 in x 1/16 in x 7/8 in,Primary Application: Metal Cutting & Grinding,,,,,Cut-Off Wheels & Blades,Dimensions,7 in x 1/16 in x 7/8 in,,Primary Application,Metal Cutting & Grinding,,,,,,,31191600,,1,EA,MILWAUKEE_49-94-0033.jpg,MILWAUKEE_49-94-0033_1.jpg,MILWAUKEE_49-94-0033_2.jpg,MILWAUKEE_49-94-0033_3.jpg,MILWAUKEE_49-94-0033_4.jpg,MILWAUKEE_49-94-0033_Specification_Sheet.pdf,No,Yes
https://www.milwaukeetool.com/Products/49-94-0001,49-94-0001,Tools & Abrasives,Abrasives,Cutting & Grinding Wheels,49-94-0001,49-94-0001,"49-94-0001 Milw 4""x.040""x5/8"" Metal Cut Off Disc",,,Milwaukee Accessory (4031),Milwaukee Electric Tool Corp,MILWAUKEE®,Heavy Duty™,49-94-0001,Tools & Abrasives > Abrasives > Cutting & Grinding Wheels > Cut-Off Wheels & Blades,"Milwaukee Electric Tool Corp Milwaukee, Milw 4""X.040""X5/8"" Metal Cut Off Disc,","MILW 4""X.040""X5/8"" METAL CUT OFF DISC","Milwaukee® 49-94-0001 Milw 4""X.040""X5/8"" Metal Cut Off Disc","MILWAUKEE®, 49-94-0001 Milw 4""x.040""x5/8"" Metal Cut Off Disc, Dimensions: 4 in x .040 in x 5/8 in, Primary Application: Metal Cutting & Grinding","Milwaukee® 49-94-0001 Milw 4""X.040""X5/8"" Metal Cut Off Disc","MILWAUKEE®, 49-94-0001 Milw 4""x.040""x5/8"" Metal Cut Off Disc, Dimensions: 4 in x .040 in x 5/8 in, Primary Application: Metal Cutting & Grinding",Dimensions: 4 in x .040 in x 5/8 in,Primary Application: Metal Cutting & Grinding,,,,,Cut-Off Wheels & Blades,Dimensions,4 in x .040 in x 5/8 in,,Primary Application,Metal Cutting & Grinding,,,,,,,31191600,,1,EA,MILWAUKEE_49-94-0001.jpg,MILWAUKEE_49-94-0001_1.jpg,MILWAUKEE_49-94-0001_2.jpg,MILWAUKEE_49-94-0001_3.jpg,MILWAUKEE_49-94-0001_4.jpg,MILWAUKEE_49-94-0001_Specification_Sheet.pdf,No,Yes
https://www.milwaukeetool.com/Products/49-94-0039,49-94-0039,Tools & Abrasives,Abrasives,Cutting & Grinding Wheels,49-94-0039,49-94-0039,"49-94-0039 Milw 7""x1/8""x5/8"" DKO Metal Cut Off Disc",,,Milwaukee Accessory (4031),Milwaukee Electric Tool Corp,MILWAUKEE®,Heavy Duty™,49-94-0039,Tools & Abrasives > Abrasives > Cutting & Grinding Wheels > Cut-Off Wheels & Blades,"Milwaukee Electric Tool Corp Milwaukee, Milw 7""X1/8""X5/8"" Dko Metal Cut Off","MILW 7""X1/8""X5/8"" DKO METAL CUT OFF DISC","Milwaukee® 49-94-0039 Milw 7""X1/8""X5/8"" Dko Metal Cut Off Disc","MILWAUKEE®, 49-94-0039 Milw 7""x1/8""x5/8"" DKO Metal Cut Off Disc, Dimensions: 7 in x 1/8 in x 5/8 in, Primary Application: Metal Cutting & Grinding","Milwaukee® 49-94-0039 Milw 7""X1/8""X5/8"" Dko Metal Cut Off Disc","MILWAUKEE®, 49-94-0039 Milw 7""x1/8""x5/8"" DKO Metal Cut Off Disc, Dimensions: 7 in x 1/8 in x 5/8 in, Primary Application: Metal Cutting & Grinding",Dimensions: 7 in x 1/8 in x 5/8 in,Primary Application: Metal Cutting & Grinding,,,,,Cut-Off Wheels & Blades,Dimensions,7 in x 1/8 in x 5/8 in,,Primary Application,Metal Cutting & Grinding,,,,,,,31191600,,1,EA,MILWAUKEE_49-94-0039.jpg,MILWAUKEE_49-94-0039_1.jpg,MILWAUKEE_49-94-0039_2.jpg,MILWAUKEE_49-94-0039_3.jpg,MILWAUKEE_49-94-0039_4.jpg,MILWAUKEE_49-94-0039_Specification_Sheet.pdf,No,Yes
https://www.milwaukeetool.com/Products/49-94-0043,49-94-0043,Tools & Abrasives,Abrasives,Cutting & Grinding Wheels,49-94-0043,49-94-0043,"49-94-0043 Milw 9""x3/32""x7/8"" Metal Cut Off Disc",,,Milwaukee Accessory (4031),Milwaukee Electric Tool Corp,MILWAUKEE®,Heavy Duty™,49-94-0043,Tools & Abrasives > Abrasives > Cutting & Grinding Wheels > Cut-Off Wheels & Blades,"Milwaukee Electric Tool Corp Milwaukee, Milw 9""X3/32""X7/8"" Metal Cut Off Disc,","MILW 9""X3/32""X7/8"" METAL CUT OFF DISC","Milwaukee® 49-94-0043 Milw 9""X3/32""X7/8"" Metal Cut Off Disc","MILWAUKEE®, 49-94-0043 Milw 9""x3/32""x7/8"" Metal Cut Off Disc, Dimensions: 9 in x 3/32 in x 7/8 in, Primary Application: Metal Cutting & Grinding","Milwaukee® 49-94-0043 Milw 9""X3/32""X7/8"" Metal Cut Off Disc","MILWAUKEE®, 49-94-0043 Milw 9""x3/32""x7/8"" Metal Cut Off Disc, Dimensions: 9 in x 3/32 in x 7/8 in, Primary Application: Metal Cutting & Grinding",Dimensions: 9 in x 3/32 in x 7/8 in,Primary Application: Metal Cutting & Grinding,,,,,Cut-Off Wheels & Blades,Dimensions,9 in x 3/32 in x 7/8 in,,Primary Application,Metal Cutting & Grinding,,,,,,,31191600,,1,EA,MILWAUKEE_49-94-0043.jpg,MILWAUKEE_49-94-0043_1.jpg,MILWAUKEE_49-94-0043_2.jpg,MILWAUKEE_49-94-0043_3.jpg,MILWAUKEE_49-94-0043_4.jpg,MILWAUKEE_49-94-0043_Specification_Sheet.pdf,No,Yes
https://www.milwaukeetool.com/Products/49-94-0048,49-94-0048,Tools & Abrasives,Abrasives,Cutting & Grinding Wheels,49-94-0048,49-94-0048,"49-94-0048 Milw 12""x7/64""x1"" Metal Cut Off Disc General Purpose",,,Milwaukee Accessory (4031),Milwaukee Electric Tool Corp,MILWAUKEE®,Heavy Duty™,49-94-0048,Tools & Abrasives > Abrasives > Cutting & Grinding Wheels > Cut-Off Wheels & Blades,"Milwaukee Electric Tool Corp Milwaukee, Milw 12""X7/64""X1"" Metal Cut Off Disc","MILW 12""X7/64""X1"" METAL CUT OFF DISC","Milwaukee® 49-94-0048 Milw 12""X7/64""X1"" Metal Cut Off Disc General Purpose","MILWAUKEE®, 49-94-0048 Milw 12""x7/64""x1"" Metal Cut Off Disc General Purpose, Dimensions: 12 in x 7/64 in x 1 in, Primary Application: Metal Cutting & Grinding","Milwaukee® 49-94-0048 Milw 12""X7/64""X1"" Metal Cut Off Disc General Purpose","MILWAUKEE®, 49-94-0048 Milw 12""x7/64""x1"" Metal Cut Off Disc General Purpose, Dimensions: 12 in x 7/64 in x 1 in, Primary Application: Metal Cutting & Grinding",Dimensions: 12 in x 7/64 in x 1 in,Primary Application: Metal Cutting & Grinding,,,,,Cut-Off Wheels & Blades,Dimensions,12 in x 7/64 in x 1 in,,Primary Application,Metal Cutting & Grinding,,,,,,,31191600,,1,EA,MILWAUKEE_49-94-0048.jpg,MILWAUKEE_49-94-0048_1.jpg,MILWAUKEE_49-94-0048_2.jpg,MILWAUKEE_49-94-0048_3.jpg,MILWAUKEE_49-94-0048_4.jpg,MILWAUKEE_49-94-0048_Specification_Sheet.pdf,No,Yes
https://www.milwaukeetool.com/Products/49-94-0053,49-94-0053,Tools & Abrasives,Abrasives,Cutting & Grinding Wheels,49-94-0053,49-94-0053,"49-94-0053 Milw 12""x1/8""x1"" Metal Cut Off Disc",,,Milwaukee Accessory (4031),Milwaukee Electric Tool Corp,MILWAUKEE®,Heavy Duty™,49-94-0053,Tools & Abrasives > Abrasives > Cutting & Grinding Wheels > Cut-Off Wheels & Blades,"Milwaukee Electric Tool Corp Milwaukee, Milw 12""X1/8""X1"" Metal Cut Off Disc,","MILW 12""X1/8""X1"" METAL CUT OFF DISC","Milwaukee® 49-94-0053 Milw 12""X1/8""X1"" Metal Cut Off Disc","MILWAUKEE®, 49-94-0053 Milw 12""x1/8""x1"" Metal Cut Off Disc, Dimensions: 12 in x 1/8 in x 1 in, Primary Application: Metal Cutting & Grinding","Milwaukee® 49-94-0053 Milw 12""X1/8""X1"" Metal Cut Off Disc","MILWAUKEE®, 49-94-0053 Milw 12""x1/8""x1"" Metal Cut Off Disc, Dimensions: 12 in x 1/8 in x 1 in, Primary Application: Metal Cutting & Grinding",Dimensions: 12 in x 1/8 in x 1 in,Primary Application: Metal Cutting & Grinding,,,,,Cut-Off Wheels & Blades,Dimensions,12 in x 1/8 in x 1 in,,Primary Application,Metal Cutting & Grinding,,,,,,,31191600,,1,EA,MILWAUKEE_49-94-0053.jpg,MILWAUKEE_49-94-0053_1.jpg,MILWAUKEE_49-94-0053_2.jpg,MILWAUKEE_49-94-0053_3.jpg,MILWAUKEE_49-94-0053_4.jpg,MILWAUKEE_49-94-0053_Specification_Sheet.pdf,No,Yes
https://www.milwaukeetool.com/Products/49-94-0058,49-94-0058,Tools & Abrasives,Abrasives,Cutting & Grinding Wheels,49-94-0058,49-94-0058,"49-94-0058 Milw 12""x1/8""x20mm Metal Cut Off Disc",,,Milwaukee Accessory (4031),Milwaukee Electric Tool Corp,MILWAUKEE®,Heavy Duty™,49-94-0058,Tools & Abrasives > Abrasives > Cutting & Grinding Wheels > Cut-Off Wheels & Blades,"Milwaukee Electric Tool Corp Milwaukee, Milw 12""X1/8""X20Mm Metal Cut Off Disc,","MILW 12""X1/8""X20MM METAL CUT OFF DISC","Milwaukee® 49-94-0058 Milw 12""X1/8""X20Mm Metal Cut Off Disc","MILWAUKEE®, 49-94-0058 Milw 12""x1/8""x20mm Metal Cut Off Disc, Dimensions: 12 in x 1/8 in x 20 in, Primary Application: Metal Cutting & Grinding","Milwaukee® 49-94-0058 Milw 12""X1/8""X20Mm Metal Cut Off Disc","MILWAUKEE®, 49-94-0058 Milw 12""x1/8""x20mm Metal Cut Off Disc, Dimensions: 12 in x 1/8 in x 20 in, Primary Application: Metal Cutting & Grinding",Dimensions: 12 in x 1/8 in x 20 in,Primary Application: Metal Cutting & Grinding,,,,,Cut-Off Wheels & Blades,Dimensions,12 in x 1/8 in x 20 in,,Primary Application,Metal Cutting & Grinding,,,,,,,31191600,,1,EA,MILWAUKEE_49-94-0058.jpg,MILWAUKEE_49-94-0058_1.jpg,MILWAUKEE_49-94-0058_2.jpg,MILWAUKEE_49-94-0058_3.jpg,MILWAUKEE_49-94-0058_4.jpg,MILWAUKEE_49-94-0058_Specification_Sheet.pdf,No,Yes
https://www.milwaukeetool.com/Products/49-94-0063,49-94-0063,Tools & Abrasives,Abrasives,Cutting & Grinding Wheels,49-94-0063,49-94-0063,"49-94-0063 Milw 14""x7/64""x1"" Metal Cut Off Disc General Purpose",,,Milwaukee Accessory (4031),Milwaukee Electric Tool Corp,MILWAUKEE®,Heavy Duty™,49-94-0063,Tools & Abrasives > Abrasives > Cutting & Grinding Wheels > Cut-Off Wheels & Blades,"Milwaukee Electric Tool Corp Milwaukee, Milw 14""X7/64""X1"" Metal Cut Off Disc","MILW 14""X7/64""X1"" METAL CUT OFF DISC","Milwaukee® 49-94-0063 Milw 14""X7/64""X1"" Metal Cut Off Disc General Purpose","MILWAUKEE®, 49-94-0063 Milw 14""x7/64""x1"" Metal Cut Off Disc General Purpose, Dimensions: 14 in x 7/64 in x 1 in, Primary Application: Metal Cutting & Grinding","Milwaukee® 49-94-0063 Milw 14""X7/64""X1"" Metal Cut Off Disc General Purpose","MILWAUKEE®, 49-94-0063 Milw 14""x7/64""x1"" Metal Cut Off Disc General Purpose, Dimensions: 14 in x 7/64 in x 1 in, Primary Application: Metal Cutting & Grinding",Dimensions: 14 in x 7/64 in x 1 in,Primary Application: Metal Cutting & Grinding,,,,,Cut-Off Wheels & Blades,Dimensions,14 in x 7/64 in x 1 in,,Primary Application,Metal Cutting & Grinding,,,,,,,31191600,,1,EA,MILWAUKEE_49-94-0063.jpg,MILWAUKEE_49-94-0063_1.jpg,MILWAUKEE_49-94-0063_2.jpg,MILWAUKEE_49-94-0063_3.jpg,MILWAUKEE_49-94-0063_4.jpg,MILWAUKEE_49-94-0063_Specification_Sheet.pdf,No,Yes
https://www.milwaukeetool.com/Products/49-94-0068,49-94-0068,Tools & Abrasives,Abrasives,Cutting & Grinding Wheels,49-94-0068,49-94-0068,"49-94-0068 Milw 14""x1/8""x20mm Metal Cut Off Disc",,,Milwaukee Accessory (4031),Milwaukee Electric Tool Corp,MILWAUKEE®,Heavy Duty™,49-94-0068,Tools & Abrasives > Abrasives > Cutting & Grinding Wheels > Cut-Off Wheels & Blades,"Milwaukee Electric Tool Corp Milwaukee, Milw 14""X1/8""X20Mm Metal Cut Off Disc,","MILW 14""X1/8""X20MM METAL CUT OFF DISC","Milwaukee® 49-94-0068 Milw 14""X1/8""X20Mm Metal Cut Off Disc","MILWAUKEE®, 49-94-0068 Milw 14""x1/8""x20mm Metal Cut Off Disc, Dimensions: 14 in x 1/8 in x 20 in, Primary Application: Metal Cutting & Grinding","Milwaukee® 49-94-0068 Milw 14""X1/8""X20Mm Metal Cut Off Disc","MILWAUKEE®, 49-94-0068 Milw 14""x1/8""x20mm Metal Cut Off Disc, Dimensions: 14 in x 1/8 in x 20 in, Primary Application: Metal Cutting & Grinding",Dimensions: 14 in x 1/8 in x 20 in,Primary Application: Metal Cutting & Grinding,,,,,Cut-Off Wheels & Blades,Dimensions,14 in x 1/8 in x 20 in,,Primary Application,Metal Cutting & Grinding,,,,,,,31191600,,1,EA,MILWAUKEE_49-94-0068.jpg,MILWAUKEE_49-94-0068_1.jpg,MILWAUKEE_49-94-0068_2.jpg,MILWAUKEE_49-94-0068_3.jpg,MILWAUKEE_49-94-0068_4.jpg,MILWAUKEE_49-94-0068_Specification_Sheet.pdf,No,Yes
https://www.milwaukeetool.com/Products/49-94-0073,49-94-0073,Tools & Abrasives,Abrasives,Cutting & Grinding Wheels,49-94-0073,49-94-0073,"49-94-0073 Milw 14""x1/8""x1"" Metal Cut Off Disc",,,Milwaukee Accessory (4031),Milwaukee Electric Tool Corp,MILWAUKEE®,Heavy Duty™,49-94-0073,Tools & Abrasives > Abrasives > Cutting & Grinding Wheels > Cut-Off Wheels & Blades,"Milwaukee Electric Tool Corp Milwaukee, Milw 14""X1/8""X1"" Metal Cut Off Disc,","MILW 14""X1/8""X1"" METAL CUT OFF DISC","Milwaukee® 49-94-0073 Milw 14""X1/8""X1"" Metal Cut Off Disc","MILWAUKEE®, 49-94-0073 Milw 14""x1/8""x1"" Metal Cut Off Disc, Dimensions: 14 in x 1/8 in x 1 in, Primary Application: Metal Cutting & Grinding","Milwaukee® 49-94-0073 Milw 14""X1/8""X1"" Metal Cut Off Disc","MILWAUKEE®, 49-94-0073 Milw 14""x1/8""x1"" Metal Cut Off Disc, Dimensions: 14 in x 1/8 in x 1 in, Primary Application: Metal Cutting & Grinding",Dimensions: 14 in x 1/8 in x 1 in,Primary Application: Metal Cutting & Grinding,,,,,Cut-Off Wheels & Blades,Dimensions,14 in x 1/8 in x 1 in,,Primary Application,Metal Cutting & Grinding,,,,,,,31191600,,1,EA,MILWAUKEE_49-94-0073.jpg,MILWAUKEE_49-94-0073_1.jpg,MILWAUKEE_49-94-0073_2.jpg,MILWAUKEE_49-94-0073_3.jpg,MILWAUKEE_49-94-0073_4.jpg,MILWAUKEE_49-94-0073_Specification_Sheet.pdf,No,Yes
https://www.milwaukeetool.com/Products/49-94-0101,49-94-0101,Tools & Abrasives,Abrasives,Cutting & Grinding Wheels,49-94-0101,49-94-0101,"49-94-0101 Milw 4-1/2""x.045""x7/8"" Perform+ Metal Cut Off Disc 10pc",,,Milwaukee Accessory (4031),Milwaukee Electric Tool Corp,MILWAUKEE®,Heavy Duty™,49-94-0101,Tools & Abrasives > Abrasives > Cutting & Grinding Wheels > Cut-Off Wheels & Blades,"Milwaukee Electric Tool Corp Milwaukee, Milw 4, 1/2""X.045""X7/8"" Perform+ Metal","MILW 4-1/2""X.045""X7/8"" PERFORM+ METAL","Milwaukee® 49-94-0101 Milw 4-1/2""X.045""X7/8"" Perform+ Metal Cut Off Disc 10Pc","MILWAUKEE®, 49-94-0101 Milw 4-1/2""x.045""x7/8"" Perform+ Metal Cut Off Disc 10pc, Package Quantity: 10 pc, Dimensions: 1/2 in x .045 in x 7/8 in, Primary Application: Metal Cutting & Grinding","Milwaukee® 49-94-0101 Milw 4-1/2""X.045""X7/8"" Perform+ Metal Cut Off Disc 10Pc","MILWAUKEE®, 49-94-0101 Milw 4-1/2""x.045""x7/8"" Perform+ Metal Cut Off Disc 10pc, Package Quantity: 10 pc, Dimensions: 1/2 in x .045 in x 7/8 in, Primary Application: Metal Cutting & Grinding",Package Quantity: 10 pc,Dimensions: 1/2 in x .045 in x 7/8 in,Primary Application: Metal Cutting & Grinding,,,,Cut-Off Wheels & Blades,Package Quantity,10,pc,Dimensions,1/2 in x .045 in x 7/8 in,,Primary Application,Metal Cutting & Grinding,,,,31191600,,1,EA,MILWAUKEE_49-94-0101.jpg,MILWAUKEE_49-94-0101_1.jpg,MILWAUKEE_49-94-0101_2.jpg,MILWAUKEE_49-94-0101_3.jpg,MILWAUKEE_49-94-0101_4.jpg,MILWAUKEE_49-94-0101_Specification_Sheet.pdf,No,Yes
https://www.milwaukeetool.com/Products/49-94-0107,49-94-0107,Tools & Abrasives,Abrasives,Cutting & Grinding Wheels,49-94-0107,49-94-0107,"49-94-0107 Milw 4-1/2""x.045""x7/8"" Performance+ Metal Cut Off Disc",,,Milwaukee Accessory (4031),Milwaukee Electric Tool Corp,MILWAUKEE®,Heavy Duty™,49-94-0107,Tools & Abrasives > Abrasives > Cutting & Grinding Wheels > Cut-Off Wheels & Blades,"Milwaukee Electric Tool Corp Milwaukee, Milw 4, 1/2""X.045""X7/8"" Performance+","MILW 4-1/2""X.045""X7/8"" PERFORMANCE+","Milwaukee® 49-94-0107 Milw 4-1/2""X.045""X7/8"" Performance+ Metal Cut Off Disc","MILWAUKEE®, 49-94-0107 Milw 4-1/2""x.045""x7/8"" Performance+ Metal Cut Off Disc, Dimensions: 1/2 in x .045 in x 7/8 in, Primary Application: Metal Cutting & Grinding","Milwaukee® 49-94-0107 Milw 4-1/2""X.045""X7/8"" Performance+ Metal Cut Off Disc","MILWAUKEE®, 49-94-0107 Milw 4-1/2""x.045""x7/8"" Performance+ Metal Cut Off Disc, Dimensions: 1/2 in x .045 in x 7/8 in, Primary Application: Metal Cutting & Grinding",Dimensions: 1/2 in x .045 in x 7/8 in,Primary Application: Metal Cutting & Grinding,,,,,Cut-Off Wheels & Blades,Dimensions,1/2 in x .045 in x 7/8 in,,Primary Application,Metal Cutting & Grinding,,,,,,,31191600,,1,EA,MILWAUKEE_49-94-0107.jpg,MILWAUKEE_49-94-0107_1.jpg,MILWAUKEE_49-94-0107_2.jpg,MILWAUKEE_49-94-0107_3.jpg,MILWAUKEE_49-94-0107_4.jpg,MILWAUKEE_49-94-0107_Specification_Sheet.pdf,No,Yes
https://www.milwaukeetool.com/Products/49-94-0117,49-94-0117,Tools & Abrasives,Abrasives,Cutting & Grinding Wheels,49-94-0117,49-94-0117,"49-94-0117 Milw 5""x.045""x7/8"" Performance+ Metal Cut Off Disc",,,Milwaukee Accessory (4031),Milwaukee Electric Tool Corp,MILWAUKEE®,Heavy Duty™,49-94-0117,Tools & Abrasives > Abrasives > Cutting & Grinding Wheels > Cut-Off Wheels & Blades,"Milwaukee Electric Tool Corp Milwaukee, Milw 5""X.045""X7/8"" Performance+ Metal","MILW 5""X.045""X7/8"" PERFORMANCE+ METAL","Milwaukee® 49-94-0117 Milw 5""X.045""X7/8"" Performance+ Metal Cut Off Disc","MILWAUKEE®, 49-94-0117 Milw 5""x.045""x7/8"" Performance+ Metal Cut Off Disc, Dimensions: 5 in x .045 in x 7/8 in, Primary Application: Metal Cutting & Grinding","Milwaukee® 49-94-0117 Milw 5""X.045""X7/8"" Performance+ Metal Cut Off Disc","MILWAUKEE®, 49-94-0117 Milw 5""x.045""x7/8"" Performance+ Metal Cut Off Disc, Dimensions: 5 in x .045 in x 7/8 in, Primary Application: Metal Cutting & Grinding",Dimensions: 5 in x .045 in x 7/8 in,Primary Application: Metal Cutting & Grinding,,,,,Cut-Off Wheels & Blades,Dimensions,5 in x .045 in x 7/8 in,,Primary Application,Metal Cutting & Grinding,,,,,,,31191600,,1,EA,MILWAUKEE_49-94-0117.jpg,MILWAUKEE_49-94-0117_1.jpg,MILWAUKEE_49-94-0117_2.jpg,MILWAUKEE_49-94-0117_3.jpg,MILWAUKEE_49-94-0117_4.jpg,MILWAUKEE_49-94-0117_Specification_Sheet.pdf,No,Yes
https://www.milwaukeetool.com/Products/49-94-0123,49-94-0123,Tools & Abrasives,Abrasives,Cutting & Grinding Wheels,49-94-0123,49-94-0123,"49-94-0123 Milw 6""x.045""x7/8"" Performance+ Metal Cut Off Disc",,,Milwaukee Accessory (4031),Milwaukee Electric Tool Corp,MILWAUKEE®,Heavy Duty™,49-94-0123,Tools & Abrasives > Abrasives > Cutting & Grinding Wheels > Cut-Off Wheels & Blades,"Milwaukee Electric Tool Corp Milwaukee, Milw 6""X.045""X7/8"" Performance+ Metal","MILW 6""X.045""X7/8"" PERFORMANCE+ METAL","Milwaukee® 49-94-0123 Milw 6""X.045""X7/8"" Performance+ Metal Cut Off Disc","MILWAUKEE®, 49-94-0123 Milw 6""x.045""x7/8"" Performance+ Metal Cut Off Disc, Dimensions: 6 in x .045 in x 7/8 in, Primary Application: Metal Cutting & Grinding","Milwaukee® 49-94-0123 Milw 6""X.045""X7/8"" Performance+ Metal Cut Off Disc","MILWAUKEE®, 49-94-0123 Milw 6""x.045""x7/8"" Performance+ Metal Cut Off Disc, Dimensions: 6 in x .045 in x 7/8 in, Primary Application: Metal Cutting & Grinding",Dimensions: 6 in x .045 in x 7/8 in,Primary Application: Metal Cutting & Grinding,,,,,Cut-Off Wheels & Blades,Dimensions,6 in x .045 in x 7/8 in,,Primary Application,Metal Cutting & Grinding,,,,,,,31191600,,1,EA,MILWAUKEE_49-94-0123.jpg,MILWAUKEE_49-94-0123_1.jpg,MILWAUKEE_49-94-0123_2.jpg,MILWAUKEE_49-94-0123_3.jpg,MILWAUKEE_49-94-0123_4.jpg,MILWAUKEE_49-94-0123_Specification_Sheet.pdf,No,Yes
https://www.milwaukeetool.com/Products/49-94-0023,49-94-0023,Tools & Abrasives,Abrasives,Cutting & Grinding Wheels,49-94-0023,49-94-0023,"49-94-0023 Milw 6""x.045""x7/8"" Metal Cut Off Disc",,,Milwaukee Accessory (4031),Milwaukee Electric Tool Corp,MILWAUKEE®,Heavy Duty™,49-94-0023,Tools & Abrasives > Abrasives > Cutting & Grinding Wheels > Cut-Off Wheels & Blades,"Milwaukee Electric Tool Corp Milwaukee, Milw 6""X.045""X7/8"" Metal Cut Off Disc,","MILW 6""X.045""X7/8"" METAL CUT OFF DISC","Milwaukee® 49-94-0023 Milw 6""X.045""X7/8"" Metal Cut Off Disc","MILWAUKEE®, 49-94-0023 Milw 6""x.045""x7/8"" Metal Cut Off Disc, Dimensions: 6 in x .045 in x 7/8 in, Primary Application: Metal Cutting & Grinding","Milwaukee® 49-94-0023 Milw 6""X.045""X7/8"" Metal Cut Off Disc","MILWAUKEE®, 49-94-0023 Milw 6""x.045""x7/8"" Metal Cut Off Disc, Dimensions: 6 in x .045 in x 7/8 in, Primary Application: Metal Cutting & Grinding",Dimensions: 6 in x .045 in x 7/8 in,Primary Application: Metal Cutting & Grinding,,,,,Cut-Off Wheels & Blades,Dimensions,6 in x .045 in x 7/8 in,,Primary Application,Metal Cutting & Grinding,,,,,,,31191600,,1,EA,MILWAUKEE_49-94-0023.jpg,MILWAUKEE_49-94-0023_1.jpg,MILWAUKEE_49-94-0023_2.jpg,MILWAUKEE_49-94-0023_3.jpg,MILWAUKEE_49-94-0023_4.jpg,MILWAUKEE_49-94-0023_Specification_Sheet.pdf,No,Yes
https://www.milwaukeetool.com/Products/49-94-0121,49-94-0121,Tools & Abrasives,Abrasives,Cutting & Grinding Wheels,49-94-0121,49-94-0121,"49-94-0121 Milw 6""x.045""x7/8"" Performance+ Metal Cut Off Disc 10pc",,,Milwaukee Accessory (4031),Milwaukee Electric Tool Corp,MILWAUKEE®,Heavy Duty™,49-94-0121,Tools & Abrasives > Abrasives > Cutting & Grinding Wheels > Cut-Off Wheels & Blades,"Milwaukee Electric Tool Corp Milwaukee, Milw 6""X.045""X7/8"" Performance+ Metal","MILW 6""X.045""X7/8"" PERFORMANCE+ METAL","Milwaukee® 49-94-0121 Milw 6""X.045""X7/8"" Performance+ Metal Cut Off Disc 10Pc","MILWAUKEE®, 49-94-0121 Milw 6""x.045""x7/8"" Performance+ Metal Cut Off Disc 10pc, Package Quantity: 10 pc, Dimensions: 6 in x .045 in x 7/8 in, Primary Application: Metal Cutting & Grinding","Milwaukee® 49-94-0121 Milw 6""X.045""X7/8"" Performance+ Metal Cut Off Disc 10Pc","MILWAUKEE®, 49-94-0121 Milw 6""x.045""x7/8"" Performance+ Metal Cut Off Disc 10pc, Package Quantity: 10 pc, Dimensions: 6 in x .045 in x 7/8 in, Primary Application: Metal Cutting & Grinding",Package Quantity: 10 pc,Dimensions: 6 in x .045 in x 7/8 in,Primary Application: Metal Cutting & Grinding,,,,Cut-Off Wheels & Blades,Package Quantity,10,pc,Dimensions,6 in x .045 in x 7/8 in,,Primary Application,Metal Cutting & Grinding,,,,31191600,,1,EA,MILWAUKEE_49-94-0121.jpg,MILWAUKEE_49-94-0121_1.jpg,MILWAUKEE_49-94-0121_2.jpg,MILWAUKEE_49-94-0121_3.jpg,MILWAUKEE_49-94-0121_4.jpg,MILWAUKEE_49-94-0121_Specification_Sheet.pdf,No,Yes
https://www.milwaukeetool.com/Products/49-94-0127,49-94-0127,Tools & Abrasives,Abrasives,Cutting & Grinding Wheels,49-94-0127,49-94-0127,"49-94-0127 Milw 6""x.045""x7/8"" Performance+Metal Cut Off Disc",,,Milwaukee Accessory (4031),Milwaukee Electric Tool Corp,MILWAUKEE®,Heavy Duty™,49-94-0127,Tools & Abrasives > Abrasives > Cutting & Grinding Wheels > Cut-Off Wheels & Blades,"Milwaukee Electric Tool Corp Milwaukee, Milw 6""X.045""X7/8"" Performance+Metal","MILW 6""X.045""X7/8"" PERFORMANCE+METAL","Milwaukee® 49-94-0127 Milw 6""X.045""X7/8"" Performance+Metal Cut Off Disc","MILWAUKEE®, 49-94-0127 Milw 6""x.045""x7/8"" Performance+Metal Cut Off Disc, Dimensions: 6 in x .045 in x 7/8 in, Primary Application: Metal Cutting & Grinding","Milwaukee® 49-94-0127 Milw 6""X.045""X7/8"" Performance+Metal Cut Off Disc","MILWAUKEE®, 49-94-0127 Milw 6""x.045""x7/8"" Performance+Metal Cut Off Disc, Dimensions: 6 in x .045 in x 7/8 in, Primary Application: Metal Cutting & Grinding",Dimensions: 6 in x .045 in x 7/8 in,Primary Application: Metal Cutting & Grinding,,,,,Cut-Off Wheels & Blades,Dimensions,6 in x .045 in x 7/8 in,,Primary Application,Metal Cutting & Grinding,,,,,,,31191600,,1,EA,MILWAUKEE_49-94-0127.jpg,MILWAUKEE_49-94-0127_1.jpg,MILWAUKEE_49-94-0127_2.jpg,MILWAUKEE_49-94-0127_3.jpg,MILWAUKEE_49-94-0127_4.jpg,MILWAUKEE_49-94-0127_Specification_Sheet.pdf,No,Yes
https://www.milwaukeetool.com/Products/49-94-0137,49-94-0137,Tools & Abrasives,Abrasives,Cutting & Grinding Wheels,49-94-0137,49-94-0137,"49-94-0137 Milw 7""x3/32""x7/8"" Performance+ Metal Cut Off Disc",,,Milwaukee Accessory (4031),Milwaukee Electric Tool Corp,MILWAUKEE®,Heavy Duty™,49-94-0137,Tools & Abrasives > Abrasives > Cutting & Grinding Wheels > Cut-Off Wheels & Blades,"Milwaukee Electric Tool Corp Milwaukee, Milw 7""X3/32""X7/8"" Performance+ Metal","MILW 7""X3/32""X7/8"" PERFORMANCE+ METAL","Milwaukee® 49-94-0137 Milw 7""X3/32""X7/8"" Performance+ Metal Cut Off Disc","MILWAUKEE®, 49-94-0137 Milw 7""x3/32""x7/8"" Performance+ Metal Cut Off Disc, Dimensions: 7 in x 3/32 in x 7/8 in, Primary Application: Metal Cutting & Grinding","Milwaukee® 49-94-0137 Milw 7""X3/32""X7/8"" Performance+ Metal Cut Off Disc","MILWAUKEE®, 49-94-0137 Milw 7""x3/32""x7/8"" Performance+ Metal Cut Off Disc, Dimensions: 7 in x 3/32 in x 7/8 in, Primary Application: Metal Cutting & Grinding",Dimensions: 7 in x 3/32 in x 7/8 in,Primary Application: Metal Cutting & Grinding,,,,,Cut-Off Wheels & Blades,Dimensions,7 in x 3/32 in x 7/8 in,,Primary Application,Metal Cutting & Grinding,,,,,,,31191600,,1,EA,MILWAUKEE_49-94-0137.jpg,MILWAUKEE_49-94-0137_1.jpg,MILWAUKEE_49-94-0137_2.jpg,MILWAUKEE_49-94-0137_3.jpg,MILWAUKEE_49-94-0137_4.jpg,MILWAUKEE_49-94-0137_Specification_Sheet.pdf,No,Yes
https://www.milwaukeetool.com/Products/49-94-0160,49-94-0160,Tools & Abrasives,Abrasives,Cutting & Grinding Wheels,49-94-0160,49-94-0160,"49-94-0160 Milw 14""x7/64""x1"" Performance+ Metal Cut Off Disc",,,Milwaukee Accessory (4031),Milwaukee Electric Tool Corp,MILWAUKEE®,Heavy Duty™,49-94-0160,Tools & Abrasives > Abrasives > Cutting & Grinding Wheels > Cut-Off Wheels & Blades,"Milwaukee Electric Tool Corp Milwaukee, Milw 14""X7/64""X1"" Performance+ Metal","MILW 14""X7/64""X1"" PERFORMANCE+ METAL","Milwaukee® 49-94-0160 Milw 14""X7/64""X1"" Performance+ Metal Cut Off Disc","MILWAUKEE®, 49-94-0160 Milw 14""x7/64""x1"" Performance+ Metal Cut Off Disc, Dimensions: 14 in x 7/64 in x 1 in, Primary Application: Metal Cutting & Grinding","Milwaukee® 49-94-0160 Milw 14""X7/64""X1"" Performance+ Metal Cut Off Disc","MILWAUKEE®, 49-94-0160 Milw 14""x7/64""x1"" Performance+ Metal Cut Off Disc, Dimensions: 14 in x 7/64 in x 1 in, Primary Application: Metal Cutting & Grinding",Dimensions: 14 in x 7/64 in x 1 in,Primary Application: Metal Cutting & Grinding,,,,,Cut-Off Wheels & Blades,Dimensions,14 in x 7/64 in x 1 in,,Primary Application,Metal Cutting & Grinding,,,,,,,31191600,,1,EA,MILWAUKEE_49-94-0160.jpg,MILWAUKEE_49-94-0160_1.jpg,MILWAUKEE_49-94-0160_2.jpg,MILWAUKEE_49-94-0160_3.jpg,MILWAUKEE_49-94-0160_4.jpg,MILWAUKEE_49-94-0160_Specification_Sheet.pdf,No,Yes
https://www.milwaukeetool.com/Products/49-94-0223,49-94-0223,Tools & Abrasives,Abrasives,Cutting & Grinding Wheels,49-94-0223,49-94-0223,"49-94-0223 Milw 6""x.045""x7/8"" Ceramic+ Metal Cut Off Disc",,,Milwaukee Accessory (4031),Milwaukee Electric Tool Corp,MILWAUKEE®,Heavy Duty™,49-94-0223,Tools & Abrasives > Abrasives > Cutting & Grinding Wheels > Cut-Off Wheels & Blades,"Milwaukee Electric Tool Corp Milwaukee, Milw 6""X.045""X7/8"" Ceramic+ Metal Cut","MILW 6""X.045""X7/8"" CERAMIC+ METAL CUT","Milwaukee® 49-94-0223 Milw 6""X.045""X7/8"" Ceramic+ Metal Cut Off Disc","MILWAUKEE®, 49-94-0223 Milw 6""x.045""x7/8"" Ceramic+ Metal Cut Off Disc, Dimensions: 6 in x .045 in x 7/8 in, Primary Application: Metal Cutting & Grinding","Milwaukee® 49-94-0223 Milw 6""X.045""X7/8"" Ceramic+ Metal Cut Off Disc","MILWAUKEE®, 49-94-0223 Milw 6""x.045""x7/8"" Ceramic+ Metal Cut Off Disc, Dimensions: 6 in x .045 in x 7/8 in, Primary Application: Metal Cutting & Grinding",Dimensions: 6 in x .045 in x 7/8 in,Primary Application: Metal Cutting & Grinding,,,,,Cut-Off Wheels & Blades,Dimensions,6 in x .045 in x 7/8 in,,Primary Application,Metal Cutting & Grinding,,,,,,,31191600,,1,EA,MILWAUKEE_49-94-0223.jpg,MILWAUKEE_49-94-0223_1.jpg,MILWAUKEE_49-94-0223_2.jpg,MILWAUKEE_49-94-0223_3.jpg,MILWAUKEE_49-94-0223_4.jpg,MILWAUKEE_49-94-0223_Specification_Sheet.pdf,No,Yes
https://www.milwaukeetool.com/Products/49-94-0445,49-94-0445,Tools & Abrasives,Abrasives,Cutting & Grinding Wheels,49-94-0445,49-94-0445,"49-94-0445 Milw 10""x3/32""x5/8"" Performance+ Metal Cut Off Disc",,,Milwaukee Accessory (4031),Milwaukee Electric Tool Corp,MILWAUKEE®,Heavy Duty™,49-94-0445,Tools & Abrasives > Abrasives > Cutting & Grinding Wheels > Cut-Off Wheels & Blades,"Milwaukee Electric Tool Corp Milwaukee, Milw 10""X3/32""X5/8"" Performance+ Metal","MILW 10""X3/32""X5/8"" PERFORMANCE+ METAL","Milwaukee® 49-94-0445 Milw 10""X3/32""X5/8"" Performance+ Metal Cut Off Disc","MILWAUKEE®, 49-94-0445 Milw 10""x3/32""x5/8"" Performance+ Metal Cut Off Disc, Dimensions: 10 in x 3/32 in x 5/8 in, Primary Application: Metal Cutting & Grinding","Milwaukee® 49-94-0445 Milw 10""X3/32""X5/8"" Performance+ Metal Cut Off Disc","MILWAUKEE®, 49-94-0445 Milw 10""x3/32""x5/8"" Performance+ Metal Cut Off Disc, Dimensions: 10 in x 3/32 in x 5/8 in, Primary Application: Metal Cutting & Grinding",Dimensions: 10 in x 3/32 in x 5/8 in,Primary Application: Metal Cutting & Grinding,,,,,Cut-Off Wheels & Blades,Dimensions,10 in x 3/32 in x 5/8 in,,Primary Application,Metal Cutting & Grinding,,,,,,,31191600,,1,EA,MILWAUKEE_49-94-0445.jpg,MILWAUKEE_49-94-0445_1.jpg,MILWAUKEE_49-94-0445_2.jpg,MILWAUKEE_49-94-0445_3.jpg,MILWAUKEE_49-94-0445_4.jpg,MILWAUKEE_49-94-0445_Specification_Sheet.pdf,No,Yes
https://www.milwaukeetool.com/Products/49-94-0803,49-94-0803,Tools & Abrasives,Abrasives,Cutting & Grinding Wheels,49-94-0803,49-94-0803,"49-94-0803 Milw 4-1/2""x1/8""x7/8"" Dual Metal Cut and Grind Disc",,,Milwaukee Accessory (4031),Milwaukee Electric Tool Corp,MILWAUKEE®,Heavy Duty™,49-94-0803,Tools & Abrasives > Abrasives > Cutting & Grinding Wheels > Cut-Off Wheels & Blades,"Milwaukee Electric Tool Corp Milwaukee, Milw 4, 1/2""X1/8""X7/8"" Dual Metal Cut","MILW 4-1/2""X1/8""X7/8"" DUAL METAL CUT","Milwaukee® 49-94-0803 Milw 4-1/2""X1/8""X7/8"" Dual Metal Cut And Grind Disc","MILWAUKEE®, 49-94-0803 Milw 4-1/2""x1/8""x7/8"" Dual Metal Cut and Grind Disc, Dimensions: 1/2 in x 1/8 in x 7/8 in, Primary Application: Metal Cutting & Grinding","Milwaukee® 49-94-0803 Milw 4-1/2""X1/8""X7/8"" Dual Metal Cut And Grind Disc","MILWAUKEE®, 49-94-0803 Milw 4-1/2""x1/8""x7/8"" Dual Metal Cut and Grind Disc, Dimensions: 1/2 in x 1/8 in x 7/8 in, Primary Application: Metal Cutting & Grinding",Dimensions: 1/2 in x 1/8 in x 7/8 in,Primary Application: Metal Cutting & Grinding,,,,,Cut-Off Wheels & Blades,Dimensions,1/2 in x 1/8 in x 7/8 in,,Primary Application,Metal Cutting & Grinding,,,,,,,31191600,,1,EA,MILWAUKEE_49-94-0803.jpg,MILWAUKEE_49-94-0803_1.jpg,MILWAUKEE_49-94-0803_2.jpg,MILWAUKEE_49-94-0803_3.jpg,MILWAUKEE_49-94-0803_4.jpg,MILWAUKEE_49-94-0803_Specification_Sheet.pdf,No,Yes
https://www.milwaukeetool.com/Products/49-94-0903,49-94-0903,Tools & Abrasives,Abrasives,Cutting & Grinding Wheels,49-94-0903,49-94-0903,"49-94-0903 Milw 4-1/2""x1/8""x7/8""Perform+Dual Metal Cut and Grind Disc",,,Milwaukee Accessory (4031),Milwaukee Electric Tool Corp,MILWAUKEE®,Heavy Duty™,49-94-0903,Tools & Abrasives > Abrasives > Cutting & Grinding Wheels > Cut-Off Wheels & Blades,"Milwaukee Electric Tool Corp Milwaukee, Milw 4, 1/2""X1/8""X7/8""Perform+Dual","MILW 4-1/2""X1/8""X7/8""PERFORM+DUAL METAL","Milwaukee® 49-94-0903 Milw 4-1/2""X1/8""X7/8""Perform+Dual Metal Cut And Grind Disc","MILWAUKEE®, 49-94-0903 Milw 4-1/2""x1/8""x7/8""Perform+Dual Metal Cut and Grind Disc, Dimensions: 1/2 in x 1/8 in x 7/8 in, Primary Application: Metal Cutting & Grinding","Milwaukee® 49-94-0903 Milw 4-1/2""X1/8""X7/8""Perform+Dual Metal Cut And Grind Disc","MILWAUKEE®, 49-94-0903 Milw 4-1/2""x1/8""x7/8""Perform+Dual Metal Cut and Grind Disc, Dimensions: 1/2 in x 1/8 in x 7/8 in, Primary Application: Metal Cutting & Grinding",Dimensions: 1/2 in x 1/8 in x 7/8 in,Primary Application: Metal Cutting & Grinding,,,,,Cut-Off Wheels & Blades,Dimensions,1/2 in x 1/8 in x 7/8 in,,Primary Application,Metal Cutting & Grinding,,,,,,,31191600,,1,EA,MILWAUKEE_49-94-0903.jpg,MILWAUKEE_49-94-0903_1.jpg,MILWAUKEE_49-94-0903_2.jpg,MILWAUKEE_49-94-0903_3.jpg,MILWAUKEE_49-94-0903_4.jpg,MILWAUKEE_49-94-0903_Specification_Sheet.pdf,No,Yes
https://www.milwaukeetool.com/Products/49-94-0907,49-94-0907,Tools & Abrasives,Abrasives,Cutting & Grinding Wheels,49-94-0907,49-94-0907,"49-94-0907 Milw 4-1/2""x1/8""x5/8-11""Perform+Dual Metal Cut n Grind Disc",,,Milwaukee Accessory (4031),Milwaukee Electric Tool Corp,MILWAUKEE®,Heavy Duty™,49-94-0907,Tools & Abrasives > Abrasives > Cutting & Grinding Wheels > Cut-Off Wheels & Blades,"Milwaukee Electric Tool Corp Milwaukee, Milw 4, 1/2""X1/8""X5/8, 11""Perform+Dual","MILW 4-1/2""X1/8""X5/8-11""PERFORM+DUAL","Milwaukee® 49-94-0907 Milw 4-1/2""X1/8""X5/8-11""Perform+Dual Metal Cut N Grind Disc","MILWAUKEE®, 49-94-0907 Milw 4-1/2""x1/8""x5/8-11""Perform+Dual Metal Cut n Grind Disc, Dimensions: 1/2 in x 1/8 in x 5/8 in, Primary Application: Metal Cutting & Grinding","Milwaukee® 49-94-0907 Milw 4-1/2""X1/8""X5/8-11""Perform+Dual Metal Cut N Grind Disc","MILWAUKEE®, 49-94-0907 Milw 4-1/2""x1/8""x5/8-11""Perform+Dual Metal Cut n Grind Disc, Dimensions: 1/2 in x 1/8 in x 5/8 in, Primary Application: Metal Cutting & Grinding",Dimensions: 1/2 in x 1/8 in x 5/8 in,Primary Application: Metal Cutting & Grinding,,,,,Cut-Off Wheels & Blades,Dimensions,1/2 in x 1/8 in x 5/8 in,,Primary Application,Metal Cutting & Grinding,,,,,,,31191600,,1,EA,MILWAUKEE_49-94-0907.jpg,MILWAUKEE_49-94-0907_1.jpg,MILWAUKEE_49-94-0907_2.jpg,MILWAUKEE_49-94-0907_3.jpg,MILWAUKEE_49-94-0907_4.jpg,MILWAUKEE_49-94-0907_Specification_Sheet.pdf,No,Yes
https://www.milwaukeetool.com/Products/49-94-0923,49-94-0923,Tools & Abrasives,Abrasives,Cutting & Grinding Wheels,49-94-0923,49-94-0923,"49-94-0923 Milw 6""x1/8""x7/8"" Perform+Dual Metal Cut and Grind Disc",,,Milwaukee Accessory (4031),Milwaukee Electric Tool Corp,MILWAUKEE®,Heavy Duty™,49-94-0923,Tools & Abrasives > Abrasives > Cutting & Grinding Wheels > Cut-Off Wheels & Blades,"Milwaukee Electric Tool Corp Milwaukee, Milw 6""X1/8""X7/8"" Perform+Dual Metal","MILW 6""X1/8""X7/8"" PERFORM+DUAL METAL","Milwaukee® 49-94-0923 Milw 6""X1/8""X7/8"" Perform+Dual Metal Cut And Grind Disc","MILWAUKEE®, 49-94-0923 Milw 6""x1/8""x7/8"" Perform+Dual Metal Cut and Grind Disc, Dimensions: 6 in x 1/8 in x 7/8 in, Primary Application: Metal Cutting & Grinding","Milwaukee® 49-94-0923 Milw 6""X1/8""X7/8"" Perform+Dual Metal Cut And Grind Disc","MILWAUKEE®, 49-94-0923 Milw 6""x1/8""x7/8"" Perform+Dual Metal Cut and Grind Disc, Dimensions: 6 in x 1/8 in x 7/8 in, Primary Application: Metal Cutting & Grinding",Dimensions: 6 in x 1/8 in x 7/8 in,Primary Application: Metal Cutting & Grinding,,,,,Cut-Off Wheels & Blades,Dimensions,6 in x 1/8 in x 7/8 in,,Primary Application,Metal Cutting & Grinding,,,,,,,31191600,,1,EA,MILWAUKEE_49-94-0923.jpg,MILWAUKEE_49-94-0923_1.jpg,MILWAUKEE_49-94-0923_2.jpg,MILWAUKEE_49-94-0923_3.jpg,MILWAUKEE_49-94-0923_4.jpg,MILWAUKEE_49-94-0923_Specification_Sheet.pdf,No,Yes
https://www.milwaukeetool.com/Products/49-94-1900,49-94-1900,Tools & Abrasives,Abrasives,Cutting & Grinding Wheels,49-94-1900,49-94-1900,"49-94-1900 Milw 4""x1/8""x5/8"" Masonry Cut Off Disc",,,Milwaukee Accessory (4031),Milwaukee Electric Tool Corp,MILWAUKEE®,Heavy Duty™,49-94-1900,Tools & Abrasives > Abrasives > Cutting & Grinding Wheels > Cut-Off Wheels & Blades,"Milwaukee Electric Tool Corp Milwaukee, Milw 4""X1/8""X5/8"" Masonry Cut Off Disc,","MILW 4""X1/8""X5/8"" MASONRY CUT OFF DISC","Milwaukee® 49-94-1900 Milw 4""X1/8""X5/8"" Masonry Cut Off Disc","MILWAUKEE®, 49-94-1900 Milw 4""x1/8""x5/8"" Masonry Cut Off Disc, Dimensions: 4 in x 1/8 in x 5/8 in, Primary Application: Masonry & Concrete","Milwaukee® 49-94-1900 Milw 4""X1/8""X5/8"" Masonry Cut Off Disc","MILWAUKEE®, 49-94-1900 Milw 4""x1/8""x5/8"" Masonry Cut Off Disc, Dimensions: 4 in x 1/8 in x 5/8 in, Primary Application: Masonry & Concrete",Dimensions: 4 in x 1/8 in x 5/8 in,Primary Application: Masonry & Concrete,,,,,Cut-Off Wheels & Blades,Dimensions,4 in x 1/8 in x 5/8 in,,Primary Application,Masonry & Concrete,,,,,,,31191600,,1,EA,MILWAUKEE_49-94-1900.jpg,MILWAUKEE_49-94-1900_1.jpg,MILWAUKEE_49-94-1900_2.jpg,MILWAUKEE_49-94-1900_3.jpg,MILWAUKEE_49-94-1900_4.jpg,MILWAUKEE_49-94-1900_Specification_Sheet.pdf,No,Yes
https://www.milwaukeetool.com/Products/49-94-1905,49-94-1905,Tools & Abrasives,Abrasives,Cutting & Grinding Wheels,49-94-1905,49-94-1905,"49-94-1905 Milw 4-1/2""x1/8""x7/8"" Masonry Cut Off Disc",,,Milwaukee Accessory (4031),Milwaukee Electric Tool Corp,MILWAUKEE®,Heavy Duty™,49-94-1905,Tools & Abrasives > Abrasives > Cutting & Grinding Wheels > Cut-Off Wheels & Blades,"Milwaukee Electric Tool Corp Milwaukee, Milw 4, 1/2""X1/8""X7/8"" Masonry Cut Off","MILW 4-1/2""X1/8""X7/8"" MASONRY CUT OFF","Milwaukee® 49-94-1905 Milw 4-1/2""X1/8""X7/8"" Masonry Cut Off Disc","MILWAUKEE®, 49-94-1905 Milw 4-1/2""x1/8""x7/8"" Masonry Cut Off Disc, Dimensions: 1/2 in x 1/8 in x 7/8 in, Primary Application: Masonry & Concrete","Milwaukee® 49-94-1905 Milw 4-1/2""X1/8""X7/8"" Masonry Cut Off Disc","MILWAUKEE®, 49-94-1905 Milw 4-1/2""x1/8""x7/8"" Masonry Cut Off Disc, Dimensions: 1/2 in x 1/8 in x 7/8 in, Primary Application: Masonry & Concrete",Dimensions: 1/2 in x 1/8 in x 7/8 in,Primary Application: Masonry & Concrete,,,,,Cut-Off Wheels & Blades,Dimensions,1/2 in x 1/8 in x 7/8 in,,Primary Application,Masonry & Concrete,,,,,,,31191600,,1,EA,MILWAUKEE_49-94-1905.jpg,MILWAUKEE_49-94-1905_1.jpg,MILWAUKEE_49-94-1905_2.jpg,MILWAUKEE_49-94-1905_3.jpg,MILWAUKEE_49-94-1905_4.jpg,MILWAUKEE_49-94-1905_Specification_Sheet.pdf,No,Yes
https://www.milwaukeetool.com/Products/49-94-1915,49-94-1915,Tools & Abrasives,Abrasives,Cutting & Grinding Wheels,49-94-1915,49-94-1915,"49-94-1915 Milw 6-1/2""x1/8""x5/8"" DKO Masonry Cut Off Disc",,,Milwaukee Accessory (4031),Milwaukee Electric Tool Corp,MILWAUKEE®,Heavy Duty™,49-94-1915,Tools & Abrasives > Abrasives > Cutting & Grinding Wheels > Cut-Off Wheels & Blades,"Milwaukee Electric Tool Corp Milwaukee, Milw 6, 1/2""X1/8""X5/8"" Dko Masonry Cut","MILW 6-1/2""X1/8""X5/8"" DKO MASONRY CUT","Milwaukee® 49-94-1915 Milw 6-1/2""X1/8""X5/8"" Dko Masonry Cut Off Disc","MILWAUKEE®, 49-94-1915 Milw 6-1/2""x1/8""x5/8"" DKO Masonry Cut Off Disc, Dimensions: 1/2 in x 1/8 in x 5/8 in, Primary Application: Masonry & Concrete","Milwaukee® 49-94-1915 Milw 6-1/2""X1/8""X5/8"" Dko Masonry Cut Off Disc","MILWAUKEE®, 49-94-1915 Milw 6-1/2""x1/8""x5/8"" DKO Masonry Cut Off Disc, Dimensions: 1/2 in x 1/8 in x 5/8 in, Primary Application: Masonry & Concrete",Dimensions: 1/2 in x 1/8 in x 5/8 in,Primary Application: Masonry & Concrete,,,,,Cut-Off Wheels & Blades,Dimensions,1/2 in x 1/8 in x 5/8 in,,Primary Application,Masonry & Concrete,,,,,,,31191600,,1,EA,MILWAUKEE_49-94-1915.jpg,MILWAUKEE_49-94-1915_1.jpg,MILWAUKEE_49-94-1915_2.jpg,MILWAUKEE_49-94-1915_3.jpg,MILWAUKEE_49-94-1915_4.jpg,MILWAUKEE_49-94-1915_Specification_Sheet.pdf,No,Yes
https://www.milwaukeetool.com/Products/49-94-1920,49-94-1920,Tools & Abrasives,Abrasives,Cutting & Grinding Wheels,49-94-1920,49-94-1920,"49-94-1920 Milw 7""x1/8""x5/8"" DKO Masonry Cut Off Disc",,,Milwaukee Accessory (4031),Milwaukee Electric Tool Corp,MILWAUKEE®,Heavy Duty™,49-94-1920,Tools & Abrasives > Abrasives > Cutting & Grinding Wheels > Cut-Off Wheels & Blades,"Milwaukee Electric Tool Corp Milwaukee, Milw 7""X1/8""X5/8"" Dko Masonry Cut Off","MILW 7""X1/8""X5/8"" DKO MASONRY CUT OFF","Milwaukee® 49-94-1920 Milw 7""X1/8""X5/8"" Dko Masonry Cut Off Disc","MILWAUKEE®, 49-94-1920 Milw 7""x1/8""x5/8"" DKO Masonry Cut Off Disc, Dimensions: 7 in x 1/8 in x 5/8 in, Primary Application: Masonry & Concrete","Milwaukee® 49-94-1920 Milw 7""X1/8""X5/8"" Dko Masonry Cut Off Disc","MILWAUKEE®, 49-94-1920 Milw 7""x1/8""x5/8"" DKO Masonry Cut Off Disc, Dimensions: 7 in x 1/8 in x 5/8 in, Primary Application: Masonry & Concrete",Dimensions: 7 in x 1/8 in x 5/8 in,Primary Application: Masonry & Concrete,,,,,Cut-Off Wheels & Blades,Dimensions,7 in x 1/8 in x 5/8 in,,Primary Application,Masonry & Concrete,,,,,,,31191600,,1,EA,MILWAUKEE_49-94-1920.jpg,MILWAUKEE_49-94-1920_1.jpg,MILWAUKEE_49-94-1920_2.jpg,MILWAUKEE_49-94-1920_3.jpg,MILWAUKEE_49-94-1920_4.jpg,MILWAUKEE_49-94-1920_Specification_Sheet.pdf,No,Yes
https://www.milwaukeetool.com/Products/49-94-1925,49-94-1925,Tools & Abrasives,Abrasives,Cutting & Grinding Wheels,49-94-1925,49-94-1925,"49-94-1925 Milw 10""x1/8""x5/8"" Masonry Cut Off Disc",,,Milwaukee Accessory (4031),Milwaukee Electric Tool Corp,MILWAUKEE®,Heavy Duty™,49-94-1925,Tools & Abrasives > Abrasives > Cutting & Grinding Wheels > Cut-Off Wheels & Blades,"Milwaukee Electric Tool Corp Milwaukee, Milw 10""X1/8""X5/8"" Masonry Cut Off","MILW 10""X1/8""X5/8"" MASONRY CUT OFF DISC","Milwaukee® 49-94-1925 Milw 10""X1/8""X5/8"" Masonry Cut Off Disc","MILWAUKEE®, 49-94-1925 Milw 10""x1/8""x5/8"" Masonry Cut Off Disc, Dimensions: 10 in x 1/8 in x 5/8 in, Primary Application: Masonry & Concrete","Milwaukee® 49-94-1925 Milw 10""X1/8""X5/8"" Masonry Cut Off Disc","MILWAUKEE®, 49-94-1925 Milw 10""x1/8""x5/8"" Masonry Cut Off Disc, Dimensions: 10 in x 1/8 in x 5/8 in, Primary Application: Masonry & Concrete",Dimensions: 10 in x 1/8 in x 5/8 in,Primary Application: Masonry & Concrete,,,,,Cut-Off Wheels & Blades,Dimensions,10 in x 1/8 in x 5/8 in,,Primary Application,Masonry & Concrete,,,,,,,31191600,,1,EA,MILWAUKEE_49-94-1925.jpg,MILWAUKEE_49-94-1925_1.jpg,MILWAUKEE_49-94-1925_2.jpg,MILWAUKEE_49-94-1925_3.jpg,MILWAUKEE_49-94-1925_4.jpg,MILWAUKEE_49-94-1925_Specification_Sheet.pdf,No,Yes
https://www.milwaukeetool.com/Products/49-94-1935,49-94-1935,Tools & Abrasives,Abrasives,Cutting & Grinding Wheels,49-94-1935,49-94-1935,"49-94-1935 Milw 12""x1/8""x1"" Masonry Cut Off Disc",,,Milwaukee Accessory (4031),Milwaukee Electric Tool Corp,MILWAUKEE®,Heavy Duty™,49-94-1935,Tools & Abrasives > Abrasives > Cutting & Grinding Wheels > Cut-Off Wheels & Blades,"Milwaukee Electric Tool Corp Milwaukee, Milw 12""X1/8""X1"" Masonry Cut Off Disc,","MILW 12""X1/8""X1"" MASONRY CUT OFF DISC","Milwaukee® 49-94-1935 Milw 12""X1/8""X1"" Masonry Cut Off Disc","MILWAUKEE®, 49-94-1935 Milw 12""x1/8""x1"" Masonry Cut Off Disc, Dimensions: 12 in x 1/8 in x 1 in, Primary Application: Masonry & Concrete","Milwaukee® 49-94-1935 Milw 12""X1/8""X1"" Masonry Cut Off Disc","MILWAUKEE®, 49-94-1935 Milw 12""x1/8""x1"" Masonry Cut Off Disc, Dimensions: 12 in x 1/8 in x 1 in, Primary Application: Masonry & Concrete",Dimensions: 12 in x 1/8 in x 1 in,Primary Application: Masonry & Concrete,,,,,Cut-Off Wheels & Blades,Dimensions,12 in x 1/8 in x 1 in,,Primary Application,Masonry & Concrete,,,,,,,31191600,,1,EA,MILWAUKEE_49-94-1935.jpg,MILWAUKEE_49-94-1935_1.jpg,MILWAUKEE_49-94-1935_2.jpg,MILWAUKEE_49-94-1935_3.jpg,MILWAUKEE_49-94-1935_4.jpg,MILWAUKEE_49-94-1935_Specification_Sheet.pdf,No,Yes
https://www.milwaukeetool.com/Products/49-94-1940,49-94-1940,Tools & Abrasives,Abrasives,Cutting & Grinding Wheels,49-94-1940,49-94-1940,"49-94-1940 Milw 14""x1/8""x1"" Masonry Cut Off Disc",,,Milwaukee Accessory (4031),Milwaukee Electric Tool Corp,MILWAUKEE®,Heavy Duty™,49-94-1940,Tools & Abrasives > Abrasives > Cutting & Grinding Wheels > Cut-Off Wheels & Blades,"Milwaukee Electric Tool Corp Milwaukee, Milw 14""X1/8""X1"" Masonry Cut Off Disc,","MILW 14""X1/8""X1"" MASONRY CUT OFF DISC","Milwaukee® 49-94-1940 Milw 14""X1/8""X1"" Masonry Cut Off Disc","MILWAUKEE®, 49-94-1940 Milw 14""x1/8""x1"" Masonry Cut Off Disc, Dimensions: 14 in x 1/8 in x 1 in, Primary Application: Masonry & Concrete","Milwaukee® 49-94-1940 Milw 14""X1/8""X1"" Masonry Cut Off Disc","MILWAUKEE®, 49-94-1940 Milw 14""x1/8""x1"" Masonry Cut Off Disc, Dimensions: 14 in x 1/8 in x 1 in, Primary Application: Masonry & Concrete",Dimensions: 14 in x 1/8 in x 1 in,Primary Application: Masonry & Concrete,,,,,Cut-Off Wheels & Blades,Dimensions,14 in x 1/8 in x 1 in,,Primary Application,Masonry & Concrete,,,,,,,31191600,,1,EA,MILWAUKEE_49-94-1940.jpg,MILWAUKEE_49-94-1940_1.jpg,MILWAUKEE_49-94-1940_2.jpg,MILWAUKEE_49-94-1940_3.jpg,MILWAUKEE_49-94-1940_4.jpg,MILWAUKEE_49-94-1940_Specification_Sheet.pdf,No,Yes
https://www.milwaukeetool.com/Products/49-94-0501,49-94-0501,Tools & Abrasives,Abrasives,Cutting & Grinding Wheels,49-94-0501,49-94-0501,"49-94-0501 Milw 4""x1/4""x5/8"" Metal Grinding Wheel",,,Milwaukee Accessory (4031),Milwaukee Electric Tool Corp,MILWAUKEE®,Heavy Duty™,49-94-0501,Tools & Abrasives > Abrasives > Cutting & Grinding Wheels > Cut-Off Wheels & Blades,"Milwaukee Electric Tool Corp Milwaukee, Milw 4""X1/4""X5/8"" Metal Grinding Wheel,","MILW 4""X1/4""X5/8"" METAL GRINDING WHEEL","Milwaukee® 49-94-0501 Milw 4""X1/4""X5/8"" Metal Grinding Wheel","MILWAUKEE®, 49-94-0501 Milw 4""x1/4""x5/8"" Metal Grinding Wheel, Dimensions: 4 in x 1/4 in x 5/8 in, Primary Application: Metal Cutting & Grinding","Milwaukee® 49-94-0501 Milw 4""X1/4""X5/8"" Metal Grinding Wheel","MILWAUKEE®, 49-94-0501 Milw 4""x1/4""x5/8"" Metal Grinding Wheel, Dimensions: 4 in x 1/4 in x 5/8 in, Primary Application: Metal Cutting & Grinding",Dimensions: 4 in x 1/4 in x 5/8 in,Primary Application: Metal Cutting & Grinding,,,,,Cut-Off Wheels & Blades,Dimensions,4 in x 1/4 in x 5/8 in,,Primary Application,Metal Cutting & Grinding,,,,,,,31191600,,1,EA,MILWAUKEE_49-94-0501.jpg,MILWAUKEE_49-94-0501_1.jpg,MILWAUKEE_49-94-0501_2.jpg,MILWAUKEE_49-94-0501_3.jpg,MILWAUKEE_49-94-0501_4.jpg,MILWAUKEE_49-94-0501_Specification_Sheet.pdf,No,Yes
https://www.milwaukeetool.com/Products/49-94-0503,49-94-0503,Tools & Abrasives,Abrasives,Cutting & Grinding Wheels,49-94-0503,49-94-0503,"49-94-0503 Milw 4-1/2""x1/4""x7/8"" Metal Grinding Wheel",,,Milwaukee Accessory (4031),Milwaukee Electric Tool Corp,MILWAUKEE®,Heavy Duty™,49-94-0503,Tools & Abrasives > Abrasives > Cutting & Grinding Wheels > Cut-Off Wheels & Blades,"Milwaukee Electric Tool Corp Milwaukee, Milw 4, 1/2""X1/4""X7/8"" Metal Grinding","MILW 4-1/2""X1/4""X7/8"" METAL GRINDING","Milwaukee® 49-94-0503 Milw 4-1/2""X1/4""X7/8"" Metal Grinding Wheel","MILWAUKEE®, 49-94-0503 Milw 4-1/2""x1/4""x7/8"" Metal Grinding Wheel, Dimensions: 1/2 in x 1/4 in x 7/8 in, Primary Application: Metal Cutting & Grinding","Milwaukee® 49-94-0503 Milw 4-1/2""X1/4""X7/8"" Metal Grinding Wheel","MILWAUKEE®, 49-94-0503 Milw 4-1/2""x1/4""x7/8"" Metal Grinding Wheel, Dimensions: 1/2 in x 1/4 in x 7/8 in, Primary Application: Metal Cutting & Grinding",Dimensions: 1/2 in x 1/4 in x 7/8 in,Primary Application: Metal Cutting & Grinding,,,,,Cut-Off Wheels & Blades,Dimensions,1/2 in x 1/4 in x 7/8 in,,Primary Application,Metal Cutting & Grinding,,,,,,,31191600,,1,EA,MILWAUKEE_49-94-0503.jpg,MILWAUKEE_49-94-0503_1.jpg,MILWAUKEE_49-94-0503_2.jpg,MILWAUKEE_49-94-0503_3.jpg,MILWAUKEE_49-94-0503_4.jpg,MILWAUKEE_49-94-0503_Specification_Sheet.pdf,No,Yes
https://www.milwaukeetool.com/Products/49-94-0523,49-94-0523,Tools & Abrasives,Abrasives,Cutting & Grinding Wheels,49-94-0523,49-94-0523,"49-94-0523 Milw 6""x1/4""x7/8"" Metal Grinding Wheel",,,Milwaukee Accessory (4031),Milwaukee Electric Tool Corp,MILWAUKEE®,Heavy Duty™,49-94-0523,Tools & Abrasives > Abrasives > Cutting & Grinding Wheels > Cut-Off Wheels & Blades,"Milwaukee Electric Tool Corp Milwaukee, Milw 6""X1/4""X7/8"" Metal Grinding Wheel,","MILW 6""X1/4""X7/8"" METAL GRINDING WHEEL","Milwaukee® 49-94-0523 Milw 6""X1/4""X7/8"" Metal Grinding Wheel","MILWAUKEE®, 49-94-0523 Milw 6""x1/4""x7/8"" Metal Grinding Wheel, Dimensions: 6 in x 1/4 in x 7/8 in, Primary Application: Metal Cutting & Grinding","Milwaukee® 49-94-0523 Milw 6""X1/4""X7/8"" Metal Grinding Wheel","MILWAUKEE®, 49-94-0523 Milw 6""x1/4""x7/8"" Metal Grinding Wheel, Dimensions: 6 in x 1/4 in x 7/8 in, Primary Application: Metal Cutting & Grinding",Dimensions: 6 in x 1/4 in x 7/8 in,Primary Application: Metal Cutting & Grinding,,,,,Cut-Off Wheels & Blades,Dimensions,6 in x 1/4 in x 7/8 in,,Primary Application,Metal Cutting & Grinding,,,,,,,31191600,,1,EA,MILWAUKEE_49-94-0523.jpg,MILWAUKEE_49-94-0523_1.jpg,MILWAUKEE_49-94-0523_2.jpg,MILWAUKEE_49-94-0523_3.jpg,MILWAUKEE_49-94-0523_4.jpg,MILWAUKEE_49-94-0523_Specification_Sheet.pdf,No,Yes
https://www.milwaukeetool.com/Products/49-94-1955,49-94-1955,Tools & Abrasives,Abrasives,Cutting & Grinding Wheels,49-94-1955,49-94-1955,"49-94-1955 Milw 4-1/2""x1/4""x7/8"" Masonry Grinding Wheel",,,Milwaukee Accessory (4031),Milwaukee Electric Tool Corp,MILWAUKEE®,Heavy Duty™,49-94-1955,Tools & Abrasives > Abrasives > Cutting & Grinding Wheels > Cut-Off Wheels & Blades,"Milwaukee Electric Tool Corp Milwaukee, Milw 4, 1/2""X1/4""X7/8"" Masonry Grinding","MILW 4-1/2""X1/4""X7/8"" MASONRY GRINDING","Milwaukee® 49-94-1955 Milw 4-1/2""X1/4""X7/8"" Masonry Grinding Wheel","MILWAUKEE®, 49-94-1955 Milw 4-1/2""x1/4""x7/8"" Masonry Grinding Wheel, Dimensions: 1/2 in x 1/4 in x 7/8 in, Primary Application: Masonry & Concrete","Milwaukee® 49-94-1955 Milw 4-1/2""X1/4""X7/8"" Masonry Grinding Wheel","MILWAUKEE®, 49-94-1955 Milw 4-1/2""x1/4""x7/8"" Masonry Grinding Wheel, Dimensions: 1/2 in x 1/4 in x 7/8 in, Primary Application: Masonry & Concrete",Dimensions: 1/2 in x 1/4 in x 7/8 in,Primary Application: Masonry & Concrete,,,,,Cut-Off Wheels & Blades,Dimensions,1/2 in x 1/4 in x 7/8 in,,Primary Application,Masonry & Concrete,,,,,,,31191600,,1,EA,MILWAUKEE_49-94-1955.jpg,MILWAUKEE_49-94-1955_1.jpg,MILWAUKEE_49-94-1955_2.jpg,MILWAUKEE_49-94-1955_3.jpg,MILWAUKEE_49-94-1955_4.jpg,MILWAUKEE_49-94-1955_Specification_Sheet.pdf,No,Yes
https://www.milwaukeetool.com/Products/49-94-1965,49-94-1965,Tools & Abrasives,Abrasives,Cutting & Grinding Wheels,49-94-1965,49-94-1965,"49-94-1965 Milw 7""x1/4""x7/8"" Masonry Grinding Wheel",,,Milwaukee Accessory (4031),Milwaukee Electric Tool Corp,MILWAUKEE®,Heavy Duty™,49-94-1965,Tools & Abrasives > Abrasives > Cutting & Grinding Wheels > Cut-Off Wheels & Blades,"Milwaukee Electric Tool Corp Milwaukee, Milw 7""X1/4""X7/8"" Masonry Grinding","MILW 7""X1/4""X7/8"" MASONRY GRINDING WHEEL","Milwaukee® 49-94-1965 Milw 7""X1/4""X7/8"" Masonry Grinding Wheel","MILWAUKEE®, 49-94-1965 Milw 7""x1/4""x7/8"" Masonry Grinding Wheel, Dimensions: 7 in x 1/4 in x 7/8 in, Primary Application: Masonry & Concrete","Milwaukee® 49-94-1965 Milw 7""X1/4""X7/8"" Masonry Grinding Wheel","MILWAUKEE®, 49-94-1965 Milw 7""x1/4""x7/8"" Masonry Grinding Wheel, Dimensions: 7 in x 1/4 in x 7/8 in, Primary Application: Masonry & Concrete",Dimensions: 7 in x 1/4 in x 7/8 in,Primary Application: Masonry & Concrete,,,,,Cut-Off Wheels & Blades,Dimensions,7 in x 1/4 in x 7/8 in,,Primary Application,Masonry & Concrete,,,,,,,31191600,,1,EA,MILWAUKEE_49-94-1965.jpg,MILWAUKEE_49-94-1965_1.jpg,MILWAUKEE_49-94-1965_2.jpg,MILWAUKEE_49-94-1965_3.jpg,MILWAUKEE_49-94-1965_4.jpg,MILWAUKEE_49-94-1965_Specification_Sheet.pdf,No,Yes
https://www.milwaukeetool.com/Products/49-94-0513,49-94-0513,Tools & Abrasives,Abrasives,Cutting & Grinding Wheels,49-94-0513,49-94-0513,"49-94-0513 Milw 5""x1/4""x7/8"" Metal Grinding Wheel",,,Milwaukee Accessory (4031),Milwaukee Electric Tool Corp,MILWAUKEE®,Heavy Duty™,49-94-0513,Tools & Abrasives > Abrasives > Cutting & Grinding Wheels > Cut-Off Wheels & Blades,"Milwaukee Electric Tool Corp Milwaukee, Milw 5""X1/4""X7/8"" Metal Grinding Wheel,","MILW 5""X1/4""X7/8"" METAL GRINDING WHEEL","Milwaukee® 49-94-0513 Milw 5""X1/4""X7/8"" Metal Grinding Wheel","MILWAUKEE®, 49-94-0513 Milw 5""x1/4""x7/8"" Metal Grinding Wheel, Dimensions: 5 in x 1/4 in x 7/8 in, Primary Application: Metal Cutting & Grinding","Milwaukee® 49-94-0513 Milw 5""X1/4""X7/8"" Metal Grinding Wheel","MILWAUKEE®, 49-94-0513 Milw 5""x1/4""x7/8"" Metal Grinding Wheel, Dimensions: 5 in x 1/4 in x 7/8 in, Primary Application: Metal Cutting & Grinding",Dimensions: 5 in x 1/4 in x 7/8 in,Primary Application: Metal Cutting & Grinding,,,,,Cut-Off Wheels & Blades,Dimensions,5 in x 1/4 in x 7/8 in,,Primary Application,Metal Cutting & Grinding,,,,,,,31191600,,1,EA,MILWAUKEE_49-94-0513.jpg,MILWAUKEE_49-94-0513_1.jpg,MILWAUKEE_49-94-0513_2.jpg,MILWAUKEE_49-94-0513_3.jpg,MILWAUKEE_49-94-0513_4.jpg,MILWAUKEE_49-94-0513_Specification_Sheet.pdf,No,Yes
https://www.milwaukeetool.com/Products/49-94-0533,49-94-0533,Tools & Abrasives,Abrasives,Cutting & Grinding Wheels,49-94-0533,49-94-0533,"49-94-0533 Milw 7""x1/4""x7/8"" Metal Grinding Wheel",,,Milwaukee Accessory (4031),Milwaukee Electric Tool Corp,MILWAUKEE®,Heavy Duty™,49-94-0533,Tools & Abrasives > Abrasives > Cutting & Grinding Wheels > Cut-Off Wheels & Blades,"Milwaukee Electric Tool Corp Milwaukee, Milw 7""X1/4""X7/8"" Metal Grinding Wheel,","MILW 7""X1/4""X7/8"" METAL GRINDING WHEEL","Milwaukee® 49-94-0533 Milw 7""X1/4""X7/8"" Metal Grinding Wheel","MILWAUKEE®, 49-94-0533 Milw 7""x1/4""x7/8"" Metal Grinding Wheel, Dimensions: 7 in x 1/4 in x 7/8 in, Primary Application: Metal Cutting & Grinding","Milwaukee® 49-94-0533 Milw 7""X1/4""X7/8"" Metal Grinding Wheel","MILWAUKEE®, 49-94-0533 Milw 7""x1/4""x7/8"" Metal Grinding Wheel, Dimensions: 7 in x 1/4 in x 7/8 in, Primary Application: Metal Cutting & Grinding",Dimensions: 7 in x 1/4 in x 7/8 in,Primary Application: Metal Cutting & Grinding,,,,,Cut-Off Wheels & Blades,Dimensions,7 in x 1/4 in x 7/8 in,,Primary Application,Metal Cutting & Grinding,,,,,,,31191600,,1,EA,MILWAUKEE_49-94-0533.jpg,MILWAUKEE_49-94-0533_1.jpg,MILWAUKEE_49-94-0533_2.jpg,MILWAUKEE_49-94-0533_3.jpg,MILWAUKEE_49-94-0533_4.jpg,MILWAUKEE_49-94-0533_Specification_Sheet.pdf,No,Yes
,DFBLBLOMFN01G,Tools & Abrasives,Abrasives,Sanding Belts & Sheets,DFBLBLOMFN01G,DFBLBLOMFN01G,DFBLBLOMFN01G Diablo 220 Grit - Flat Edge Sanding Sponge,,,Freud Inc (2435),Freud Inc,DIABLO®,Steel Demon™,DFBLBLOMFN01G,Tools & Abrasives > Abrasives > Sanding Belts & Sheets > Sanding Belts,"Freud Inc Diablo, Diablo 220 Grit, Flat Edge Sanding Sponge, Dfblblomfn01G",DIABLO 220 GRIT - FLAT EDGE SANDING,Diablo® Dfblblomfn01G Diablo 220 Grit - Flat Edge Sanding Sponge,"DIABLO®, DFBLBLOMFN01G Diablo 220 Grit - Flat Edge Sanding Sponge, Grit: 220 GRIT",Diablo® Dfblblomfn01G Diablo 220 Grit - Flat Edge Sanding Sponge,"DIABLO®, DFBLBLOMFN01G Diablo 220 Grit - Flat Edge Sanding Sponge, Grit: 220 GRIT",Grit: 220 GRIT,,,,,,Sanding Belts,Grit,220 GRIT,,,,,,,,,,31191501,,1,EA,DIABLO_DFBLBLOMFN01G.jpg,DIABLO_DFBLBLOMFN01G_1.jpg,DIABLO_DFBLBLOMFN01G_2.jpg,DIABLO_DFBLBLOMFN01G_3.jpg,DIABLO_DFBLBLOMFN01G_4.jpg,DIABLO_DFBLBLOMFN01G_Specification_Sheet.pdf,No,Yes
,1700-1PK-BB40,Electrical & Hardware,Adhesives & Tapes,Electrical & Construction Tapes,1700-1PK-BB40,1700-1PK-BB40,3/4x60' Vinyl Elect Tape,,3M,3 M Co (5293),3M Company,3M™,Cubitron II™,1700-1PK-BB40,Electrical & Hardware > Adhesives & Tapes > Electrical & Construction Tapes > Electrical & Sealing Tapes,"3M Company 3M, 3/4X60' Vinyl Elect Tape, 1700-1Pk-Bb40 - Part Number: 1700-1PK",3/4X60' VINYL ELECT TAPE,3M™ 1700-1Pk-Bb40 3/4X60' Vinyl Elect Tape,"3M™, 3/4x60' Vinyl Elect Tape, Part Number: 1700-1PK-BB40, Package Quantity: 1 PK, Dimensions: 3/4 in x 60 in, Material: PVC",3M™ 1700-1Pk-Bb40 3/4X60' Vinyl Elect Tape,"3M™, 3/4x60' Vinyl Elect Tape, Part Number: 1700-1PK-BB40, Package Quantity: 1 PK, Dimensions: 3/4 in x 60 in, Material: PVC",Package Quantity: 1 PK,Dimensions: 3/4 in x 60 in,Material: PVC,,,,Electrical & Sealing Tapes,Package Quantity,1,PK,Dimensions,3/4 in x 60 in,,Material,PVC,,,,31201502,,1,EA,3M_1700-1PK-BB40.jpg,3M_1700-1PK-BB40_1.jpg,3M_1700-1PK-BB40_2.jpg,3M_1700-1PK-BB40_3.jpg,3M_1700-1PK-BB40_4.jpg,3M_1700-1PK-BB40_Specification_Sheet.pdf,No,Yes
,ASH-40-40-04,Electrical & Hardware,Adhesives & Tapes,Electrical & Construction Tapes,ASH-40-40-04,ASH-40-40-04,1.5x1.5x13' Legacy Emseal Tape,,,Emseal Joint Systems Ltd (EMSJO),Emseal Joint Systems Ltd,Emseal Joint Systems Ltd,,ASH-40-40-04,Electrical & Hardware > Adhesives & Tapes > Electrical & Construction Tapes > Electrical & Sealing Tapes,"Emseal Joint Systems Ltd, 1.5X1.5X13' Legacy Emseal Tape, Ash-40-40-04",1.5X1.5X13' LEGACY EMSEAL TAPE,Emseal Joint Systems Ltd Ash-40-40-04 1.5X1.5X13' Legacy Emseal Tape,"Emseal Joint Systems Ltd, 1.5x1.5x13' Legacy Emseal Tape, Part Number: ASH-40-40-04, Dimensions: 1.5 in x 1.5 in",Emseal Joint Systems Ltd Ash-40-40-04 1.5X1.5X13' Legacy Emseal Tape,"Emseal Joint Systems Ltd, 1.5x1.5x13' Legacy Emseal Tape, Part Number: ASH-40-40-04, Dimensions: 1.5 in x 1.5 in",Dimensions: 1.5 in x 1.5 in,,,,,,Electrical & Sealing Tapes,Dimensions,1.5 in x 1.5 in,,,,,,,,,,31201502,,1,EA,EMSEALJOINTSYSTEMSLTD_ASH-40-40-04.jpg,EMSEALJOINTSYSTEMSLTD_ASH-40-40-04_1.jpg,EMSEALJOINTSYSTEMSLTD_ASH-40-40-04_2.jpg,EMSEALJOINTSYSTEMSLTD_ASH-40-40-04_3.jpg,EMSEALJOINTSYSTEMSLTD_ASH-40-40-04_4.jpg,EMSEALJOINTSYSTEMSLTD_ASH-40-40-04_Specification_Sheet.pdf,No,Yes
,KDFM404KPS,Appliances,Kitchen Appliances,Dishwashers,KDFM404KPS,KDFM404KPS,KDFM404KPS Dishwasher SS,,,Appliance Dealers Cooperative (APPDE),Appliance Dealers Cooperative,Appliance Dealers Cooperative,,KDFM404KPS,Appliances > Kitchen Appliances > Dishwashers > Built-In Dishwashers,"Appliance Dealers Cooperative, Dishwasher Ss, Kdfm404Kps - Part Number: KDFM40",DISHW SS,Appliance Dealers Cooperative Kdfm404Kps Dishwasher Ss,"Appliance Dealers Cooperative, KDFM404KPS Dishwasher SS, Finish / Color: Stainless Steel",Appliance Dealers Cooperative Kdfm404Kps Dishwasher Ss,"Appliance Dealers Cooperative, KDFM404KPS Dishwasher SS, Finish / Color: Stainless Steel",Finish / Color: Stainless Steel,,,,,,Built-In Dishwashers,Finish / Color,Stainless Steel,,,,,,,,,,48101601,1 Year Manufacturer Warranty,1,EA,APPLIANCEDEALERSCOOPERATIVE_KDFM404KPS.jpg,APPLIANCEDEALERSCOOPERATIVE_KDFM404KPS_1.jpg,APPLIANCEDEALERSCOOPERATIVE_KDFM404KPS_2.jpg,APPLIANCEDEALERSCOOPERATIVE_KDFM404KPS_3.jpg,APPLIANCEDEALERSCOOPERATIVE_KDFM404KPS_4.jpg,APPLIANCEDEALERSCOOPERATIVE_KDFM404KPS_Specification_Sheet.pdf,No,Yes
,PDSH4816AF,Appliances,Kitchen Appliances,Dishwashers,PDSH4816AF,PDSH4816AF,PDSH4816AF Dishwasher SS - Display Only,,,Appliance Dealers Cooperative (APPDE),Appliance Dealers Cooperative,Appliance Dealers Cooperative,,PDSH4816AF,Appliances > Kitchen Appliances > Dishwashers > Built-In Dishwashers,"Appliance Dealers Cooperative, Dishwasher Ss, Display Only, Pdsh4816Af",DISHW SS - DISPLAY ONLY,Appliance Dealers Cooperative Pdsh4816Af Dishwasher Ss - Display Only,"Appliance Dealers Cooperative, PDSH4816AF Dishwasher SS - Display Only, Finish / Color: Stainless Steel",Appliance Dealers Cooperative Pdsh4816Af Dishwasher Ss - Display Only,"Appliance Dealers Cooperative, PDSH4816AF Dishwasher SS - Display Only, Finish / Color: Stainless Steel",Finish / Color: Stainless Steel,,,,,,Built-In Dishwashers,Finish / Color,Stainless Steel,,,,,,,,,,48101601,1 Year Manufacturer Warranty,1,EA,APPLIANCEDEALERSCOOPERATIVE_PDSH4816AF.jpg,APPLIANCEDEALERSCOOPERATIVE_PDSH4816AF_1.jpg,APPLIANCEDEALERSCOOPERATIVE_PDSH4816AF_2.jpg,APPLIANCEDEALERSCOOPERATIVE_PDSH4816AF_3.jpg,APPLIANCEDEALERSCOOPERATIVE_PDSH4816AF_4.jpg,APPLIANCEDEALERSCOOPERATIVE_PDSH4816AF_Specification_Sheet.pdf,No,Yes
,PDT715SYVFS,Appliances,Kitchen Appliances,Dishwashers,PDT715SYVFS,PDT715SYVFS,PDT715SYVFS Ge Dishwasher SS,,,Appliance Dealers Cooperative (APPDE),GE Appliances (Haier),GE®,Profile™,PDT715SYVFS,Appliances > Kitchen Appliances > Dishwashers > Built-In Dishwashers,"GE Appliances (Haier), Ge Appliances (Haier) Ge, Ge Dishwasher Ss, Pdt715Syvfs",GE DISHW SS,Ge® Pdt715Syvfs Ge Dishwasher Ss,"GE®, PDT715SYVFS Ge Dishwasher SS, Finish / Color: Stainless Steel",Ge® Pdt715Syvfs Ge Dishwasher Ss,"GE®, PDT715SYVFS Ge Dishwasher SS, Finish / Color: Stainless Steel",Finish / Color: Stainless Steel,,,,,,Built-In Dishwashers,Finish / Color,Stainless Steel,,,,,,,,,,48101601,1 Year Manufacturer Warranty,1,EA,GE_PDT715SYVFS.jpg,GE_PDT715SYVFS_1.jpg,GE_PDT715SYVFS_2.jpg,GE_PDT715SYVFS_3.jpg,GE_PDT715SYVFS_4.jpg,GE_PDT715SYVFS_Specification_Sheet.pdf,No,Yes
,LDPH5554D,Appliances,Kitchen Appliances,Dishwashers,LDPH5554D,LDPH5554D,LDPH5554D LG Dishwasher BSS,,,Appliance Dealers Cooperative (APPDE),LG Electronics,LG®,ThinQ®,LDPH5554D,Appliances > Kitchen Appliances > Dishwashers > Built-In Dishwashers,"LG Electronics, Lg Electronics Lg, Lg Dishwasher Bss, Ldph5554D",LG DISHW BSS,Lg® Ldph5554D Lg Dishwasher Bss,"LG®, LDPH5554D LG Dishwasher BSS",Lg® Ldph5554D Lg Dishwasher Bss,"LG®, LDPH5554D LG Dishwasher BSS",,,,,,,Built-In Dishwashers,,,,,,,,,,,,48101601,1 Year Manufacturer Warranty,1,EA,LG_LDPH5554D.jpg,LG_LDPH5554D_1.jpg,LG_LDPH5554D_2.jpg,LG_LDPH5554D_3.jpg,LG_LDPH5554D_4.jpg,LG_LDPH5554D_Specification_Sheet.pdf,No,Yes
,WDTS7024RZ,Appliances,Kitchen Appliances,Dishwashers,WDTS7024RZ,WDTS7024RZ,WDTS7024RZ Dishwasher SS - Display Only,,,Appliance Dealers Cooperative (APPDE),Appliance Dealers Cooperative,Appliance Dealers Cooperative,,WDTS7024RZ,Appliances > Kitchen Appliances > Dishwashers > Built-In Dishwashers,"Appliance Dealers Cooperative, Dishwasher Ss, Display Only, Wdts7024Rz",DISHW SS - DISPLAY ONLY,Appliance Dealers Cooperative Wdts7024Rz Dishwasher Ss - Display Only,"Appliance Dealers Cooperative, WDTS7024RZ Dishwasher SS - Display Only, Finish / Color: Stainless Steel",Appliance Dealers Cooperative Wdts7024Rz Dishwasher Ss - Display Only,"Appliance Dealers Cooperative, WDTS7024RZ Dishwasher SS - Display Only, Finish / Color: Stainless Steel",Finish / Color: Stainless Steel,,,,,,Built-In Dishwashers,Finish / Color,Stainless Steel,,,,,,,,,,48101601,1 Year Manufacturer Warranty,1,EA,APPLIANCEDEALERSCOOPERATIVE_WDTS7024RZ.jpg,APPLIANCEDEALERSCOOPERATIVE_WDTS7024RZ_1.jpg,APPLIANCEDEALERSCOOPERATIVE_WDTS7024RZ_2.jpg,APPLIANCEDEALERSCOOPERATIVE_WDTS7024RZ_3.jpg,APPLIANCEDEALERSCOOPERATIVE_WDTS7024RZ_4.jpg,APPLIANCEDEALERSCOOPERATIVE_WDTS7024RZ_Specification_Sheet.pdf,No,Yes
,PDD415PYYFS,Appliances,Kitchen Appliances,Dishwashers,PDD415PYYFS,PDD415PYYFS,PDD415PYYFS GE Dishwasher SS,,,Appliance Dealers Cooperative (APPDE),GE Appliances (Haier),GE®,Profile™,PDD415PYYFS,Appliances > Kitchen Appliances > Dishwashers > Built-In Dishwashers,"GE Appliances (Haier), Ge Appliances (Haier) Ge, Ge Dishwasher Ss, Pdd415Pyyfs",GE DISHW SS,Ge® Pdd415Pyyfs Ge Dishwasher Ss,"GE®, PDD415PYYFS GE Dishwasher SS, Finish / Color: Stainless Steel",Ge® Pdd415Pyyfs Ge Dishwasher Ss,"GE®, PDD415PYYFS GE Dishwasher SS, Finish / Color: Stainless Steel",Finish / Color: Stainless Steel,,,,,,Built-In Dishwashers,Finish / Color,Stainless Steel,,,,,,,,,,48101601,1 Year Manufacturer Warranty,1,EA,GE_PDD415PYYFS.jpg,GE_PDD415PYYFS_1.jpg,GE_PDD415PYYFS_2.jpg,GE_PDD415PYYFS_3.jpg,GE_PDD415PYYFS_4.jpg,GE_PDD415PYYFS_Specification_Sheet.pdf,No,Yes
,KDTS424SBE,Appliances,Kitchen Appliances,Dishwashers,KDTS424SBE,KDTS424SBE,KDTS424SBE Kitchen Aid Dishwasher Bk,,,Appliance Dealers Cooperative (APPDE),Whirlpool Corporation,KITCHENAID®,KitchenAid®,KDTS424SBE,Appliances > Kitchen Appliances > Dishwashers > Built-In Dishwashers,"Whirlpool Corporation Kitchenaid, Kitchen Aid Dishwasher Bk, Kdts424Sbe",KITCHEN AID DISHW BK,Kitchenaid® Kdts424Sbe Kitchen Aid Dishwasher Bk,"KITCHENAID®, KDTS424SBE Kitchen Aid Dishwasher Bk, Finish / Color: Black",Kitchenaid® Kdts424Sbe Kitchen Aid Dishwasher Bk,"KITCHENAID®, KDTS424SBE Kitchen Aid Dishwasher Bk, Finish / Color: Black",Finish / Color: Black,,,,,,Built-In Dishwashers,Finish / Color,Black,,,,,,,,,,48101601,1 Year Manufacturer Warranty,1,EA,KITCHENAID_KDTS424SBE.jpg,KITCHENAID_KDTS424SBE_1.jpg,KITCHENAID_KDTS424SBE_2.jpg,KITCHENAID_KDTS424SBE_3.jpg,KITCHENAID_KDTS424SBE_4.jpg,KITCHENAID_KDTS424SBE_Specification_Sheet.pdf,No,Yes
,KDTS324SPS,Appliances,Kitchen Appliances,Dishwashers,KDTS324SPS,KDTS324SPS,KDTS324SPS Kitchen Aid Dishwasher SS,,,Appliance Dealers Cooperative (APPDE),Whirlpool Corporation,KITCHENAID®,KitchenAid®,KDTS324SPS,Appliances > Kitchen Appliances > Dishwashers > Built-In Dishwashers,"Whirlpool Corporation Kitchenaid, Kitchen Aid Dishwasher Ss, Kdts324Sps",KITCHEN AID DISHW SS,Kitchenaid® Kdts324Sps Kitchen Aid Dishwasher Ss,"KITCHENAID®, KDTS324SPS Kitchen Aid Dishwasher SS, Finish / Color: Stainless Steel",Kitchenaid® Kdts324Sps Kitchen Aid Dishwasher Ss,"KITCHENAID®, KDTS324SPS Kitchen Aid Dishwasher SS, Finish / Color: Stainless Steel",Finish / Color: Stainless Steel,,,,,,Built-In Dishwashers,Finish / Color,Stainless Steel,,,,,,,,,,48101601,1 Year Manufacturer Warranty,1,EA,KITCHENAID_KDTS324SPS.jpg,KITCHENAID_KDTS324SPS_1.jpg,KITCHENAID_KDTS324SPS_2.jpg,KITCHENAID_KDTS324SPS_3.jpg,KITCHENAID_KDTS324SPS_4.jpg,KITCHENAID_KDTS324SPS_Specification_Sheet.pdf,No,Yes
,KDPS624SJP,Appliances,Kitchen Appliances,Dishwashers,KDPS624SJP,KDPS624SJP,KDPS624SJP Dishwasher Juniper - Display Only,,,Appliance Dealers Cooperative (APPDE),Appliance Dealers Cooperative,Appliance Dealers Cooperative,,KDPS624SJP,Appliances > Kitchen Appliances > Dishwashers > Built-In Dishwashers,"Appliance Dealers Cooperative, Dishwasher Juniper, Display Only, Kdps624Sjp",DISHW JUNIPER - DISPLAY ONLY,Appliance Dealers Cooperative Kdps624Sjp Dishwasher Juniper - Display Only,"Appliance Dealers Cooperative, KDPS624SJP Dishwasher Juniper - Display Only",Appliance Dealers Cooperative Kdps624Sjp Dishwasher Juniper - Display Only,"Appliance Dealers Cooperative, KDPS624SJP Dishwasher Juniper - Display Only",,,,,,,Built-In Dishwashers,,,,,,,,,,,,48101601,1 Year Manufacturer Warranty,1,EA,APPLIANCEDEALERSCOOPERATIVE_KDPS624SJP.jpg,APPLIANCEDEALERSCOOPERATIVE_KDPS624SJP_1.jpg,APPLIANCEDEALERSCOOPERATIVE_KDPS624SJP_2.jpg,APPLIANCEDEALERSCOOPERATIVE_KDPS624SJP_3.jpg,APPLIANCEDEALERSCOOPERATIVE_KDPS624SJP_4.jpg,APPLIANCEDEALERSCOOPERATIVE_KDPS624SJP_Specification_Sheet.pdf,No,Yes
,KDTS624SBE,Appliances,Kitchen Appliances,Dishwashers,KDTS624SBE,KDTS624SBE,KDTS624SBE Dishwasher BO Display Only,,,Appliance Dealers Cooperative (APPDE),Appliance Dealers Cooperative,Appliance Dealers Cooperative,,KDTS624SBE,Appliances > Kitchen Appliances > Dishwashers > Built-In Dishwashers,"Appliance Dealers Cooperative, Dishwasher Bo Display Only, Kdts624Sbe",DISHW BO DISPLAY ONLY,Appliance Dealers Cooperative Kdts624Sbe Dishwasher Bo Display Only,"Appliance Dealers Cooperative, KDTS624SBE Dishwasher BO Display Only",Appliance Dealers Cooperative Kdts624Sbe Dishwasher Bo Display Only,"Appliance Dealers Cooperative, KDTS624SBE Dishwasher BO Display Only",,,,,,,Built-In Dishwashers,,,,,,,,,,,,48101601,1 Year Manufacturer Warranty,1,EA,APPLIANCEDEALERSCOOPERATIVE_KDTS624SBE.jpg,APPLIANCEDEALERSCOOPERATIVE_KDTS624SBE_1.jpg,APPLIANCEDEALERSCOOPERATIVE_KDTS624SBE_2.jpg,APPLIANCEDEALERSCOOPERATIVE_KDTS624SBE_3.jpg,APPLIANCEDEALERSCOOPERATIVE_KDTS624SBE_4.jpg,APPLIANCEDEALERSCOOPERATIVE_KDTS624SBE_Specification_Sheet.pdf,No,Yes
,D519127,Appliances,Kitchen Appliances,Cooking Equipment,D519127,D519127,D519127 Heater Kit,,,V & V Appliance Parts Inc (VVAPP),V & V Appliance Parts Inc,V & V Appliance Parts Inc,,D519127,Appliances > Kitchen Appliances > Cooking Equipment > Ranges & Ovens,"V & V Appliance Parts Inc, Heater Kit, D519127 - Part Number: D519127",HEATER KIT,V & V Appliance Parts Inc D519127 Heater Kit,"V & V Appliance Parts Inc, D519127 Heater Kit",V & V Appliance Parts Inc D519127 Heater Kit,"V & V Appliance Parts Inc, D519127 Heater Kit",,,,,,,Ranges & Ovens,,,,,,,,,,,,52141543,1 Year Manufacturer Warranty,1,EA,VVAPPLIANCEPARTSINC_D519127.jpg,VVAPPLIANCEPARTSINC_D519127_1.jpg,VVAPPLIANCEPARTSINC_D519127_2.jpg,VVAPPLIANCEPARTSINC_D519127_3.jpg,VVAPPLIANCEPARTSINC_D519127_4.jpg,VVAPPLIANCEPARTSINC_D519127_Specification_Sheet.pdf,No,Yes
,DF7004WE,Appliances,Laundry Appliances,Clothes Dryers,DF7004WE,DF7004WE,DF7004WE Speed Queen Elect Dryer Wh,,,Appliance Dealers Cooperative (APPDE),Alliance Laundry Systems,SPEED QUEEN®,Speed Queen®,DF7004WE,Appliances > Laundry Appliances > Clothes Dryers > Residential Dryers,"Alliance Laundry Systems Speed Queen, Speed Queen Elect Dryer Wh, Df7004We",SPEED QUEEN ELECT DRYER WH,Speed Queen® Df7004We Speed Queen Elect Dryer Wh,"SPEED QUEEN®, DF7004WE Speed Queen Elect Dryer Wh, Finish / Color: White",Speed Queen® Df7004We Speed Queen Elect Dryer Wh,"SPEED QUEEN®, DF7004WE Speed Queen Elect Dryer Wh, Finish / Color: White",Finish / Color: White,,,,,,Residential Dryers,Finish / Color,White,,,,,,,,,,52141602,1 Year Manufacturer Warranty,1,EA,SPEEDQUEEN_DF7004WE.jpg,SPEEDQUEEN_DF7004WE_1.jpg,SPEEDQUEEN_DF7004WE_2.jpg,SPEEDQUEEN_DF7004WE_3.jpg,SPEEDQUEEN_DF7004WE_4.jpg,SPEEDQUEEN_DF7004WE_Specification_Sheet.pdf,No,Yes
,DR7004BE,Appliances,Laundry Appliances,Clothes Dryers,DR7004BE,DR7004BE,DR7004BE SQ Elect Dryer Bk,,,Appliance Dealers Cooperative (APPDE),Alliance Laundry Systems,SPEED QUEEN®,Speed Queen®,DR7004BE,Appliances > Laundry Appliances > Clothes Dryers > Residential Dryers,"Alliance Laundry Systems Speed Queen, Sq Elect Dryer Bk, Dr7004Be",SQ ELECT DRYER BK,Speed Queen® Dr7004Be Sq Elect Dryer Bk,"SPEED QUEEN®, DR7004BE SQ Elect Dryer Bk, Finish / Color: Black",Speed Queen® Dr7004Be Sq Elect Dryer Bk,"SPEED QUEEN®, DR7004BE SQ Elect Dryer Bk, Finish / Color: Black",Finish / Color: Black,,,,,,Residential Dryers,Finish / Color,Black,,,,,,,,,,52141602,1 Year Manufacturer Warranty,1,EA,SPEEDQUEEN_DR7004BE.jpg,SPEEDQUEEN_DR7004BE_1.jpg,SPEEDQUEEN_DR7004BE_2.jpg,SPEEDQUEEN_DR7004BE_3.jpg,SPEEDQUEEN_DR7004BE_4.jpg,SPEEDQUEEN_DR7004BE_Specification_Sheet.pdf,No,Yes
,DV2000WE,Appliances,Laundry Appliances,Clothes Dryers,DV2000WE,DV2000WE,DV2000WE SQ Elect Dryer Wh,,,Appliance Dealers Cooperative (APPDE),Alliance Laundry Systems,SPEED QUEEN®,Speed Queen®,DV2000WE,Appliances > Laundry Appliances > Clothes Dryers > Residential Dryers,"Alliance Laundry Systems Speed Queen, Sq Elect Dryer Wh, Dv2000We",SQ ELECT DRYER WH,Speed Queen® Dv2000We Sq Elect Dryer Wh,"SPEED QUEEN®, DV2000WE SQ Elect Dryer Wh, Finish / Color: White",Speed Queen® Dv2000We Sq Elect Dryer Wh,"SPEED QUEEN®, DV2000WE SQ Elect Dryer Wh, Finish / Color: White",Finish / Color: White,,,,,,Residential Dryers,Finish / Color,White,,,,,,,,,,52141602,1 Year Manufacturer Warranty,1,EA,SPEEDQUEEN_DV2000WE.jpg,SPEEDQUEEN_DV2000WE_1.jpg,SPEEDQUEEN_DV2000WE_2.jpg,SPEEDQUEEN_DV2000WE_3.jpg,SPEEDQUEEN_DV2000WE_4.jpg,SPEEDQUEEN_DV2000WE_Specification_Sheet.pdf,No,Yes
,DC5004WE,Appliances,Laundry Appliances,Clothes Dryers,DC5004WE,DC5004WE,DC5004WE SQ Elect Dryer Wh,,,Appliance Dealers Cooperative (APPDE),Alliance Laundry Systems,SPEED QUEEN®,Speed Queen®,DC5004WE,Appliances > Laundry Appliances > Clothes Dryers > Residential Dryers,"Alliance Laundry Systems Speed Queen, Sq Elect Dryer Wh, Dc5004We",SQ ELECT DRYER WH,Speed Queen® Dc5004We Sq Elect Dryer Wh,"SPEED QUEEN®, DC5004WE SQ Elect Dryer Wh, Finish / Color: White",Speed Queen® Dc5004We Sq Elect Dryer Wh,"SPEED QUEEN®, DC5004WE SQ Elect Dryer Wh, Finish / Color: White",Finish / Color: White,,,,,,Residential Dryers,Finish / Color,White,,,,,,,,,,52141602,1 Year Manufacturer Warranty,1,EA,SPEEDQUEEN_DC5004WE.jpg,SPEEDQUEEN_DC5004WE_1.jpg,SPEEDQUEEN_DC5004WE_2.jpg,SPEEDQUEEN_DC5004WE_3.jpg,SPEEDQUEEN_DC5004WE_4.jpg,SPEEDQUEEN_DC5004WE_Specification_Sheet.pdf,No,Yes
,DC5004BE,Appliances,Laundry Appliances,Clothes Dryers,DC5004BE,DC5004BE,DC5004BE SQ Elect Dryer Bk,,,Appliance Dealers Cooperative (APPDE),Alliance Laundry Systems,SPEED QUEEN®,Speed Queen®,DC5004BE,Appliances > Laundry Appliances > Clothes Dryers > Residential Dryers,"Alliance Laundry Systems Speed Queen, Sq Elect Dryer Bk, Dc5004Be",SQ ELECT DRYER BK,Speed Queen® Dc5004Be Sq Elect Dryer Bk,"SPEED QUEEN®, DC5004BE SQ Elect Dryer Bk, Finish / Color: Black",Speed Queen® Dc5004Be Sq Elect Dryer Bk,"SPEED QUEEN®, DC5004BE SQ Elect Dryer Bk, Finish / Color: Black",Finish / Color: Black,,,,,,Residential Dryers,Finish / Color,Black,,,,,,,,,,52141602,1 Year Manufacturer Warranty,1,EA,SPEEDQUEEN_DC5004BE.jpg,SPEEDQUEEN_DC5004BE_1.jpg,SPEEDQUEEN_DC5004BE_2.jpg,SPEEDQUEEN_DC5004BE_3.jpg,SPEEDQUEEN_DC5004BE_4.jpg,SPEEDQUEEN_DC5004BE_Specification_Sheet.pdf,No,Yes
,WKE100HWA,Appliances,Laundry Appliances,Washing Machines,WKE100HWA,WKE100HWA,WKE100HWA LG Laundry Center Wh - Display,,,Appliance Dealers Cooperative (APPDE),LG Electronics,LG®,ThinQ®,WKE100HWA,Appliances > Laundry Appliances > Washing Machines > Residential Washers,"LG Electronics, Lg Electronics Lg, Lg Laundry Center Wh, Display, Wke100Hwa",LG LAUNDRY CENTER WH - DISPLAY,Lg® Wke100Hwa Lg Laundry Center Wh - Display,"LG®, WKE100HWA LG Laundry Center Wh - Display, Finish / Color: White",Lg® Wke100Hwa Lg Laundry Center Wh - Display,"LG®, WKE100HWA LG Laundry Center Wh - Display, Finish / Color: White",Finish / Color: White,,,,,,Residential Washers,Finish / Color,White,,,,,,,,,,52141601,1 Year Manufacturer Warranty,1,EA,LG_WKE100HWA.jpg,LG_WKE100HWA_1.jpg,LG_WKE100HWA_2.jpg,LG_WKE100HWA_3.jpg,LG_WKE100HWA_4.jpg,LG_WKE100HWA_Specification_Sheet.pdf,No,Yes
,FF7011WN,Appliances,Laundry Appliances,Washing Machines,FF7011WN,FF7011WN,FF7011WN Speed Queen Washer Wh,,,Appliance Dealers Cooperative (APPDE),Alliance Laundry Systems,SPEED QUEEN®,Speed Queen®,FF7011WN,Appliances > Laundry Appliances > Washing Machines > Residential Washers,"Alliance Laundry Systems Speed Queen, Speed Queen Washer Wh, Ff7011Wn",SPEED QUEEN WASHER WH,Speed Queen® Ff7011Wn Speed Queen Washer Wh,"SPEED QUEEN®, FF7011WN Speed Queen Washer Wh, Finish / Color: White",Speed Queen® Ff7011Wn Speed Queen Washer Wh,"SPEED QUEEN®, FF7011WN Speed Queen Washer Wh, Finish / Color: White",Finish / Color: White,,,,,,Residential Washers,Finish / Color,White,,,,,,,,,,52141601,1 Year Manufacturer Warranty,1,EA,SPEEDQUEEN_FF7011WN.jpg,SPEEDQUEEN_FF7011WN_1.jpg,SPEEDQUEEN_FF7011WN_2.jpg,SPEEDQUEEN_FF7011WN_3.jpg,SPEEDQUEEN_FF7011WN_4.jpg,SPEEDQUEEN_FF7011WN_Specification_Sheet.pdf,No,Yes
,PTD70GBPTDG,Appliances,Laundry Appliances,Clothes Dryers,PTD70GBPTDG,PTD70GBPTDG,PTD70GBPTDG GE Gas Dryer DG,,,Appliance Dealers Cooperative (APPDE),GE Appliances (Haier),GE®,Profile™,PTD70GBPTDG,Appliances > Laundry Appliances > Clothes Dryers > Residential Dryers,"GE Appliances (Haier), Ge Appliances (Haier) Ge, Ge Gas Dryer Dg, Ptd70Gbptdg",GE GAS DRYER DG,Ge® Ptd70Gbptdg Ge Gas Dryer Dg,"GE®, PTD70GBPTDG GE Gas Dryer DG",Ge® Ptd70Gbptdg Ge Gas Dryer Dg,"GE®, PTD70GBPTDG GE Gas Dryer DG",,,,,,,Residential Dryers,,,,,,,,,,,,52141602,1 Year Manufacturer Warranty,1,EA,GE_PTD70GBPTDG.jpg,GE_PTD70GBPTDG_1.jpg,GE_PTD70GBPTDG_2.jpg,GE_PTD70GBPTDG_3.jpg,GE_PTD70GBPTDG_4.jpg,GE_PTD70GBPTDG_Specification_Sheet.pdf,No,Yes
,PTD70GBSTWS,Appliances,Laundry Appliances,Clothes Dryers,PTD70GBSTWS,PTD70GBSTWS,PTD70GBSTWS GE Gas Dryer Wh,,,Appliance Dealers Cooperative (APPDE),GE Appliances (Haier),GE®,Profile™,PTD70GBSTWS,Appliances > Laundry Appliances > Clothes Dryers > Residential Dryers,"GE Appliances (Haier), Ge Appliances (Haier) Ge, Ge Gas Dryer Wh, Ptd70Gbstws",GE GAS DRYER WH,Ge® Ptd70Gbstws Ge Gas Dryer Wh,"GE®, PTD70GBSTWS GE Gas Dryer Wh, Finish / Color: White",Ge® Ptd70Gbstws Ge Gas Dryer Wh,"GE®, PTD70GBSTWS GE Gas Dryer Wh, Finish / Color: White",Finish / Color: White,,,,,,Residential Dryers,Finish / Color,White,,,,,,,,,,52141602,1 Year Manufacturer Warranty,1,EA,GE_PTD70GBSTWS.jpg,GE_PTD70GBSTWS_1.jpg,GE_PTD70GBSTWS_2.jpg,GE_PTD70GBSTWS_3.jpg,GE_PTD70GBSTWS_4.jpg,GE_PTD70GBSTWS_Specification_Sheet.pdf,No,Yes
,DR5004WG,Appliances,Laundry Appliances,Clothes Dryers,DR5004WG,DR5004WG,DR5004WG SQ Gas Dryer Wh,,,Appliance Dealers Cooperative (APPDE),Alliance Laundry Systems,SPEED QUEEN®,Speed Queen®,DR5004WG,Appliances > Laundry Appliances > Clothes Dryers > Residential Dryers,"Alliance Laundry Systems Speed Queen, Sq Gas Dryer Wh, Dr5004Wg",SQ GAS DRYER WH,Speed Queen® Dr5004Wg Sq Gas Dryer Wh,"SPEED QUEEN®, DR5004WG SQ Gas Dryer Wh, Finish / Color: White",Speed Queen® Dr5004Wg Sq Gas Dryer Wh,"SPEED QUEEN®, DR5004WG SQ Gas Dryer Wh, Finish / Color: White",Finish / Color: White,,,,,,Residential Dryers,Finish / Color,White,,,,,,,,,,52141602,1 Year Manufacturer Warranty,1,EA,SPEEDQUEEN_DR5004WG.jpg,SPEEDQUEEN_DR5004WG_1.jpg,SPEEDQUEEN_DR5004WG_2.jpg,SPEEDQUEEN_DR5004WG_3.jpg,SPEEDQUEEN_DR5004WG_4.jpg,SPEEDQUEEN_DR5004WG_Specification_Sheet.pdf,No,Yes
,DR7004BG,Appliances,Laundry Appliances,Clothes Dryers,DR7004BG,DR7004BG,DR7004BG SQ Gas Dryer Bk,,,Appliance Dealers Cooperative (APPDE),Alliance Laundry Systems,SPEED QUEEN®,Speed Queen®,DR7004BG,Appliances > Laundry Appliances > Clothes Dryers > Residential Dryers,"Alliance Laundry Systems Speed Queen, Sq Gas Dryer Bk, Dr7004Bg",SQ GAS DRYER BK,Speed Queen® Dr7004Bg Sq Gas Dryer Bk,"SPEED QUEEN®, DR7004BG SQ Gas Dryer Bk, Finish / Color: Black",Speed Queen® Dr7004Bg Sq Gas Dryer Bk,"SPEED QUEEN®, DR7004BG SQ Gas Dryer Bk, Finish / Color: Black",Finish / Color: Black,,,,,,Residential Dryers,Finish / Color,Black,,,,,,,,,,52141602,1 Year Manufacturer Warranty,1,EA,SPEEDQUEEN_DR7004BG.jpg,SPEEDQUEEN_DR7004BG_1.jpg,SPEEDQUEEN_DR7004BG_2.jpg,SPEEDQUEEN_DR7004BG_3.jpg,SPEEDQUEEN_DR7004BG_4.jpg,SPEEDQUEEN_DR7004BG_Specification_Sheet.pdf,No,Yes
,DR7004WG,Appliances,Laundry Appliances,Clothes Dryers,DR7004WG,DR7004WG,DR7004WG SQ Gas Dryer Wh,,,Appliance Dealers Cooperative (APPDE),Alliance Laundry Systems,SPEED QUEEN®,Speed Queen®,DR7004WG,Appliances > Laundry Appliances > Clothes Dryers > Residential Dryers,"Alliance Laundry Systems Speed Queen, Sq Gas Dryer Wh, Dr7004Wg",SQ GAS DRYER WH,Speed Queen® Dr7004Wg Sq Gas Dryer Wh,"SPEED QUEEN®, DR7004WG SQ Gas Dryer Wh, Finish / Color: White",Speed Queen® Dr7004Wg Sq Gas Dryer Wh,"SPEED QUEEN®, DR7004WG SQ Gas Dryer Wh, Finish / Color: White",Finish / Color: White,,,,,,Residential Dryers,Finish / Color,White,,,,,,,,,,52141602,1 Year Manufacturer Warranty,1,EA,SPEEDQUEEN_DR7004WG.jpg,SPEEDQUEEN_DR7004WG_1.jpg,SPEEDQUEEN_DR7004WG_2.jpg,SPEEDQUEEN_DR7004WG_3.jpg,SPEEDQUEEN_DR7004WG_4.jpg,SPEEDQUEEN_DR7004WG_Specification_Sheet.pdf,No,Yes
,DV2000WG,Appliances,Laundry Appliances,Clothes Dryers,DV2000WG,DV2000WG,DV2000WG SQ Gas Dryer Wh,,,Appliance Dealers Cooperative (APPDE),Alliance Laundry Systems,SPEED QUEEN®,Speed Queen®,DV2000WG,Appliances > Laundry Appliances > Clothes Dryers > Residential Dryers,"Alliance Laundry Systems Speed Queen, Sq Gas Dryer Wh, Dv2000Wg",SQ GAS DRYER WH,Speed Queen® Dv2000Wg Sq Gas Dryer Wh,"SPEED QUEEN®, DV2000WG SQ Gas Dryer Wh, Finish / Color: White",Speed Queen® Dv2000Wg Sq Gas Dryer Wh,"SPEED QUEEN®, DV2000WG SQ Gas Dryer Wh, Finish / Color: White",Finish / Color: White,,,,,,Residential Dryers,Finish / Color,White,,,,,,,,,,52141602,1 Year Manufacturer Warranty,1,EA,SPEEDQUEEN_DV2000WG.jpg,SPEEDQUEEN_DV2000WG_1.jpg,SPEEDQUEEN_DV2000WG_2.jpg,SPEEDQUEEN_DV2000WG_3.jpg,SPEEDQUEEN_DV2000WG_4.jpg,SPEEDQUEEN_DV2000WG_Specification_Sheet.pdf,No,Yes
,DC5004WG,Appliances,Laundry Appliances,Clothes Dryers,DC5004WG,DC5004WG,DC5004WG SQ Gas Dryer Wh,,,Appliance Dealers Cooperative (APPDE),Alliance Laundry Systems,SPEED QUEEN®,Speed Queen®,DC5004WG,Appliances > Laundry Appliances > Clothes Dryers > Residential Dryers,"Alliance Laundry Systems Speed Queen, Sq Gas Dryer Wh, Dc5004Wg",SQ GAS DRYER WH,Speed Queen® Dc5004Wg Sq Gas Dryer Wh,"SPEED QUEEN®, DC5004WG SQ Gas Dryer Wh, Finish / Color: White",Speed Queen® Dc5004Wg Sq Gas Dryer Wh,"SPEED QUEEN®, DC5004WG SQ Gas Dryer Wh, Finish / Color: White",Finish / Color: White,,,,,,Residential Dryers,Finish / Color,White,,,,,,,,,,52141602,1 Year Manufacturer Warranty,1,EA,SPEEDQUEEN_DC5004WG.jpg,SPEEDQUEEN_DC5004WG_1.jpg,SPEEDQUEEN_DC5004WG_2.jpg,SPEEDQUEEN_DC5004WG_3.jpg,SPEEDQUEEN_DC5004WG_4.jpg,SPEEDQUEEN_DC5004WG_Specification_Sheet.pdf,No,Yes
,DC5004BG,Appliances,Laundry Appliances,Clothes Dryers,DC5004BG,DC5004BG,DC5004BG SQ Gas Dryer Bk,,,Appliance Dealers Cooperative (APPDE),Alliance Laundry Systems,SPEED QUEEN®,Speed Queen®,DC5004BG,Appliances > Laundry Appliances > Clothes Dryers > Residential Dryers,"Alliance Laundry Systems Speed Queen, Sq Gas Dryer Bk, Dc5004Bg",SQ GAS DRYER BK,Speed Queen® Dc5004Bg Sq Gas Dryer Bk,"SPEED QUEEN®, DC5004BG SQ Gas Dryer Bk, Finish / Color: Black",Speed Queen® Dc5004Bg Sq Gas Dryer Bk,"SPEED QUEEN®, DC5004BG SQ Gas Dryer Bk, Finish / Color: Black",Finish / Color: Black,,,,,,Residential Dryers,Finish / Color,Black,,,,,,,,,,52141602,1 Year Manufacturer Warranty,1,EA,SPEEDQUEEN_DC5004BG.jpg,SPEEDQUEEN_DC5004BG_1.jpg,SPEEDQUEEN_DC5004BG_2.jpg,SPEEDQUEEN_DC5004BG_3.jpg,SPEEDQUEEN_DC5004BG_4.jpg,SPEEDQUEEN_DC5004BG_Specification_Sheet.pdf,No,Yes
,PTW705BSTWS,Appliances,Laundry Appliances,Washing Machines,PTW705BSTWS,PTW705BSTWS,PTW705BSTWS GE Washer Wh,,,Appliance Dealers Cooperative (APPDE),GE Appliances (Haier),GE®,Profile™,PTW705BSTWS,Appliances > Laundry Appliances > Washing Machines > Residential Washers,"GE Appliances (Haier), Ge Appliances (Haier) Ge, Ge Washer Wh, Ptw705Bstws",GE WASHER WH,Ge® Ptw705Bstws Ge Washer Wh,"GE®, PTW705BSTWS GE Washer Wh, Finish / Color: White",Ge® Ptw705Bstws Ge Washer Wh,"GE®, PTW705BSTWS GE Washer Wh, Finish / Color: White",Finish / Color: White,,,,,,Residential Washers,Finish / Color,White,,,,,,,,,,52141601,1 Year Manufacturer Warranty,1,EA,GE_PTW705BSTWS.jpg,GE_PTW705BSTWS_1.jpg,GE_PTW705BSTWS_2.jpg,GE_PTW705BSTWS_3.jpg,GE_PTW705BSTWS_4.jpg,GE_PTW705BSTWS_Specification_Sheet.pdf,No,Yes
,MVWP586GW,Appliances,Laundry Appliances,Washing Machines,MVWP586GW,MVWP586GW,MVWP586GW Washer Wh - Display,,,Appliance Dealers Cooperative (APPDE),Appliance Dealers Cooperative,Appliance Dealers Cooperative,,MVWP586GW,Appliances > Laundry Appliances > Washing Machines > Residential Washers,"Appliance Dealers Cooperative, Washer Wh, Display, Mvwp586Gw",WASHER WH - DISPLAY,Appliance Dealers Cooperative Mvwp586Gw Washer Wh - Display,"Appliance Dealers Cooperative, MVWP586GW Washer Wh - Display, Finish / Color: White",Appliance Dealers Cooperative Mvwp586Gw Washer Wh - Display,"Appliance Dealers Cooperative, MVWP586GW Washer Wh - Display, Finish / Color: White",Finish / Color: White,,,,,,Residential Washers,Finish / Color,White,,,,,,,,,,52141601,1 Year Manufacturer Warranty,1,EA,APPLIANCEDEALERSCOOPERATIVE_MVWP586GW.jpg,APPLIANCEDEALERSCOOPERATIVE_MVWP586GW_1.jpg,APPLIANCEDEALERSCOOPERATIVE_MVWP586GW_2.jpg,APPLIANCEDEALERSCOOPERATIVE_MVWP586GW_3.jpg,APPLIANCEDEALERSCOOPERATIVE_MVWP586GW_4.jpg,APPLIANCEDEALERSCOOPERATIVE_MVWP586GW_Specification_Sheet.pdf,No,Yes
,TV2000WN,Appliances,Laundry Appliances,Washing Machines,TV2000WN,TV2000WN,TV2000WN SQ Elect Washer,,,Appliance Dealers Cooperative (APPDE),Alliance Laundry Systems,SPEED QUEEN®,Speed Queen®,TV2000WN,Appliances > Laundry Appliances > Washing Machines > Residential Washers,"Alliance Laundry Systems Speed Queen, Sq Elect Washer, Tv2000Wn",SQ ELECT WASHER,Speed Queen® Tv2000Wn Sq Elect Washer,"SPEED QUEEN®, TV2000WN SQ Elect Washer",Speed Queen® Tv2000Wn Sq Elect Washer,"SPEED QUEEN®, TV2000WN SQ Elect Washer",,,,,,,Residential Washers,,,,,,,,,,,,52141601,1 Year Manufacturer Warranty,1,EA,SPEEDQUEEN_TV2000WN.jpg,SPEEDQUEEN_TV2000WN_1.jpg,SPEEDQUEEN_TV2000WN_2.jpg,SPEEDQUEEN_TV2000WN_3.jpg,SPEEDQUEEN_TV2000WN_4.jpg,SPEEDQUEEN_TV2000WN_Specification_Sheet.pdf,No,Yes
,TC5003BN,Appliances,Laundry Appliances,Washing Machines,TC5003BN,TC5003BN,TC5003BN SQ Washer Bk,,,Appliance Dealers Cooperative (APPDE),Alliance Laundry Systems,SPEED QUEEN®,Speed Queen®,TC5003BN,Appliances > Laundry Appliances > Washing Machines > Residential Washers,"Alliance Laundry Systems Speed Queen, Sq Washer Bk, Tc5003Bn",SQ WASHER BK,Speed Queen® Tc5003Bn Sq Washer Bk,"SPEED QUEEN®, TC5003BN SQ Washer Bk, Finish / Color: Black",Speed Queen® Tc5003Bn Sq Washer Bk,"SPEED QUEEN®, TC5003BN SQ Washer Bk, Finish / Color: Black",Finish / Color: Black,,,,,,Residential Washers,Finish / Color,Black,,,,,,,,,,52141601,1 Year Manufacturer Warranty,1,EA,SPEEDQUEEN_TC5003BN.jpg,SPEEDQUEEN_TC5003BN_1.jpg,SPEEDQUEEN_TC5003BN_2.jpg,SPEEDQUEEN_TC5003BN_3.jpg,SPEEDQUEEN_TC5003BN_4.jpg,SPEEDQUEEN_TC5003BN_Specification_Sheet.pdf,No,Yes
,TR7006WN,Appliances,Laundry Appliances,Washing Machines,TR7006WN,TR7006WN,TR7006WN Speed Queen Washer Wh,,,Appliance Dealers Cooperative (APPDE),Alliance Laundry Systems,SPEED QUEEN®,Speed Queen®,TR7006WN,Appliances > Laundry Appliances > Washing Machines > Residential Washers,"Alliance Laundry Systems Speed Queen, Speed Queen Washer Wh, Tr7006Wn",SPEED QUEEN WASHER WH,Speed Queen® Tr7006Wn Speed Queen Washer Wh,"SPEED QUEEN®, TR7006WN Speed Queen Washer Wh, Finish / Color: White",Speed Queen® Tr7006Wn Speed Queen Washer Wh,"SPEED QUEEN®, TR7006WN Speed Queen Washer Wh, Finish / Color: White",Finish / Color: White,,,,,,Residential Washers,Finish / Color,White,,,,,,,,,,52141601,1 Year Manufacturer Warranty,1,EA,SPEEDQUEEN_TR7006WN.jpg,SPEEDQUEEN_TR7006WN_1.jpg,SPEEDQUEEN_TR7006WN_2.jpg,SPEEDQUEEN_TR7006WN_3.jpg,SPEEDQUEEN_TR7006WN_4.jpg,SPEEDQUEEN_TR7006WN_Specification_Sheet.pdf,No,Yes
,TR7006BN,Appliances,Laundry Appliances,Washing Machines,TR7006BN,TR7006BN,TR7006BN Speed Queen Washer Bk,,,Appliance Dealers Cooperative (APPDE),Alliance Laundry Systems,SPEED QUEEN®,Speed Queen®,TR7006BN,Appliances > Laundry Appliances > Washing Machines > Residential Washers,"Alliance Laundry Systems Speed Queen, Speed Queen Washer Bk, Tr7006Bn",SPEED QUEEN WASHER BK,Speed Queen® Tr7006Bn Speed Queen Washer Bk,"SPEED QUEEN®, TR7006BN Speed Queen Washer Bk, Finish / Color: Black",Speed Queen® Tr7006Bn Speed Queen Washer Bk,"SPEED QUEEN®, TR7006BN Speed Queen Washer Bk, Finish / Color: Black",Finish / Color: Black,,,,,,Residential Washers,Finish / Color,Black,,,,,,,,,,52141601,1 Year Manufacturer Warranty,1,EA,SPEEDQUEEN_TR7006BN.jpg,SPEEDQUEEN_TR7006BN_1.jpg,SPEEDQUEEN_TR7006BN_2.jpg,SPEEDQUEEN_TR7006BN_3.jpg,SPEEDQUEEN_TR7006BN_4.jpg,SPEEDQUEEN_TR7006BN_Specification_Sheet.pdf,No,Yes
,TR5006WN,Appliances,Laundry Appliances,Washing Machines,TR5006WN,TR5006WN,TR5006WN Speed Queen Washer Wh,,,Appliance Dealers Cooperative (APPDE),Alliance Laundry Systems,SPEED QUEEN®,Speed Queen®,TR5006WN,Appliances > Laundry Appliances > Washing Machines > Residential Washers,"Alliance Laundry Systems Speed Queen, Speed Queen Washer Wh, Tr5006Wn",SPEED QUEEN WASHER WH,Speed Queen® Tr5006Wn Speed Queen Washer Wh,"SPEED QUEEN®, TR5006WN Speed Queen Washer Wh, Finish / Color: White",Speed Queen® Tr5006Wn Speed Queen Washer Wh,"SPEED QUEEN®, TR5006WN Speed Queen Washer Wh, Finish / Color: White",Finish / Color: White,,,,,,Residential Washers,Finish / Color,White,,,,,,,,,,52141601,1 Year Manufacturer Warranty,1,EA,SPEEDQUEEN_TR5006WN.jpg,SPEEDQUEEN_TR5006WN_1.jpg,SPEEDQUEEN_TR5006WN_2.jpg,SPEEDQUEEN_TR5006WN_3.jpg,SPEEDQUEEN_TR5006WN_4.jpg,SPEEDQUEEN_TR5006WN_Specification_Sheet.pdf,No,Yes
,5134545001,Safety & Storage,Safety & PPE,Protective Equipment & Storage,5134545001,5134545001,9516 Kneeling Pad& Bttl Opener,,,Wera Tools NA Inc (WERTO),Wera Tools,WERA®,Kraftform Kompakt®,5134545001,Safety & Storage > Safety & PPE > Protective Equipment & Storage > Safety Gear & Jobsite Storage,"Wera Tools Wera, 9516 Kneeling Pad& Bttl Opener, 5134545001 - Part Number: 513",9516 KNEELING PAD& BTTL OPENER,Wera® 5134545001 9516 Kneeling Pad& Bttl Opener,"WERA®, 9516 Kneeling Pad& Bttl Opener, Part Number: 5134545001",Wera® 5134545001 9516 Kneeling Pad& Bttl Opener,"WERA®, 9516 Kneeling Pad& Bttl Opener, Part Number: 5134545001",,,,,,,Safety Gear & Jobsite Storage,,,,,,,,,,,,46181500,,1,EA,WERA_5134545001.jpg,WERA_5134545001_1.jpg,WERA_5134545001_2.jpg,WERA_5134545001_3.jpg,WERA_5134545001_4.jpg,WERA_5134545001_Specification_Sheet.pdf,No,Yes
,LNL65301,Tools & Hardware,Automotive Tools,Tire & Maintenance Equipment,LNL65301,LNL65301,LNL65301 Digital Tire Pressure - Inflator Gauge,,,-,Generic Manufacturer,-- Unbranded --,,LNL65301,Tools & Hardware > Automotive Tools > Tire & Maintenance Equipment > Tire Gauges & Lubrication,"Generic Manufacturer -- Unbranded --, Digital Tire Pressure, Inflator Gauge,",DIGITAL TIRE PRESSURE - INFLATOR GAUGE,-- Unbranded -- Lnl65301 Digital Tire Pressure - Inflator Gauge,"-- Unbranded --, LNL65301 Digital Tire Pressure - Inflator Gauge",-- Unbranded -- Lnl65301 Digital Tire Pressure - Inflator Gauge,"-- Unbranded --, LNL65301 Digital Tire Pressure - Inflator Gauge",,,,,,,Tire Gauges & Lubrication,,,,,,,,,,,,25172605,,1,EA,UNBRANDED_LNL65301.jpg,UNBRANDED_LNL65301_1.jpg,UNBRANDED_LNL65301_2.jpg,UNBRANDED_LNL65301_3.jpg,UNBRANDED_LNL65301_4.jpg,UNBRANDED_LNL65301_Specification_Sheet.pdf,No,Yes
,25-A,Building Materials,Masonry,Mortar & Cements,25-A,25-A,Charcoal Black 25-A Mortar - Type N,,,Rees Cast Stone Company (REECA),Rees Cast Stone Company,Rees Cast Stone Company,,25-A,Building Materials > Masonry > Mortar & Cements > Type N Mortar,"Rees Cast Stone Company, Charcoal Black 25, A Mortar, Type N, 25-A",CHARCOAL BLACK 25-A MORTAR - TYPE N,Rees Cast Stone Company 25-A Charcoal Black 25-A Mortar - Type N,"Rees Cast Stone Company, Charcoal Black 25-A Mortar - Type N, Finish / Color: Black",Rees Cast Stone Company 25-A Charcoal Black 25-A Mortar - Type N,"Rees Cast Stone Company, Charcoal Black 25-A Mortar - Type N, Finish / Color: Black",Finish / Color: Black,,,,,,Type N Mortar,Finish / Color,Black,,,,,,,,,,30111500,,1,EA,REESCASTSTONECOMPANY_25-A.jpg,REESCASTSTONECOMPANY_25-A_1.jpg,REESCASTSTONECOMPANY_25-A_2.jpg,REESCASTSTONECOMPANY_25-A_3.jpg,REESCASTSTONECOMPANY_25-A_4.jpg,REESCASTSTONECOMPANY_25-A_Specification_Sheet.pdf,No,Yes
,38-E,Building Materials,Masonry,Mortar & Cements,38-E,38-E,Dark Chocolate 38-E Mortar - Type N,,,Rees Cast Stone Company (REECA),Rees Cast Stone Company,Rees Cast Stone Company,,38-E,Building Materials > Masonry > Mortar & Cements > Type N Mortar,"Rees Cast Stone Company, Dark Chocolate 38, E Mortar, Type N, 38-E",DARK CHOCOLATE 38-E MORTAR - TYPE N,Rees Cast Stone Company 38-E Dark Chocolate 38-E Mortar - Type N,"Rees Cast Stone Company, Dark Chocolate 38-E Mortar - Type N",Rees Cast Stone Company 38-E Dark Chocolate 38-E Mortar - Type N,"Rees Cast Stone Company, Dark Chocolate 38-E Mortar - Type N",,,,,,,Type N Mortar,,,,,,,,,,,,30111500,,1,EA,REESCASTSTONECOMPANY_38-E.jpg,REESCASTSTONECOMPANY_38-E_1.jpg,REESCASTSTONECOMPANY_38-E_2.jpg,REESCASTSTONECOMPANY_38-E_3.jpg,REESCASTSTONECOMPANY_38-E_4.jpg,REESCASTSTONECOMPANY_38-E_Specification_Sheet.pdf,No,Yes
,59-J,Building Materials,Masonry,Mortar & Cements,59-J,59-J,Light Buff 59-J Mortar - Type N,,,Rees Cast Stone Company (REECA),Rees Cast Stone Company,Rees Cast Stone Company,,59-J,Building Materials > Masonry > Mortar & Cements > Type N Mortar,"Rees Cast Stone Company, Light Buff 59, J Mortar, Type N, 59-J",LIGHT BUFF 59-J MORTAR - TYPE N,Rees Cast Stone Company 59-J Light Buff 59-J Mortar - Type N,"Rees Cast Stone Company, Light Buff 59-J Mortar - Type N",Rees Cast Stone Company 59-J Light Buff 59-J Mortar - Type N,"Rees Cast Stone Company, Light Buff 59-J Mortar - Type N",,,,,,,Type N Mortar,,,,,,,,,,,,30111500,,1,EA,REESCASTSTONECOMPANY_59-J.jpg,REESCASTSTONECOMPANY_59-J_1.jpg,REESCASTSTONECOMPANY_59-J_2.jpg,REESCASTSTONECOMPANY_59-J_3.jpg,REESCASTSTONECOMPANY_59-J_4.jpg,REESCASTSTONECOMPANY_59-J_Specification_Sheet.pdf,No,Yes
,44-A,Building Materials,Masonry,Mortar & Cements,44-A,44-A,Light Chocolate 44-A Mortar - Type N,,,Rees Cast Stone Company (REECA),Rees Cast Stone Company,Rees Cast Stone Company,,44-A,Building Materials > Masonry > Mortar & Cements > Type N Mortar,"Rees Cast Stone Company, Light Chocolate 44, A Mortar, Type N, 44-A",LIGHT CHOCOLATE 44-A MORTAR - TYPE N,Rees Cast Stone Company 44-A Light Chocolate 44-A Mortar - Type N,"Rees Cast Stone Company, Light Chocolate 44-A Mortar - Type N",Rees Cast Stone Company 44-A Light Chocolate 44-A Mortar - Type N,"Rees Cast Stone Company, Light Chocolate 44-A Mortar - Type N",,,,,,,Type N Mortar,,,,,,,,,,,,30111500,,1,EA,REESCASTSTONECOMPANY_44-A.jpg,REESCASTSTONECOMPANY_44-A_1.jpg,REESCASTSTONECOMPANY_44-A_2.jpg,REESCASTSTONECOMPANY_44-A_3.jpg,REESCASTSTONECOMPANY_44-A_4.jpg,REESCASTSTONECOMPANY_44-A_Specification_Sheet.pdf,No,Yes
,543302126,Building Materials,Decking & Railing,Composite & PVC Decking,543302126,543302126,6' Wh Select T-Rail Kit Horiz - w/Sq Composite Balusters,TREX,,U S Lumber (3073),Trex Company Inc,TREX®,Transcend® Lineage™,543302126,Building Materials > Decking & Railing > Composite & PVC Decking > Deck Boards & Fascia,"Trex Company Inc Trex, 6' Wh Select T, Rail Kit Horiz, W/Sq Composite",6' WH SELECT T-RAIL KIT HORIZ - W/SQ,Trex® 543302126 6' Wh Select T-Rail Kit Horiz - W/Sq Composite Balusters,"TREX®, 6' Wh Select T-Rail Kit Horiz - w/Sq Composite Balusters, Part Number: 543302126, Finish / Color: White, Material: Composite, Product Line / Series: Select",Trex® 543302126 6' Wh Select T-Rail Kit Horiz - W/Sq Composite Balusters,"TREX®, 6' Wh Select T-Rail Kit Horiz - w/Sq Composite Balusters, Part Number: 543302126, Finish / Color: White, Material: Composite, Product Line / Series: Select",Finish / Color: White,Material: Composite,Product Line / Series: Select,,With Balusters,,Deck Boards & Fascia,Finish / Color,White,,Material,Composite,,Product Line / Series,Select,,,,30151508,,1,EA,TREX_543302126.jpg,TREX_543302126_1.jpg,TREX_543302126_2.jpg,TREX_543302126_3.jpg,TREX_543302126_4.jpg,TREX_543302126_Specification_Sheet.pdf,No,Yes
,543302146,Building Materials,Decking & Railing,Composite & PVC Decking,543302146,543302146,8' Wh Select T-Rail Kit Horiz - w/Sq Composite Balusters,TREX,,U S Lumber (3073),Trex Company Inc,TREX®,Transcend® Lineage™,543302146,Building Materials > Decking & Railing > Composite & PVC Decking > Deck Boards & Fascia,"Trex Company Inc Trex, 8' Wh Select T, Rail Kit Horiz, W/Sq Composite",8' WH SELECT T-RAIL KIT HORIZ - W/SQ,Trex® 543302146 8' Wh Select T-Rail Kit Horiz - W/Sq Composite Balusters,"TREX®, 8' Wh Select T-Rail Kit Horiz - w/Sq Composite Balusters, Part Number: 543302146, Finish / Color: White, Material: Composite, Product Line / Series: Select",Trex® 543302146 8' Wh Select T-Rail Kit Horiz - W/Sq Composite Balusters,"TREX®, 8' Wh Select T-Rail Kit Horiz - w/Sq Composite Balusters, Part Number: 543302146, Finish / Color: White, Material: Composite, Product Line / Series: Select",Finish / Color: White,Material: Composite,Product Line / Series: Select,,With Balusters,,Deck Boards & Fascia,Finish / Color,White,,Material,Composite,,Product Line / Series,Select,,,,30151508,,1,EA,TREX_543302146.jpg,TREX_543302146_1.jpg,TREX_543302146_2.jpg,TREX_543302146_3.jpg,TREX_543302146_4.jpg,TREX_543302146_Specification_Sheet.pdf,No,Yes
,73019603,Building Materials,Decking & Railing,Railing Systems,73019603,73019603,Finyline Wh 6' Fl Rail Kit Sq,,,-,Alliance Laundry Systems,SPEED QUEEN®,Speed Queen®,73019603,Building Materials > Decking & Railing > Railing Systems > Railing Kits & Posts,"Alliance Laundry Systems Speed Queen, Finyline Wh 6' Fl Rail Kit Sq, 73019603",FINYLINE WH 6' FL RAIL KIT SQ,Speed Queen® 73019603 Finyline Wh 6' Fl Rail Kit Sq,"SPEED QUEEN®, Finyline Wh 6' Fl Rail Kit Sq, Part Number: 73019603, Finish / Color: White",Speed Queen® 73019603 Finyline Wh 6' Fl Rail Kit Sq,"SPEED QUEEN®, Finyline Wh 6' Fl Rail Kit Sq, Part Number: 73019603, Finish / Color: White",Finish / Color: White,,,,,,Railing Kits & Posts,Finish / Color,White,,,,,,,,,,30151510,,1,EA,SPEEDQUEEN_73019603.jpg,SPEEDQUEEN_73019603_1.jpg,SPEEDQUEEN_73019603_2.jpg,SPEEDQUEEN_73019603_3.jpg,SPEEDQUEEN_73019603_4.jpg,SPEEDQUEEN_73019603_Specification_Sheet.pdf,No,Yes
,73019652,Building Materials,Decking & Railing,Railing Systems,73019652,73019652,Finyline Wh 8' Fl Rail Kit Sq,,,-,Alliance Laundry Systems,SPEED QUEEN®,Speed Queen®,73019652,Building Materials > Decking & Railing > Railing Systems > Railing Kits & Posts,"Alliance Laundry Systems Speed Queen, Finyline Wh 8' Fl Rail Kit Sq, 73019652",FINYLINE WH 8' FL RAIL KIT SQ,Speed Queen® 73019652 Finyline Wh 8' Fl Rail Kit Sq,"SPEED QUEEN®, Finyline Wh 8' Fl Rail Kit Sq, Part Number: 73019652, Finish / Color: White",Speed Queen® 73019652 Finyline Wh 8' Fl Rail Kit Sq,"SPEED QUEEN®, Finyline Wh 8' Fl Rail Kit Sq, Part Number: 73019652, Finish / Color: White",Finish / Color: White,,,,,,Railing Kits & Posts,Finish / Color,White,,,,,,,,,,30151510,,1,EA,SPEEDQUEEN_73019652.jpg,SPEEDQUEEN_73019652_1.jpg,SPEEDQUEEN_73019652_2.jpg,SPEEDQUEEN_73019652_3.jpg,SPEEDQUEEN_73019652_4.jpg,SPEEDQUEEN_73019652_Specification_Sheet.pdf,No,Yes
,73019517,Building Materials,Decking & Railing,Railing Systems,73019517,73019517,Finyline Wh 10' Fl Rail Kit Sq,,,-,Alliance Laundry Systems,SPEED QUEEN®,Speed Queen®,73019517,Building Materials > Decking & Railing > Railing Systems > Railing Kits & Posts,"Alliance Laundry Systems Speed Queen, Finyline Wh 10' Fl Rail Kit Sq, 73019517",FINYLINE WH 10' FL RAIL KIT SQ,Speed Queen® 73019517 Finyline Wh 10' Fl Rail Kit Sq,"SPEED QUEEN®, Finyline Wh 10' Fl Rail Kit Sq, Part Number: 73019517, Finish / Color: White",Speed Queen® 73019517 Finyline Wh 10' Fl Rail Kit Sq,"SPEED QUEEN®, Finyline Wh 10' Fl Rail Kit Sq, Part Number: 73019517, Finish / Color: White",Finish / Color: White,,,,,,Railing Kits & Posts,Finish / Color,White,,,,,,,,,,30151510,,1,EA,SPEEDQUEEN_73019517.jpg,SPEEDQUEEN_73019517_1.jpg,SPEEDQUEEN_73019517_2.jpg,SPEEDQUEEN_73019517_3.jpg,SPEEDQUEEN_73019517_4.jpg,SPEEDQUEEN_73019517_Specification_Sheet.pdf,No,Yes
,73019602,Building Materials,Decking & Railing,Railing Systems,73019602,73019602,Finyline Wh 6' Fl Rail Kit Rd - w/Black Alum Balusters,,,-,Generic Manufacturer,-- Unbranded --,,73019602,Building Materials > Decking & Railing > Railing Systems > Railing Kits & Posts,"Generic Manufacturer -- Unbranded --, Finyline Wh 6' Fl Rail Kit Rd, W/Black",FINYLINE WH 6' FL RAIL KIT RD - W/BLACK,-- Unbranded -- 73019602 Finyline Wh 6' Fl Rail Kit Rd - W/Black Alum Balusters,"-- Unbranded --, Finyline Wh 6' Fl Rail Kit Rd - w/Black Alum Balusters, Part Number: 73019602, Finish / Color: Black, Material: Aluminum",-- Unbranded -- 73019602 Finyline Wh 6' Fl Rail Kit Rd - W/Black Alum Balusters,"-- Unbranded --, Finyline Wh 6' Fl Rail Kit Rd - w/Black Alum Balusters, Part Number: 73019602, Finish / Color: Black, Material: Aluminum",Finish / Color: Black,Material: Aluminum,,,With Balusters,,Railing Kits & Posts,Finish / Color,Black,,Material,Aluminum,,,,,,,30151510,,1,EA,UNBRANDED_73019602.jpg,UNBRANDED_73019602_1.jpg,UNBRANDED_73019602_2.jpg,UNBRANDED_73019602_3.jpg,UNBRANDED_73019602_4.jpg,UNBRANDED_73019602_Specification_Sheet.pdf,No,Yes
,73019651,Building Materials,Decking & Railing,Railing Systems,73019651,73019651,Finyline Wh 8' Fl Rail Kit Rd - w/Black Alum Balusters,,,-,Generic Manufacturer,-- Unbranded --,,73019651,Building Materials > Decking & Railing > Railing Systems > Railing Kits & Posts,"Generic Manufacturer -- Unbranded --, Finyline Wh 8' Fl Rail Kit Rd, W/Black",FINYLINE WH 8' FL RAIL KIT RD - W/BLACK,-- Unbranded -- 73019651 Finyline Wh 8' Fl Rail Kit Rd - W/Black Alum Balusters,"-- Unbranded --, Finyline Wh 8' Fl Rail Kit Rd - w/Black Alum Balusters, Part Number: 73019651, Finish / Color: Black, Material: Aluminum",-- Unbranded -- 73019651 Finyline Wh 8' Fl Rail Kit Rd - W/Black Alum Balusters,"-- Unbranded --, Finyline Wh 8' Fl Rail Kit Rd - w/Black Alum Balusters, Part Number: 73019651, Finish / Color: Black, Material: Aluminum",Finish / Color: Black,Material: Aluminum,,,With Balusters,,Railing Kits & Posts,Finish / Color,Black,,Material,Aluminum,,,,,,,30151510,,1,EA,UNBRANDED_73019651.jpg,UNBRANDED_73019651_1.jpg,UNBRANDED_73019651_2.jpg,UNBRANDED_73019651_3.jpg,UNBRANDED_73019651_4.jpg,UNBRANDED_73019651_Specification_Sheet.pdf,No,Yes
,73019516,Building Materials,Decking & Railing,Railing Systems,73019516,73019516,Finyline Wh 10' Fl Rail Kit Rd - w/Black Alum Balusters,,,-,Generic Manufacturer,-- Unbranded --,,73019516,Building Materials > Decking & Railing > Railing Systems > Railing Kits & Posts,"Generic Manufacturer -- Unbranded --, Finyline Wh 10' Fl Rail Kit Rd, W/Black",FINYLINE WH 10' FL RAIL KIT RD -,-- Unbranded -- 73019516 Finyline Wh 10' Fl Rail Kit Rd - W/Black Alum Balusters,"-- Unbranded --, Finyline Wh 10' Fl Rail Kit Rd - w/Black Alum Balusters, Part Number: 73019516, Finish / Color: Black, Material: Aluminum",-- Unbranded -- 73019516 Finyline Wh 10' Fl Rail Kit Rd - W/Black Alum Balusters,"-- Unbranded --, Finyline Wh 10' Fl Rail Kit Rd - w/Black Alum Balusters, Part Number: 73019516, Finish / Color: Black, Material: Aluminum",Finish / Color: Black,Material: Aluminum,,,With Balusters,,Railing Kits & Posts,Finish / Color,Black,,Material,Aluminum,,,,,,,30151510,,1,EA,UNBRANDED_73019516.jpg,UNBRANDED_73019516_1.jpg,UNBRANDED_73019516_2.jpg,UNBRANDED_73019516_3.jpg,UNBRANDED_73019516_4.jpg,UNBRANDED_73019516_Specification_Sheet.pdf,No,Yes
,543300256,Building Materials,Decking & Railing,Composite & PVC Decking,543300256,543300256,6' Black Select Classic Horiz - Rail w/Rnd Black Alum Baluster,TREX,,Boise Cascade Building Materials (BOICA),Trex Company Inc,TREX®,Transcend® Lineage™,543300256,Building Materials > Decking & Railing > Composite & PVC Decking > Deck Boards & Fascia,"Trex Company Inc Trex, 6' Black Select Classic Horiz, Rail W/Rnd Black Alum",6' BLACK SELECT CLASSIC HORIZ - RAIL,Trex® 543300256 6' Black Select Classic Horiz - Rail W/Rnd Black Alum Baluster,"TREX®, 6' Black Select Classic Horiz - Rail w/Rnd Black Alum Baluster, Part Number: 543300256, Finish / Color: Black, Material: Aluminum, Product Line / Series: Select",Trex® 543300256 6' Black Select Classic Horiz - Rail W/Rnd Black Alum Baluster,"TREX®, 6' Black Select Classic Horiz - Rail w/Rnd Black Alum Baluster, Part Number: 543300256, Finish / Color: Black, Material: Aluminum, Product Line / Series: Select",Finish / Color: Black,Material: Aluminum,Product Line / Series: Select,,With Balusters,,Deck Boards & Fascia,Finish / Color,Black,,Material,Aluminum,,Product Line / Series,Select,,,,30151508,,1,EA,TREX_543300256.jpg,TREX_543300256_1.jpg,TREX_543300256_2.jpg,TREX_543300256_3.jpg,TREX_543300256_4.jpg,TREX_543300256_Specification_Sheet.pdf,No,Yes
,543300276,Building Materials,Decking & Railing,Composite & PVC Decking,543300276,543300276,8' Black Select Classic Horiz - Rail w/Rnd Black Alum Baluster,TREX,,Boise Cascade Building Materials (BOICA),Trex Company Inc,TREX®,Transcend® Lineage™,543300276,Building Materials > Decking & Railing > Composite & PVC Decking > Deck Boards & Fascia,"Trex Company Inc Trex, 8' Black Select Classic Horiz, Rail W/Rnd Black Alum",8' BLACK SELECT CLASSIC HORIZ - RAIL,Trex® 543300276 8' Black Select Classic Horiz - Rail W/Rnd Black Alum Baluster,"TREX®, 8' Black Select Classic Horiz - Rail w/Rnd Black Alum Baluster, Part Number: 543300276, Finish / Color: Black, Material: Aluminum, Product Line / Series: Select",Trex® 543300276 8' Black Select Classic Horiz - Rail W/Rnd Black Alum Baluster,"TREX®, 8' Black Select Classic Horiz - Rail w/Rnd Black Alum Baluster, Part Number: 543300276, Finish / Color: Black, Material: Aluminum, Product Line / Series: Select",Finish / Color: Black,Material: Aluminum,Product Line / Series: Select,,With Balusters,,Deck Boards & Fascia,Finish / Color,Black,,Material,Aluminum,,Product Line / Series,Select,,,,30151508,,1,EA,TREX_543300276.jpg,TREX_543300276_1.jpg,TREX_543300276_2.jpg,TREX_543300276_3.jpg,TREX_543300276_4.jpg,TREX_543300276_Specification_Sheet.pdf,No,Yes
,73045028,Building Materials,Decking & Railing,Railing Systems,73045028,73045028,Custom Finyline Wh Gate Sq Bal,,,-,Alliance Laundry Systems,SPEED QUEEN®,Speed Queen®,73045028,Building Materials > Decking & Railing > Railing Systems > Railing Kits & Posts,"Alliance Laundry Systems Speed Queen, Custom Finyline Wh Gate Sq Bal, 73045028",CUSTOM FINYLINE WH GATE SQ BAL,Speed Queen® 73045028 Custom Finyline Wh Gate Sq Bal,"SPEED QUEEN®, Custom Finyline Wh Gate Sq Bal, Part Number: 73045028, Finish / Color: White",Speed Queen® 73045028 Custom Finyline Wh Gate Sq Bal,"SPEED QUEEN®, Custom Finyline Wh Gate Sq Bal, Part Number: 73045028, Finish / Color: White",Finish / Color: White,,,,,,Railing Kits & Posts,Finish / Color,White,,,,,,,,,,30151510,,1,EA,SPEEDQUEEN_73045028.jpg,SPEEDQUEEN_73045028_1.jpg,SPEEDQUEEN_73045028_2.jpg,SPEEDQUEEN_73045028_3.jpg,SPEEDQUEEN_73045028_4.jpg,SPEEDQUEEN_73045028_Specification_Sheet.pdf,No,Yes
,73045031,Building Materials,Decking & Railing,Railing Systems,73045031,73045031,Custom Finyline Wh Gate Rd - w/Black Alum Balusters,,,-,Generic Manufacturer,-- Unbranded --,,73045031,Building Materials > Decking & Railing > Railing Systems > Railing Kits & Posts,"Generic Manufacturer -- Unbranded --, Custom Finyline Wh Gate Rd, W/Black Alum",CUSTOM FINYLINE WH GATE RD - W/BLACK,-- Unbranded -- 73045031 Custom Finyline Wh Gate Rd - W/Black Alum Balusters,"-- Unbranded --, Custom Finyline Wh Gate Rd - w/Black Alum Balusters, Part Number: 73045031, Finish / Color: Black, Material: Aluminum",-- Unbranded -- 73045031 Custom Finyline Wh Gate Rd - W/Black Alum Balusters,"-- Unbranded --, Custom Finyline Wh Gate Rd - w/Black Alum Balusters, Part Number: 73045031, Finish / Color: Black, Material: Aluminum",Finish / Color: Black,Material: Aluminum,,,With Balusters,,Railing Kits & Posts,Finish / Color,Black,,Material,Aluminum,,,,,,,30151510,,1,EA,UNBRANDED_73045031.jpg,UNBRANDED_73045031_1.jpg,UNBRANDED_73045031_2.jpg,UNBRANDED_73045031_3.jpg,UNBRANDED_73045031_4.jpg,UNBRANDED_73045031_Specification_Sheet.pdf,No,Yes
,543340126,Building Materials,Decking & Railing,Composite & PVC Decking,543340126,543340126,"6'x36"" Select Alm w/Sq Bal Hor - Assembled Black Rail Panel",TREX,,Boise Cascade Building Materials (BOICA),Trex Company Inc,TREX®,Transcend® Lineage™,543340126,Building Materials > Decking & Railing > Composite & PVC Decking > Deck Boards & Fascia,"Trex Company Inc Trex, 6'X36"" Select Alm W/Sq Bal Hor, Assembled Black Rail","6'X36"" SELECT ALM W/SQ BAL HOR -","Trex® 543340126 6'X36"" Select Alm W/Sq Bal Hor - Assembled Black Rail Panel","TREX®, 6'x36"" Select Alm w/Sq Bal Hor - Assembled Black Rail Panel, Part Number: 543340126, Dimensions: 6 in x 36 in, Finish / Color: Black, Product Line / Series: Select","Trex® 543340126 6'X36"" Select Alm W/Sq Bal Hor - Assembled Black Rail Panel","TREX®, 6'x36"" Select Alm w/Sq Bal Hor - Assembled Black Rail Panel, Part Number: 543340126, Dimensions: 6 in x 36 in, Finish / Color: Black, Product Line / Series: Select",Dimensions: 6 in x 36 in,Finish / Color: Black,Product Line / Series: Select,,,,Deck Boards & Fascia,Dimensions,6 in x 36 in,,Finish / Color,Black,,Product Line / Series,Select,,,,30151508,,1,EA,TREX_543340126.jpg,TREX_543340126_1.jpg,TREX_543340126_2.jpg,TREX_543340126_3.jpg,TREX_543340126_4.jpg,TREX_543340126_Specification_Sheet.pdf,No,Yes
,543340127,Building Materials,Decking & Railing,Composite & PVC Decking,543340127,543340127,"6'x36"" Select Alm w/Sq Bal Str - Assembled Black Rail Panel",TREX,,Boise Cascade Building Materials (BOICA),Trex Company Inc,TREX®,Transcend® Lineage™,543340127,Building Materials > Decking & Railing > Composite & PVC Decking > Deck Boards & Fascia,"Trex Company Inc Trex, 6'X36"" Select Alm W/Sq Bal Str, Assembled Black Rail","6'X36"" SELECT ALM W/SQ BAL STR -","Trex® 543340127 6'X36"" Select Alm W/Sq Bal Str - Assembled Black Rail Panel","TREX®, 6'x36"" Select Alm w/Sq Bal Str - Assembled Black Rail Panel, Part Number: 543340127, Dimensions: 6 in x 36 in, Finish / Color: Black, Product Line / Series: Select","Trex® 543340127 6'X36"" Select Alm W/Sq Bal Str - Assembled Black Rail Panel","TREX®, 6'x36"" Select Alm w/Sq Bal Str - Assembled Black Rail Panel, Part Number: 543340127, Dimensions: 6 in x 36 in, Finish / Color: Black, Product Line / Series: Select",Dimensions: 6 in x 36 in,Finish / Color: Black,Product Line / Series: Select,,,,Deck Boards & Fascia,Dimensions,6 in x 36 in,,Finish / Color,Black,,Product Line / Series,Select,,,,30151508,,1,EA,TREX_543340127.jpg,TREX_543340127_1.jpg,TREX_543340127_2.jpg,TREX_543340127_3.jpg,TREX_543340127_4.jpg,TREX_543340127_Specification_Sheet.pdf,No,Yes
,543340146,Building Materials,Decking & Railing,Composite & PVC Decking,543340146,543340146,"8'x36"" Select Alm w/Sq Bal Hor - Assembled Black Rail Panel",TREX,,Boise Cascade Building Materials (BOICA),Trex Company Inc,TREX®,Transcend® Lineage™,543340146,Building Materials > Decking & Railing > Composite & PVC Decking > Deck Boards & Fascia,"Trex Company Inc Trex, 8'X36"" Select Alm W/Sq Bal Hor, Assembled Black Rail","8'X36"" SELECT ALM W/SQ BAL HOR -","Trex® 543340146 8'X36"" Select Alm W/Sq Bal Hor - Assembled Black Rail Panel","TREX®, 8'x36"" Select Alm w/Sq Bal Hor - Assembled Black Rail Panel, Part Number: 543340146, Dimensions: 8 in x 36 in, Finish / Color: Black, Product Line / Series: Select","Trex® 543340146 8'X36"" Select Alm W/Sq Bal Hor - Assembled Black Rail Panel","TREX®, 8'x36"" Select Alm w/Sq Bal Hor - Assembled Black Rail Panel, Part Number: 543340146, Dimensions: 8 in x 36 in, Finish / Color: Black, Product Line / Series: Select",Dimensions: 8 in x 36 in,Finish / Color: Black,Product Line / Series: Select,,,,Deck Boards & Fascia,Dimensions,8 in x 36 in,,Finish / Color,Black,,Product Line / Series,Select,,,,30151508,,1,EA,TREX_543340146.jpg,TREX_543340146_1.jpg,TREX_543340146_2.jpg,TREX_543340146_3.jpg,TREX_543340146_4.jpg,TREX_543340146_Specification_Sheet.pdf,No,Yes
,543340147,Building Materials,Decking & Railing,Composite & PVC Decking,543340147,543340147,"8'x36"" Select Alm w/Sq Bal Str - Assembled Black Rail Panel",TREX,,Boise Cascade Building Materials (BOICA),Trex Company Inc,TREX®,Transcend® Lineage™,543340147,Building Materials > Decking & Railing > Composite & PVC Decking > Deck Boards & Fascia,"Trex Company Inc Trex, 8'X36"" Select Alm W/Sq Bal Str, Assembled Black Rail","8'X36"" SELECT ALM W/SQ BAL STR -","Trex® 543340147 8'X36"" Select Alm W/Sq Bal Str - Assembled Black Rail Panel","TREX®, 8'x36"" Select Alm w/Sq Bal Str - Assembled Black Rail Panel, Part Number: 543340147, Dimensions: 8 in x 36 in, Finish / Color: Black, Product Line / Series: Select","Trex® 543340147 8'X36"" Select Alm W/Sq Bal Str - Assembled Black Rail Panel","TREX®, 8'x36"" Select Alm w/Sq Bal Str - Assembled Black Rail Panel, Part Number: 543340147, Dimensions: 8 in x 36 in, Finish / Color: Black, Product Line / Series: Select",Dimensions: 8 in x 36 in,Finish / Color: Black,Product Line / Series: Select,,,,Deck Boards & Fascia,Dimensions,8 in x 36 in,,Finish / Color,Black,,Product Line / Series,Select,,,,30151508,,1,EA,TREX_543340147.jpg,TREX_543340147_1.jpg,TREX_543340147_2.jpg,TREX_543340147_3.jpg,TREX_543340147_4.jpg,TREX_543340147_Specification_Sheet.pdf,No,Yes
,ADB15516CS,Building Materials,Decking & Railing,Composite & PVC Decking,ADB15516CS,ADB15516CS,1x6-16' Coastline Sq Edge - Vintage Azek PVC Decking,TIMBERTECH,,Parksite (6151),The AZEK Company,TIMBERTECH®,Vintage Collection®,ADB15516CS,Building Materials > Decking & Railing > Composite & PVC Decking > Deck Boards & Fascia,"The Azek Company Timbertech, 1X6, 16' Coastline Sq Edge, Vintage Azek Pvc",1X6-16' COASTLINE SQ EDGE - VINTAGE,Timbertech® Adb15516Cs 1X6-16' Coastline Sq Edge - Vintage Azek Pvc Decking,"TIMBERTECH®, 1x6-16' Coastline Sq Edge - Vintage Azek PVC Decking, Part Number: ADB15516CS, Dimensions: 1 in x 6-16 in, Finish / Color: Coastline, Material: PVC, Product Line / Series: Vintage Collection",Timbertech® Adb15516Cs 1X6-16' Coastline Sq Edge - Vintage Azek Pvc Decking,"TIMBERTECH®, 1x6-16' Coastline Sq Edge - Vintage Azek PVC Decking, Part Number: ADB15516CS, Dimensions: 1 in x 6-16 in, Finish / Color: Coastline, Material: PVC, Product Line / Series: Vintage Collection",Dimensions: 1 in x 6-16 in,Finish / Color: Coastline,Material: PVC,Product Line / Series: Vintage Collection,,,Deck Boards & Fascia,Dimensions,1 in x 6-16 in,,Finish / Color,Coastline,,Material,PVC,,Product Line / Series,Vintage Collection,30151508,,1,EA,TIMBERTECH_ADB15516CS.jpg,TIMBERTECH_ADB15516CS_1.jpg,TIMBERTECH_ADB15516CS_2.jpg,TIMBERTECH_ADB15516CS_3.jpg,TIMBERTECH_ADB15516CS_4.jpg,TIMBERTECH_ADB15516CS_Specification_Sheet.pdf,No,Yes
,ADB15520CS,Building Materials,Decking & Railing,Composite & PVC Decking,ADB15520CS,ADB15520CS,1x6-20' Coastline Sq Edge - Vintage Azek PVC Decking,TIMBERTECH,,Parksite (6151),The AZEK Company,TIMBERTECH®,Vintage Collection®,ADB15520CS,Building Materials > Decking & Railing > Composite & PVC Decking > Deck Boards & Fascia,"The Azek Company Timbertech, 1X6, 20' Coastline Sq Edge, Vintage Azek Pvc",1X6-20' COASTLINE SQ EDGE - VINTAGE,Timbertech® Adb15520Cs 1X6-20' Coastline Sq Edge - Vintage Azek Pvc Decking,"TIMBERTECH®, 1x6-20' Coastline Sq Edge - Vintage Azek PVC Decking, Part Number: ADB15520CS, Dimensions: 1 in x 6-20 in, Finish / Color: Coastline, Material: PVC, Product Line / Series: Vintage Collection",Timbertech® Adb15520Cs 1X6-20' Coastline Sq Edge - Vintage Azek Pvc Decking,"TIMBERTECH®, 1x6-20' Coastline Sq Edge - Vintage Azek PVC Decking, Part Number: ADB15520CS, Dimensions: 1 in x 6-20 in, Finish / Color: Coastline, Material: PVC, Product Line / Series: Vintage Collection",Dimensions: 1 in x 6-20 in,Finish / Color: Coastline,Material: PVC,Product Line / Series: Vintage Collection,,,Deck Boards & Fascia,Dimensions,1 in x 6-20 in,,Finish / Color,Coastline,,Material,PVC,,Product Line / Series,Vintage Collection,30151508,,1,EA,TIMBERTECH_ADB15520CS.jpg,TIMBERTECH_ADB15520CS_1.jpg,TIMBERTECH_ADB15520CS_2.jpg,TIMBERTECH_ADB15520CS_3.jpg,TIMBERTECH_ADB15520CS_4.jpg,TIMBERTECH_ADB15520CS_Specification_Sheet.pdf,No,Yes
,ADB15516EW,Building Materials,Decking & Railing,Composite & PVC Decking,ADB15516EW,ADB15516EW,1x6-16' English Walnut Sq Edge - Vintage Azek PVC Decking,TIMBERTECH,,Parksite (6151),The AZEK Company,TIMBERTECH®,Vintage Collection®,ADB15516EW,Building Materials > Decking & Railing > Composite & PVC Decking > Deck Boards & Fascia,"The Azek Company Timbertech, 1X6, 16' English Walnut Sq Edge, Vintage Azek Pvc",1X6-16' ENGLISH WALNUT SQ EDGE -,Timbertech® Adb15516Ew 1X6-16' English Walnut Sq Edge - Vintage Azek Pvc Decking,"TIMBERTECH®, 1x6-16' English Walnut Sq Edge - Vintage Azek PVC Decking, Part Number: ADB15516EW, Dimensions: 1 in x 6-16 in, Material: PVC, Product Line / Series: Vintage Collection",Timbertech® Adb15516Ew 1X6-16' English Walnut Sq Edge - Vintage Azek Pvc Decking,"TIMBERTECH®, 1x6-16' English Walnut Sq Edge - Vintage Azek PVC Decking, Part Number: ADB15516EW, Dimensions: 1 in x 6-16 in, Material: PVC, Product Line / Series: Vintage Collection",Dimensions: 1 in x 6-16 in,Material: PVC,Product Line / Series: Vintage Collection,,,,Deck Boards & Fascia,Dimensions,1 in x 6-16 in,,Material,PVC,,Product Line / Series,Vintage Collection,,,,30151508,,1,EA,TIMBERTECH_ADB15516EW.jpg,TIMBERTECH_ADB15516EW_1.jpg,TIMBERTECH_ADB15516EW_2.jpg,TIMBERTECH_ADB15516EW_3.jpg,TIMBERTECH_ADB15516EW_4.jpg,TIMBERTECH_ADB15516EW_Specification_Sheet.pdf,No,Yes
,ADB15520EW,Building Materials,Decking & Railing,Composite & PVC Decking,ADB15520EW,ADB15520EW,1x6-20' English Walnut Sq Edge - Vintage Azek PVC Decking,TIMBERTECH,,Parksite (6151),The AZEK Company,TIMBERTECH®,Vintage Collection®,ADB15520EW,Building Materials > Decking & Railing > Composite & PVC Decking > Deck Boards & Fascia,"The Azek Company Timbertech, 1X6, 20' English Walnut Sq Edge, Vintage Azek Pvc",1X6-20' ENGLISH WALNUT SQ EDGE -,Timbertech® Adb15520Ew 1X6-20' English Walnut Sq Edge - Vintage Azek Pvc Decking,"TIMBERTECH®, 1x6-20' English Walnut Sq Edge - Vintage Azek PVC Decking, Part Number: ADB15520EW, Dimensions: 1 in x 6-20 in, Material: PVC, Product Line / Series: Vintage Collection",Timbertech® Adb15520Ew 1X6-20' English Walnut Sq Edge - Vintage Azek Pvc Decking,"TIMBERTECH®, 1x6-20' English Walnut Sq Edge - Vintage Azek PVC Decking, Part Number: ADB15520EW, Dimensions: 1 in x 6-20 in, Material: PVC, Product Line / Series: Vintage Collection",Dimensions: 1 in x 6-20 in,Material: PVC,Product Line / Series: Vintage Collection,,,,Deck Boards & Fascia,Dimensions,1 in x 6-20 in,,Material,PVC,,Product Line / Series,Vintage Collection,,,,30151508,,1,EA,TIMBERTECH_ADB15520EW.jpg,TIMBERTECH_ADB15520EW_1.jpg,TIMBERTECH_ADB15520EW_2.jpg,TIMBERTECH_ADB15520EW_3.jpg,TIMBERTECH_ADB15520EW_4.jpg,TIMBERTECH_ADB15520EW_Specification_Sheet.pdf,No,Yes
,ADB15516MH,Building Materials,Decking & Railing,Composite & PVC Decking,ADB15516MH,ADB15516MH,1x6-16' Mahogany Sq Edge - Vintage Azek PVC Decking,TIMBERTECH,,Parksite (6151),The AZEK Company,TIMBERTECH®,Vintage Collection®,ADB15516MH,Building Materials > Decking & Railing > Composite & PVC Decking > Deck Boards & Fascia,"The Azek Company Timbertech, 1X6, 16' Mahogany Sq Edge, Vintage Azek Pvc",1X6-16' MAHOGANY SQ EDGE - VINTAGE AZEK,Timbertech® Adb15516Mh 1X6-16' Mahogany Sq Edge - Vintage Azek Pvc Decking,"TIMBERTECH®, 1x6-16' Mahogany Sq Edge - Vintage Azek PVC Decking, Part Number: ADB15516MH, Dimensions: 1 in x 6-16 in, Material: PVC, Product Line / Series: Vintage Collection",Timbertech® Adb15516Mh 1X6-16' Mahogany Sq Edge - Vintage Azek Pvc Decking,"TIMBERTECH®, 1x6-16' Mahogany Sq Edge - Vintage Azek PVC Decking, Part Number: ADB15516MH, Dimensions: 1 in x 6-16 in, Material: PVC, Product Line / Series: Vintage Collection",Dimensions: 1 in x 6-16 in,Material: PVC,Product Line / Series: Vintage Collection,,,,Deck Boards & Fascia,Dimensions,1 in x 6-16 in,,Material,PVC,,Product Line / Series,Vintage Collection,,,,30151508,,1,EA,TIMBERTECH_ADB15516MH.jpg,TIMBERTECH_ADB15516MH_1.jpg,TIMBERTECH_ADB15516MH_2.jpg,TIMBERTECH_ADB15516MH_3.jpg,TIMBERTECH_ADB15516MH_4.jpg,TIMBERTECH_ADB15516MH_Specification_Sheet.pdf,No,Yes
,ADB15520MH,Building Materials,Decking & Railing,Composite & PVC Decking,ADB15520MH,ADB15520MH,1x6-20' Mahogany Sq Edge - Vintage Azek PVC Decking,TIMBERTECH,,Parksite (6151),The AZEK Company,TIMBERTECH®,Vintage Collection®,ADB15520MH,Building Materials > Decking & Railing > Composite & PVC Decking > Deck Boards & Fascia,"The Azek Company Timbertech, 1X6, 20' Mahogany Sq Edge, Vintage Azek Pvc",1X6-20' MAHOGANY SQ EDGE - VINTAGE AZEK,Timbertech® Adb15520Mh 1X6-20' Mahogany Sq Edge - Vintage Azek Pvc Decking,"TIMBERTECH®, 1x6-20' Mahogany Sq Edge - Vintage Azek PVC Decking, Part Number: ADB15520MH, Dimensions: 1 in x 6-20 in, Material: PVC, Product Line / Series: Vintage Collection",Timbertech® Adb15520Mh 1X6-20' Mahogany Sq Edge - Vintage Azek Pvc Decking,"TIMBERTECH®, 1x6-20' Mahogany Sq Edge - Vintage Azek PVC Decking, Part Number: ADB15520MH, Dimensions: 1 in x 6-20 in, Material: PVC, Product Line / Series: Vintage Collection",Dimensions: 1 in x 6-20 in,Material: PVC,Product Line / Series: Vintage Collection,,,,Deck Boards & Fascia,Dimensions,1 in x 6-20 in,,Material,PVC,,Product Line / Series,Vintage Collection,,,,30151508,,1,EA,TIMBERTECH_ADB15520MH.jpg,TIMBERTECH_ADB15520MH_1.jpg,TIMBERTECH_ADB15520MH_2.jpg,TIMBERTECH_ADB15520MH_3.jpg,TIMBERTECH_ADB15520MH_4.jpg,TIMBERTECH_ADB15520MH_Specification_Sheet.pdf,No,Yes
,ADB15516WT,Building Materials,Decking & Railing,Composite & PVC Decking,ADB15516WT,ADB15516WT,1x6-16' Weathered Teak Sq Edge - Vintage Azek PVC Decking,TIMBERTECH,,Parksite (6151),The AZEK Company,TIMBERTECH®,Vintage Collection®,ADB15516WT,Building Materials > Decking & Railing > Composite & PVC Decking > Deck Boards & Fascia,"The Azek Company Timbertech, 1X6, 16' Weathered Teak Sq Edge, Vintage Azek Pvc",1X6-16' WEATHERED TEAK SQ EDGE -,Timbertech® Adb15516Wt 1X6-16' Weathered Teak Sq Edge - Vintage Azek Pvc Decking,"TIMBERTECH®, 1x6-16' Weathered Teak Sq Edge - Vintage Azek PVC Decking, Part Number: ADB15516WT, Dimensions: 1 in x 6-16 in, Material: PVC, Product Line / Series: Vintage Collection",Timbertech® Adb15516Wt 1X6-16' Weathered Teak Sq Edge - Vintage Azek Pvc Decking,"TIMBERTECH®, 1x6-16' Weathered Teak Sq Edge - Vintage Azek PVC Decking, Part Number: ADB15516WT, Dimensions: 1 in x 6-16 in, Material: PVC, Product Line / Series: Vintage Collection",Dimensions: 1 in x 6-16 in,Material: PVC,Product Line / Series: Vintage Collection,,,,Deck Boards & Fascia,Dimensions,1 in x 6-16 in,,Material,PVC,,Product Line / Series,Vintage Collection,,,,30151508,,1,EA,TIMBERTECH_ADB15516WT.jpg,TIMBERTECH_ADB15516WT_1.jpg,TIMBERTECH_ADB15516WT_2.jpg,TIMBERTECH_ADB15516WT_3.jpg,TIMBERTECH_ADB15516WT_4.jpg,TIMBERTECH_ADB15516WT_Specification_Sheet.pdf,No,Yes
,ADB15520WT,Building Materials,Decking & Railing,Composite & PVC Decking,ADB15520WT,ADB15520WT,1x6-20' Weathered Teak Sq Edge - Vintage Azek PVC Decking,TIMBERTECH,,Parksite (6151),The AZEK Company,TIMBERTECH®,Vintage Collection®,ADB15520WT,Building Materials > Decking & Railing > Composite & PVC Decking > Deck Boards & Fascia,"The Azek Company Timbertech, 1X6, 20' Weathered Teak Sq Edge, Vintage Azek Pvc",1X6-20' WEATHERED TEAK SQ EDGE -,Timbertech® Adb15520Wt 1X6-20' Weathered Teak Sq Edge - Vintage Azek Pvc Decking,"TIMBERTECH®, 1x6-20' Weathered Teak Sq Edge - Vintage Azek PVC Decking, Part Number: ADB15520WT, Dimensions: 1 in x 6-20 in, Material: PVC, Product Line / Series: Vintage Collection",Timbertech® Adb15520Wt 1X6-20' Weathered Teak Sq Edge - Vintage Azek Pvc Decking,"TIMBERTECH®, 1x6-20' Weathered Teak Sq Edge - Vintage Azek PVC Decking, Part Number: ADB15520WT, Dimensions: 1 in x 6-20 in, Material: PVC, Product Line / Series: Vintage Collection",Dimensions: 1 in x 6-20 in,Material: PVC,Product Line / Series: Vintage Collection,,,,Deck Boards & Fascia,Dimensions,1 in x 6-20 in,,Material,PVC,,Product Line / Series,Vintage Collection,,,,30151508,,1,EA,TIMBERTECH_ADB15520WT.jpg,TIMBERTECH_ADB15520WT_1.jpg,TIMBERTECH_ADB15520WT_2.jpg,TIMBERTECH_ADB15520WT_3.jpg,TIMBERTECH_ADB15520WT_4.jpg,TIMBERTECH_ADB15520WT_Specification_Sheet.pdf,No,Yes
,AGB15512CS,Building Materials,Decking & Railing,Composite & PVC Decking,AGB15512CS,AGB15512CS,1x6-12' Coastline Grooved - Vintage Azek PVC Decking,TIMBERTECH,,Parksite (6151),The AZEK Company,TIMBERTECH®,Vintage Collection®,AGB15512CS,Building Materials > Decking & Railing > Composite & PVC Decking > Deck Boards & Fascia,"The Azek Company Timbertech, 1X6, 12' Coastline Grooved, Vintage Azek Pvc",1X6-12' COASTLINE GROOVED - VINTAGE,Timbertech® Agb15512Cs 1X6-12' Coastline Grooved - Vintage Azek Pvc Decking,"TIMBERTECH®, 1x6-12' Coastline Grooved - Vintage Azek PVC Decking, Part Number: AGB15512CS, Dimensions: 1 in x 6-12 in, Finish / Color: Coastline, Material: PVC, Product Line / Series: Vintage Collection",Timbertech® Agb15512Cs 1X6-12' Coastline Grooved - Vintage Azek Pvc Decking,"TIMBERTECH®, 1x6-12' Coastline Grooved - Vintage Azek PVC Decking, Part Number: AGB15512CS, Dimensions: 1 in x 6-12 in, Finish / Color: Coastline, Material: PVC, Product Line / Series: Vintage Collection",Dimensions: 1 in x 6-12 in,Finish / Color: Coastline,Material: PVC,Product Line / Series: Vintage Collection,,,Deck Boards & Fascia,Dimensions,1 in x 6-12 in,,Finish / Color,Coastline,,Material,PVC,,Product Line / Series,Vintage Collection,30151508,,1,EA,TIMBERTECH_AGB15512CS.jpg,TIMBERTECH_AGB15512CS_1.jpg,TIMBERTECH_AGB15512CS_2.jpg,TIMBERTECH_AGB15512CS_3.jpg,TIMBERTECH_AGB15512CS_4.jpg,TIMBERTECH_AGB15512CS_Specification_Sheet.pdf,No,Yes
,AGB15516CS,Building Materials,Decking & Railing,Composite & PVC Decking,AGB15516CS,AGB15516CS,1x6-16' Coastline Grooved - Vintage Azek PVC Decking,TIMBERTECH,,Parksite (6151),The AZEK Company,TIMBERTECH®,Vintage Collection®,AGB15516CS,Building Materials > Decking & Railing > Composite & PVC Decking > Deck Boards & Fascia,"The Azek Company Timbertech, 1X6, 16' Coastline Grooved, Vintage Azek Pvc",1X6-16' COASTLINE GROOVED - VINTAGE,Timbertech® Agb15516Cs 1X6-16' Coastline Grooved - Vintage Azek Pvc Decking,"TIMBERTECH®, 1x6-16' Coastline Grooved - Vintage Azek PVC Decking, Part Number: AGB15516CS, Dimensions: 1 in x 6-16 in, Finish / Color: Coastline, Material: PVC, Product Line / Series: Vintage Collection",Timbertech® Agb15516Cs 1X6-16' Coastline Grooved - Vintage Azek Pvc Decking,"TIMBERTECH®, 1x6-16' Coastline Grooved - Vintage Azek PVC Decking, Part Number: AGB15516CS, Dimensions: 1 in x 6-16 in, Finish / Color: Coastline, Material: PVC, Product Line / Series: Vintage Collection",Dimensions: 1 in x 6-16 in,Finish / Color: Coastline,Material: PVC,Product Line / Series: Vintage Collection,,,Deck Boards & Fascia,Dimensions,1 in x 6-16 in,,Finish / Color,Coastline,,Material,PVC,,Product Line / Series,Vintage Collection,30151508,,1,EA,TIMBERTECH_AGB15516CS.jpg,TIMBERTECH_AGB15516CS_1.jpg,TIMBERTECH_AGB15516CS_2.jpg,TIMBERTECH_AGB15516CS_3.jpg,TIMBERTECH_AGB15516CS_4.jpg,TIMBERTECH_AGB15516CS_Specification_Sheet.pdf,No,Yes
,AGB15520CS,Building Materials,Decking & Railing,Composite & PVC Decking,AGB15520CS,AGB15520CS,1x6-20' Coastline Grooved - Vintage Azek PVC Decking,TIMBERTECH,,Parksite (6151),The AZEK Company,TIMBERTECH®,Vintage Collection®,AGB15520CS,Building Materials > Decking & Railing > Composite & PVC Decking > Deck Boards & Fascia,"The Azek Company Timbertech, 1X6, 20' Coastline Grooved, Vintage Azek Pvc",1X6-20' COASTLINE GROOVED - VINTAGE,Timbertech® Agb15520Cs 1X6-20' Coastline Grooved - Vintage Azek Pvc Decking,"TIMBERTECH®, 1x6-20' Coastline Grooved - Vintage Azek PVC Decking, Part Number: AGB15520CS, Dimensions: 1 in x 6-20 in, Finish / Color: Coastline, Material: PVC, Product Line / Series: Vintage Collection",Timbertech® Agb15520Cs 1X6-20' Coastline Grooved - Vintage Azek Pvc Decking,"TIMBERTECH®, 1x6-20' Coastline Grooved - Vintage Azek PVC Decking, Part Number: AGB15520CS, Dimensions: 1 in x 6-20 in, Finish / Color: Coastline, Material: PVC, Product Line / Series: Vintage Collection",Dimensions: 1 in x 6-20 in,Finish / Color: Coastline,Material: PVC,Product Line / Series: Vintage Collection,,,Deck Boards & Fascia,Dimensions,1 in x 6-20 in,,Finish / Color,Coastline,,Material,PVC,,Product Line / Series,Vintage Collection,30151508,,1,EA,TIMBERTECH_AGB15520CS.jpg,TIMBERTECH_AGB15520CS_1.jpg,TIMBERTECH_AGB15520CS_2.jpg,TIMBERTECH_AGB15520CS_3.jpg,TIMBERTECH_AGB15520CS_4.jpg,TIMBERTECH_AGB15520CS_Specification_Sheet.pdf,No,Yes
,AGB15512EW,Building Materials,Decking & Railing,Composite & PVC Decking,AGB15512EW,AGB15512EW,1x6-12' English Walnut Grooved - Vintage Azek PVC Decking,TIMBERTECH,,Parksite (6151),The AZEK Company,TIMBERTECH®,Vintage Collection®,AGB15512EW,Building Materials > Decking & Railing > Composite & PVC Decking > Deck Boards & Fascia,"The Azek Company Timbertech, 1X6, 12' English Walnut Grooved, Vintage Azek Pvc",1X6-12' ENGLISH WALNUT GROOVED -,Timbertech® Agb15512Ew 1X6-12' English Walnut Grooved - Vintage Azek Pvc Decking,"TIMBERTECH®, 1x6-12' English Walnut Grooved - Vintage Azek PVC Decking, Part Number: AGB15512EW, Dimensions: 1 in x 6-12 in, Material: PVC, Product Line / Series: Vintage Collection",Timbertech® Agb15512Ew 1X6-12' English Walnut Grooved - Vintage Azek Pvc Decking,"TIMBERTECH®, 1x6-12' English Walnut Grooved - Vintage Azek PVC Decking, Part Number: AGB15512EW, Dimensions: 1 in x 6-12 in, Material: PVC, Product Line / Series: Vintage Collection",Dimensions: 1 in x 6-12 in,Material: PVC,Product Line / Series: Vintage Collection,,,,Deck Boards & Fascia,Dimensions,1 in x 6-12 in,,Material,PVC,,Product Line / Series,Vintage Collection,,,,30151508,,1,EA,TIMBERTECH_AGB15512EW.jpg,TIMBERTECH_AGB15512EW_1.jpg,TIMBERTECH_AGB15512EW_2.jpg,TIMBERTECH_AGB15512EW_3.jpg,TIMBERTECH_AGB15512EW_4.jpg,TIMBERTECH_AGB15512EW_Specification_Sheet.pdf,No,Yes
,AGB15516EW,Building Materials,Decking & Railing,Composite & PVC Decking,AGB15516EW,AGB15516EW,1x6-16' English Walnut Grooved - Vintage Azek PVC Decking,TIMBERTECH,,Parksite (6151),The AZEK Company,TIMBERTECH®,Vintage Collection®,AGB15516EW,Building Materials > Decking & Railing > Composite & PVC Decking > Deck Boards & Fascia,"The Azek Company Timbertech, 1X6, 16' English Walnut Grooved, Vintage Azek Pvc",1X6-16' ENGLISH WALNUT GROOVED -,Timbertech® Agb15516Ew 1X6-16' English Walnut Grooved - Vintage Azek Pvc Decking,"TIMBERTECH®, 1x6-16' English Walnut Grooved - Vintage Azek PVC Decking, Part Number: AGB15516EW, Dimensions: 1 in x 6-16 in, Material: PVC, Product Line / Series: Vintage Collection",Timbertech® Agb15516Ew 1X6-16' English Walnut Grooved - Vintage Azek Pvc Decking,"TIMBERTECH®, 1x6-16' English Walnut Grooved - Vintage Azek PVC Decking, Part Number: AGB15516EW, Dimensions: 1 in x 6-16 in, Material: PVC, Product Line / Series: Vintage Collection",Dimensions: 1 in x 6-16 in,Material: PVC,Product Line / Series: Vintage Collection,,,,Deck Boards & Fascia,Dimensions,1 in x 6-16 in,,Material,PVC,,Product Line / Series,Vintage Collection,,,,30151508,,1,EA,TIMBERTECH_AGB15516EW.jpg,TIMBERTECH_AGB15516EW_1.jpg,TIMBERTECH_AGB15516EW_2.jpg,TIMBERTECH_AGB15516EW_3.jpg,TIMBERTECH_AGB15516EW_4.jpg,TIMBERTECH_AGB15516EW_Specification_Sheet.pdf,No,Yes
,AGB15520EW,Building Materials,Decking & Railing,Composite & PVC Decking,AGB15520EW,AGB15520EW,1x6-20' English Walnut Grooved - Vintage Azek PVC Decking,TIMBERTECH,,Parksite (6151),The AZEK Company,TIMBERTECH®,Vintage Collection®,AGB15520EW,Building Materials > Decking & Railing > Composite & PVC Decking > Deck Boards & Fascia,"The Azek Company Timbertech, 1X6, 20' English Walnut Grooved, Vintage Azek Pvc",1X6-20' ENGLISH WALNUT GROOVED -,Timbertech® Agb15520Ew 1X6-20' English Walnut Grooved - Vintage Azek Pvc Decking,"TIMBERTECH®, 1x6-20' English Walnut Grooved - Vintage Azek PVC Decking, Part Number: AGB15520EW, Dimensions: 1 in x 6-20 in, Material: PVC, Product Line / Series: Vintage Collection",Timbertech® Agb15520Ew 1X6-20' English Walnut Grooved - Vintage Azek Pvc Decking,"TIMBERTECH®, 1x6-20' English Walnut Grooved - Vintage Azek PVC Decking, Part Number: AGB15520EW, Dimensions: 1 in x 6-20 in, Material: PVC, Product Line / Series: Vintage Collection",Dimensions: 1 in x 6-20 in,Material: PVC,Product Line / Series: Vintage Collection,,,,Deck Boards & Fascia,Dimensions,1 in x 6-20 in,,Material,PVC,,Product Line / Series,Vintage Collection,,,,30151508,,1,EA,TIMBERTECH_AGB15520EW.jpg,TIMBERTECH_AGB15520EW_1.jpg,TIMBERTECH_AGB15520EW_2.jpg,TIMBERTECH_AGB15520EW_3.jpg,TIMBERTECH_AGB15520EW_4.jpg,TIMBERTECH_AGB15520EW_Specification_Sheet.pdf,No,Yes
,AGB15512MH,Building Materials,Decking & Railing,Composite & PVC Decking,AGB15512MH,AGB15512MH,1x6-12' Mahogany Grooved - Vintage Azek PVC Decking,TIMBERTECH,,Parksite (6151),The AZEK Company,TIMBERTECH®,Vintage Collection®,AGB15512MH,Building Materials > Decking & Railing > Composite & PVC Decking > Deck Boards & Fascia,"The Azek Company Timbertech, 1X6, 12' Mahogany Grooved, Vintage Azek Pvc",1X6-12' MAHOGANY GROOVED - VINTAGE AZEK,Timbertech® Agb15512Mh 1X6-12' Mahogany Grooved - Vintage Azek Pvc Decking,"TIMBERTECH®, 1x6-12' Mahogany Grooved - Vintage Azek PVC Decking, Part Number: AGB15512MH, Dimensions: 1 in x 6-12 in, Material: PVC, Product Line / Series: Vintage Collection",Timbertech® Agb15512Mh 1X6-12' Mahogany Grooved - Vintage Azek Pvc Decking,"TIMBERTECH®, 1x6-12' Mahogany Grooved - Vintage Azek PVC Decking, Part Number: AGB15512MH, Dimensions: 1 in x 6-12 in, Material: PVC, Product Line / Series: Vintage Collection",Dimensions: 1 in x 6-12 in,Material: PVC,Product Line / Series: Vintage Collection,,,,Deck Boards & Fascia,Dimensions,1 in x 6-12 in,,Material,PVC,,Product Line / Series,Vintage Collection,,,,30151508,,1,EA,TIMBERTECH_AGB15512MH.jpg,TIMBERTECH_AGB15512MH_1.jpg,TIMBERTECH_AGB15512MH_2.jpg,TIMBERTECH_AGB15512MH_3.jpg,TIMBERTECH_AGB15512MH_4.jpg,TIMBERTECH_AGB15512MH_Specification_Sheet.pdf,No,Yes
,AGB15516MH,Building Materials,Decking & Railing,Composite & PVC Decking,AGB15516MH,AGB15516MH,1x6-16' Mahogany Grooved - Vintage Azek PVC Decking,TIMBERTECH,,Parksite (6151),The AZEK Company,TIMBERTECH®,Vintage Collection®,AGB15516MH,Building Materials > Decking & Railing > Composite & PVC Decking > Deck Boards & Fascia,"The Azek Company Timbertech, 1X6, 16' Mahogany Grooved, Vintage Azek Pvc",1X6-16' MAHOGANY GROOVED - VINTAGE AZEK,Timbertech® Agb15516Mh 1X6-16' Mahogany Grooved - Vintage Azek Pvc Decking,"TIMBERTECH®, 1x6-16' Mahogany Grooved - Vintage Azek PVC Decking, Part Number: AGB15516MH, Dimensions: 1 in x 6-16 in, Material: PVC, Product Line / Series: Vintage Collection",Timbertech® Agb15516Mh 1X6-16' Mahogany Grooved - Vintage Azek Pvc Decking,"TIMBERTECH®, 1x6-16' Mahogany Grooved - Vintage Azek PVC Decking, Part Number: AGB15516MH, Dimensions: 1 in x 6-16 in, Material: PVC, Product Line / Series: Vintage Collection",Dimensions: 1 in x 6-16 in,Material: PVC,Product Line / Series: Vintage Collection,,,,Deck Boards & Fascia,Dimensions,1 in x 6-16 in,,Material,PVC,,Product Line / Series,Vintage Collection,,,,30151508,,1,EA,TIMBERTECH_AGB15516MH.jpg,TIMBERTECH_AGB15516MH_1.jpg,TIMBERTECH_AGB15516MH_2.jpg,TIMBERTECH_AGB15516MH_3.jpg,TIMBERTECH_AGB15516MH_4.jpg,TIMBERTECH_AGB15516MH_Specification_Sheet.pdf,No,Yes
,AGB15520MH,Building Materials,Decking & Railing,Composite & PVC Decking,AGB15520MH,AGB15520MH,1x6-20' Mahogany Grooved - Vintage Azek PVC Decking,TIMBERTECH,,Parksite (6151),The AZEK Company,TIMBERTECH®,Vintage Collection®,AGB15520MH,Building Materials > Decking & Railing > Composite & PVC Decking > Deck Boards & Fascia,"The Azek Company Timbertech, 1X6, 20' Mahogany Grooved, Vintage Azek Pvc",1X6-20' MAHOGANY GROOVED - VINTAGE AZEK,Timbertech® Agb15520Mh 1X6-20' Mahogany Grooved - Vintage Azek Pvc Decking,"TIMBERTECH®, 1x6-20' Mahogany Grooved - Vintage Azek PVC Decking, Part Number: AGB15520MH, Dimensions: 1 in x 6-20 in, Material: PVC, Product Line / Series: Vintage Collection",Timbertech® Agb15520Mh 1X6-20' Mahogany Grooved - Vintage Azek Pvc Decking,"TIMBERTECH®, 1x6-20' Mahogany Grooved - Vintage Azek PVC Decking, Part Number: AGB15520MH, Dimensions: 1 in x 6-20 in, Material: PVC, Product Line / Series: Vintage Collection",Dimensions: 1 in x 6-20 in,Material: PVC,Product Line / Series: Vintage Collection,,,,Deck Boards & Fascia,Dimensions,1 in x 6-20 in,,Material,PVC,,Product Line / Series,Vintage Collection,,,,30151508,,1,EA,TIMBERTECH_AGB15520MH.jpg,TIMBERTECH_AGB15520MH_1.jpg,TIMBERTECH_AGB15520MH_2.jpg,TIMBERTECH_AGB15520MH_3.jpg,TIMBERTECH_AGB15520MH_4.jpg,TIMBERTECH_AGB15520MH_Specification_Sheet.pdf,No,Yes
,AGB15512WT,Building Materials,Decking & Railing,Composite & PVC Decking,AGB15512WT,AGB15512WT,1x6-12' Weathered Teak Grooved - Vintage Azek PVC Decking,TIMBERTECH,,Parksite (6151),The AZEK Company,TIMBERTECH®,Vintage Collection®,AGB15512WT,Building Materials > Decking & Railing > Composite & PVC Decking > Deck Boards & Fascia,"The Azek Company Timbertech, 1X6, 12' Weathered Teak Grooved, Vintage Azek Pvc",1X6-12' WEATHERED TEAK GROOVED -,Timbertech® Agb15512Wt 1X6-12' Weathered Teak Grooved - Vintage Azek Pvc Decking,"TIMBERTECH®, 1x6-12' Weathered Teak Grooved - Vintage Azek PVC Decking, Part Number: AGB15512WT, Dimensions: 1 in x 6-12 in, Material: PVC, Product Line / Series: Vintage Collection",Timbertech® Agb15512Wt 1X6-12' Weathered Teak Grooved - Vintage Azek Pvc Decking,"TIMBERTECH®, 1x6-12' Weathered Teak Grooved - Vintage Azek PVC Decking, Part Number: AGB15512WT, Dimensions: 1 in x 6-12 in, Material: PVC, Product Line / Series: Vintage Collection",Dimensions: 1 in x 6-12 in,Material: PVC,Product Line / Series: Vintage Collection,,,,Deck Boards & Fascia,Dimensions,1 in x 6-12 in,,Material,PVC,,Product Line / Series,Vintage Collection,,,,30151508,,1,EA,TIMBERTECH_AGB15512WT.jpg,TIMBERTECH_AGB15512WT_1.jpg,TIMBERTECH_AGB15512WT_2.jpg,TIMBERTECH_AGB15512WT_3.jpg,TIMBERTECH_AGB15512WT_4.jpg,TIMBERTECH_AGB15512WT_Specification_Sheet.pdf,No,Yes
,AGB15516WT,Building Materials,Decking & Railing,Composite & PVC Decking,AGB15516WT,AGB15516WT,1x6-16' Weathered Teak Grooved - Vintage Azek PVC Decking,TIMBERTECH,,Parksite (6151),The AZEK Company,TIMBERTECH®,Vintage Collection®,AGB15516WT,Building Materials > Decking & Railing > Composite & PVC Decking > Deck Boards & Fascia,"The Azek Company Timbertech, 1X6, 16' Weathered Teak Grooved, Vintage Azek Pvc",1X6-16' WEATHERED TEAK GROOVED -,Timbertech® Agb15516Wt 1X6-16' Weathered Teak Grooved - Vintage Azek Pvc Decking,"TIMBERTECH®, 1x6-16' Weathered Teak Grooved - Vintage Azek PVC Decking, Part Number: AGB15516WT, Dimensions: 1 in x 6-16 in, Material: PVC, Product Line / Series: Vintage Collection",Timbertech® Agb15516Wt 1X6-16' Weathered Teak Grooved - Vintage Azek Pvc Decking,"TIMBERTECH®, 1x6-16' Weathered Teak Grooved - Vintage Azek PVC Decking, Part Number: AGB15516WT, Dimensions: 1 in x 6-16 in, Material: PVC, Product Line / Series: Vintage Collection",Dimensions: 1 in x 6-16 in,Material: PVC,Product Line / Series: Vintage Collection,,,,Deck Boards & Fascia,Dimensions,1 in x 6-16 in,,Material,PVC,,Product Line / Series,Vintage Collection,,,,30151508,,1,EA,TIMBERTECH_AGB15516WT.jpg,TIMBERTECH_AGB15516WT_1.jpg,TIMBERTECH_AGB15516WT_2.jpg,TIMBERTECH_AGB15516WT_3.jpg,TIMBERTECH_AGB15516WT_4.jpg,TIMBERTECH_AGB15516WT_Specification_Sheet.pdf,No,Yes
,AGB15520WT,Building Materials,Decking & Railing,Composite & PVC Decking,AGB15520WT,AGB15520WT,1x6-20' Weathered Teak Grooved - Vintage Azek PVC Decking,TIMBERTECH,,Parksite (6151),The AZEK Company,TIMBERTECH®,Vintage Collection®,AGB15520WT,Building Materials > Decking & Railing > Composite & PVC Decking > Deck Boards & Fascia,"The Azek Company Timbertech, 1X6, 20' Weathered Teak Grooved, Vintage Azek Pvc",1X6-20' WEATHERED TEAK GROOVED -,Timbertech® Agb15520Wt 1X6-20' Weathered Teak Grooved - Vintage Azek Pvc Decking,"TIMBERTECH®, 1x6-20' Weathered Teak Grooved - Vintage Azek PVC Decking, Part Number: AGB15520WT, Dimensions: 1 in x 6-20 in, Material: PVC, Product Line / Series: Vintage Collection",Timbertech® Agb15520Wt 1X6-20' Weathered Teak Grooved - Vintage Azek Pvc Decking,"TIMBERTECH®, 1x6-20' Weathered Teak Grooved - Vintage Azek PVC Decking, Part Number: AGB15520WT, Dimensions: 1 in x 6-20 in, Material: PVC, Product Line / Series: Vintage Collection",Dimensions: 1 in x 6-20 in,Material: PVC,Product Line / Series: Vintage Collection,,,,Deck Boards & Fascia,Dimensions,1 in x 6-20 in,,Material,PVC,,Product Line / Series,Vintage Collection,,,,30151508,,1,EA,TIMBERTECH_AGB15520WT.jpg,TIMBERTECH_AGB15520WT_1.jpg,TIMBERTECH_AGB15520WT_2.jpg,TIMBERTECH_AGB15520WT_3.jpg,TIMBERTECH_AGB15520WT_4.jpg,TIMBERTECH_AGB15520WT_Specification_Sheet.pdf,No,Yes
,ADB15516AW,Building Materials,Decking & Railing,Composite & PVC Decking,ADB15516AW,ADB15516AW,1x6-16' American Walnut Sq Edg - Landmark Azek PVC Decking,TIMBERTECH,,Parksite (6151),The AZEK Company,TIMBERTECH®,Vintage Collection®,ADB15516AW,Building Materials > Decking & Railing > Composite & PVC Decking > Deck Boards & Fascia,"The Azek Company Timbertech, 1X6, 16' American Walnut Sq Edg, Landmark Azek Pvc",1X6-16' AMERICAN WALNUT SQ EDG -,Timbertech® Adb15516Aw 1X6-16' American Walnut Sq Edg - Landmark Azek Pvc Decking,"TIMBERTECH®, 1x6-16' American Walnut Sq Edg - Landmark Azek PVC Decking, Part Number: ADB15516AW, Dimensions: 1 in x 6-16 in, Material: PVC, Product Line / Series: Landmark Collection",Timbertech® Adb15516Aw 1X6-16' American Walnut Sq Edg - Landmark Azek Pvc Decking,"TIMBERTECH®, 1x6-16' American Walnut Sq Edg - Landmark Azek PVC Decking, Part Number: ADB15516AW, Dimensions: 1 in x 6-16 in, Material: PVC, Product Line / Series: Landmark Collection",Dimensions: 1 in x 6-16 in,Material: PVC,Product Line / Series: Landmark Collection,,,,Deck Boards & Fascia,Dimensions,1 in x 6-16 in,,Material,PVC,,Product Line / Series,Landmark Collection,,,,30151508,,1,EA,TIMBERTECH_ADB15516AW.jpg,TIMBERTECH_ADB15516AW_1.jpg,TIMBERTECH_ADB15516AW_2.jpg,TIMBERTECH_ADB15516AW_3.jpg,TIMBERTECH_ADB15516AW_4.jpg,TIMBERTECH_ADB15516AW_Specification_Sheet.pdf,No,Yes
,ADB15520AW,Building Materials,Decking & Railing,Composite & PVC Decking,ADB15520AW,ADB15520AW,1x6-20' American Walnut Sq Edg - Landmark Azek PVC Decking,TIMBERTECH,,Parksite (6151),The AZEK Company,TIMBERTECH®,Vintage Collection®,ADB15520AW,Building Materials > Decking & Railing > Composite & PVC Decking > Deck Boards & Fascia,"The Azek Company Timbertech, 1X6, 20' American Walnut Sq Edg, Landmark Azek Pvc",1X6-20' AMERICAN WALNUT SQ EDG -,Timbertech® Adb15520Aw 1X6-20' American Walnut Sq Edg - Landmark Azek Pvc Decking,"TIMBERTECH®, 1x6-20' American Walnut Sq Edg - Landmark Azek PVC Decking, Part Number: ADB15520AW, Dimensions: 1 in x 6-20 in, Material: PVC, Product Line / Series: Landmark Collection",Timbertech® Adb15520Aw 1X6-20' American Walnut Sq Edg - Landmark Azek Pvc Decking,"TIMBERTECH®, 1x6-20' American Walnut Sq Edg - Landmark Azek PVC Decking, Part Number: ADB15520AW, Dimensions: 1 in x 6-20 in, Material: PVC, Product Line / Series: Landmark Collection",Dimensions: 1 in x 6-20 in,Material: PVC,Product Line / Series: Landmark Collection,,,,Deck Boards & Fascia,Dimensions,1 in x 6-20 in,,Material,PVC,,Product Line / Series,Landmark Collection,,,,30151508,,1,EA,TIMBERTECH_ADB15520AW.jpg,TIMBERTECH_ADB15520AW_1.jpg,TIMBERTECH_ADB15520AW_2.jpg,TIMBERTECH_ADB15520AW_3.jpg,TIMBERTECH_ADB15520AW_4.jpg,TIMBERTECH_ADB15520AW_Specification_Sheet.pdf,No,Yes
,ADB15516CG,Building Materials,Decking & Railing,Composite & PVC Decking,ADB15516CG,ADB15516CG,1x6-16' Castle Gate Sq Edge - Landmark Azek PVC Decking,TIMBERTECH,,Parksite (6151),The AZEK Company,TIMBERTECH®,Vintage Collection®,ADB15516CG,Building Materials > Decking & Railing > Composite & PVC Decking > Deck Boards & Fascia,"The Azek Company Timbertech, 1X6, 16' Castle Gate Sq Edge, Landmark Azek Pvc",1X6-16' CASTLE GATE SQ EDGE - LANDMARK,Timbertech® Adb15516Cg 1X6-16' Castle Gate Sq Edge - Landmark Azek Pvc Decking,"TIMBERTECH®, 1x6-16' Castle Gate Sq Edge - Landmark Azek PVC Decking, Part Number: ADB15516CG, Dimensions: 1 in x 6-16 in, Material: PVC, Product Line / Series: Landmark Collection",Timbertech® Adb15516Cg 1X6-16' Castle Gate Sq Edge - Landmark Azek Pvc Decking,"TIMBERTECH®, 1x6-16' Castle Gate Sq Edge - Landmark Azek PVC Decking, Part Number: ADB15516CG, Dimensions: 1 in x 6-16 in, Material: PVC, Product Line / Series: Landmark Collection",Dimensions: 1 in x 6-16 in,Material: PVC,Product Line / Series: Landmark Collection,,,,Deck Boards & Fascia,Dimensions,1 in x 6-16 in,,Material,PVC,,Product Line / Series,Landmark Collection,,,,30151508,,1,EA,TIMBERTECH_ADB15516CG.jpg,TIMBERTECH_ADB15516CG_1.jpg,TIMBERTECH_ADB15516CG_2.jpg,TIMBERTECH_ADB15516CG_3.jpg,TIMBERTECH_ADB15516CG_4.jpg,TIMBERTECH_ADB15516CG_Specification_Sheet.pdf,No,Yes
,ADB15520CG,Building Materials,Decking & Railing,Composite & PVC Decking,ADB15520CG,ADB15520CG,1x6-20' Castle Gate Sq Edge - Landmark Azek PVC Decking,TIMBERTECH,,Parksite (6151),The AZEK Company,TIMBERTECH®,Vintage Collection®,ADB15520CG,Building Materials > Decking & Railing > Composite & PVC Decking > Deck Boards & Fascia,"The Azek Company Timbertech, 1X6, 20' Castle Gate Sq Edge, Landmark Azek Pvc",1X6-20' CASTLE GATE SQ EDGE - LANDMARK,Timbertech® Adb15520Cg 1X6-20' Castle Gate Sq Edge - Landmark Azek Pvc Decking,"TIMBERTECH®, 1x6-20' Castle Gate Sq Edge - Landmark Azek PVC Decking, Part Number: ADB15520CG, Dimensions: 1 in x 6-20 in, Material: PVC, Product Line / Series: Landmark Collection",Timbertech® Adb15520Cg 1X6-20' Castle Gate Sq Edge - Landmark Azek Pvc Decking,"TIMBERTECH®, 1x6-20' Castle Gate Sq Edge - Landmark Azek PVC Decking, Part Number: ADB15520CG, Dimensions: 1 in x 6-20 in, Material: PVC, Product Line / Series: Landmark Collection",Dimensions: 1 in x 6-20 in,Material: PVC,Product Line / Series: Landmark Collection,,,,Deck Boards & Fascia,Dimensions,1 in x 6-20 in,,Material,PVC,,Product Line / Series,Landmark Collection,,,,30151508,,1,EA,TIMBERTECH_ADB15520CG.jpg,TIMBERTECH_ADB15520CG_1.jpg,TIMBERTECH_ADB15520CG_2.jpg,TIMBERTECH_ADB15520CG_3.jpg,TIMBERTECH_ADB15520CG_4.jpg,TIMBERTECH_ADB15520CG_Specification_Sheet.pdf,No,Yes
,ADB15516FW,Building Materials,Decking & Railing,Composite & PVC Decking,ADB15516FW,ADB15516FW,1x6-16' French White Oak Sq Ed - Landmark Azek PVC Decking,TIMBERTECH,,Parksite (6151),The AZEK Company,TIMBERTECH®,Vintage Collection®,ADB15516FW,Building Materials > Decking & Railing > Composite & PVC Decking > Deck Boards & Fascia,"The Azek Company Timbertech, 1X6, 16' French White Oak Sq Ed, Landmark Azek Pvc",1X6-16' FRENCH WHITE OAK SQ ED -,Timbertech® Adb15516Fw 1X6-16' French White Oak Sq Ed - Landmark Azek Pvc Decking,"TIMBERTECH®, 1x6-16' French White Oak Sq Ed - Landmark Azek PVC Decking, Part Number: ADB15516FW, Dimensions: 1 in x 6-16 in, Finish / Color: White, Material: PVC, Product Line / Series: Landmark Collection",Timbertech® Adb15516Fw 1X6-16' French White Oak Sq Ed - Landmark Azek Pvc Decking,"TIMBERTECH®, 1x6-16' French White Oak Sq Ed - Landmark Azek PVC Decking, Part Number: ADB15516FW, Dimensions: 1 in x 6-16 in, Finish / Color: White, Material: PVC, Product Line / Series: Landmark Collection",Dimensions: 1 in x 6-16 in,Finish / Color: White,Material: PVC,Product Line / Series: Landmark Collection,,,Deck Boards & Fascia,Dimensions,1 in x 6-16 in,,Finish / Color,White,,Material,PVC,,Product Line / Series,Landmark Collection,30151508,,1,EA,TIMBERTECH_ADB15516FW.jpg,TIMBERTECH_ADB15516FW_1.jpg,TIMBERTECH_ADB15516FW_2.jpg,TIMBERTECH_ADB15516FW_3.jpg,TIMBERTECH_ADB15516FW_4.jpg,TIMBERTECH_ADB15516FW_Specification_Sheet.pdf,No,Yes
,ADB15520FW,Building Materials,Decking & Railing,Composite & PVC Decking,ADB15520FW,ADB15520FW,1x6-20' French White Oak Sq Ed - Landmark Azek PVC Decking,TIMBERTECH,,Parksite (6151),The AZEK Company,TIMBERTECH®,Vintage Collection®,ADB15520FW,Building Materials > Decking & Railing > Composite & PVC Decking > Deck Boards & Fascia,"The Azek Company Timbertech, 1X6, 20' French White Oak Sq Ed, Landmark Azek Pvc",1X6-20' FRENCH WHITE OAK SQ ED -,Timbertech® Adb15520Fw 1X6-20' French White Oak Sq Ed - Landmark Azek Pvc Decking,"TIMBERTECH®, 1x6-20' French White Oak Sq Ed - Landmark Azek PVC Decking, Part Number: ADB15520FW, Dimensions: 1 in x 6-20 in, Finish / Color: White, Material: PVC, Product Line / Series: Landmark Collection",Timbertech® Adb15520Fw 1X6-20' French White Oak Sq Ed - Landmark Azek Pvc Decking,"TIMBERTECH®, 1x6-20' French White Oak Sq Ed - Landmark Azek PVC Decking, Part Number: ADB15520FW, Dimensions: 1 in x 6-20 in, Finish / Color: White, Material: PVC, Product Line / Series: Landmark Collection",Dimensions: 1 in x 6-20 in,Finish / Color: White,Material: PVC,Product Line / Series: Landmark Collection,,,Deck Boards & Fascia,Dimensions,1 in x 6-20 in,,Finish / Color,White,,Material,PVC,,Product Line / Series,Landmark Collection,30151508,,1,EA,TIMBERTECH_ADB15520FW.jpg,TIMBERTECH_ADB15520FW_1.jpg,TIMBERTECH_ADB15520FW_2.jpg,TIMBERTECH_ADB15520FW_3.jpg,TIMBERTECH_ADB15520FW_4.jpg,TIMBERTECH_ADB15520FW_Specification_Sheet.pdf,No,Yes
,AGB15512AW,Building Materials,Decking & Railing,Composite & PVC Decking,AGB15512AW,AGB15512AW,1x6-12' American Walnut Groove - Landmark Azek PVC Decking,TIMBERTECH,,Parksite (6151),The AZEK Company,TIMBERTECH®,Vintage Collection®,AGB15512AW,Building Materials > Decking & Railing > Composite & PVC Decking > Deck Boards & Fascia,"The Azek Company Timbertech, 1X6, 12' American Walnut Groove, Landmark Azek Pvc",1X6-12' AMERICAN WALNUT GROOVE -,Timbertech® Agb15512Aw 1X6-12' American Walnut Groove - Landmark Azek Pvc Decking,"TIMBERTECH®, 1x6-12' American Walnut Groove - Landmark Azek PVC Decking, Part Number: AGB15512AW, Dimensions: 1 in x 6-12 in, Material: PVC, Product Line / Series: Landmark Collection",Timbertech® Agb15512Aw 1X6-12' American Walnut Groove - Landmark Azek Pvc Decking,"TIMBERTECH®, 1x6-12' American Walnut Groove - Landmark Azek PVC Decking, Part Number: AGB15512AW, Dimensions: 1 in x 6-12 in, Material: PVC, Product Line / Series: Landmark Collection",Dimensions: 1 in x 6-12 in,Material: PVC,Product Line / Series: Landmark Collection,,,,Deck Boards & Fascia,Dimensions,1 in x 6-12 in,,Material,PVC,,Product Line / Series,Landmark Collection,,,,30151508,,1,EA,TIMBERTECH_AGB15512AW.jpg,TIMBERTECH_AGB15512AW_1.jpg,TIMBERTECH_AGB15512AW_2.jpg,TIMBERTECH_AGB15512AW_3.jpg,TIMBERTECH_AGB15512AW_4.jpg,TIMBERTECH_AGB15512AW_Specification_Sheet.pdf,No,Yes
,AGB15516AW,Building Materials,Decking & Railing,Composite & PVC Decking,AGB15516AW,AGB15516AW,1x6-16' American Walnut Groove - Landmark Azek PVC Decking,TIMBERTECH,,Parksite (6151),The AZEK Company,TIMBERTECH®,Vintage Collection®,AGB15516AW,Building Materials > Decking & Railing > Composite & PVC Decking > Deck Boards & Fascia,"The Azek Company Timbertech, 1X6, 16' American Walnut Groove, Landmark Azek Pvc",1X6-16' AMERICAN WALNUT GROOVE -,Timbertech® Agb15516Aw 1X6-16' American Walnut Groove - Landmark Azek Pvc Decking,"TIMBERTECH®, 1x6-16' American Walnut Groove - Landmark Azek PVC Decking, Part Number: AGB15516AW, Dimensions: 1 in x 6-16 in, Material: PVC, Product Line / Series: Landmark Collection",Timbertech® Agb15516Aw 1X6-16' American Walnut Groove - Landmark Azek Pvc Decking,"TIMBERTECH®, 1x6-16' American Walnut Groove - Landmark Azek PVC Decking, Part Number: AGB15516AW, Dimensions: 1 in x 6-16 in, Material: PVC, Product Line / Series: Landmark Collection",Dimensions: 1 in x 6-16 in,Material: PVC,Product Line / Series: Landmark Collection,,,,Deck Boards & Fascia,Dimensions,1 in x 6-16 in,,Material,PVC,,Product Line / Series,Landmark Collection,,,,30151508,,1,EA,TIMBERTECH_AGB15516AW.jpg,TIMBERTECH_AGB15516AW_1.jpg,TIMBERTECH_AGB15516AW_2.jpg,TIMBERTECH_AGB15516AW_3.jpg,TIMBERTECH_AGB15516AW_4.jpg,TIMBERTECH_AGB15516AW_Specification_Sheet.pdf,No,Yes
,AGB15520AW,Building Materials,Decking & Railing,Composite & PVC Decking,AGB15520AW,AGB15520AW,1x6-20' American Walnut Groove - Landmark Azek PVC Decking,TIMBERTECH,,Parksite (6151),The AZEK Company,TIMBERTECH®,Vintage Collection®,AGB15520AW,Building Materials > Decking & Railing > Composite & PVC Decking > Deck Boards & Fascia,"The Azek Company Timbertech, 1X6, 20' American Walnut Groove, Landmark Azek Pvc",1X6-20' AMERICAN WALNUT GROOVE -,Timbertech® Agb15520Aw 1X6-20' American Walnut Groove - Landmark Azek Pvc Decking,"TIMBERTECH®, 1x6-20' American Walnut Groove - Landmark Azek PVC Decking, Part Number: AGB15520AW, Dimensions: 1 in x 6-20 in, Material: PVC, Product Line / Series: Landmark Collection",Timbertech® Agb15520Aw 1X6-20' American Walnut Groove - Landmark Azek Pvc Decking,"TIMBERTECH®, 1x6-20' American Walnut Groove - Landmark Azek PVC Decking, Part Number: AGB15520AW, Dimensions: 1 in x 6-20 in, Material: PVC, Product Line / Series: Landmark Collection",Dimensions: 1 in x 6-20 in,Material: PVC,Product Line / Series: Landmark Collection,,,,Deck Boards & Fascia,Dimensions,1 in x 6-20 in,,Material,PVC,,Product Line / Series,Landmark Collection,,,,30151508,,1,EA,TIMBERTECH_AGB15520AW.jpg,TIMBERTECH_AGB15520AW_1.jpg,TIMBERTECH_AGB15520AW_2.jpg,TIMBERTECH_AGB15520AW_3.jpg,TIMBERTECH_AGB15520AW_4.jpg,TIMBERTECH_AGB15520AW_Specification_Sheet.pdf,No,Yes
,AGB15512CG,Building Materials,Decking & Railing,Composite & PVC Decking,AGB15512CG,AGB15512CG,1x6-12' Castle Gate Grooved - Landmark Azek PVC Decking,TIMBERTECH,,Parksite (6151),The AZEK Company,TIMBERTECH®,Vintage Collection®,AGB15512CG,Building Materials > Decking & Railing > Composite & PVC Decking > Deck Boards & Fascia,"The Azek Company Timbertech, 1X6, 12' Castle Gate Grooved, Landmark Azek Pvc",1X6-12' CASTLE GATE GROOVED - LANDMARK,Timbertech® Agb15512Cg 1X6-12' Castle Gate Grooved - Landmark Azek Pvc Decking,"TIMBERTECH®, 1x6-12' Castle Gate Grooved - Landmark Azek PVC Decking, Part Number: AGB15512CG, Dimensions: 1 in x 6-12 in, Material: PVC, Product Line / Series: Landmark Collection",Timbertech® Agb15512Cg 1X6-12' Castle Gate Grooved - Landmark Azek Pvc Decking,"TIMBERTECH®, 1x6-12' Castle Gate Grooved - Landmark Azek PVC Decking, Part Number: AGB15512CG, Dimensions: 1 in x 6-12 in, Material: PVC, Product Line / Series: Landmark Collection",Dimensions: 1 in x 6-12 in,Material: PVC,Product Line / Series: Landmark Collection,,,,Deck Boards & Fascia,Dimensions,1 in x 6-12 in,,Material,PVC,,Product Line / Series,Landmark Collection,,,,30151508,,1,EA,TIMBERTECH_AGB15512CG.jpg,TIMBERTECH_AGB15512CG_1.jpg,TIMBERTECH_AGB15512CG_2.jpg,TIMBERTECH_AGB15512CG_3.jpg,TIMBERTECH_AGB15512CG_4.jpg,TIMBERTECH_AGB15512CG_Specification_Sheet.pdf,No,Yes
,AGB15516CG,Building Materials,Decking & Railing,Composite & PVC Decking,AGB15516CG,AGB15516CG,1x6-16' Castle Gate Grooved - Landmark Azek PVC Decking,TIMBERTECH,,Parksite (6151),The AZEK Company,TIMBERTECH®,Vintage Collection®,AGB15516CG,Building Materials > Decking & Railing > Composite & PVC Decking > Deck Boards & Fascia,"The Azek Company Timbertech, 1X6, 16' Castle Gate Grooved, Landmark Azek Pvc",1X6-16' CASTLE GATE GROOVED - LANDMARK,Timbertech® Agb15516Cg 1X6-16' Castle Gate Grooved - Landmark Azek Pvc Decking,"TIMBERTECH®, 1x6-16' Castle Gate Grooved - Landmark Azek PVC Decking, Part Number: AGB15516CG, Dimensions: 1 in x 6-16 in, Material: PVC, Product Line / Series: Landmark Collection",Timbertech® Agb15516Cg 1X6-16' Castle Gate Grooved - Landmark Azek Pvc Decking,"TIMBERTECH®, 1x6-16' Castle Gate Grooved - Landmark Azek PVC Decking, Part Number: AGB15516CG, Dimensions: 1 in x 6-16 in, Material: PVC, Product Line / Series: Landmark Collection",Dimensions: 1 in x 6-16 in,Material: PVC,Product Line / Series: Landmark Collection,,,,Deck Boards & Fascia,Dimensions,1 in x 6-16 in,,Material,PVC,,Product Line / Series,Landmark Collection,,,,30151508,,1,EA,TIMBERTECH_AGB15516CG.jpg,TIMBERTECH_AGB15516CG_1.jpg,TIMBERTECH_AGB15516CG_2.jpg,TIMBERTECH_AGB15516CG_3.jpg,TIMBERTECH_AGB15516CG_4.jpg,TIMBERTECH_AGB15516CG_Specification_Sheet.pdf,No,Yes
,AGB15520CG,Building Materials,Decking & Railing,Composite & PVC Decking,AGB15520CG,AGB15520CG,1x6-20' Castle Gate Grooved - Landmark Azek PVC Decking,TIMBERTECH,,Parksite (6151),The AZEK Company,TIMBERTECH®,Vintage Collection®,AGB15520CG,Building Materials > Decking & Railing > Composite & PVC Decking > Deck Boards & Fascia,"The Azek Company Timbertech, 1X6, 20' Castle Gate Grooved, Landmark Azek Pvc",1X6-20' CASTLE GATE GROOVED - LANDMARK,Timbertech® Agb15520Cg 1X6-20' Castle Gate Grooved - Landmark Azek Pvc Decking,"TIMBERTECH®, 1x6-20' Castle Gate Grooved - Landmark Azek PVC Decking, Part Number: AGB15520CG, Dimensions: 1 in x 6-20 in, Material: PVC, Product Line / Series: Landmark Collection",Timbertech® Agb15520Cg 1X6-20' Castle Gate Grooved - Landmark Azek Pvc Decking,"TIMBERTECH®, 1x6-20' Castle Gate Grooved - Landmark Azek PVC Decking, Part Number: AGB15520CG, Dimensions: 1 in x 6-20 in, Material: PVC, Product Line / Series: Landmark Collection",Dimensions: 1 in x 6-20 in,Material: PVC,Product Line / Series: Landmark Collection,,,,Deck Boards & Fascia,Dimensions,1 in x 6-20 in,,Material,PVC,,Product Line / Series,Landmark Collection,,,,30151508,,1,EA,TIMBERTECH_AGB15520CG.jpg,TIMBERTECH_AGB15520CG_1.jpg,TIMBERTECH_AGB15520CG_2.jpg,TIMBERTECH_AGB15520CG_3.jpg,TIMBERTECH_AGB15520CG_4.jpg,TIMBERTECH_AGB15520CG_Specification_Sheet.pdf,No,Yes
,AGB15512FW,Building Materials,Decking & Railing,Composite & PVC Decking,AGB15512FW,AGB15512FW,1x6-12' French White Oak Groov - Landmark Azek PVC Decking,TIMBERTECH,,Parksite (6151),The AZEK Company,TIMBERTECH®,Vintage Collection®,AGB15512FW,Building Materials > Decking & Railing > Composite & PVC Decking > Deck Boards & Fascia,"The Azek Company Timbertech, 1X6, 12' French White Oak Groov, Landmark Azek Pvc",1X6-12' FRENCH WHITE OAK GROOV -,Timbertech® Agb15512Fw 1X6-12' French White Oak Groov - Landmark Azek Pvc Decking,"TIMBERTECH®, 1x6-12' French White Oak Groov - Landmark Azek PVC Decking, Part Number: AGB15512FW, Dimensions: 1 in x 6-12 in, Finish / Color: White, Material: PVC, Product Line / Series: Landmark Collection",Timbertech® Agb15512Fw 1X6-12' French White Oak Groov - Landmark Azek Pvc Decking,"TIMBERTECH®, 1x6-12' French White Oak Groov - Landmark Azek PVC Decking, Part Number: AGB15512FW, Dimensions: 1 in x 6-12 in, Finish / Color: White, Material: PVC, Product Line / Series: Landmark Collection",Dimensions: 1 in x 6-12 in,Finish / Color: White,Material: PVC,Product Line / Series: Landmark Collection,,,Deck Boards & Fascia,Dimensions,1 in x 6-12 in,,Finish / Color,White,,Material,PVC,,Product Line / Series,Landmark Collection,30151508,,1,EA,TIMBERTECH_AGB15512FW.jpg,TIMBERTECH_AGB15512FW_1.jpg,TIMBERTECH_AGB15512FW_2.jpg,TIMBERTECH_AGB15512FW_3.jpg,TIMBERTECH_AGB15512FW_4.jpg,TIMBERTECH_AGB15512FW_Specification_Sheet.pdf,No,Yes
,AGB15516FW,Building Materials,Decking & Railing,Composite & PVC Decking,AGB15516FW,AGB15516FW,1x6-16' French White Oak Groov - Landmark Azek PVC Decking,TIMBERTECH,,Parksite (6151),The AZEK Company,TIMBERTECH®,Vintage Collection®,AGB15516FW,Building Materials > Decking & Railing > Composite & PVC Decking > Deck Boards & Fascia,"The Azek Company Timbertech, 1X6, 16' French White Oak Groov, Landmark Azek Pvc",1X6-16' FRENCH WHITE OAK GROOV -,Timbertech® Agb15516Fw 1X6-16' French White Oak Groov - Landmark Azek Pvc Decking,"TIMBERTECH®, 1x6-16' French White Oak Groov - Landmark Azek PVC Decking, Part Number: AGB15516FW, Dimensions: 1 in x 6-16 in, Finish / Color: White, Material: PVC, Product Line / Series: Landmark Collection",Timbertech® Agb15516Fw 1X6-16' French White Oak Groov - Landmark Azek Pvc Decking,"TIMBERTECH®, 1x6-16' French White Oak Groov - Landmark Azek PVC Decking, Part Number: AGB15516FW, Dimensions: 1 in x 6-16 in, Finish / Color: White, Material: PVC, Product Line / Series: Landmark Collection",Dimensions: 1 in x 6-16 in,Finish / Color: White,Material: PVC,Product Line / Series: Landmark Collection,,,Deck Boards & Fascia,Dimensions,1 in x 6-16 in,,Finish / Color,White,,Material,PVC,,Product Line / Series,Landmark Collection,30151508,,1,EA,TIMBERTECH_AGB15516FW.jpg,TIMBERTECH_AGB15516FW_1.jpg,TIMBERTECH_AGB15516FW_2.jpg,TIMBERTECH_AGB15516FW_3.jpg,TIMBERTECH_AGB15516FW_4.jpg,TIMBERTECH_AGB15516FW_Specification_Sheet.pdf,No,Yes
,AGB15520FW,Building Materials,Decking & Railing,Composite & PVC Decking,AGB15520FW,AGB15520FW,1x6-20' French White Oak Groov - Landmark Azek PVC Decking,TIMBERTECH,,Parksite (6151),The AZEK Company,TIMBERTECH®,Vintage Collection®,AGB15520FW,Building Materials > Decking & Railing > Composite & PVC Decking > Deck Boards & Fascia,"The Azek Company Timbertech, 1X6, 20' French White Oak Groov, Landmark Azek Pvc",1X6-20' FRENCH WHITE OAK GROOV -,Timbertech® Agb15520Fw 1X6-20' French White Oak Groov - Landmark Azek Pvc Decking,"TIMBERTECH®, 1x6-20' French White Oak Groov - Landmark Azek PVC Decking, Part Number: AGB15520FW, Dimensions: 1 in x 6-20 in, Finish / Color: White, Material: PVC, Product Line / Series: Landmark Collection",Timbertech® Agb15520Fw 1X6-20' French White Oak Groov - Landmark Azek Pvc Decking,"TIMBERTECH®, 1x6-20' French White Oak Groov - Landmark Azek PVC Decking, Part Number: AGB15520FW, Dimensions: 1 in x 6-20 in, Finish / Color: White, Material: PVC, Product Line / Series: Landmark Collection",Dimensions: 1 in x 6-20 in,Finish / Color: White,Material: PVC,Product Line / Series: Landmark Collection,,,Deck Boards & Fascia,Dimensions,1 in x 6-20 in,,Finish / Color,White,,Material,PVC,,Product Line / Series,Landmark Collection,30151508,,1,EA,TIMBERTECH_AGB15520FW.jpg,TIMBERTECH_AGB15520FW_1.jpg,TIMBERTECH_AGB15520FW_2.jpg,TIMBERTECH_AGB15520FW_3.jpg,TIMBERTECH_AGB15520FW_4.jpg,TIMBERTECH_AGB15520FW_Specification_Sheet.pdf,No,Yes
,ADCB15516BS,Building Materials,Decking & Railing,Composite & PVC Decking,ADCB15516BS,ADCB15516BS,1x6-16' Brownstone Sq Edge - Harvest Azek PVC Decking,TIMBERTECH,,Parksite (6151),The AZEK Company,TIMBERTECH®,Vintage Collection®,ADCB15516BS,Building Materials > Decking & Railing > Composite & PVC Decking > Deck Boards & Fascia,"The Azek Company Timbertech, 1X6, 16' Brownstone Sq Edge, Harvest Azek Pvc",1X6-16' BROWNSTONE SQ EDGE - HARVEST,Timbertech® Adcb15516Bs 1X6-16' Brownstone Sq Edge - Harvest Azek Pvc Decking,"TIMBERTECH®, 1x6-16' Brownstone Sq Edge - Harvest Azek PVC Decking, Part Number: ADCB15516BS, Dimensions: 1 in x 6-16 in, Material: PVC, Product Line / Series: Harvest Collection",Timbertech® Adcb15516Bs 1X6-16' Brownstone Sq Edge - Harvest Azek Pvc Decking,"TIMBERTECH®, 1x6-16' Brownstone Sq Edge - Harvest Azek PVC Decking, Part Number: ADCB15516BS, Dimensions: 1 in x 6-16 in, Material: PVC, Product Line / Series: Harvest Collection",Dimensions: 1 in x 6-16 in,Material: PVC,Product Line / Series: Harvest Collection,,,,Deck Boards & Fascia,Dimensions,1 in x 6-16 in,,Material,PVC,,Product Line / Series,Harvest Collection,,,,30151508,,1,EA,TIMBERTECH_ADCB15516BS.jpg,TIMBERTECH_ADCB15516BS_1.jpg,TIMBERTECH_ADCB15516BS_2.jpg,TIMBERTECH_ADCB15516BS_3.jpg,TIMBERTECH_ADCB15516BS_4.jpg,TIMBERTECH_ADCB15516BS_Specification_Sheet.pdf,No,Yes
,ADCB15520BS,Building Materials,Decking & Railing,Composite & PVC Decking,ADCB15520BS,ADCB15520BS,1x6-20' Brownstone Sq Edge - Harvest Azek PVC Decking,TIMBERTECH,,Parksite (6151),The AZEK Company,TIMBERTECH®,Vintage Collection®,ADCB15520BS,Building Materials > Decking & Railing > Composite & PVC Decking > Deck Boards & Fascia,"The Azek Company Timbertech, 1X6, 20' Brownstone Sq Edge, Harvest Azek Pvc",1X6-20' BROWNSTONE SQ EDGE - HARVEST,Timbertech® Adcb15520Bs 1X6-20' Brownstone Sq Edge - Harvest Azek Pvc Decking,"TIMBERTECH®, 1x6-20' Brownstone Sq Edge - Harvest Azek PVC Decking, Part Number: ADCB15520BS, Dimensions: 1 in x 6-20 in, Material: PVC, Product Line / Series: Harvest Collection",Timbertech® Adcb15520Bs 1X6-20' Brownstone Sq Edge - Harvest Azek Pvc Decking,"TIMBERTECH®, 1x6-20' Brownstone Sq Edge - Harvest Azek PVC Decking, Part Number: ADCB15520BS, Dimensions: 1 in x 6-20 in, Material: PVC, Product Line / Series: Harvest Collection",Dimensions: 1 in x 6-20 in,Material: PVC,Product Line / Series: Harvest Collection,,,,Deck Boards & Fascia,Dimensions,1 in x 6-20 in,,Material,PVC,,Product Line / Series,Harvest Collection,,,,30151508,,1,EA,TIMBERTECH_ADCB15520BS.jpg,TIMBERTECH_ADCB15520BS_1.jpg,TIMBERTECH_ADCB15520BS_2.jpg,TIMBERTECH_ADCB15520BS_3.jpg,TIMBERTECH_ADCB15520BS_4.jpg,TIMBERTECH_ADCB15520BS_Specification_Sheet.pdf,No,Yes
,ADCB15516SG,Building Materials,Decking & Railing,Composite & PVC Decking,ADCB15516SG,ADCB15516SG,1x6-16' Slate Gray Sq Edge - Harvest Azek PVC Decking,TIMBERTECH,,Parksite (6151),The AZEK Company,TIMBERTECH®,Vintage Collection®,ADCB15516SG,Building Materials > Decking & Railing > Composite & PVC Decking > Deck Boards & Fascia,"The Azek Company Timbertech, 1X6, 16' Slate Gray Sq Edge, Harvest Azek Pvc",1X6-16' SLATE GRAY SQ EDGE - HARVEST,Timbertech® Adcb15516Sg 1X6-16' Slate Gray Sq Edge - Harvest Azek Pvc Decking,"TIMBERTECH®, 1x6-16' Slate Gray Sq Edge - Harvest Azek PVC Decking, Part Number: ADCB15516SG, Dimensions: 1 in x 6-16 in, Finish / Color: Gray, Material: PVC, Product Line / Series: Harvest Collection",Timbertech® Adcb15516Sg 1X6-16' Slate Gray Sq Edge - Harvest Azek Pvc Decking,"TIMBERTECH®, 1x6-16' Slate Gray Sq Edge - Harvest Azek PVC Decking, Part Number: ADCB15516SG, Dimensions: 1 in x 6-16 in, Finish / Color: Gray, Material: PVC, Product Line / Series: Harvest Collection",Dimensions: 1 in x 6-16 in,Finish / Color: Gray,Material: PVC,Product Line / Series: Harvest Collection,,,Deck Boards & Fascia,Dimensions,1 in x 6-16 in,,Finish / Color,Gray,,Material,PVC,,Product Line / Series,Harvest Collection,30151508,,1,EA,TIMBERTECH_ADCB15516SG.jpg,TIMBERTECH_ADCB15516SG_1.jpg,TIMBERTECH_ADCB15516SG_2.jpg,TIMBERTECH_ADCB15516SG_3.jpg,TIMBERTECH_ADCB15516SG_4.jpg,TIMBERTECH_ADCB15516SG_Specification_Sheet.pdf,No,Yes
,ADCB15520SG,Building Materials,Decking & Railing,Composite & PVC Decking,ADCB15520SG,ADCB15520SG,1x6-20' Slate Gray Sq Edge - Harvest Azek PVC Decking,TIMBERTECH,,Parksite (6151),The AZEK Company,TIMBERTECH®,Vintage Collection®,ADCB15520SG,Building Materials > Decking & Railing > Composite & PVC Decking > Deck Boards & Fascia,"The Azek Company Timbertech, 1X6, 20' Slate Gray Sq Edge, Harvest Azek Pvc",1X6-20' SLATE GRAY SQ EDGE - HARVEST,Timbertech® Adcb15520Sg 1X6-20' Slate Gray Sq Edge - Harvest Azek Pvc Decking,"TIMBERTECH®, 1x6-20' Slate Gray Sq Edge - Harvest Azek PVC Decking, Part Number: ADCB15520SG, Dimensions: 1 in x 6-20 in, Finish / Color: Gray, Material: PVC, Product Line / Series: Harvest Collection",Timbertech® Adcb15520Sg 1X6-20' Slate Gray Sq Edge - Harvest Azek Pvc Decking,"TIMBERTECH®, 1x6-20' Slate Gray Sq Edge - Harvest Azek PVC Decking, Part Number: ADCB15520SG, Dimensions: 1 in x 6-20 in, Finish / Color: Gray, Material: PVC, Product Line / Series: Harvest Collection",Dimensions: 1 in x 6-20 in,Finish / Color: Gray,Material: PVC,Product Line / Series: Harvest Collection,,,Deck Boards & Fascia,Dimensions,1 in x 6-20 in,,Finish / Color,Gray,,Material,PVC,,Product Line / Series,Harvest Collection,30151508,,1,EA,TIMBERTECH_ADCB15520SG.jpg,TIMBERTECH_ADCB15520SG_1.jpg,TIMBERTECH_ADCB15520SG_2.jpg,TIMBERTECH_ADCB15520SG_3.jpg,TIMBERTECH_ADCB15520SG_4.jpg,TIMBERTECH_ADCB15520SG_Specification_Sheet.pdf,No,Yes
,AGB15512BS,Building Materials,Decking & Railing,Composite & PVC Decking,AGB15512BS,AGB15512BS,1x6-12' Brownstone Grooved - Harvest Azek PVC Decking,TIMBERTECH,,Parksite (6151),The AZEK Company,TIMBERTECH®,Vintage Collection®,AGB15512BS,Building Materials > Decking & Railing > Composite & PVC Decking > Deck Boards & Fascia,"The Azek Company Timbertech, 1X6, 12' Brownstone Grooved, Harvest Azek Pvc",1X6-12' BROWNSTONE GROOVED - HARVEST,Timbertech® Agb15512Bs 1X6-12' Brownstone Grooved - Harvest Azek Pvc Decking,"TIMBERTECH®, 1x6-12' Brownstone Grooved - Harvest Azek PVC Decking, Part Number: AGB15512BS, Dimensions: 1 in x 6-12 in, Material: PVC, Product Line / Series: Harvest Collection",Timbertech® Agb15512Bs 1X6-12' Brownstone Grooved - Harvest Azek Pvc Decking,"TIMBERTECH®, 1x6-12' Brownstone Grooved - Harvest Azek PVC Decking, Part Number: AGB15512BS, Dimensions: 1 in x 6-12 in, Material: PVC, Product Line / Series: Harvest Collection",Dimensions: 1 in x 6-12 in,Material: PVC,Product Line / Series: Harvest Collection,,,,Deck Boards & Fascia,Dimensions,1 in x 6-12 in,,Material,PVC,,Product Line / Series,Harvest Collection,,,,30151508,,1,EA,TIMBERTECH_AGB15512BS.jpg,TIMBERTECH_AGB15512BS_1.jpg,TIMBERTECH_AGB15512BS_2.jpg,TIMBERTECH_AGB15512BS_3.jpg,TIMBERTECH_AGB15512BS_4.jpg,TIMBERTECH_AGB15512BS_Specification_Sheet.pdf,No,Yes
,AGB15516BS,Building Materials,Decking & Railing,Composite & PVC Decking,AGB15516BS,AGB15516BS,1x6-16' Brownstone Grooved - Harvest Azek PVC Decking,TIMBERTECH,,Parksite (6151),The AZEK Company,TIMBERTECH®,Vintage Collection®,AGB15516BS,Building Materials > Decking & Railing > Composite & PVC Decking > Deck Boards & Fascia,"The Azek Company Timbertech, 1X6, 16' Brownstone Grooved, Harvest Azek Pvc",1X6-16' BROWNSTONE GROOVED - HARVEST,Timbertech® Agb15516Bs 1X6-16' Brownstone Grooved - Harvest Azek Pvc Decking,"TIMBERTECH®, 1x6-16' Brownstone Grooved - Harvest Azek PVC Decking, Part Number: AGB15516BS, Dimensions: 1 in x 6-16 in, Material: PVC, Product Line / Series: Harvest Collection",Timbertech® Agb15516Bs 1X6-16' Brownstone Grooved - Harvest Azek Pvc Decking,"TIMBERTECH®, 1x6-16' Brownstone Grooved - Harvest Azek PVC Decking, Part Number: AGB15516BS, Dimensions: 1 in x 6-16 in, Material: PVC, Product Line / Series: Harvest Collection",Dimensions: 1 in x 6-16 in,Material: PVC,Product Line / Series: Harvest Collection,,,,Deck Boards & Fascia,Dimensions,1 in x 6-16 in,,Material,PVC,,Product Line / Series,Harvest Collection,,,,30151508,,1,EA,TIMBERTECH_AGB15516BS.jpg,TIMBERTECH_AGB15516BS_1.jpg,TIMBERTECH_AGB15516BS_2.jpg,TIMBERTECH_AGB15516BS_3.jpg,TIMBERTECH_AGB15516BS_4.jpg,TIMBERTECH_AGB15516BS_Specification_Sheet.pdf,No,Yes
,AGB15520BS,Building Materials,Decking & Railing,Composite & PVC Decking,AGB15520BS,AGB15520BS,1x6-20' Brownstone Grooved - Harvest Azek PVC Decking,TIMBERTECH,,Parksite (6151),The AZEK Company,TIMBERTECH®,Vintage Collection®,AGB15520BS,Building Materials > Decking & Railing > Composite & PVC Decking > Deck Boards & Fascia,"The Azek Company Timbertech, 1X6, 20' Brownstone Grooved, Harvest Azek Pvc",1X6-20' BROWNSTONE GROOVED - HARVEST,Timbertech® Agb15520Bs 1X6-20' Brownstone Grooved - Harvest Azek Pvc Decking,"TIMBERTECH®, 1x6-20' Brownstone Grooved - Harvest Azek PVC Decking, Part Number: AGB15520BS, Dimensions: 1 in x 6-20 in, Material: PVC, Product Line / Series: Harvest Collection",Timbertech® Agb15520Bs 1X6-20' Brownstone Grooved - Harvest Azek Pvc Decking,"TIMBERTECH®, 1x6-20' Brownstone Grooved - Harvest Azek PVC Decking, Part Number: AGB15520BS, Dimensions: 1 in x 6-20 in, Material: PVC, Product Line / Series: Harvest Collection",Dimensions: 1 in x 6-20 in,Material: PVC,Product Line / Series: Harvest Collection,,,,Deck Boards & Fascia,Dimensions,1 in x 6-20 in,,Material,PVC,,Product Line / Series,Harvest Collection,,,,30151508,,1,EA,TIMBERTECH_AGB15520BS.jpg,TIMBERTECH_AGB15520BS_1.jpg,TIMBERTECH_AGB15520BS_2.jpg,TIMBERTECH_AGB15520BS_3.jpg,TIMBERTECH_AGB15520BS_4.jpg,TIMBERTECH_AGB15520BS_Specification_Sheet.pdf,No,Yes
,AGB15512SG,Building Materials,Decking & Railing,Composite & PVC Decking,AGB15512SG,AGB15512SG,1x6-12' Slate Gray Grooved - Harvest Azek PVC Decking,TIMBERTECH,,Parksite (6151),The AZEK Company,TIMBERTECH®,Vintage Collection®,AGB15512SG,Building Materials > Decking & Railing > Composite & PVC Decking > Deck Boards & Fascia,"The Azek Company Timbertech, 1X6, 12' Slate Gray Grooved, Harvest Azek Pvc",1X6-12' SLATE GRAY GROOVED - HARVEST,Timbertech® Agb15512Sg 1X6-12' Slate Gray Grooved - Harvest Azek Pvc Decking,"TIMBERTECH®, 1x6-12' Slate Gray Grooved - Harvest Azek PVC Decking, Part Number: AGB15512SG, Dimensions: 1 in x 6-12 in, Finish / Color: Gray, Material: PVC, Product Line / Series: Harvest Collection",Timbertech® Agb15512Sg 1X6-12' Slate Gray Grooved - Harvest Azek Pvc Decking,"TIMBERTECH®, 1x6-12' Slate Gray Grooved - Harvest Azek PVC Decking, Part Number: AGB15512SG, Dimensions: 1 in x 6-12 in, Finish / Color: Gray, Material: PVC, Product Line / Series: Harvest Collection",Dimensions: 1 in x 6-12 in,Finish / Color: Gray,Material: PVC,Product Line / Series: Harvest Collection,,,Deck Boards & Fascia,Dimensions,1 in x 6-12 in,,Finish / Color,Gray,,Material,PVC,,Product Line / Series,Harvest Collection,30151508,,1,EA,TIMBERTECH_AGB15512SG.jpg,TIMBERTECH_AGB15512SG_1.jpg,TIMBERTECH_AGB15512SG_2.jpg,TIMBERTECH_AGB15512SG_3.jpg,TIMBERTECH_AGB15512SG_4.jpg,TIMBERTECH_AGB15512SG_Specification_Sheet.pdf,No,Yes
,AGB15516SG,Building Materials,Decking & Railing,Composite & PVC Decking,AGB15516SG,AGB15516SG,1x6-16' Slate Gray Grooved - Harvest Azek PVC Decking,TIMBERTECH,,Parksite (6151),The AZEK Company,TIMBERTECH®,Vintage Collection®,AGB15516SG,Building Materials > Decking & Railing > Composite & PVC Decking > Deck Boards & Fascia,"The Azek Company Timbertech, 1X6, 16' Slate Gray Grooved, Harvest Azek Pvc",1X6-16' SLATE GRAY GROOVED - HARVEST,Timbertech® Agb15516Sg 1X6-16' Slate Gray Grooved - Harvest Azek Pvc Decking,"TIMBERTECH®, 1x6-16' Slate Gray Grooved - Harvest Azek PVC Decking, Part Number: AGB15516SG, Dimensions: 1 in x 6-16 in, Finish / Color: Gray, Material: PVC, Product Line / Series: Harvest Collection",Timbertech® Agb15516Sg 1X6-16' Slate Gray Grooved - Harvest Azek Pvc Decking,"TIMBERTECH®, 1x6-16' Slate Gray Grooved - Harvest Azek PVC Decking, Part Number: AGB15516SG, Dimensions: 1 in x 6-16 in, Finish / Color: Gray, Material: PVC, Product Line / Series: Harvest Collection",Dimensions: 1 in x 6-16 in,Finish / Color: Gray,Material: PVC,Product Line / Series: Harvest Collection,,,Deck Boards & Fascia,Dimensions,1 in x 6-16 in,,Finish / Color,Gray,,Material,PVC,,Product Line / Series,Harvest Collection,30151508,,1,EA,TIMBERTECH_AGB15516SG.jpg,TIMBERTECH_AGB15516SG_1.jpg,TIMBERTECH_AGB15516SG_2.jpg,TIMBERTECH_AGB15516SG_3.jpg,TIMBERTECH_AGB15516SG_4.jpg,TIMBERTECH_AGB15516SG_Specification_Sheet.pdf,No,Yes
,AGB15520SG,Building Materials,Decking & Railing,Composite & PVC Decking,AGB15520SG,AGB15520SG,1x6-20' Slate Gray Grooved - Harvest Azek PVC Decking,TIMBERTECH,,Parksite (6151),The AZEK Company,TIMBERTECH®,Vintage Collection®,AGB15520SG,Building Materials > Decking & Railing > Composite & PVC Decking > Deck Boards & Fascia,"The Azek Company Timbertech, 1X6, 20' Slate Gray Grooved, Harvest Azek Pvc",1X6-20' SLATE GRAY GROOVED - HARVEST,Timbertech® Agb15520Sg 1X6-20' Slate Gray Grooved - Harvest Azek Pvc Decking,"TIMBERTECH®, 1x6-20' Slate Gray Grooved - Harvest Azek PVC Decking, Part Number: AGB15520SG, Dimensions: 1 in x 6-20 in, Finish / Color: Gray, Material: PVC, Product Line / Series: Harvest Collection",Timbertech® Agb15520Sg 1X6-20' Slate Gray Grooved - Harvest Azek Pvc Decking,"TIMBERTECH®, 1x6-20' Slate Gray Grooved - Harvest Azek PVC Decking, Part Number: AGB15520SG, Dimensions: 1 in x 6-20 in, Finish / Color: Gray, Material: PVC, Product Line / Series: Harvest Collection",Dimensions: 1 in x 6-20 in,Finish / Color: Gray,Material: PVC,Product Line / Series: Harvest Collection,,,Deck Boards & Fascia,Dimensions,1 in x 6-20 in,,Finish / Color,Gray,,Material,PVC,,Product Line / Series,Harvest Collection,30151508,,1,EA,TIMBERTECH_AGB15520SG.jpg,TIMBERTECH_AGB15520SG_1.jpg,TIMBERTECH_AGB15520SG_2.jpg,TIMBERTECH_AGB15520SG_3.jpg,TIMBERTECH_AGB15520SG_4.jpg,TIMBERTECH_AGB15520SG_Specification_Sheet.pdf,No,Yes
,543140016,Building Materials,Decking & Railing,Composite & PVC Decking,543140016,543140016,1nx6-16' Biscayne Sq Edge - Trex Transcend Lineage Decking,TREX,,U S Lumber (3073),Trex Company Inc,TREX®,Transcend® Lineage™,543140016,Building Materials > Decking & Railing > Composite & PVC Decking > Deck Boards & Fascia,"Trex Company Inc Trex, 1Nx6, 16' Biscayne Sq Edge, Trex Transcend Lineage",1NX6-16' BISCAYNE SQ EDGE - TREX,Trex® 543140016 1Nx6-16' Biscayne Sq Edge - Trex Transcend Lineage Decking,"TREX®, 1nx6-16' Biscayne Sq Edge - Trex Transcend Lineage Decking, Part Number: 543140016, Finish / Color: Biscayne, Product Line / Series: Transcend",Trex® 543140016 1Nx6-16' Biscayne Sq Edge - Trex Transcend Lineage Decking,"TREX®, 1nx6-16' Biscayne Sq Edge - Trex Transcend Lineage Decking, Part Number: 543140016, Finish / Color: Biscayne, Product Line / Series: Transcend",Finish / Color: Biscayne,Product Line / Series: Transcend,,,,,Deck Boards & Fascia,Finish / Color,Biscayne,,Product Line / Series,Transcend,,,,,,,30151508,,1,EA,TREX_543140016.jpg,TREX_543140016_1.jpg,TREX_543140016_2.jpg,TREX_543140016_3.jpg,TREX_543140016_4.jpg,TREX_543140016_Specification_Sheet.pdf,No,Yes
,543140020,Building Materials,Decking & Railing,Composite & PVC Decking,543140020,543140020,1nx6-20' Biscayne Sq Edge - Trex Transcend Lineage Decking,TREX,,U S Lumber (3073),Trex Company Inc,TREX®,Transcend® Lineage™,543140020,Building Materials > Decking & Railing > Composite & PVC Decking > Deck Boards & Fascia,"Trex Company Inc Trex, 1Nx6, 20' Biscayne Sq Edge, Trex Transcend Lineage",1NX6-20' BISCAYNE SQ EDGE - TREX,Trex® 543140020 1Nx6-20' Biscayne Sq Edge - Trex Transcend Lineage Decking,"TREX®, 1nx6-20' Biscayne Sq Edge - Trex Transcend Lineage Decking, Part Number: 543140020, Finish / Color: Biscayne, Product Line / Series: Transcend",Trex® 543140020 1Nx6-20' Biscayne Sq Edge - Trex Transcend Lineage Decking,"TREX®, 1nx6-20' Biscayne Sq Edge - Trex Transcend Lineage Decking, Part Number: 543140020, Finish / Color: Biscayne, Product Line / Series: Transcend",Finish / Color: Biscayne,Product Line / Series: Transcend,,,,,Deck Boards & Fascia,Finish / Color,Biscayne,,Product Line / Series,Transcend,,,,,,,30151508,,1,EA,TREX_543140020.jpg,TREX_543140020_1.jpg,TREX_543140020_2.jpg,TREX_543140020_3.jpg,TREX_543140020_4.jpg,TREX_543140020_Specification_Sheet.pdf,No,Yes
,543142016,Building Materials,Decking & Railing,Composite & PVC Decking,543142016,543142016,1nx6-16' Carmel Sq Edge - Trex Transcend Lineage Decking,TREX,,U S Lumber (3073),Trex Company Inc,TREX®,Transcend® Lineage™,543142016,Building Materials > Decking & Railing > Composite & PVC Decking > Deck Boards & Fascia,"Trex Company Inc Trex, 1Nx6, 16' Carmel Sq Edge, Trex Transcend Lineage",1NX6-16' CARMEL SQ EDGE - TREX,Trex® 543142016 1Nx6-16' Carmel Sq Edge - Trex Transcend Lineage Decking,"TREX®, 1nx6-16' Carmel Sq Edge - Trex Transcend Lineage Decking, Part Number: 543142016, Finish / Color: Carmel, Product Line / Series: Transcend",Trex® 543142016 1Nx6-16' Carmel Sq Edge - Trex Transcend Lineage Decking,"TREX®, 1nx6-16' Carmel Sq Edge - Trex Transcend Lineage Decking, Part Number: 543142016, Finish / Color: Carmel, Product Line / Series: Transcend",Finish / Color: Carmel,Product Line / Series: Transcend,,,,,Deck Boards & Fascia,Finish / Color,Carmel,,Product Line / Series,Transcend,,,,,,,30151508,,1,EA,TREX_543142016.jpg,TREX_543142016_1.jpg,TREX_543142016_2.jpg,TREX_543142016_3.jpg,TREX_543142016_4.jpg,TREX_543142016_Specification_Sheet.pdf,No,Yes
,543142020,Building Materials,Decking & Railing,Composite & PVC Decking,543142020,543142020,1nx6-20' Carmel Sq Edge - Trex Transcend Lineage Decking,TREX,,U S Lumber (3073),Trex Company Inc,TREX®,Transcend® Lineage™,543142020,Building Materials > Decking & Railing > Composite & PVC Decking > Deck Boards & Fascia,"Trex Company Inc Trex, 1Nx6, 20' Carmel Sq Edge, Trex Transcend Lineage",1NX6-20' CARMEL SQ EDGE - TREX,Trex® 543142020 1Nx6-20' Carmel Sq Edge - Trex Transcend Lineage Decking,"TREX®, 1nx6-20' Carmel Sq Edge - Trex Transcend Lineage Decking, Part Number: 543142020, Finish / Color: Carmel, Product Line / Series: Transcend",Trex® 543142020 1Nx6-20' Carmel Sq Edge - Trex Transcend Lineage Decking,"TREX®, 1nx6-20' Carmel Sq Edge - Trex Transcend Lineage Decking, Part Number: 543142020, Finish / Color: Carmel, Product Line / Series: Transcend",Finish / Color: Carmel,Product Line / Series: Transcend,,,,,Deck Boards & Fascia,Finish / Color,Carmel,,Product Line / Series,Transcend,,,,,,,30151508,,1,EA,TREX_543142020.jpg,TREX_543142020_1.jpg,TREX_543142020_2.jpg,TREX_543142020_3.jpg,TREX_543142020_4.jpg,TREX_543142020_Specification_Sheet.pdf,No,Yes
,543144016,Building Materials,Decking & Railing,Composite & PVC Decking,543144016,543144016,1nx6-16' Island Mist Sq Edge - Trex Transcend Lineage Decking,TREX,,U S Lumber (3073),Trex Company Inc,TREX®,Transcend® Lineage™,543144016,Building Materials > Decking & Railing > Composite & PVC Decking > Deck Boards & Fascia,"Trex Company Inc Trex, 1Nx6, 16' Island Mist Sq Edge, Trex Transcend Lineage",1NX6-16' ISLAND MIST SQ EDGE - TREX,Trex® 543144016 1Nx6-16' Island Mist Sq Edge - Trex Transcend Lineage Decking,"TREX®, 1nx6-16' Island Mist Sq Edge - Trex Transcend Lineage Decking, Part Number: 543144016, Finish / Color: Island Mist, Product Line / Series: Transcend",Trex® 543144016 1Nx6-16' Island Mist Sq Edge - Trex Transcend Lineage Decking,"TREX®, 1nx6-16' Island Mist Sq Edge - Trex Transcend Lineage Decking, Part Number: 543144016, Finish / Color: Island Mist, Product Line / Series: Transcend",Finish / Color: Island Mist,Product Line / Series: Transcend,,,,,Deck Boards & Fascia,Finish / Color,Island Mist,,Product Line / Series,Transcend,,,,,,,30151508,,1,EA,TREX_543144016.jpg,TREX_543144016_1.jpg,TREX_543144016_2.jpg,TREX_543144016_3.jpg,TREX_543144016_4.jpg,TREX_543144016_Specification_Sheet.pdf,No,Yes
,543144020,Building Materials,Decking & Railing,Composite & PVC Decking,543144020,543144020,1nx6-20' Island Mist Sq Edge - Trex Transcend Lineage Decking,TREX,,U S Lumber (3073),Trex Company Inc,TREX®,Transcend® Lineage™,543144020,Building Materials > Decking & Railing > Composite & PVC Decking > Deck Boards & Fascia,"Trex Company Inc Trex, 1Nx6, 20' Island Mist Sq Edge, Trex Transcend Lineage",1NX6-20' ISLAND MIST SQ EDGE - TREX,Trex® 543144020 1Nx6-20' Island Mist Sq Edge - Trex Transcend Lineage Decking,"TREX®, 1nx6-20' Island Mist Sq Edge - Trex Transcend Lineage Decking, Part Number: 543144020, Finish / Color: Island Mist, Product Line / Series: Transcend",Trex® 543144020 1Nx6-20' Island Mist Sq Edge - Trex Transcend Lineage Decking,"TREX®, 1nx6-20' Island Mist Sq Edge - Trex Transcend Lineage Decking, Part Number: 543144020, Finish / Color: Island Mist, Product Line / Series: Transcend",Finish / Color: Island Mist,Product Line / Series: Transcend,,,,,Deck Boards & Fascia,Finish / Color,Island Mist,,Product Line / Series,Transcend,,,,,,,30151508,,1,EA,TREX_543144020.jpg,TREX_543144020_1.jpg,TREX_543144020_2.jpg,TREX_543144020_3.jpg,TREX_543144020_4.jpg,TREX_543144020_Specification_Sheet.pdf,No,Yes
,543143016,Building Materials,Decking & Railing,Composite & PVC Decking,543143016,543143016,1nx6-16' Jasper Sq Edge - Trex Transcend Lineage Decking,TREX,,U S Lumber (3073),Trex Company Inc,TREX®,Transcend® Lineage™,543143016,Building Materials > Decking & Railing > Composite & PVC Decking > Deck Boards & Fascia,"Trex Company Inc Trex, 1Nx6, 16' Jasper Sq Edge, Trex Transcend Lineage",1NX6-16' JASPER SQ EDGE - TREX,Trex® 543143016 1Nx6-16' Jasper Sq Edge - Trex Transcend Lineage Decking,"TREX®, 1nx6-16' Jasper Sq Edge - Trex Transcend Lineage Decking, Part Number: 543143016, Finish / Color: Jasper, Product Line / Series: Transcend",Trex® 543143016 1Nx6-16' Jasper Sq Edge - Trex Transcend Lineage Decking,"TREX®, 1nx6-16' Jasper Sq Edge - Trex Transcend Lineage Decking, Part Number: 543143016, Finish / Color: Jasper, Product Line / Series: Transcend",Finish / Color: Jasper,Product Line / Series: Transcend,,,,,Deck Boards & Fascia,Finish / Color,Jasper,,Product Line / Series,Transcend,,,,,,,30151508,,1,EA,TREX_543143016.jpg,TREX_543143016_1.jpg,TREX_543143016_2.jpg,TREX_543143016_3.jpg,TREX_543143016_4.jpg,TREX_543143016_Specification_Sheet.pdf,No,Yes
,543143020,Building Materials,Decking & Railing,Composite & PVC Decking,543143020,543143020,1nx6-20' Jasper Sq Edge - Trex Transcend Lineage Decking,TREX,,U S Lumber (3073),Trex Company Inc,TREX®,Transcend® Lineage™,543143020,Building Materials > Decking & Railing > Composite & PVC Decking > Deck Boards & Fascia,"Trex Company Inc Trex, 1Nx6, 20' Jasper Sq Edge, Trex Transcend Lineage",1NX6-20' JASPER SQ EDGE - TREX,Trex® 543143020 1Nx6-20' Jasper Sq Edge - Trex Transcend Lineage Decking,"TREX®, 1nx6-20' Jasper Sq Edge - Trex Transcend Lineage Decking, Part Number: 543143020, Finish / Color: Jasper, Product Line / Series: Transcend",Trex® 543143020 1Nx6-20' Jasper Sq Edge - Trex Transcend Lineage Decking,"TREX®, 1nx6-20' Jasper Sq Edge - Trex Transcend Lineage Decking, Part Number: 543143020, Finish / Color: Jasper, Product Line / Series: Transcend",Finish / Color: Jasper,Product Line / Series: Transcend,,,,,Deck Boards & Fascia,Finish / Color,Jasper,,Product Line / Series,Transcend,,,,,,,30151508,,1,EA,TREX_543143020.jpg,TREX_543143020_1.jpg,TREX_543143020_2.jpg,TREX_543143020_3.jpg,TREX_543143020_4.jpg,TREX_543143020_Specification_Sheet.pdf,No,Yes
,543141016,Building Materials,Decking & Railing,Composite & PVC Decking,543141016,543141016,1nx6-16' Rainier Sq Edge - Trex Transcend Lineage Decking,TREX,,U S Lumber (3073),Trex Company Inc,TREX®,Transcend® Lineage™,543141016,Building Materials > Decking & Railing > Composite & PVC Decking > Deck Boards & Fascia,"Trex Company Inc Trex, 1Nx6, 16' Rainier Sq Edge, Trex Transcend Lineage",1NX6-16' RAINIER SQ EDGE - TREX,Trex® 543141016 1Nx6-16' Rainier Sq Edge - Trex Transcend Lineage Decking,"TREX®, 1nx6-16' Rainier Sq Edge - Trex Transcend Lineage Decking, Part Number: 543141016, Finish / Color: Rainier, Product Line / Series: Transcend",Trex® 543141016 1Nx6-16' Rainier Sq Edge - Trex Transcend Lineage Decking,"TREX®, 1nx6-16' Rainier Sq Edge - Trex Transcend Lineage Decking, Part Number: 543141016, Finish / Color: Rainier, Product Line / Series: Transcend",Finish / Color: Rainier,Product Line / Series: Transcend,,,,,Deck Boards & Fascia,Finish / Color,Rainier,,Product Line / Series,Transcend,,,,,,,30151508,,1,EA,TREX_543141016.jpg,TREX_543141016_1.jpg,TREX_543141016_2.jpg,TREX_543141016_3.jpg,TREX_543141016_4.jpg,TREX_543141016_Specification_Sheet.pdf,No,Yes
,543141020,Building Materials,Decking & Railing,Composite & PVC Decking,543141020,543141020,1nx6-20' Rainier Sq Edge - Trex Transcend Lineage Decking,TREX,,U S Lumber (3073),Trex Company Inc,TREX®,Transcend® Lineage™,543141020,Building Materials > Decking & Railing > Composite & PVC Decking > Deck Boards & Fascia,"Trex Company Inc Trex, 1Nx6, 20' Rainier Sq Edge, Trex Transcend Lineage",1NX6-20' RAINIER SQ EDGE - TREX,Trex® 543141020 1Nx6-20' Rainier Sq Edge - Trex Transcend Lineage Decking,"TREX®, 1nx6-20' Rainier Sq Edge - Trex Transcend Lineage Decking, Part Number: 543141020, Finish / Color: Rainier, Product Line / Series: Transcend",Trex® 543141020 1Nx6-20' Rainier Sq Edge - Trex Transcend Lineage Decking,"TREX®, 1nx6-20' Rainier Sq Edge - Trex Transcend Lineage Decking, Part Number: 543141020, Finish / Color: Rainier, Product Line / Series: Transcend",Finish / Color: Rainier,Product Line / Series: Transcend,,,,,Deck Boards & Fascia,Finish / Color,Rainier,,Product Line / Series,Transcend,,,,,,,30151508,,1,EA,TREX_543141020.jpg,TREX_543141020_1.jpg,TREX_543141020_2.jpg,TREX_543141020_3.jpg,TREX_543141020_4.jpg,TREX_543141020_Specification_Sheet.pdf,No,Yes
,543140412,Building Materials,Decking & Railing,Composite & PVC Decking,543140412,543140412,1nx6-12' Biscayne Grooved - Trex Transcend Lineage Decking,TREX,,U S Lumber (3073),Trex Company Inc,TREX®,Transcend® Lineage™,543140412,Building Materials > Decking & Railing > Composite & PVC Decking > Deck Boards & Fascia,"Trex Company Inc Trex, 1Nx6, 12' Biscayne Grooved, Trex Transcend Lineage",1NX6-12' BISCAYNE GROOVED - TREX,Trex® 543140412 1Nx6-12' Biscayne Grooved - Trex Transcend Lineage Decking,"TREX®, 1nx6-12' Biscayne Grooved - Trex Transcend Lineage Decking, Part Number: 543140412, Finish / Color: Biscayne, Product Line / Series: Transcend",Trex® 543140412 1Nx6-12' Biscayne Grooved - Trex Transcend Lineage Decking,"TREX®, 1nx6-12' Biscayne Grooved - Trex Transcend Lineage Decking, Part Number: 543140412, Finish / Color: Biscayne, Product Line / Series: Transcend",Finish / Color: Biscayne,Product Line / Series: Transcend,,,,,Deck Boards & Fascia,Finish / Color,Biscayne,,Product Line / Series,Transcend,,,,,,,30151508,,1,EA,TREX_543140412.jpg,TREX_543140412_1.jpg,TREX_543140412_2.jpg,TREX_543140412_3.jpg,TREX_543140412_4.jpg,TREX_543140412_Specification_Sheet.pdf,No,Yes
,543140416,Building Materials,Decking & Railing,Composite & PVC Decking,543140416,543140416,1nx6-16' Biscayne Grooved - Trex Transcend Lineage Decking,TREX,,U S Lumber (3073),Trex Company Inc,TREX®,Transcend® Lineage™,543140416,Building Materials > Decking & Railing > Composite & PVC Decking > Deck Boards & Fascia,"Trex Company Inc Trex, 1Nx6, 16' Biscayne Grooved, Trex Transcend Lineage",1NX6-16' BISCAYNE GROOVED - TREX,Trex® 543140416 1Nx6-16' Biscayne Grooved - Trex Transcend Lineage Decking,"TREX®, 1nx6-16' Biscayne Grooved - Trex Transcend Lineage Decking, Part Number: 543140416, Finish / Color: Biscayne, Product Line / Series: Transcend",Trex® 543140416 1Nx6-16' Biscayne Grooved - Trex Transcend Lineage Decking,"TREX®, 1nx6-16' Biscayne Grooved - Trex Transcend Lineage Decking, Part Number: 543140416, Finish / Color: Biscayne, Product Line / Series: Transcend",Finish / Color: Biscayne,Product Line / Series: Transcend,,,,,Deck Boards & Fascia,Finish / Color,Biscayne,,Product Line / Series,Transcend,,,,,,,30151508,,1,EA,TREX_543140416.jpg,TREX_543140416_1.jpg,TREX_543140416_2.jpg,TREX_543140416_3.jpg,TREX_543140416_4.jpg,TREX_543140416_Specification_Sheet.pdf,No,Yes
,543140420,Building Materials,Decking & Railing,Composite & PVC Decking,543140420,543140420,1nx6-20' Biscayne Grooved - Trex Transcend Lineage Decking,TREX,,U S Lumber (3073),Trex Company Inc,TREX®,Transcend® Lineage™,543140420,Building Materials > Decking & Railing > Composite & PVC Decking > Deck Boards & Fascia,"Trex Company Inc Trex, 1Nx6, 20' Biscayne Grooved, Trex Transcend Lineage",1NX6-20' BISCAYNE GROOVED - TREX,Trex® 543140420 1Nx6-20' Biscayne Grooved - Trex Transcend Lineage Decking,"TREX®, 1nx6-20' Biscayne Grooved - Trex Transcend Lineage Decking, Part Number: 543140420, Finish / Color: Biscayne, Product Line / Series: Transcend",Trex® 543140420 1Nx6-20' Biscayne Grooved - Trex Transcend Lineage Decking,"TREX®, 1nx6-20' Biscayne Grooved - Trex Transcend Lineage Decking, Part Number: 543140420, Finish / Color: Biscayne, Product Line / Series: Transcend",Finish / Color: Biscayne,Product Line / Series: Transcend,,,,,Deck Boards & Fascia,Finish / Color,Biscayne,,Product Line / Series,Transcend,,,,,,,30151508,,1,EA,TREX_543140420.jpg,TREX_543140420_1.jpg,TREX_543140420_2.jpg,TREX_543140420_3.jpg,TREX_543140420_4.jpg,TREX_543140420_Specification_Sheet.pdf,No,Yes
,543142412,Building Materials,Decking & Railing,Composite & PVC Decking,543142412,543142412,1nx6-12' Carmel Grooved - Trex Transcend Lineage Decking,TREX,,U S Lumber (3073),Trex Company Inc,TREX®,Transcend® Lineage™,543142412,Building Materials > Decking & Railing > Composite & PVC Decking > Deck Boards & Fascia,"Trex Company Inc Trex, 1Nx6, 12' Carmel Grooved, Trex Transcend Lineage",1NX6-12' CARMEL GROOVED - TREX,Trex® 543142412 1Nx6-12' Carmel Grooved - Trex Transcend Lineage Decking,"TREX®, 1nx6-12' Carmel Grooved - Trex Transcend Lineage Decking, Part Number: 543142412, Finish / Color: Carmel, Product Line / Series: Transcend",Trex® 543142412 1Nx6-12' Carmel Grooved - Trex Transcend Lineage Decking,"TREX®, 1nx6-12' Carmel Grooved - Trex Transcend Lineage Decking, Part Number: 543142412, Finish / Color: Carmel, Product Line / Series: Transcend",Finish / Color: Carmel,Product Line / Series: Transcend,,,,,Deck Boards & Fascia,Finish / Color,Carmel,,Product Line / Series,Transcend,,,,,,,30151508,,1,EA,TREX_543142412.jpg,TREX_543142412_1.jpg,TREX_543142412_2.jpg,TREX_543142412_3.jpg,TREX_543142412_4.jpg,TREX_543142412_Specification_Sheet.pdf,No,Yes
,543142416,Building Materials,Decking & Railing,Composite & PVC Decking,543142416,543142416,1nx6-16' Carmel Grooved - Trex Transcend Lineage Decking,TREX,,U S Lumber (3073),Trex Company Inc,TREX®,Transcend® Lineage™,543142416,Building Materials > Decking & Railing > Composite & PVC Decking > Deck Boards & Fascia,"Trex Company Inc Trex, 1Nx6, 16' Carmel Grooved, Trex Transcend Lineage",1NX6-16' CARMEL GROOVED - TREX,Trex® 543142416 1Nx6-16' Carmel Grooved - Trex Transcend Lineage Decking,"TREX®, 1nx6-16' Carmel Grooved - Trex Transcend Lineage Decking, Part Number: 543142416, Finish / Color: Carmel, Product Line / Series: Transcend",Trex® 543142416 1Nx6-16' Carmel Grooved - Trex Transcend Lineage Decking,"TREX®, 1nx6-16' Carmel Grooved - Trex Transcend Lineage Decking, Part Number: 543142416, Finish / Color: Carmel, Product Line / Series: Transcend",Finish / Color: Carmel,Product Line / Series: Transcend,,,,,Deck Boards & Fascia,Finish / Color,Carmel,,Product Line / Series,Transcend,,,,,,,30151508,,1,EA,TREX_543142416.jpg,TREX_543142416_1.jpg,TREX_543142416_2.jpg,TREX_543142416_3.jpg,TREX_543142416_4.jpg,TREX_543142416_Specification_Sheet.pdf,No,Yes
,543142420,Building Materials,Decking & Railing,Composite & PVC Decking,543142420,543142420,1nx6-20' Carmel Grooved - Trex Transcend Lineage Decking,TREX,,U S Lumber (3073),Trex Company Inc,TREX®,Transcend® Lineage™,543142420,Building Materials > Decking & Railing > Composite & PVC Decking > Deck Boards & Fascia,"Trex Company Inc Trex, 1Nx6, 20' Carmel Grooved, Trex Transcend Lineage",1NX6-20' CARMEL GROOVED - TREX,Trex® 543142420 1Nx6-20' Carmel Grooved - Trex Transcend Lineage Decking,"TREX®, 1nx6-20' Carmel Grooved - Trex Transcend Lineage Decking, Part Number: 543142420, Finish / Color: Carmel, Product Line / Series: Transcend",Trex® 543142420 1Nx6-20' Carmel Grooved - Trex Transcend Lineage Decking,"TREX®, 1nx6-20' Carmel Grooved - Trex Transcend Lineage Decking, Part Number: 543142420, Finish / Color: Carmel, Product Line / Series: Transcend",Finish / Color: Carmel,Product Line / Series: Transcend,,,,,Deck Boards & Fascia,Finish / Color,Carmel,,Product Line / Series,Transcend,,,,,,,30151508,,1,EA,TREX_543142420.jpg,TREX_543142420_1.jpg,TREX_543142420_2.jpg,TREX_543142420_3.jpg,TREX_543142420_4.jpg,TREX_543142420_Specification_Sheet.pdf,No,Yes
,543144412,Building Materials,Decking & Railing,Composite & PVC Decking,543144412,543144412,1nx6-12' Island Mist Grooved - Trex Transcend Lineage Decking,TREX,,U S Lumber (3073),Trex Company Inc,TREX®,Transcend® Lineage™,543144412,Building Materials > Decking & Railing > Composite & PVC Decking > Deck Boards & Fascia,"Trex Company Inc Trex, 1Nx6, 12' Island Mist Grooved, Trex Transcend Lineage",1NX6-12' ISLAND MIST GROOVED - TREX,Trex® 543144412 1Nx6-12' Island Mist Grooved - Trex Transcend Lineage Decking,"TREX®, 1nx6-12' Island Mist Grooved - Trex Transcend Lineage Decking, Part Number: 543144412, Finish / Color: Island Mist, Product Line / Series: Transcend",Trex® 543144412 1Nx6-12' Island Mist Grooved - Trex Transcend Lineage Decking,"TREX®, 1nx6-12' Island Mist Grooved - Trex Transcend Lineage Decking, Part Number: 543144412, Finish / Color: Island Mist, Product Line / Series: Transcend",Finish / Color: Island Mist,Product Line / Series: Transcend,,,,,Deck Boards & Fascia,Finish / Color,Island Mist,,Product Line / Series,Transcend,,,,,,,30151508,,1,EA,TREX_543144412.jpg,TREX_543144412_1.jpg,TREX_543144412_2.jpg,TREX_543144412_3.jpg,TREX_543144412_4.jpg,TREX_543144412_Specification_Sheet.pdf,No,Yes
,543144416,Building Materials,Decking & Railing,Composite & PVC Decking,543144416,543144416,1nx6-16' Island Mist Grooved - Trex Transcend Lineage Decking,TREX,,U S Lumber (3073),Trex Company Inc,TREX®,Transcend® Lineage™,543144416,Building Materials > Decking & Railing > Composite & PVC Decking > Deck Boards & Fascia,"Trex Company Inc Trex, 1Nx6, 16' Island Mist Grooved, Trex Transcend Lineage",1NX6-16' ISLAND MIST GROOVED - TREX,Trex® 543144416 1Nx6-16' Island Mist Grooved - Trex Transcend Lineage Decking,"TREX®, 1nx6-16' Island Mist Grooved - Trex Transcend Lineage Decking, Part Number: 543144416, Finish / Color: Island Mist, Product Line / Series: Transcend",Trex® 543144416 1Nx6-16' Island Mist Grooved - Trex Transcend Lineage Decking,"TREX®, 1nx6-16' Island Mist Grooved - Trex Transcend Lineage Decking, Part Number: 543144416, Finish / Color: Island Mist, Product Line / Series: Transcend",Finish / Color: Island Mist,Product Line / Series: Transcend,,,,,Deck Boards & Fascia,Finish / Color,Island Mist,,Product Line / Series,Transcend,,,,,,,30151508,,1,EA,TREX_543144416.jpg,TREX_543144416_1.jpg,TREX_543144416_2.jpg,TREX_543144416_3.jpg,TREX_543144416_4.jpg,TREX_543144416_Specification_Sheet.pdf,No,Yes
,543144420,Building Materials,Decking & Railing,Composite & PVC Decking,543144420,543144420,1nx6-20' Island Mist Grooved - Trex Transcend Lineage Decking,TREX,,U S Lumber (3073),Trex Company Inc,TREX®,Transcend® Lineage™,543144420,Building Materials > Decking & Railing > Composite & PVC Decking > Deck Boards & Fascia,"Trex Company Inc Trex, 1Nx6, 20' Island Mist Grooved, Trex Transcend Lineage",1NX6-20' ISLAND MIST GROOVED - TREX,Trex® 543144420 1Nx6-20' Island Mist Grooved - Trex Transcend Lineage Decking,"TREX®, 1nx6-20' Island Mist Grooved - Trex Transcend Lineage Decking, Part Number: 543144420, Finish / Color: Island Mist, Product Line / Series: Transcend",Trex® 543144420 1Nx6-20' Island Mist Grooved - Trex Transcend Lineage Decking,"TREX®, 1nx6-20' Island Mist Grooved - Trex Transcend Lineage Decking, Part Number: 543144420, Finish / Color: Island Mist, Product Line / Series: Transcend",Finish / Color: Island Mist,Product Line / Series: Transcend,,,,,Deck Boards & Fascia,Finish / Color,Island Mist,,Product Line / Series,Transcend,,,,,,,30151508,,1,EA,TREX_543144420.jpg,TREX_543144420_1.jpg,TREX_543144420_2.jpg,TREX_543144420_3.jpg,TREX_543144420_4.jpg,TREX_543144420_Specification_Sheet.pdf,No,Yes
,543143412,Building Materials,Decking & Railing,Composite & PVC Decking,543143412,543143412,1nx6-12' Jasper Grooved - Trex Transcend Lineage Decking,TREX,,U S Lumber (3073),Trex Company Inc,TREX®,Transcend® Lineage™,543143412,Building Materials > Decking & Railing > Composite & PVC Decking > Deck Boards & Fascia,"Trex Company Inc Trex, 1Nx6, 12' Jasper Grooved, Trex Transcend Lineage",1NX6-12' JASPER GROOVED - TREX,Trex® 543143412 1Nx6-12' Jasper Grooved - Trex Transcend Lineage Decking,"TREX®, 1nx6-12' Jasper Grooved - Trex Transcend Lineage Decking, Part Number: 543143412, Finish / Color: Jasper, Product Line / Series: Transcend",Trex® 543143412 1Nx6-12' Jasper Grooved - Trex Transcend Lineage Decking,"TREX®, 1nx6-12' Jasper Grooved - Trex Transcend Lineage Decking, Part Number: 543143412, Finish / Color: Jasper, Product Line / Series: Transcend",Finish / Color: Jasper,Product Line / Series: Transcend,,,,,Deck Boards & Fascia,Finish / Color,Jasper,,Product Line / Series,Transcend,,,,,,,30151508,,1,EA,TREX_543143412.jpg,TREX_543143412_1.jpg,TREX_543143412_2.jpg,TREX_543143412_3.jpg,TREX_543143412_4.jpg,TREX_543143412_Specification_Sheet.pdf,No,Yes
,543143416,Building Materials,Decking & Railing,Composite & PVC Decking,543143416,543143416,1nx6-16' Jasper Grooved - Trex Transcend Lineage Decking,TREX,,U S Lumber (3073),Trex Company Inc,TREX®,Transcend® Lineage™,543143416,Building Materials > Decking & Railing > Composite & PVC Decking > Deck Boards & Fascia,"Trex Company Inc Trex, 1Nx6, 16' Jasper Grooved, Trex Transcend Lineage",1NX6-16' JASPER GROOVED - TREX,Trex® 543143416 1Nx6-16' Jasper Grooved - Trex Transcend Lineage Decking,"TREX®, 1nx6-16' Jasper Grooved - Trex Transcend Lineage Decking, Part Number: 543143416, Finish / Color: Jasper, Product Line / Series: Transcend",Trex® 543143416 1Nx6-16' Jasper Grooved - Trex Transcend Lineage Decking,"TREX®, 1nx6-16' Jasper Grooved - Trex Transcend Lineage Decking, Part Number: 543143416, Finish / Color: Jasper, Product Line / Series: Transcend",Finish / Color: Jasper,Product Line / Series: Transcend,,,,,Deck Boards & Fascia,Finish / Color,Jasper,,Product Line / Series,Transcend,,,,,,,30151508,,1,EA,TREX_543143416.jpg,TREX_543143416_1.jpg,TREX_543143416_2.jpg,TREX_543143416_3.jpg,TREX_543143416_4.jpg,TREX_543143416_Specification_Sheet.pdf,No,Yes
,543143420,Building Materials,Decking & Railing,Composite & PVC Decking,543143420,543143420,1nx6-20' Jasper Grooved - Trex Transcend Lineage Decking,TREX,,U S Lumber (3073),Trex Company Inc,TREX®,Transcend® Lineage™,543143420,Building Materials > Decking & Railing > Composite & PVC Decking > Deck Boards & Fascia,"Trex Company Inc Trex, 1Nx6, 20' Jasper Grooved, Trex Transcend Lineage",1NX6-20' JASPER GROOVED - TREX,Trex® 543143420 1Nx6-20' Jasper Grooved - Trex Transcend Lineage Decking,"TREX®, 1nx6-20' Jasper Grooved - Trex Transcend Lineage Decking, Part Number: 543143420, Finish / Color: Jasper, Product Line / Series: Transcend",Trex® 543143420 1Nx6-20' Jasper Grooved - Trex Transcend Lineage Decking,"TREX®, 1nx6-20' Jasper Grooved - Trex Transcend Lineage Decking, Part Number: 543143420, Finish / Color: Jasper, Product Line / Series: Transcend",Finish / Color: Jasper,Product Line / Series: Transcend,,,,,Deck Boards & Fascia,Finish / Color,Jasper,,Product Line / Series,Transcend,,,,,,,30151508,,1,EA,TREX_543143420.jpg,TREX_543143420_1.jpg,TREX_543143420_2.jpg,TREX_543143420_3.jpg,TREX_543143420_4.jpg,TREX_543143420_Specification_Sheet.pdf,No,Yes
,543141412,Building Materials,Decking & Railing,Composite & PVC Decking,543141412,543141412,1nx6-12' Rainier Grooved - Trex Transcend Lineage Decking,TREX,,U S Lumber (3073),Trex Company Inc,TREX®,Transcend® Lineage™,543141412,Building Materials > Decking & Railing > Composite & PVC Decking > Deck Boards & Fascia,"Trex Company Inc Trex, 1Nx6, 12' Rainier Grooved, Trex Transcend Lineage",1NX6-12' RAINIER GROOVED - TREX,Trex® 543141412 1Nx6-12' Rainier Grooved - Trex Transcend Lineage Decking,"TREX®, 1nx6-12' Rainier Grooved - Trex Transcend Lineage Decking, Part Number: 543141412, Finish / Color: Rainier, Product Line / Series: Transcend",Trex® 543141412 1Nx6-12' Rainier Grooved - Trex Transcend Lineage Decking,"TREX®, 1nx6-12' Rainier Grooved - Trex Transcend Lineage Decking, Part Number: 543141412, Finish / Color: Rainier, Product Line / Series: Transcend",Finish / Color: Rainier,Product Line / Series: Transcend,,,,,Deck Boards & Fascia,Finish / Color,Rainier,,Product Line / Series,Transcend,,,,,,,30151508,,1,EA,TREX_543141412.jpg,TREX_543141412_1.jpg,TREX_543141412_2.jpg,TREX_543141412_3.jpg,TREX_543141412_4.jpg,TREX_543141412_Specification_Sheet.pdf,No,Yes
,543141416,Building Materials,Decking & Railing,Composite & PVC Decking,543141416,543141416,1nx6-16' Rainier Grooved - Trex Transcend Lineage Decking,TREX,,U S Lumber (3073),Trex Company Inc,TREX®,Transcend® Lineage™,543141416,Building Materials > Decking & Railing > Composite & PVC Decking > Deck Boards & Fascia,"Trex Company Inc Trex, 1Nx6, 16' Rainier Grooved, Trex Transcend Lineage",1NX6-16' RAINIER GROOVED - TREX,Trex® 543141416 1Nx6-16' Rainier Grooved - Trex Transcend Lineage Decking,"TREX®, 1nx6-16' Rainier Grooved - Trex Transcend Lineage Decking, Part Number: 543141416, Finish / Color: Rainier, Product Line / Series: Transcend",Trex® 543141416 1Nx6-16' Rainier Grooved - Trex Transcend Lineage Decking,"TREX®, 1nx6-16' Rainier Grooved - Trex Transcend Lineage Decking, Part Number: 543141416, Finish / Color: Rainier, Product Line / Series: Transcend",Finish / Color: Rainier,Product Line / Series: Transcend,,,,,Deck Boards & Fascia,Finish / Color,Rainier,,Product Line / Series,Transcend,,,,,,,30151508,,1,EA,TREX_543141416.jpg,TREX_543141416_1.jpg,TREX_543141416_2.jpg,TREX_543141416_3.jpg,TREX_543141416_4.jpg,TREX_543141416_Specification_Sheet.pdf,No,Yes
,543141420,Building Materials,Decking & Railing,Composite & PVC Decking,543141420,543141420,1nx6-20' Rainier Grooved - Trex Transcend Lineage Decking,TREX,,U S Lumber (3073),Trex Company Inc,TREX®,Transcend® Lineage™,543141420,Building Materials > Decking & Railing > Composite & PVC Decking > Deck Boards & Fascia,"Trex Company Inc Trex, 1Nx6, 20' Rainier Grooved, Trex Transcend Lineage",1NX6-20' RAINIER GROOVED - TREX,Trex® 543141420 1Nx6-20' Rainier Grooved - Trex Transcend Lineage Decking,"TREX®, 1nx6-20' Rainier Grooved - Trex Transcend Lineage Decking, Part Number: 543141420, Finish / Color: Rainier, Product Line / Series: Transcend",Trex® 543141420 1Nx6-20' Rainier Grooved - Trex Transcend Lineage Decking,"TREX®, 1nx6-20' Rainier Grooved - Trex Transcend Lineage Decking, Part Number: 543141420, Finish / Color: Rainier, Product Line / Series: Transcend",Finish / Color: Rainier,Product Line / Series: Transcend,,,,,Deck Boards & Fascia,Finish / Color,Rainier,,Product Line / Series,Transcend,,,,,,,30151508,,1,EA,TREX_543141420.jpg,TREX_543141420_1.jpg,TREX_543141420_2.jpg,TREX_543141420_3.jpg,TREX_543141420_4.jpg,TREX_543141420_Specification_Sheet.pdf,No,Yes
,1513703,Building Materials,Decking & Railing,Composite & PVC Decking,1513703,1513703,1nx6-16' Hatteras Sq Edge - Trex Transcend Lineage Decking,TREX,,Boise Cascade Building Materials (BOICA),Trex Company Inc,TREX®,Transcend® Lineage™,1513703,Building Materials > Decking & Railing > Composite & PVC Decking > Deck Boards & Fascia,"Trex Company Inc Trex, 1Nx6, 16' Hatteras Sq Edge, Trex Transcend Lineage",1NX6-16' HATTERAS SQ EDGE - TREX,Trex® 1513703 1Nx6-16' Hatteras Sq Edge - Trex Transcend Lineage Decking,"TREX®, 1nx6-16' Hatteras Sq Edge - Trex Transcend Lineage Decking, Part Number: 1513703, Product Line / Series: Transcend",Trex® 1513703 1Nx6-16' Hatteras Sq Edge - Trex Transcend Lineage Decking,"TREX®, 1nx6-16' Hatteras Sq Edge - Trex Transcend Lineage Decking, Part Number: 1513703, Product Line / Series: Transcend",Product Line / Series: Transcend,,,,,,Deck Boards & Fascia,Product Line / Series,Transcend,,,,,,,,,,30151508,,1,EA,TREX_1513703.jpg,TREX_1513703_1.jpg,TREX_1513703_2.jpg,TREX_1513703_3.jpg,TREX_1513703_4.jpg,TREX_1513703_Specification_Sheet.pdf,No,Yes
,1513704,Building Materials,Decking & Railing,Composite & PVC Decking,1513704,1513704,1nx6-20' Hatteras Sq Edge - Trex Transcend Lineage Decking,TREX,,Boise Cascade Building Materials (BOICA),Trex Company Inc,TREX®,Transcend® Lineage™,1513704,Building Materials > Decking & Railing > Composite & PVC Decking > Deck Boards & Fascia,"Trex Company Inc Trex, 1Nx6, 20' Hatteras Sq Edge, Trex Transcend Lineage",1NX6-20' HATTERAS SQ EDGE - TREX,Trex® 1513704 1Nx6-20' Hatteras Sq Edge - Trex Transcend Lineage Decking,"TREX®, 1nx6-20' Hatteras Sq Edge - Trex Transcend Lineage Decking, Part Number: 1513704, Product Line / Series: Transcend",Trex® 1513704 1Nx6-20' Hatteras Sq Edge - Trex Transcend Lineage Decking,"TREX®, 1nx6-20' Hatteras Sq Edge - Trex Transcend Lineage Decking, Part Number: 1513704, Product Line / Series: Transcend",Product Line / Series: Transcend,,,,,,Deck Boards & Fascia,Product Line / Series,Transcend,,,,,,,,,,30151508,,1,EA,TREX_1513704.jpg,TREX_1513704_1.jpg,TREX_1513704_2.jpg,TREX_1513704_3.jpg,TREX_1513704_4.jpg,TREX_1513704_Specification_Sheet.pdf,No,Yes
,1513705,Building Materials,Decking & Railing,Composite & PVC Decking,1513705,1513705,1nx6-12' Hatteras Grooved - Trex Transcend Lineage Decking,TREX,,Boise Cascade Building Materials (BOICA),Trex Company Inc,TREX®,Transcend® Lineage™,1513705,Building Materials > Decking & Railing > Composite & PVC Decking > Deck Boards & Fascia,"Trex Company Inc Trex, 1Nx6, 12' Hatteras Grooved, Trex Transcend Lineage",1NX6-12' HATTERAS GROOVED - TREX,Trex® 1513705 1Nx6-12' Hatteras Grooved - Trex Transcend Lineage Decking,"TREX®, 1nx6-12' Hatteras Grooved - Trex Transcend Lineage Decking, Part Number: 1513705, Product Line / Series: Transcend",Trex® 1513705 1Nx6-12' Hatteras Grooved - Trex Transcend Lineage Decking,"TREX®, 1nx6-12' Hatteras Grooved - Trex Transcend Lineage Decking, Part Number: 1513705, Product Line / Series: Transcend",Product Line / Series: Transcend,,,,,,Deck Boards & Fascia,Product Line / Series,Transcend,,,,,,,,,,30151508,,1,EA,TREX_1513705.jpg,TREX_1513705_1.jpg,TREX_1513705_2.jpg,TREX_1513705_3.jpg,TREX_1513705_4.jpg,TREX_1513705_Specification_Sheet.pdf,No,Yes
,1513706,Building Materials,Decking & Railing,Composite & PVC Decking,1513706,1513706,1nx6-16' Hatteras Grooved - Trex Transcend Lineage Decking,TREX,,Boise Cascade Building Materials (BOICA),Trex Company Inc,TREX®,Transcend® Lineage™,1513706,Building Materials > Decking & Railing > Composite & PVC Decking > Deck Boards & Fascia,"Trex Company Inc Trex, 1Nx6, 16' Hatteras Grooved, Trex Transcend Lineage",1NX6-16' HATTERAS GROOVED - TREX,Trex® 1513706 1Nx6-16' Hatteras Grooved - Trex Transcend Lineage Decking,"TREX®, 1nx6-16' Hatteras Grooved - Trex Transcend Lineage Decking, Part Number: 1513706, Product Line / Series: Transcend",Trex® 1513706 1Nx6-16' Hatteras Grooved - Trex Transcend Lineage Decking,"TREX®, 1nx6-16' Hatteras Grooved - Trex Transcend Lineage Decking, Part Number: 1513706, Product Line / Series: Transcend",Product Line / Series: Transcend,,,,,,Deck Boards & Fascia,Product Line / Series,Transcend,,,,,,,,,,30151508,,1,EA,TREX_1513706.jpg,TREX_1513706_1.jpg,TREX_1513706_2.jpg,TREX_1513706_3.jpg,TREX_1513706_4.jpg,TREX_1513706_Specification_Sheet.pdf,No,Yes
,1513707,Building Materials,Decking & Railing,Composite & PVC Decking,1513707,1513707,1nx6-20' Hatteras Grooved - Trex Transcend Lineage Decking,TREX,,Boise Cascade Building Materials (BOICA),Trex Company Inc,TREX®,Transcend® Lineage™,1513707,Building Materials > Decking & Railing > Composite & PVC Decking > Deck Boards & Fascia,"Trex Company Inc Trex, 1Nx6, 20' Hatteras Grooved, Trex Transcend Lineage",1NX6-20' HATTERAS GROOVED - TREX,Trex® 1513707 1Nx6-20' Hatteras Grooved - Trex Transcend Lineage Decking,"TREX®, 1nx6-20' Hatteras Grooved - Trex Transcend Lineage Decking, Part Number: 1513707, Product Line / Series: Transcend",Trex® 1513707 1Nx6-20' Hatteras Grooved - Trex Transcend Lineage Decking,"TREX®, 1nx6-20' Hatteras Grooved - Trex Transcend Lineage Decking, Part Number: 1513707, Product Line / Series: Transcend",Product Line / Series: Transcend,,,,,,Deck Boards & Fascia,Product Line / Series,Transcend,,,,,,,,,,30151508,,1,EA,TREX_1513707.jpg,TREX_1513707_1.jpg,TREX_1513707_2.jpg,TREX_1513707_3.jpg,TREX_1513707_4.jpg,TREX_1513707_Specification_Sheet.pdf,No,Yes
,1513708,Building Materials,Decking & Railing,Composite & PVC Decking,1513708,1513708,1nx6-16' Salt Flat Sq Edge - Trex Transcend Lineage Decking,TREX,,Boise Cascade Building Materials (BOICA),Trex Company Inc,TREX®,Transcend® Lineage™,1513708,Building Materials > Decking & Railing > Composite & PVC Decking > Deck Boards & Fascia,"Trex Company Inc Trex, 1Nx6, 16' Salt Flat Sq Edge, Trex Transcend Lineage",1NX6-16' SALT FLAT SQ EDGE - TREX,Trex® 1513708 1Nx6-16' Salt Flat Sq Edge - Trex Transcend Lineage Decking,"TREX®, 1nx6-16' Salt Flat Sq Edge - Trex Transcend Lineage Decking, Part Number: 1513708, Product Line / Series: Transcend",Trex® 1513708 1Nx6-16' Salt Flat Sq Edge - Trex Transcend Lineage Decking,"TREX®, 1nx6-16' Salt Flat Sq Edge - Trex Transcend Lineage Decking, Part Number: 1513708, Product Line / Series: Transcend",Product Line / Series: Transcend,,,,,,Deck Boards & Fascia,Product Line / Series,Transcend,,,,,,,,,,30151508,,1,EA,TREX_1513708.jpg,TREX_1513708_1.jpg,TREX_1513708_2.jpg,TREX_1513708_3.jpg,TREX_1513708_4.jpg,TREX_1513708_Specification_Sheet.pdf,No,Yes
,1513709,Building Materials,Decking & Railing,Composite & PVC Decking,1513709,1513709,1nx6-20' Salt Flat Sq Edge - Trex Transcend Lineage Decking,TREX,,Boise Cascade Building Materials (BOICA),Trex Company Inc,TREX®,Transcend® Lineage™,1513709,Building Materials > Decking & Railing > Composite & PVC Decking > Deck Boards & Fascia,"Trex Company Inc Trex, 1Nx6, 20' Salt Flat Sq Edge, Trex Transcend Lineage",1NX6-20' SALT FLAT SQ EDGE - TREX,Trex® 1513709 1Nx6-20' Salt Flat Sq Edge - Trex Transcend Lineage Decking,"TREX®, 1nx6-20' Salt Flat Sq Edge - Trex Transcend Lineage Decking, Part Number: 1513709, Product Line / Series: Transcend",Trex® 1513709 1Nx6-20' Salt Flat Sq Edge - Trex Transcend Lineage Decking,"TREX®, 1nx6-20' Salt Flat Sq Edge - Trex Transcend Lineage Decking, Part Number: 1513709, Product Line / Series: Transcend",Product Line / Series: Transcend,,,,,,Deck Boards & Fascia,Product Line / Series,Transcend,,,,,,,,,,30151508,,1,EA,TREX_1513709.jpg,TREX_1513709_1.jpg,TREX_1513709_2.jpg,TREX_1513709_3.jpg,TREX_1513709_4.jpg,TREX_1513709_Specification_Sheet.pdf,No,Yes
,1513710,Building Materials,Decking & Railing,Composite & PVC Decking,1513710,1513710,1nx6-12' Salt Flat Grooved - Trex Transcend Lineage Decking,TREX,,Boise Cascade Building Materials (BOICA),Trex Company Inc,TREX®,Transcend® Lineage™,1513710,Building Materials > Decking & Railing > Composite & PVC Decking > Deck Boards & Fascia,"Trex Company Inc Trex, 1Nx6, 12' Salt Flat Grooved, Trex Transcend Lineage",1NX6-12' SALT FLAT GROOVED - TREX,Trex® 1513710 1Nx6-12' Salt Flat Grooved - Trex Transcend Lineage Decking,"TREX®, 1nx6-12' Salt Flat Grooved - Trex Transcend Lineage Decking, Part Number: 1513710, Product Line / Series: Transcend",Trex® 1513710 1Nx6-12' Salt Flat Grooved - Trex Transcend Lineage Decking,"TREX®, 1nx6-12' Salt Flat Grooved - Trex Transcend Lineage Decking, Part Number: 1513710, Product Line / Series: Transcend",Product Line / Series: Transcend,,,,,,Deck Boards & Fascia,Product Line / Series,Transcend,,,,,,,,,,30151508,,1,EA,TREX_1513710.jpg,TREX_1513710_1.jpg,TREX_1513710_2.jpg,TREX_1513710_3.jpg,TREX_1513710_4.jpg,TREX_1513710_Specification_Sheet.pdf,No,Yes
,1513711,Building Materials,Decking & Railing,Composite & PVC Decking,1513711,1513711,1nx6-16' Salt Flat Grooved - Trex Transcend Lineage Decking,TREX,,Boise Cascade Building Materials (BOICA),Trex Company Inc,TREX®,Transcend® Lineage™,1513711,Building Materials > Decking & Railing > Composite & PVC Decking > Deck Boards & Fascia,"Trex Company Inc Trex, 1Nx6, 16' Salt Flat Grooved, Trex Transcend Lineage",1NX6-16' SALT FLAT GROOVED - TREX,Trex® 1513711 1Nx6-16' Salt Flat Grooved - Trex Transcend Lineage Decking,"TREX®, 1nx6-16' Salt Flat Grooved - Trex Transcend Lineage Decking, Part Number: 1513711, Product Line / Series: Transcend",Trex® 1513711 1Nx6-16' Salt Flat Grooved - Trex Transcend Lineage Decking,"TREX®, 1nx6-16' Salt Flat Grooved - Trex Transcend Lineage Decking, Part Number: 1513711, Product Line / Series: Transcend",Product Line / Series: Transcend,,,,,,Deck Boards & Fascia,Product Line / Series,Transcend,,,,,,,,,,30151508,,1,EA,TREX_1513711.jpg,TREX_1513711_1.jpg,TREX_1513711_2.jpg,TREX_1513711_3.jpg,TREX_1513711_4.jpg,TREX_1513711_Specification_Sheet.pdf,No,Yes
,1513712,Building Materials,Decking & Railing,Composite & PVC Decking,1513712,1513712,1nx6-20' Salt Flat Grooved - Trex Transcend Lineage Decking,TREX,,Boise Cascade Building Materials (BOICA),Trex Company Inc,TREX®,Transcend® Lineage™,1513712,Building Materials > Decking & Railing > Composite & PVC Decking > Deck Boards & Fascia,"Trex Company Inc Trex, 1Nx6, 20' Salt Flat Grooved, Trex Transcend Lineage",1NX6-20' SALT FLAT GROOVED - TREX,Trex® 1513712 1Nx6-20' Salt Flat Grooved - Trex Transcend Lineage Decking,"TREX®, 1nx6-20' Salt Flat Grooved - Trex Transcend Lineage Decking, Part Number: 1513712, Product Line / Series: Transcend",Trex® 1513712 1Nx6-20' Salt Flat Grooved - Trex Transcend Lineage Decking,"TREX®, 1nx6-20' Salt Flat Grooved - Trex Transcend Lineage Decking, Part Number: 1513712, Product Line / Series: Transcend",Product Line / Series: Transcend,,,,,,Deck Boards & Fascia,Product Line / Series,Transcend,,,,,,,,,,30151508,,1,EA,TREX_1513712.jpg,TREX_1513712_1.jpg,TREX_1513712_2.jpg,TREX_1513712_3.jpg,TREX_1513712_4.jpg,TREX_1513712_Specification_Sheet.pdf,No,Yes
,1513717,Building Materials,Decking & Railing,Composite & PVC Decking,1513717,1513717,1nx6-16' Honey Grove Sq Edge - Trex Enhance Naturals Decking,TREX,,Boise Cascade Building Materials (BOICA),Trex Company Inc,TREX®,Transcend® Lineage™,1513717,Building Materials > Decking & Railing > Composite & PVC Decking > Deck Boards & Fascia,"Trex Company Inc Trex, 1Nx6, 16' Honey Grove Sq Edge, Trex Enhance Naturals",1NX6-16' HONEY GROVE SQ EDGE - TREX,Trex® 1513717 1Nx6-16' Honey Grove Sq Edge - Trex Enhance Naturals Decking,"TREX®, 1nx6-16' Honey Grove Sq Edge - Trex Enhance Naturals Decking, Part Number: 1513717, Finish / Color: Honey Grove, Product Line / Series: Enhance",Trex® 1513717 1Nx6-16' Honey Grove Sq Edge - Trex Enhance Naturals Decking,"TREX®, 1nx6-16' Honey Grove Sq Edge - Trex Enhance Naturals Decking, Part Number: 1513717, Finish / Color: Honey Grove, Product Line / Series: Enhance",Finish / Color: Honey Grove,Product Line / Series: Enhance,,,,,Deck Boards & Fascia,Finish / Color,Honey Grove,,Product Line / Series,Enhance,,,,,,,30151508,,1,EA,TREX_1513717.jpg,TREX_1513717_1.jpg,TREX_1513717_2.jpg,TREX_1513717_3.jpg,TREX_1513717_4.jpg,TREX_1513717_Specification_Sheet.pdf,No,Yes
,1513718,Building Materials,Decking & Railing,Composite & PVC Decking,1513718,1513718,1nx6-20' Honey Grove Sq Edge - Trex Enhance Naturals Decking,TREX,,Boise Cascade Building Materials (BOICA),Trex Company Inc,TREX®,Transcend® Lineage™,1513718,Building Materials > Decking & Railing > Composite & PVC Decking > Deck Boards & Fascia,"Trex Company Inc Trex, 1Nx6, 20' Honey Grove Sq Edge, Trex Enhance Naturals",1NX6-20' HONEY GROVE SQ EDGE - TREX,Trex® 1513718 1Nx6-20' Honey Grove Sq Edge - Trex Enhance Naturals Decking,"TREX®, 1nx6-20' Honey Grove Sq Edge - Trex Enhance Naturals Decking, Part Number: 1513718, Finish / Color: Honey Grove, Product Line / Series: Enhance",Trex® 1513718 1Nx6-20' Honey Grove Sq Edge - Trex Enhance Naturals Decking,"TREX®, 1nx6-20' Honey Grove Sq Edge - Trex Enhance Naturals Decking, Part Number: 1513718, Finish / Color: Honey Grove, Product Line / Series: Enhance",Finish / Color: Honey Grove,Product Line / Series: Enhance,,,,,Deck Boards & Fascia,Finish / Color,Honey Grove,,Product Line / Series,Enhance,,,,,,,30151508,,1,EA,TREX_1513718.jpg,TREX_1513718_1.jpg,TREX_1513718_2.jpg,TREX_1513718_3.jpg,TREX_1513718_4.jpg,TREX_1513718_Specification_Sheet.pdf,No,Yes
,1513719,Building Materials,Decking & Railing,Composite & PVC Decking,1513719,1513719,1nx6-12' Honey Grove Grooved - Trex Enhance Naturals Decking,TREX,,Boise Cascade Building Materials (BOICA),Trex Company Inc,TREX®,Transcend® Lineage™,1513719,Building Materials > Decking & Railing > Composite & PVC Decking > Deck Boards & Fascia,"Trex Company Inc Trex, 1Nx6, 12' Honey Grove Grooved, Trex Enhance Naturals",1NX6-12' HONEY GROVE GROOVED - TREX,Trex® 1513719 1Nx6-12' Honey Grove Grooved - Trex Enhance Naturals Decking,"TREX®, 1nx6-12' Honey Grove Grooved - Trex Enhance Naturals Decking, Part Number: 1513719, Finish / Color: Honey Grove, Product Line / Series: Enhance",Trex® 1513719 1Nx6-12' Honey Grove Grooved - Trex Enhance Naturals Decking,"TREX®, 1nx6-12' Honey Grove Grooved - Trex Enhance Naturals Decking, Part Number: 1513719, Finish / Color: Honey Grove, Product Line / Series: Enhance",Finish / Color: Honey Grove,Product Line / Series: Enhance,,,,,Deck Boards & Fascia,Finish / Color,Honey Grove,,Product Line / Series,Enhance,,,,,,,30151508,,1,EA,TREX_1513719.jpg,TREX_1513719_1.jpg,TREX_1513719_2.jpg,TREX_1513719_3.jpg,TREX_1513719_4.jpg,TREX_1513719_Specification_Sheet.pdf,No,Yes
,1513720,Building Materials,Decking & Railing,Composite & PVC Decking,1513720,1513720,1nx6-16' Honey Grove Grooved - Trex Enhance Naturals Decking,TREX,,Boise Cascade Building Materials (BOICA),Trex Company Inc,TREX®,Transcend® Lineage™,1513720,Building Materials > Decking & Railing > Composite & PVC Decking > Deck Boards & Fascia,"Trex Company Inc Trex, 1Nx6, 16' Honey Grove Grooved, Trex Enhance Naturals",1NX6-16' HONEY GROVE GROOVED - TREX,Trex® 1513720 1Nx6-16' Honey Grove Grooved - Trex Enhance Naturals Decking,"TREX®, 1nx6-16' Honey Grove Grooved - Trex Enhance Naturals Decking, Part Number: 1513720, Finish / Color: Honey Grove, Product Line / Series: Enhance",Trex® 1513720 1Nx6-16' Honey Grove Grooved - Trex Enhance Naturals Decking,"TREX®, 1nx6-16' Honey Grove Grooved - Trex Enhance Naturals Decking, Part Number: 1513720, Finish / Color: Honey Grove, Product Line / Series: Enhance",Finish / Color: Honey Grove,Product Line / Series: Enhance,,,,,Deck Boards & Fascia,Finish / Color,Honey Grove,,Product Line / Series,Enhance,,,,,,,30151508,,1,EA,TREX_1513720.jpg,TREX_1513720_1.jpg,TREX_1513720_2.jpg,TREX_1513720_3.jpg,TREX_1513720_4.jpg,TREX_1513720_Specification_Sheet.pdf,No,Yes
,1513721,Building Materials,Decking & Railing,Composite & PVC Decking,1513721,1513721,1nx6-20' Honey Grove Grooved - Trex Enhance Naturals Decking,TREX,,Boise Cascade Building Materials (BOICA),Trex Company Inc,TREX®,Transcend® Lineage™,1513721,Building Materials > Decking & Railing > Composite & PVC Decking > Deck Boards & Fascia,"Trex Company Inc Trex, 1Nx6, 20' Honey Grove Grooved, Trex Enhance Naturals",1NX6-20' HONEY GROVE GROOVED - TREX,Trex® 1513721 1Nx6-20' Honey Grove Grooved - Trex Enhance Naturals Decking,"TREX®, 1nx6-20' Honey Grove Grooved - Trex Enhance Naturals Decking, Part Number: 1513721, Finish / Color: Honey Grove, Product Line / Series: Enhance",Trex® 1513721 1Nx6-20' Honey Grove Grooved - Trex Enhance Naturals Decking,"TREX®, 1nx6-20' Honey Grove Grooved - Trex Enhance Naturals Decking, Part Number: 1513721, Finish / Color: Honey Grove, Product Line / Series: Enhance",Finish / Color: Honey Grove,Product Line / Series: Enhance,,,,,Deck Boards & Fascia,Finish / Color,Honey Grove,,Product Line / Series,Enhance,,,,,,,30151508,,1,EA,TREX_1513721.jpg,TREX_1513721_1.jpg,TREX_1513721_2.jpg,TREX_1513721_3.jpg,TREX_1513721_4.jpg,TREX_1513721_Specification_Sheet.pdf,No,Yes
,1513724,Building Materials,Decking & Railing,Composite & PVC Decking,1513724,1513724,1nx6-16' Tide Pool Sq Edge - Trex Enhance Basics Decking,TREX,,Boise Cascade Building Materials (BOICA),Trex Company Inc,TREX®,Transcend® Lineage™,1513724,Building Materials > Decking & Railing > Composite & PVC Decking > Deck Boards & Fascia,"Trex Company Inc Trex, 1Nx6, 16' Tide Pool Sq Edge, Trex Enhance Basics",1NX6-16' TIDE POOL SQ EDGE - TREX,Trex® 1513724 1Nx6-16' Tide Pool Sq Edge - Trex Enhance Basics Decking,"TREX®, 1nx6-16' Tide Pool Sq Edge - Trex Enhance Basics Decking, Part Number: 1513724, Finish / Color: Tide Pool, Product Line / Series: Enhance",Trex® 1513724 1Nx6-16' Tide Pool Sq Edge - Trex Enhance Basics Decking,"TREX®, 1nx6-16' Tide Pool Sq Edge - Trex Enhance Basics Decking, Part Number: 1513724, Finish / Color: Tide Pool, Product Line / Series: Enhance",Finish / Color: Tide Pool,Product Line / Series: Enhance,,,,,Deck Boards & Fascia,Finish / Color,Tide Pool,,Product Line / Series,Enhance,,,,,,,30151508,,1,EA,TREX_1513724.jpg,TREX_1513724_1.jpg,TREX_1513724_2.jpg,TREX_1513724_3.jpg,TREX_1513724_4.jpg,TREX_1513724_Specification_Sheet.pdf,No,Yes
,1513725,Building Materials,Decking & Railing,Composite & PVC Decking,1513725,1513725,1nx6-20' Tide Pool Sq Edge - Trex Enhance Basics Decking,TREX,,Boise Cascade Building Materials (BOICA),Trex Company Inc,TREX®,Transcend® Lineage™,1513725,Building Materials > Decking & Railing > Composite & PVC Decking > Deck Boards & Fascia,"Trex Company Inc Trex, 1Nx6, 20' Tide Pool Sq Edge, Trex Enhance Basics",1NX6-20' TIDE POOL SQ EDGE - TREX,Trex® 1513725 1Nx6-20' Tide Pool Sq Edge - Trex Enhance Basics Decking,"TREX®, 1nx6-20' Tide Pool Sq Edge - Trex Enhance Basics Decking, Part Number: 1513725, Finish / Color: Tide Pool, Product Line / Series: Enhance",Trex® 1513725 1Nx6-20' Tide Pool Sq Edge - Trex Enhance Basics Decking,"TREX®, 1nx6-20' Tide Pool Sq Edge - Trex Enhance Basics Decking, Part Number: 1513725, Finish / Color: Tide Pool, Product Line / Series: Enhance",Finish / Color: Tide Pool,Product Line / Series: Enhance,,,,,Deck Boards & Fascia,Finish / Color,Tide Pool,,Product Line / Series,Enhance,,,,,,,30151508,,1,EA,TREX_1513725.jpg,TREX_1513725_1.jpg,TREX_1513725_2.jpg,TREX_1513725_3.jpg,TREX_1513725_4.jpg,TREX_1513725_Specification_Sheet.pdf,No,Yes
,1513726,Building Materials,Decking & Railing,Composite & PVC Decking,1513726,1513726,1nx6-12' Tide Pool Grooved - Trex Enhance Basics Decking,TREX,,Boise Cascade Building Materials (BOICA),Trex Company Inc,TREX®,Transcend® Lineage™,1513726,Building Materials > Decking & Railing > Composite & PVC Decking > Deck Boards & Fascia,"Trex Company Inc Trex, 1Nx6, 12' Tide Pool Grooved, Trex Enhance Basics",1NX6-12' TIDE POOL GROOVED - TREX,Trex® 1513726 1Nx6-12' Tide Pool Grooved - Trex Enhance Basics Decking,"TREX®, 1nx6-12' Tide Pool Grooved - Trex Enhance Basics Decking, Part Number: 1513726, Finish / Color: Tide Pool, Product Line / Series: Enhance",Trex® 1513726 1Nx6-12' Tide Pool Grooved - Trex Enhance Basics Decking,"TREX®, 1nx6-12' Tide Pool Grooved - Trex Enhance Basics Decking, Part Number: 1513726, Finish / Color: Tide Pool, Product Line / Series: Enhance",Finish / Color: Tide Pool,Product Line / Series: Enhance,,,,,Deck Boards & Fascia,Finish / Color,Tide Pool,,Product Line / Series,Enhance,,,,,,,30151508,,1,EA,TREX_1513726.jpg,TREX_1513726_1.jpg,TREX_1513726_2.jpg,TREX_1513726_3.jpg,TREX_1513726_4.jpg,TREX_1513726_Specification_Sheet.pdf,No,Yes
,1513727,Building Materials,Decking & Railing,Composite & PVC Decking,1513727,1513727,1nx6-16' Tide Pool Grooved - Trex Enhance Basics Decking,TREX,,Boise Cascade Building Materials (BOICA),Trex Company Inc,TREX®,Transcend® Lineage™,1513727,Building Materials > Decking & Railing > Composite & PVC Decking > Deck Boards & Fascia,"Trex Company Inc Trex, 1Nx6, 16' Tide Pool Grooved, Trex Enhance Basics",1NX6-16' TIDE POOL GROOVED - TREX,Trex® 1513727 1Nx6-16' Tide Pool Grooved - Trex Enhance Basics Decking,"TREX®, 1nx6-16' Tide Pool Grooved - Trex Enhance Basics Decking, Part Number: 1513727, Finish / Color: Tide Pool, Product Line / Series: Enhance",Trex® 1513727 1Nx6-16' Tide Pool Grooved - Trex Enhance Basics Decking,"TREX®, 1nx6-16' Tide Pool Grooved - Trex Enhance Basics Decking, Part Number: 1513727, Finish / Color: Tide Pool, Product Line / Series: Enhance",Finish / Color: Tide Pool,Product Line / Series: Enhance,,,,,Deck Boards & Fascia,Finish / Color,Tide Pool,,Product Line / Series,Enhance,,,,,,,30151508,,1,EA,TREX_1513727.jpg,TREX_1513727_1.jpg,TREX_1513727_2.jpg,TREX_1513727_3.jpg,TREX_1513727_4.jpg,TREX_1513727_Specification_Sheet.pdf,No,Yes
,1513728,Building Materials,Decking & Railing,Composite & PVC Decking,1513728,1513728,1nx6-20' Tide Pool Grooved - Trex Enhance Basics Decking,TREX,,Boise Cascade Building Materials (BOICA),Trex Company Inc,TREX®,Transcend® Lineage™,1513728,Building Materials > Decking & Railing > Composite & PVC Decking > Deck Boards & Fascia,"Trex Company Inc Trex, 1Nx6, 20' Tide Pool Grooved, Trex Enhance Basics",1NX6-20' TIDE POOL GROOVED - TREX,Trex® 1513728 1Nx6-20' Tide Pool Grooved - Trex Enhance Basics Decking,"TREX®, 1nx6-20' Tide Pool Grooved - Trex Enhance Basics Decking, Part Number: 1513728, Finish / Color: Tide Pool, Product Line / Series: Enhance",Trex® 1513728 1Nx6-20' Tide Pool Grooved - Trex Enhance Basics Decking,"TREX®, 1nx6-20' Tide Pool Grooved - Trex Enhance Basics Decking, Part Number: 1513728, Finish / Color: Tide Pool, Product Line / Series: Enhance",Finish / Color: Tide Pool,Product Line / Series: Enhance,,,,,Deck Boards & Fascia,Finish / Color,Tide Pool,,Product Line / Series,Enhance,,,,,,,30151508,,1,EA,TREX_1513728.jpg,TREX_1513728_1.jpg,TREX_1513728_2.jpg,TREX_1513728_3.jpg,TREX_1513728_4.jpg,TREX_1513728_Specification_Sheet.pdf,No,Yes
,543076016,Building Materials,Decking & Railing,Composite & PVC Decking,543076016,543076016,1nx6-16' Cinnamon Cove Sq Edge - Trex Enhance Naturals Decking,TREX,,Boise Cascade Building Materials (BOICA),Trex Company Inc,TREX®,Transcend® Lineage™,543076016,Building Materials > Decking & Railing > Composite & PVC Decking > Deck Boards & Fascia,"Trex Company Inc Trex, 1Nx6, 16' Cinnamon Cove Sq Edge, Trex Enhance Naturals",1NX6-16' CINNAMON COVE SQ EDGE - TREX,Trex® 543076016 1Nx6-16' Cinnamon Cove Sq Edge - Trex Enhance Naturals Decking,"TREX®, 1nx6-16' Cinnamon Cove Sq Edge - Trex Enhance Naturals Decking, Part Number: 543076016, Finish / Color: Cinnamon Cove, Product Line / Series: Enhance",Trex® 543076016 1Nx6-16' Cinnamon Cove Sq Edge - Trex Enhance Naturals Decking,"TREX®, 1nx6-16' Cinnamon Cove Sq Edge - Trex Enhance Naturals Decking, Part Number: 543076016, Finish / Color: Cinnamon Cove, Product Line / Series: Enhance",Finish / Color: Cinnamon Cove,Product Line / Series: Enhance,,,,,Deck Boards & Fascia,Finish / Color,Cinnamon Cove,,Product Line / Series,Enhance,,,,,,,30151508,,1,EA,TREX_543076016.jpg,TREX_543076016_1.jpg,TREX_543076016_2.jpg,TREX_543076016_3.jpg,TREX_543076016_4.jpg,TREX_543076016_Specification_Sheet.pdf,No,Yes
,543076020,Building Materials,Decking & Railing,Composite & PVC Decking,543076020,543076020,1nx6-20' Cinnamon Cove Sq Edge - Trex Enhance Naturals Decking,TREX,,Boise Cascade Building Materials (BOICA),Trex Company Inc,TREX®,Transcend® Lineage™,543076020,Building Materials > Decking & Railing > Composite & PVC Decking > Deck Boards & Fascia,"Trex Company Inc Trex, 1Nx6, 20' Cinnamon Cove Sq Edge, Trex Enhance Naturals",1NX6-20' CINNAMON COVE SQ EDGE - TREX,Trex® 543076020 1Nx6-20' Cinnamon Cove Sq Edge - Trex Enhance Naturals Decking,"TREX®, 1nx6-20' Cinnamon Cove Sq Edge - Trex Enhance Naturals Decking, Part Number: 543076020, Finish / Color: Cinnamon Cove, Product Line / Series: Enhance",Trex® 543076020 1Nx6-20' Cinnamon Cove Sq Edge - Trex Enhance Naturals Decking,"TREX®, 1nx6-20' Cinnamon Cove Sq Edge - Trex Enhance Naturals Decking, Part Number: 543076020, Finish / Color: Cinnamon Cove, Product Line / Series: Enhance",Finish / Color: Cinnamon Cove,Product Line / Series: Enhance,,,,,Deck Boards & Fascia,Finish / Color,Cinnamon Cove,,Product Line / Series,Enhance,,,,,,,30151508,,1,EA,TREX_543076020.jpg,TREX_543076020_1.jpg,TREX_543076020_2.jpg,TREX_543076020_3.jpg,TREX_543076020_4.jpg,TREX_543076020_Specification_Sheet.pdf,No,Yes
,543076412,Building Materials,Decking & Railing,Composite & PVC Decking,543076412,543076412,1nx6-12' Cinnamon Cove Grooved - Trex Enhance Naturals Decking,TREX,,Boise Cascade Building Materials (BOICA),Trex Company Inc,TREX®,Transcend® Lineage™,543076412,Building Materials > Decking & Railing > Composite & PVC Decking > Deck Boards & Fascia,"Trex Company Inc Trex, 1Nx6, 12' Cinnamon Cove Grooved, Trex Enhance Naturals",1NX6-12' CINNAMON COVE GROOVED - TREX,Trex® 543076412 1Nx6-12' Cinnamon Cove Grooved - Trex Enhance Naturals Decking,"TREX®, 1nx6-12' Cinnamon Cove Grooved - Trex Enhance Naturals Decking, Part Number: 543076412, Finish / Color: Cinnamon Cove, Product Line / Series: Enhance",Trex® 543076412 1Nx6-12' Cinnamon Cove Grooved - Trex Enhance Naturals Decking,"TREX®, 1nx6-12' Cinnamon Cove Grooved - Trex Enhance Naturals Decking, Part Number: 543076412, Finish / Color: Cinnamon Cove, Product Line / Series: Enhance",Finish / Color: Cinnamon Cove,Product Line / Series: Enhance,,,,,Deck Boards & Fascia,Finish / Color,Cinnamon Cove,,Product Line / Series,Enhance,,,,,,,30151508,,1,EA,TREX_543076412.jpg,TREX_543076412_1.jpg,TREX_543076412_2.jpg,TREX_543076412_3.jpg,TREX_543076412_4.jpg,TREX_543076412_Specification_Sheet.pdf,No,Yes
,543076416,Building Materials,Decking & Railing,Composite & PVC Decking,543076416,543076416,1nx6-16' Cinnamon Cove Grooved - Trex Enhance Naturals Decking,TREX,,Boise Cascade Building Materials (BOICA),Trex Company Inc,TREX®,Transcend® Lineage™,543076416,Building Materials > Decking & Railing > Composite & PVC Decking > Deck Boards & Fascia,"Trex Company Inc Trex, 1Nx6, 16' Cinnamon Cove Grooved, Trex Enhance Naturals",1NX6-16' CINNAMON COVE GROOVED - TREX,Trex® 543076416 1Nx6-16' Cinnamon Cove Grooved - Trex Enhance Naturals Decking,"TREX®, 1nx6-16' Cinnamon Cove Grooved - Trex Enhance Naturals Decking, Part Number: 543076416, Finish / Color: Cinnamon Cove, Product Line / Series: Enhance",Trex® 543076416 1Nx6-16' Cinnamon Cove Grooved - Trex Enhance Naturals Decking,"TREX®, 1nx6-16' Cinnamon Cove Grooved - Trex Enhance Naturals Decking, Part Number: 543076416, Finish / Color: Cinnamon Cove, Product Line / Series: Enhance",Finish / Color: Cinnamon Cove,Product Line / Series: Enhance,,,,,Deck Boards & Fascia,Finish / Color,Cinnamon Cove,,Product Line / Series,Enhance,,,,,,,30151508,,1,EA,TREX_543076416.jpg,TREX_543076416_1.jpg,TREX_543076416_2.jpg,TREX_543076416_3.jpg,TREX_543076416_4.jpg,TREX_543076416_Specification_Sheet.pdf,No,Yes
,543076420,Building Materials,Decking & Railing,Composite & PVC Decking,543076420,543076420,1nx6-20' Cinnamon Cove Grooved - Trex Enhance Naturals Decking,TREX,,Boise Cascade Building Materials (BOICA),Trex Company Inc,TREX®,Transcend® Lineage™,543076420,Building Materials > Decking & Railing > Composite & PVC Decking > Deck Boards & Fascia,"Trex Company Inc Trex, 1Nx6, 20' Cinnamon Cove Grooved, Trex Enhance Naturals",1NX6-20' CINNAMON COVE GROOVED - TREX,Trex® 543076420 1Nx6-20' Cinnamon Cove Grooved - Trex Enhance Naturals Decking,"TREX®, 1nx6-20' Cinnamon Cove Grooved - Trex Enhance Naturals Decking, Part Number: 543076420, Finish / Color: Cinnamon Cove, Product Line / Series: Enhance",Trex® 543076420 1Nx6-20' Cinnamon Cove Grooved - Trex Enhance Naturals Decking,"TREX®, 1nx6-20' Cinnamon Cove Grooved - Trex Enhance Naturals Decking, Part Number: 543076420, Finish / Color: Cinnamon Cove, Product Line / Series: Enhance",Finish / Color: Cinnamon Cove,Product Line / Series: Enhance,,,,,Deck Boards & Fascia,Finish / Color,Cinnamon Cove,,Product Line / Series,Enhance,,,,,,,30151508,,1,EA,TREX_543076420.jpg,TREX_543076420_1.jpg,TREX_543076420_2.jpg,TREX_543076420_3.jpg,TREX_543076420_4.jpg,TREX_543076420_Specification_Sheet.pdf,No,Yes
,1516870,Building Materials,Decking & Railing,Composite & PVC Decking,1516870,1516870,1nx6-16' Golden Hour Sq Edge - Trex Enhance Naturals Decking,TREX,,Boise Cascade Building Materials (BOICA),Trex Company Inc,TREX®,Transcend® Lineage™,1516870,Building Materials > Decking & Railing > Composite & PVC Decking > Deck Boards & Fascia,"Trex Company Inc Trex, 1Nx6, 16' Golden Hour Sq Edge, Trex Enhance Naturals",1NX6-16' GOLDEN HOUR SQ EDGE - TREX,Trex® 1516870 1Nx6-16' Golden Hour Sq Edge - Trex Enhance Naturals Decking,"TREX®, 1nx6-16' Golden Hour Sq Edge - Trex Enhance Naturals Decking, Part Number: 1516870, Finish / Color: Golden Hour, Product Line / Series: Enhance",Trex® 1516870 1Nx6-16' Golden Hour Sq Edge - Trex Enhance Naturals Decking,"TREX®, 1nx6-16' Golden Hour Sq Edge - Trex Enhance Naturals Decking, Part Number: 1516870, Finish / Color: Golden Hour, Product Line / Series: Enhance",Finish / Color: Golden Hour,Product Line / Series: Enhance,,,,,Deck Boards & Fascia,Finish / Color,Golden Hour,,Product Line / Series,Enhance,,,,,,,30151508,,1,EA,TREX_1516870.jpg,TREX_1516870_1.jpg,TREX_1516870_2.jpg,TREX_1516870_3.jpg,TREX_1516870_4.jpg,TREX_1516870_Specification_Sheet.pdf,No,Yes
,1516871,Building Materials,Decking & Railing,Composite & PVC Decking,1516871,1516871,1nx6-20' Golden Hour Sq Edge - Trex Enhance Naturals Decking,TREX,,Boise Cascade Building Materials (BOICA),Trex Company Inc,TREX®,Transcend® Lineage™,1516871,Building Materials > Decking & Railing > Composite & PVC Decking > Deck Boards & Fascia,"Trex Company Inc Trex, 1Nx6, 20' Golden Hour Sq Edge, Trex Enhance Naturals",1NX6-20' GOLDEN HOUR SQ EDGE - TREX,Trex® 1516871 1Nx6-20' Golden Hour Sq Edge - Trex Enhance Naturals Decking,"TREX®, 1nx6-20' Golden Hour Sq Edge - Trex Enhance Naturals Decking, Part Number: 1516871, Finish / Color: Golden Hour, Product Line / Series: Enhance",Trex® 1516871 1Nx6-20' Golden Hour Sq Edge - Trex Enhance Naturals Decking,"TREX®, 1nx6-20' Golden Hour Sq Edge - Trex Enhance Naturals Decking, Part Number: 1516871, Finish / Color: Golden Hour, Product Line / Series: Enhance",Finish / Color: Golden Hour,Product Line / Series: Enhance,,,,,Deck Boards & Fascia,Finish / Color,Golden Hour,,Product Line / Series,Enhance,,,,,,,30151508,,1,EA,TREX_1516871.jpg,TREX_1516871_1.jpg,TREX_1516871_2.jpg,TREX_1516871_3.jpg,TREX_1516871_4.jpg,TREX_1516871_Specification_Sheet.pdf,No,Yes
,1516872,Building Materials,Decking & Railing,Composite & PVC Decking,1516872,1516872,1nx6-12' Golden Hour Grooved - Trex Enhance Naturals Decking,TREX,,Boise Cascade Building Materials (BOICA),Trex Company Inc,TREX®,Transcend® Lineage™,1516872,Building Materials > Decking & Railing > Composite & PVC Decking > Deck Boards & Fascia,"Trex Company Inc Trex, 1Nx6, 12' Golden Hour Grooved, Trex Enhance Naturals",1NX6-12' GOLDEN HOUR GROOVED - TREX,Trex® 1516872 1Nx6-12' Golden Hour Grooved - Trex Enhance Naturals Decking,"TREX®, 1nx6-12' Golden Hour Grooved - Trex Enhance Naturals Decking, Part Number: 1516872, Finish / Color: Golden Hour, Product Line / Series: Enhance",Trex® 1516872 1Nx6-12' Golden Hour Grooved - Trex Enhance Naturals Decking,"TREX®, 1nx6-12' Golden Hour Grooved - Trex Enhance Naturals Decking, Part Number: 1516872, Finish / Color: Golden Hour, Product Line / Series: Enhance",Finish / Color: Golden Hour,Product Line / Series: Enhance,,,,,Deck Boards & Fascia,Finish / Color,Golden Hour,,Product Line / Series,Enhance,,,,,,,30151508,,1,EA,TREX_1516872.jpg,TREX_1516872_1.jpg,TREX_1516872_2.jpg,TREX_1516872_3.jpg,TREX_1516872_4.jpg,TREX_1516872_Specification_Sheet.pdf,No,Yes
,1516873,Building Materials,Decking & Railing,Composite & PVC Decking,1516873,1516873,1nx6-16' Golden Hour Grooved - Trex Enhance Naturals Decking,TREX,,Boise Cascade Building Materials (BOICA),Trex Company Inc,TREX®,Transcend® Lineage™,1516873,Building Materials > Decking & Railing > Composite & PVC Decking > Deck Boards & Fascia,"Trex Company Inc Trex, 1Nx6, 16' Golden Hour Grooved, Trex Enhance Naturals",1NX6-16' GOLDEN HOUR GROOVED - TREX,Trex® 1516873 1Nx6-16' Golden Hour Grooved - Trex Enhance Naturals Decking,"TREX®, 1nx6-16' Golden Hour Grooved - Trex Enhance Naturals Decking, Part Number: 1516873, Finish / Color: Golden Hour, Product Line / Series: Enhance",Trex® 1516873 1Nx6-16' Golden Hour Grooved - Trex Enhance Naturals Decking,"TREX®, 1nx6-16' Golden Hour Grooved - Trex Enhance Naturals Decking, Part Number: 1516873, Finish / Color: Golden Hour, Product Line / Series: Enhance",Finish / Color: Golden Hour,Product Line / Series: Enhance,,,,,Deck Boards & Fascia,Finish / Color,Golden Hour,,Product Line / Series,Enhance,,,,,,,30151508,,1,EA,TREX_1516873.jpg,TREX_1516873_1.jpg,TREX_1516873_2.jpg,TREX_1516873_3.jpg,TREX_1516873_4.jpg,TREX_1516873_Specification_Sheet.pdf,No,Yes
,1516874,Building Materials,Decking & Railing,Composite & PVC Decking,1516874,1516874,1nx6-20' Golden Hour Grooved - Trex Enhance Naturals Decking,TREX,,Boise Cascade Building Materials (BOICA),Trex Company Inc,TREX®,Transcend® Lineage™,1516874,Building Materials > Decking & Railing > Composite & PVC Decking > Deck Boards & Fascia,"Trex Company Inc Trex, 1Nx6, 20' Golden Hour Grooved, Trex Enhance Naturals",1NX6-20' GOLDEN HOUR GROOVED - TREX,Trex® 1516874 1Nx6-20' Golden Hour Grooved - Trex Enhance Naturals Decking,"TREX®, 1nx6-20' Golden Hour Grooved - Trex Enhance Naturals Decking, Part Number: 1516874, Finish / Color: Golden Hour, Product Line / Series: Enhance",Trex® 1516874 1Nx6-20' Golden Hour Grooved - Trex Enhance Naturals Decking,"TREX®, 1nx6-20' Golden Hour Grooved - Trex Enhance Naturals Decking, Part Number: 1516874, Finish / Color: Golden Hour, Product Line / Series: Enhance",Finish / Color: Golden Hour,Product Line / Series: Enhance,,,,,Deck Boards & Fascia,Finish / Color,Golden Hour,,Product Line / Series,Enhance,,,,,,,30151508,,1,EA,TREX_1516874.jpg,TREX_1516874_1.jpg,TREX_1516874_2.jpg,TREX_1516874_3.jpg,TREX_1516874_4.jpg,TREX_1516874_Specification_Sheet.pdf,No,Yes
,1516879,Building Materials,Decking & Railing,Composite & PVC Decking,1516879,1516879,1nx6-16' Pebble Beach Sq Edge - Trex Enhance Basics Decking,TREX,,Boise Cascade Building Materials (BOICA),Trex Company Inc,TREX®,Transcend® Lineage™,1516879,Building Materials > Decking & Railing > Composite & PVC Decking > Deck Boards & Fascia,"Trex Company Inc Trex, 1Nx6, 16' Pebble Beach Sq Edge, Trex Enhance Basics",1NX6-16' PEBBLE BEACH SQ EDGE - TREX,Trex® 1516879 1Nx6-16' Pebble Beach Sq Edge - Trex Enhance Basics Decking,"TREX®, 1nx6-16' Pebble Beach Sq Edge - Trex Enhance Basics Decking, Part Number: 1516879, Product Line / Series: Enhance",Trex® 1516879 1Nx6-16' Pebble Beach Sq Edge - Trex Enhance Basics Decking,"TREX®, 1nx6-16' Pebble Beach Sq Edge - Trex Enhance Basics Decking, Part Number: 1516879, Product Line / Series: Enhance",Product Line / Series: Enhance,,,,,,Deck Boards & Fascia,Product Line / Series,Enhance,,,,,,,,,,30151508,,1,EA,TREX_1516879.jpg,TREX_1516879_1.jpg,TREX_1516879_2.jpg,TREX_1516879_3.jpg,TREX_1516879_4.jpg,TREX_1516879_Specification_Sheet.pdf,No,Yes
,1516880,Building Materials,Decking & Railing,Composite & PVC Decking,1516880,1516880,1nx6-20' Pebble Beach Sq Edge - Trex Enhance Basics Decking,TREX,,Boise Cascade Building Materials (BOICA),Trex Company Inc,TREX®,Transcend® Lineage™,1516880,Building Materials > Decking & Railing > Composite & PVC Decking > Deck Boards & Fascia,"Trex Company Inc Trex, 1Nx6, 20' Pebble Beach Sq Edge, Trex Enhance Basics",1NX6-20' PEBBLE BEACH SQ EDGE - TREX,Trex® 1516880 1Nx6-20' Pebble Beach Sq Edge - Trex Enhance Basics Decking,"TREX®, 1nx6-20' Pebble Beach Sq Edge - Trex Enhance Basics Decking, Part Number: 1516880, Product Line / Series: Enhance",Trex® 1516880 1Nx6-20' Pebble Beach Sq Edge - Trex Enhance Basics Decking,"TREX®, 1nx6-20' Pebble Beach Sq Edge - Trex Enhance Basics Decking, Part Number: 1516880, Product Line / Series: Enhance",Product Line / Series: Enhance,,,,,,Deck Boards & Fascia,Product Line / Series,Enhance,,,,,,,,,,30151508,,1,EA,TREX_1516880.jpg,TREX_1516880_1.jpg,TREX_1516880_2.jpg,TREX_1516880_3.jpg,TREX_1516880_4.jpg,TREX_1516880_Specification_Sheet.pdf,No,Yes
,1516881,Building Materials,Decking & Railing,Composite & PVC Decking,1516881,1516881,1nx6-12' Pebble Beach Grooved - Trex Enhance Basics Decking,TREX,,Boise Cascade Building Materials (BOICA),Trex Company Inc,TREX®,Transcend® Lineage™,1516881,Building Materials > Decking & Railing > Composite & PVC Decking > Deck Boards & Fascia,"Trex Company Inc Trex, 1Nx6, 12' Pebble Beach Grooved, Trex Enhance Basics",1NX6-12' PEBBLE BEACH GROOVED - TREX,Trex® 1516881 1Nx6-12' Pebble Beach Grooved - Trex Enhance Basics Decking,"TREX®, 1nx6-12' Pebble Beach Grooved - Trex Enhance Basics Decking, Part Number: 1516881, Product Line / Series: Enhance",Trex® 1516881 1Nx6-12' Pebble Beach Grooved - Trex Enhance Basics Decking,"TREX®, 1nx6-12' Pebble Beach Grooved - Trex Enhance Basics Decking, Part Number: 1516881, Product Line / Series: Enhance",Product Line / Series: Enhance,,,,,,Deck Boards & Fascia,Product Line / Series,Enhance,,,,,,,,,,30151508,,1,EA,TREX_1516881.jpg,TREX_1516881_1.jpg,TREX_1516881_2.jpg,TREX_1516881_3.jpg,TREX_1516881_4.jpg,TREX_1516881_Specification_Sheet.pdf,No,Yes
,1516882,Building Materials,Decking & Railing,Composite & PVC Decking,1516882,1516882,1nx6-16' Pebble Beach Grooved - Trex Enhance Basics Decking,TREX,,Boise Cascade Building Materials (BOICA),Trex Company Inc,TREX®,Transcend® Lineage™,1516882,Building Materials > Decking & Railing > Composite & PVC Decking > Deck Boards & Fascia,"Trex Company Inc Trex, 1Nx6, 16' Pebble Beach Grooved, Trex Enhance Basics",1NX6-16' PEBBLE BEACH GROOVED - TREX,Trex® 1516882 1Nx6-16' Pebble Beach Grooved - Trex Enhance Basics Decking,"TREX®, 1nx6-16' Pebble Beach Grooved - Trex Enhance Basics Decking, Part Number: 1516882, Product Line / Series: Enhance",Trex® 1516882 1Nx6-16' Pebble Beach Grooved - Trex Enhance Basics Decking,"TREX®, 1nx6-16' Pebble Beach Grooved - Trex Enhance Basics Decking, Part Number: 1516882, Product Line / Series: Enhance",Product Line / Series: Enhance,,,,,,Deck Boards & Fascia,Product Line / Series,Enhance,,,,,,,,,,30151508,,1,EA,TREX_1516882.jpg,TREX_1516882_1.jpg,TREX_1516882_2.jpg,TREX_1516882_3.jpg,TREX_1516882_4.jpg,TREX_1516882_Specification_Sheet.pdf,No,Yes
,1516883,Building Materials,Decking & Railing,Composite & PVC Decking,1516883,1516883,1nx6-20' Pebble Beach Grooved - Trex Enhance Basics Decking,TREX,,Boise Cascade Building Materials (BOICA),Trex Company Inc,TREX®,Transcend® Lineage™,1516883,Building Materials > Decking & Railing > Composite & PVC Decking > Deck Boards & Fascia,"Trex Company Inc Trex, 1Nx6, 20' Pebble Beach Grooved, Trex Enhance Basics",1NX6-20' PEBBLE BEACH GROOVED - TREX,Trex® 1516883 1Nx6-20' Pebble Beach Grooved - Trex Enhance Basics Decking,"TREX®, 1nx6-20' Pebble Beach Grooved - Trex Enhance Basics Decking, Part Number: 1516883, Product Line / Series: Enhance",Trex® 1516883 1Nx6-20' Pebble Beach Grooved - Trex Enhance Basics Decking,"TREX®, 1nx6-20' Pebble Beach Grooved - Trex Enhance Basics Decking, Part Number: 1516883, Product Line / Series: Enhance",Product Line / Series: Enhance,,,,,,Deck Boards & Fascia,Product Line / Series,Enhance,,,,,,,,,,30151508,,1,EA,TREX_1516883.jpg,TREX_1516883_1.jpg,TREX_1516883_2.jpg,TREX_1516883_3.jpg,TREX_1516883_4.jpg,TREX_1516883_Specification_Sheet.pdf,No,Yes
,543005016,Building Materials,Decking & Railing,Composite & PVC Decking,543005016,543005016,7/8nx6-16' Malted Barley Sq Edge - Trex Select 2.0 Decking,TREX,,Boise Cascade Building Materials (BOICA),Trex Company Inc,TREX®,Transcend® Lineage™,543005016,Building Materials > Decking & Railing > Composite & PVC Decking > Deck Boards & Fascia,"Trex Company Inc Trex, 7/8Nx6, 16' Malted Barley Sq Edge, Trex Select 2.0",7/8NX6-16' MALTED BARLEY SQ EDGE - TREX,Trex® 543005016 7/8Nx6-16' Malted Barley Sq Edge - Trex Select 2.0 Decking,"TREX®, 7/8nx6-16' Malted Barley Sq Edge - Trex Select 2.0 Decking, Part Number: 543005016, Finish / Color: Malted Barley, Product Line / Series: Select",Trex® 543005016 7/8Nx6-16' Malted Barley Sq Edge - Trex Select 2.0 Decking,"TREX®, 7/8nx6-16' Malted Barley Sq Edge - Trex Select 2.0 Decking, Part Number: 543005016, Finish / Color: Malted Barley, Product Line / Series: Select",Finish / Color: Malted Barley,Product Line / Series: Select,,,,,Deck Boards & Fascia,Finish / Color,Malted Barley,,Product Line / Series,Select,,,,,,,30151508,,1,EA,TREX_543005016.jpg,TREX_543005016_1.jpg,TREX_543005016_2.jpg,TREX_543005016_3.jpg,TREX_543005016_4.jpg,TREX_543005016_Specification_Sheet.pdf,No,Yes
,543005020,Building Materials,Decking & Railing,Composite & PVC Decking,543005020,543005020,7/8nx6-20' Malted Barley Sq Edge - Trex Select 2.0 Decking,TREX,,Boise Cascade Building Materials (BOICA),Trex Company Inc,TREX®,Transcend® Lineage™,543005020,Building Materials > Decking & Railing > Composite & PVC Decking > Deck Boards & Fascia,"Trex Company Inc Trex, 7/8Nx6, 20' Malted Barley Sq Edge, Trex Select 2.0",7/8NX6-20' MALTED BARLEY SQ EDGE - TREX,Trex® 543005020 7/8Nx6-20' Malted Barley Sq Edge - Trex Select 2.0 Decking,"TREX®, 7/8nx6-20' Malted Barley Sq Edge - Trex Select 2.0 Decking, Part Number: 543005020, Finish / Color: Malted Barley, Product Line / Series: Select",Trex® 543005020 7/8Nx6-20' Malted Barley Sq Edge - Trex Select 2.0 Decking,"TREX®, 7/8nx6-20' Malted Barley Sq Edge - Trex Select 2.0 Decking, Part Number: 543005020, Finish / Color: Malted Barley, Product Line / Series: Select",Finish / Color: Malted Barley,Product Line / Series: Select,,,,,Deck Boards & Fascia,Finish / Color,Malted Barley,,Product Line / Series,Select,,,,,,,30151508,,1,EA,TREX_543005020.jpg,TREX_543005020_1.jpg,TREX_543005020_2.jpg,TREX_543005020_3.jpg,TREX_543005020_4.jpg,TREX_543005020_Specification_Sheet.pdf,No,Yes
,543005412,Building Materials,Decking & Railing,Composite & PVC Decking,543005412,543005412,7/8nx6-12' Malted Barley Grooved - Trex Select 2.0 Decking,TREX,,Boise Cascade Building Materials (BOICA),Trex Company Inc,TREX®,Transcend® Lineage™,543005412,Building Materials > Decking & Railing > Composite & PVC Decking > Deck Boards & Fascia,"Trex Company Inc Trex, 7/8Nx6, 12' Malted Barley Grooved, Trex Select 2.0",7/8NX6-12' MALTED BARLEY GROOVED - TREX,Trex® 543005412 7/8Nx6-12' Malted Barley Grooved - Trex Select 2.0 Decking,"TREX®, 7/8nx6-12' Malted Barley Grooved - Trex Select 2.0 Decking, Part Number: 543005412, Finish / Color: Malted Barley, Product Line / Series: Select",Trex® 543005412 7/8Nx6-12' Malted Barley Grooved - Trex Select 2.0 Decking,"TREX®, 7/8nx6-12' Malted Barley Grooved - Trex Select 2.0 Decking, Part Number: 543005412, Finish / Color: Malted Barley, Product Line / Series: Select",Finish / Color: Malted Barley,Product Line / Series: Select,,,,,Deck Boards & Fascia,Finish / Color,Malted Barley,,Product Line / Series,Select,,,,,,,30151508,,1,EA,TREX_543005412.jpg,TREX_543005412_1.jpg,TREX_543005412_2.jpg,TREX_543005412_3.jpg,TREX_543005412_4.jpg,TREX_543005412_Specification_Sheet.pdf,No,Yes
,543005416,Building Materials,Decking & Railing,Composite & PVC Decking,543005416,543005416,7/8nx6-16' Malted Barley Grooved - Trex Select 2.0 Decking,TREX,,Boise Cascade Building Materials (BOICA),Trex Company Inc,TREX®,Transcend® Lineage™,543005416,Building Materials > Decking & Railing > Composite & PVC Decking > Deck Boards & Fascia,"Trex Company Inc Trex, 7/8Nx6, 16' Malted Barley Grooved, Trex Select 2.0",7/8NX6-16' MALTED BARLEY GROOVED - TREX,Trex® 543005416 7/8Nx6-16' Malted Barley Grooved - Trex Select 2.0 Decking,"TREX®, 7/8nx6-16' Malted Barley Grooved - Trex Select 2.0 Decking, Part Number: 543005416, Finish / Color: Malted Barley, Product Line / Series: Select",Trex® 543005416 7/8Nx6-16' Malted Barley Grooved - Trex Select 2.0 Decking,"TREX®, 7/8nx6-16' Malted Barley Grooved - Trex Select 2.0 Decking, Part Number: 543005416, Finish / Color: Malted Barley, Product Line / Series: Select",Finish / Color: Malted Barley,Product Line / Series: Select,,,,,Deck Boards & Fascia,Finish / Color,Malted Barley,,Product Line / Series,Select,,,,,,,30151508,,1,EA,TREX_543005416.jpg,TREX_543005416_1.jpg,TREX_543005416_2.jpg,TREX_543005416_3.jpg,TREX_543005416_4.jpg,TREX_543005416_Specification_Sheet.pdf,No,Yes
,543005420,Building Materials,Decking & Railing,Composite & PVC Decking,543005420,543005420,7/8nx6-20' Malted Barley Grooved - Trex Select 2.0 Decking,TREX,,Boise Cascade Building Materials (BOICA),Trex Company Inc,TREX®,Transcend® Lineage™,543005420,Building Materials > Decking & Railing > Composite & PVC Decking > Deck Boards & Fascia,"Trex Company Inc Trex, 7/8Nx6, 20' Malted Barley Grooved, Trex Select 2.0",7/8NX6-20' MALTED BARLEY GROOVED - TREX,Trex® 543005420 7/8Nx6-20' Malted Barley Grooved - Trex Select 2.0 Decking,"TREX®, 7/8nx6-20' Malted Barley Grooved - Trex Select 2.0 Decking, Part Number: 543005420, Finish / Color: Malted Barley, Product Line / Series: Select",Trex® 543005420 7/8Nx6-20' Malted Barley Grooved - Trex Select 2.0 Decking,"TREX®, 7/8nx6-20' Malted Barley Grooved - Trex Select 2.0 Decking, Part Number: 543005420, Finish / Color: Malted Barley, Product Line / Series: Select",Finish / Color: Malted Barley,Product Line / Series: Select,,,,,Deck Boards & Fascia,Finish / Color,Malted Barley,,Product Line / Series,Select,,,,,,,30151508,,1,EA,TREX_543005420.jpg,TREX_543005420_1.jpg,TREX_543005420_2.jpg,TREX_543005420_3.jpg,TREX_543005420_4.jpg,TREX_543005420_Specification_Sheet.pdf,No,Yes
,1516891,Building Materials,Decking & Railing,Composite & PVC Decking,1516891,1516891,7/8nx6-16' Millstone Sq Edge - Trex Select 2.0 Decking,TREX,,Boise Cascade Building Materials (BOICA),Trex Company Inc,TREX®,Transcend® Lineage™,1516891,Building Materials > Decking & Railing > Composite & PVC Decking > Deck Boards & Fascia,"Trex Company Inc Trex, 7/8Nx6, 16' Millstone Sq Edge, Trex Select 2.0 Decking,",7/8NX6-16' MILLSTONE SQ EDGE - TREX,Trex® 1516891 7/8Nx6-16' Millstone Sq Edge - Trex Select 2.0 Decking,"TREX®, 7/8nx6-16' Millstone Sq Edge - Trex Select 2.0 Decking, Part Number: 1516891, Finish / Color: Millstone, Product Line / Series: Select",Trex® 1516891 7/8Nx6-16' Millstone Sq Edge - Trex Select 2.0 Decking,"TREX®, 7/8nx6-16' Millstone Sq Edge - Trex Select 2.0 Decking, Part Number: 1516891, Finish / Color: Millstone, Product Line / Series: Select",Finish / Color: Millstone,Product Line / Series: Select,,,,,Deck Boards & Fascia,Finish / Color,Millstone,,Product Line / Series,Select,,,,,,,30151508,,1,EA,TREX_1516891.jpg,TREX_1516891_1.jpg,TREX_1516891_2.jpg,TREX_1516891_3.jpg,TREX_1516891_4.jpg,TREX_1516891_Specification_Sheet.pdf,No,Yes
,1516892,Building Materials,Decking & Railing,Composite & PVC Decking,1516892,1516892,7/8nx6-20' Millstone Sq Edge -Trex Select 2.0 Decking,TREX,,Boise Cascade Building Materials (BOICA),Trex Company Inc,TREX®,Transcend® Lineage™,1516892,Building Materials > Decking & Railing > Composite & PVC Decking > Deck Boards & Fascia,"Trex Company Inc Trex, 7/8Nx6, 20' Millstone Sq Edge, Trex Select 2.0 Decking,",7/8NX6-20' MILLSTONE SQ EDGE -TREX,Trex® 1516892 7/8Nx6-20' Millstone Sq Edge -Trex Select 2.0 Decking,"TREX®, 7/8nx6-20' Millstone Sq Edge -Trex Select 2.0 Decking, Part Number: 1516892, Finish / Color: Millstone, Product Line / Series: Select",Trex® 1516892 7/8Nx6-20' Millstone Sq Edge -Trex Select 2.0 Decking,"TREX®, 7/8nx6-20' Millstone Sq Edge -Trex Select 2.0 Decking, Part Number: 1516892, Finish / Color: Millstone, Product Line / Series: Select",Finish / Color: Millstone,Product Line / Series: Select,,,,,Deck Boards & Fascia,Finish / Color,Millstone,,Product Line / Series,Select,,,,,,,30151508,,1,EA,TREX_1516892.jpg,TREX_1516892_1.jpg,TREX_1516892_2.jpg,TREX_1516892_3.jpg,TREX_1516892_4.jpg,TREX_1516892_Specification_Sheet.pdf,No,Yes
,1516893,Building Materials,Decking & Railing,Composite & PVC Decking,1516893,1516893,7/8nx6-12' Millstone Grooved - Trex Select 2.0 Decking,TREX,,Boise Cascade Building Materials (BOICA),Trex Company Inc,TREX®,Transcend® Lineage™,1516893,Building Materials > Decking & Railing > Composite & PVC Decking > Deck Boards & Fascia,"Trex Company Inc Trex, 7/8Nx6, 12' Millstone Grooved, Trex Select 2.0 Decking,",7/8NX6-12' MILLSTONE GROOVED - TREX,Trex® 1516893 7/8Nx6-12' Millstone Grooved - Trex Select 2.0 Decking,"TREX®, 7/8nx6-12' Millstone Grooved - Trex Select 2.0 Decking, Part Number: 1516893, Finish / Color: Millstone, Product Line / Series: Select",Trex® 1516893 7/8Nx6-12' Millstone Grooved - Trex Select 2.0 Decking,"TREX®, 7/8nx6-12' Millstone Grooved - Trex Select 2.0 Decking, Part Number: 1516893, Finish / Color: Millstone, Product Line / Series: Select",Finish / Color: Millstone,Product Line / Series: Select,,,,,Deck Boards & Fascia,Finish / Color,Millstone,,Product Line / Series,Select,,,,,,,30151508,,1,EA,TREX_1516893.jpg,TREX_1516893_1.jpg,TREX_1516893_2.jpg,TREX_1516893_3.jpg,TREX_1516893_4.jpg,TREX_1516893_Specification_Sheet.pdf,No,Yes
,1516894,Building Materials,Decking & Railing,Composite & PVC Decking,1516894,1516894,7/8nx6-16' Millstone Grooved - Trex Select 2.0 Decking,TREX,,Boise Cascade Building Materials (BOICA),Trex Company Inc,TREX®,Transcend® Lineage™,1516894,Building Materials > Decking & Railing > Composite & PVC Decking > Deck Boards & Fascia,"Trex Company Inc Trex, 7/8Nx6, 16' Millstone Grooved, Trex Select 2.0 Decking,",7/8NX6-16' MILLSTONE GROOVED - TREX,Trex® 1516894 7/8Nx6-16' Millstone Grooved - Trex Select 2.0 Decking,"TREX®, 7/8nx6-16' Millstone Grooved - Trex Select 2.0 Decking, Part Number: 1516894, Finish / Color: Millstone, Product Line / Series: Select",Trex® 1516894 7/8Nx6-16' Millstone Grooved - Trex Select 2.0 Decking,"TREX®, 7/8nx6-16' Millstone Grooved - Trex Select 2.0 Decking, Part Number: 1516894, Finish / Color: Millstone, Product Line / Series: Select",Finish / Color: Millstone,Product Line / Series: Select,,,,,Deck Boards & Fascia,Finish / Color,Millstone,,Product Line / Series,Select,,,,,,,30151508,,1,EA,TREX_1516894.jpg,TREX_1516894_1.jpg,TREX_1516894_2.jpg,TREX_1516894_3.jpg,TREX_1516894_4.jpg,TREX_1516894_Specification_Sheet.pdf,No,Yes
,1516895,Building Materials,Decking & Railing,Composite & PVC Decking,1516895,1516895,7/8nx6-20' Millstone Grooved - Trex Select 2.0 Decking,TREX,,Boise Cascade Building Materials (BOICA),Trex Company Inc,TREX®,Transcend® Lineage™,1516895,Building Materials > Decking & Railing > Composite & PVC Decking > Deck Boards & Fascia,"Trex Company Inc Trex, 7/8Nx6, 20' Millstone Grooved, Trex Select 2.0 Decking,",7/8NX6-20' MILLSTONE GROOVED - TREX,Trex® 1516895 7/8Nx6-20' Millstone Grooved - Trex Select 2.0 Decking,"TREX®, 7/8nx6-20' Millstone Grooved - Trex Select 2.0 Decking, Part Number: 1516895, Finish / Color: Millstone, Product Line / Series: Select",Trex® 1516895 7/8Nx6-20' Millstone Grooved - Trex Select 2.0 Decking,"TREX®, 7/8nx6-20' Millstone Grooved - Trex Select 2.0 Decking, Part Number: 1516895, Finish / Color: Millstone, Product Line / Series: Select",Finish / Color: Millstone,Product Line / Series: Select,,,,,Deck Boards & Fascia,Finish / Color,Millstone,,Product Line / Series,Select,,,,,,,30151508,,1,EA,TREX_1516895.jpg,TREX_1516895_1.jpg,TREX_1516895_2.jpg,TREX_1516895_3.jpg,TREX_1516895_4.jpg,TREX_1516895_Specification_Sheet.pdf,No,Yes
,543007016,Building Materials,Decking & Railing,Composite & PVC Decking,543007016,543007016,7/8nx6-16' Whiskey Barrel Sq Edge - Trex Select 2.0 Decking,TREX,,Boise Cascade Building Materials (BOICA),Trex Company Inc,TREX®,Transcend® Lineage™,543007016,Building Materials > Decking & Railing > Composite & PVC Decking > Deck Boards & Fascia,"Trex Company Inc Trex, 7/8Nx6, 16' Whiskey Barrel Sq Edge, Trex Select 2.0",7/8NX6-16' WHISKEY BARREL SQ EDGE -,Trex® 543007016 7/8Nx6-16' Whiskey Barrel Sq Edge - Trex Select 2.0 Decking,"TREX®, 7/8nx6-16' Whiskey Barrel Sq Edge - Trex Select 2.0 Decking, Part Number: 543007016, Finish / Color: Whiskey Barrel, Product Line / Series: Select",Trex® 543007016 7/8Nx6-16' Whiskey Barrel Sq Edge - Trex Select 2.0 Decking,"TREX®, 7/8nx6-16' Whiskey Barrel Sq Edge - Trex Select 2.0 Decking, Part Number: 543007016, Finish / Color: Whiskey Barrel, Product Line / Series: Select",Finish / Color: Whiskey Barrel,Product Line / Series: Select,,,,,Deck Boards & Fascia,Finish / Color,Whiskey Barrel,,Product Line / Series,Select,,,,,,,30151508,,1,EA,TREX_543007016.jpg,TREX_543007016_1.jpg,TREX_543007016_2.jpg,TREX_543007016_3.jpg,TREX_543007016_4.jpg,TREX_543007016_Specification_Sheet.pdf,No,Yes
,543007020,Building Materials,Decking & Railing,Composite & PVC Decking,543007020,543007020,7/8nx6-20' Whiskey Barrel Sq Edge - Trex Select 2.0 Decking,TREX,,Boise Cascade Building Materials (BOICA),Trex Company Inc,TREX®,Transcend® Lineage™,543007020,Building Materials > Decking & Railing > Composite & PVC Decking > Deck Boards & Fascia,"Trex Company Inc Trex, 7/8Nx6, 20' Whiskey Barrel Sq Edge, Trex Select 2.0",7/8NX6-20' WHISKEY BARREL SQ EDGE -,Trex® 543007020 7/8Nx6-20' Whiskey Barrel Sq Edge - Trex Select 2.0 Decking,"TREX®, 7/8nx6-20' Whiskey Barrel Sq Edge - Trex Select 2.0 Decking, Part Number: 543007020, Finish / Color: Whiskey Barrel, Product Line / Series: Select",Trex® 543007020 7/8Nx6-20' Whiskey Barrel Sq Edge - Trex Select 2.0 Decking,"TREX®, 7/8nx6-20' Whiskey Barrel Sq Edge - Trex Select 2.0 Decking, Part Number: 543007020, Finish / Color: Whiskey Barrel, Product Line / Series: Select",Finish / Color: Whiskey Barrel,Product Line / Series: Select,,,,,Deck Boards & Fascia,Finish / Color,Whiskey Barrel,,Product Line / Series,Select,,,,,,,30151508,,1,EA,TREX_543007020.jpg,TREX_543007020_1.jpg,TREX_543007020_2.jpg,TREX_543007020_3.jpg,TREX_543007020_4.jpg,TREX_543007020_Specification_Sheet.pdf,No,Yes
,543007412,Building Materials,Decking & Railing,Composite & PVC Decking,543007412,543007412,7/8nx6-12' Whiskey Barrel Grooved - Trex Select 2.0 Decking,TREX,,Boise Cascade Building Materials (BOICA),Trex Company Inc,TREX®,Transcend® Lineage™,543007412,Building Materials > Decking & Railing > Composite & PVC Decking > Deck Boards & Fascia,"Trex Company Inc Trex, 7/8Nx6, 12' Whiskey Barrel Grooved, Trex Select 2.0",7/8NX6-12' WHISKEY BARREL GROOVED -,Trex® 543007412 7/8Nx6-12' Whiskey Barrel Grooved - Trex Select 2.0 Decking,"TREX®, 7/8nx6-12' Whiskey Barrel Grooved - Trex Select 2.0 Decking, Part Number: 543007412, Finish / Color: Whiskey Barrel, Product Line / Series: Select",Trex® 543007412 7/8Nx6-12' Whiskey Barrel Grooved - Trex Select 2.0 Decking,"TREX®, 7/8nx6-12' Whiskey Barrel Grooved - Trex Select 2.0 Decking, Part Number: 543007412, Finish / Color: Whiskey Barrel, Product Line / Series: Select",Finish / Color: Whiskey Barrel,Product Line / Series: Select,,,,,Deck Boards & Fascia,Finish / Color,Whiskey Barrel,,Product Line / Series,Select,,,,,,,30151508,,1,EA,TREX_543007412.jpg,TREX_543007412_1.jpg,TREX_543007412_2.jpg,TREX_543007412_3.jpg,TREX_543007412_4.jpg,TREX_543007412_Specification_Sheet.pdf,No,Yes
,543007416,Building Materials,Decking & Railing,Composite & PVC Decking,543007416,543007416,7/8nx6-16' Whiskey Barrel Grooved - Trex Select 2.0 Decking,TREX,,Boise Cascade Building Materials (BOICA),Trex Company Inc,TREX®,Transcend® Lineage™,543007416,Building Materials > Decking & Railing > Composite & PVC Decking > Deck Boards & Fascia,"Trex Company Inc Trex, 7/8Nx6, 16' Whiskey Barrel Grooved, Trex Select 2.0",7/8NX6-16' WHISKEY BARREL GROOVED -,Trex® 543007416 7/8Nx6-16' Whiskey Barrel Grooved - Trex Select 2.0 Decking,"TREX®, 7/8nx6-16' Whiskey Barrel Grooved - Trex Select 2.0 Decking, Part Number: 543007416, Finish / Color: Whiskey Barrel, Product Line / Series: Select",Trex® 543007416 7/8Nx6-16' Whiskey Barrel Grooved - Trex Select 2.0 Decking,"TREX®, 7/8nx6-16' Whiskey Barrel Grooved - Trex Select 2.0 Decking, Part Number: 543007416, Finish / Color: Whiskey Barrel, Product Line / Series: Select",Finish / Color: Whiskey Barrel,Product Line / Series: Select,,,,,Deck Boards & Fascia,Finish / Color,Whiskey Barrel,,Product Line / Series,Select,,,,,,,30151508,,1,EA,TREX_543007416.jpg,TREX_543007416_1.jpg,TREX_543007416_2.jpg,TREX_543007416_3.jpg,TREX_543007416_4.jpg,TREX_543007416_Specification_Sheet.pdf,No,Yes
,543007420,Building Materials,Decking & Railing,Composite & PVC Decking,543007420,543007420,7/8nx6-20' Whiskey Barrel Grooved - Trex Select 2.0 Decking,TREX,,Boise Cascade Building Materials (BOICA),Trex Company Inc,TREX®,Transcend® Lineage™,543007420,Building Materials > Decking & Railing > Composite & PVC Decking > Deck Boards & Fascia,"Trex Company Inc Trex, 7/8Nx6, 20' Whiskey Barrel Grooved, Trex Select 2.0",7/8NX6-20' WHISKEY BARREL GROOVED -,Trex® 543007420 7/8Nx6-20' Whiskey Barrel Grooved - Trex Select 2.0 Decking,"TREX®, 7/8nx6-20' Whiskey Barrel Grooved - Trex Select 2.0 Decking, Part Number: 543007420, Finish / Color: Whiskey Barrel, Product Line / Series: Select",Trex® 543007420 7/8Nx6-20' Whiskey Barrel Grooved - Trex Select 2.0 Decking,"TREX®, 7/8nx6-20' Whiskey Barrel Grooved - Trex Select 2.0 Decking, Part Number: 543007420, Finish / Color: Whiskey Barrel, Product Line / Series: Select",Finish / Color: Whiskey Barrel,Product Line / Series: Select,,,,,Deck Boards & Fascia,Finish / Color,Whiskey Barrel,,Product Line / Series,Select,,,,,,,30151508,,1,EA,TREX_543007420.jpg,TREX_543007420_1.jpg,TREX_543007420_2.jpg,TREX_543007420_3.jpg,TREX_543007420_4.jpg,TREX_543007420_Specification_Sheet.pdf,No,Yes
,ADR5117512CS,Building Materials,Decking & Railing,Composite & PVC Decking,ADR5117512CS,ADR5117512CS,1x12-12' Coastline - Vintage Azek PVC Fascia,TIMBERTECH,,Parksite (6151),The AZEK Company,TIMBERTECH®,Vintage Collection®,ADR5117512CS,Building Materials > Decking & Railing > Composite & PVC Decking > Deck Boards & Fascia,"The Azek Company Timbertech, 1X12, 12' Coastline, Vintage Azek Pvc Fascia,",1X12-12' COASTLINE - VINTAGE AZEK PVC,Timbertech® Adr5117512Cs 1X12-12' Coastline - Vintage Azek Pvc Fascia,"TIMBERTECH®, 1x12-12' Coastline - Vintage Azek PVC Fascia, Part Number: ADR5117512CS, Dimensions: 1 in x 12-12 in, Finish / Color: Coastline, Material: PVC, Product Line / Series: Vintage Collection",Timbertech® Adr5117512Cs 1X12-12' Coastline - Vintage Azek Pvc Fascia,"TIMBERTECH®, 1x12-12' Coastline - Vintage Azek PVC Fascia, Part Number: ADR5117512CS, Dimensions: 1 in x 12-12 in, Finish / Color: Coastline, Material: PVC, Product Line / Series: Vintage Collection",Dimensions: 1 in x 12-12 in,Finish / Color: Coastline,Material: PVC,Product Line / Series: Vintage Collection,,,Deck Boards & Fascia,Dimensions,1 in x 12-12 in,,Finish / Color,Coastline,,Material,PVC,,Product Line / Series,Vintage Collection,30151508,,1,EA,TIMBERTECH_ADR5117512CS.jpg,TIMBERTECH_ADR5117512CS_1.jpg,TIMBERTECH_ADR5117512CS_2.jpg,TIMBERTECH_ADR5117512CS_3.jpg,TIMBERTECH_ADR5117512CS_4.jpg,TIMBERTECH_ADR5117512CS_Specification_Sheet.pdf,No,Yes
,ADR5117512MH,Building Materials,Decking & Railing,Composite & PVC Decking,ADR5117512MH,ADR5117512MH,1x12-12' Mahogany - Vintage Azek PVC Fascia,TIMBERTECH,,Parksite (6151),The AZEK Company,TIMBERTECH®,Vintage Collection®,ADR5117512MH,Building Materials > Decking & Railing > Composite & PVC Decking > Deck Boards & Fascia,"The Azek Company Timbertech, 1X12, 12' Mahogany, Vintage Azek Pvc Fascia,",1X12-12' MAHOGANY - VINTAGE AZEK PVC,Timbertech® Adr5117512Mh 1X12-12' Mahogany - Vintage Azek Pvc Fascia,"TIMBERTECH®, 1x12-12' Mahogany - Vintage Azek PVC Fascia, Part Number: ADR5117512MH, Dimensions: 1 in x 12-12 in, Material: PVC, Product Line / Series: Vintage Collection",Timbertech® Adr5117512Mh 1X12-12' Mahogany - Vintage Azek Pvc Fascia,"TIMBERTECH®, 1x12-12' Mahogany - Vintage Azek PVC Fascia, Part Number: ADR5117512MH, Dimensions: 1 in x 12-12 in, Material: PVC, Product Line / Series: Vintage Collection",Dimensions: 1 in x 12-12 in,Material: PVC,Product Line / Series: Vintage Collection,,,,Deck Boards & Fascia,Dimensions,1 in x 12-12 in,,Material,PVC,,Product Line / Series,Vintage Collection,,,,30151508,,1,EA,TIMBERTECH_ADR5117512MH.jpg,TIMBERTECH_ADR5117512MH_1.jpg,TIMBERTECH_ADR5117512MH_2.jpg,TIMBERTECH_ADR5117512MH_3.jpg,TIMBERTECH_ADR5117512MH_4.jpg,TIMBERTECH_ADR5117512MH_Specification_Sheet.pdf,No,Yes
,ADR5117512WT,Building Materials,Decking & Railing,Composite & PVC Decking,ADR5117512WT,ADR5117512WT,1x12-12' Weathered Teak - Vintage Azek PVC Fascia,TIMBERTECH,,Parksite (6151),The AZEK Company,TIMBERTECH®,Vintage Collection®,ADR5117512WT,Building Materials > Decking & Railing > Composite & PVC Decking > Deck Boards & Fascia,"The Azek Company Timbertech, 1X12, 12' Weathered Teak, Vintage Azek Pvc Fascia,",1X12-12' WEATHERED TEAK - VINTAGE AZEK,Timbertech® Adr5117512Wt 1X12-12' Weathered Teak - Vintage Azek Pvc Fascia,"TIMBERTECH®, 1x12-12' Weathered Teak - Vintage Azek PVC Fascia, Part Number: ADR5117512WT, Dimensions: 1 in x 12-12 in, Material: PVC, Product Line / Series: Vintage Collection",Timbertech® Adr5117512Wt 1X12-12' Weathered Teak - Vintage Azek Pvc Fascia,"TIMBERTECH®, 1x12-12' Weathered Teak - Vintage Azek PVC Fascia, Part Number: ADR5117512WT, Dimensions: 1 in x 12-12 in, Material: PVC, Product Line / Series: Vintage Collection",Dimensions: 1 in x 12-12 in,Material: PVC,Product Line / Series: Vintage Collection,,,,Deck Boards & Fascia,Dimensions,1 in x 12-12 in,,Material,PVC,,Product Line / Series,Vintage Collection,,,,30151508,,1,EA,TIMBERTECH_ADR5117512WT.jpg,TIMBERTECH_ADR5117512WT_1.jpg,TIMBERTECH_ADR5117512WT_2.jpg,TIMBERTECH_ADR5117512WT_3.jpg,TIMBERTECH_ADR5117512WT_4.jpg,TIMBERTECH_ADR5117512WT_Specification_Sheet.pdf,No,Yes
,ADR5117512AW,Building Materials,Decking & Railing,Composite & PVC Decking,ADR5117512AW,ADR5117512AW,1x12-12' American Walnut - Landmark Azek PVC Fascia,TIMBERTECH,,Parksite (6151),The AZEK Company,TIMBERTECH®,Vintage Collection®,ADR5117512AW,Building Materials > Decking & Railing > Composite & PVC Decking > Deck Boards & Fascia,"The Azek Company Timbertech, 1X12, 12' American Walnut, Landmark Azek Pvc",1X12-12' AMERICAN WALNUT - LANDMARK,Timbertech® Adr5117512Aw 1X12-12' American Walnut - Landmark Azek Pvc Fascia,"TIMBERTECH®, 1x12-12' American Walnut - Landmark Azek PVC Fascia, Part Number: ADR5117512AW, Dimensions: 1 in x 12-12 in, Material: PVC, Product Line / Series: Landmark Collection",Timbertech® Adr5117512Aw 1X12-12' American Walnut - Landmark Azek Pvc Fascia,"TIMBERTECH®, 1x12-12' American Walnut - Landmark Azek PVC Fascia, Part Number: ADR5117512AW, Dimensions: 1 in x 12-12 in, Material: PVC, Product Line / Series: Landmark Collection",Dimensions: 1 in x 12-12 in,Material: PVC,Product Line / Series: Landmark Collection,,,,Deck Boards & Fascia,Dimensions,1 in x 12-12 in,,Material,PVC,,Product Line / Series,Landmark Collection,,,,30151508,,1,EA,TIMBERTECH_ADR5117512AW.jpg,TIMBERTECH_ADR5117512AW_1.jpg,TIMBERTECH_ADR5117512AW_2.jpg,TIMBERTECH_ADR5117512AW_3.jpg,TIMBERTECH_ADR5117512AW_4.jpg,TIMBERTECH_ADR5117512AW_Specification_Sheet.pdf,No,Yes
,ADR5117512CG,Building Materials,Decking & Railing,Composite & PVC Decking,ADR5117512CG,ADR5117512CG,1x12-12' Castle Gate - Landmark Azek PVC Fascia,TIMBERTECH,,Parksite (6151),The AZEK Company,TIMBERTECH®,Vintage Collection®,ADR5117512CG,Building Materials > Decking & Railing > Composite & PVC Decking > Deck Boards & Fascia,"The Azek Company Timbertech, 1X12, 12' Castle Gate, Landmark Azek Pvc Fascia,",1X12-12' CASTLE GATE - LANDMARK AZEK,Timbertech® Adr5117512Cg 1X12-12' Castle Gate - Landmark Azek Pvc Fascia,"TIMBERTECH®, 1x12-12' Castle Gate - Landmark Azek PVC Fascia, Part Number: ADR5117512CG, Dimensions: 1 in x 12-12 in, Material: PVC, Product Line / Series: Landmark Collection",Timbertech® Adr5117512Cg 1X12-12' Castle Gate - Landmark Azek Pvc Fascia,"TIMBERTECH®, 1x12-12' Castle Gate - Landmark Azek PVC Fascia, Part Number: ADR5117512CG, Dimensions: 1 in x 12-12 in, Material: PVC, Product Line / Series: Landmark Collection",Dimensions: 1 in x 12-12 in,Material: PVC,Product Line / Series: Landmark Collection,,,,Deck Boards & Fascia,Dimensions,1 in x 12-12 in,,Material,PVC,,Product Line / Series,Landmark Collection,,,,30151508,,1,EA,TIMBERTECH_ADR5117512CG.jpg,TIMBERTECH_ADR5117512CG_1.jpg,TIMBERTECH_ADR5117512CG_2.jpg,TIMBERTECH_ADR5117512CG_3.jpg,TIMBERTECH_ADR5117512CG_4.jpg,TIMBERTECH_ADR5117512CG_Specification_Sheet.pdf,No,Yes
,ADR5117512FW,Building Materials,Decking & Railing,Composite & PVC Decking,ADR5117512FW,ADR5117512FW,1x12-12' French White Oak - Landmark Azek PVC Fascia,TIMBERTECH,,Parksite (6151),The AZEK Company,TIMBERTECH®,Vintage Collection®,ADR5117512FW,Building Materials > Decking & Railing > Composite & PVC Decking > Deck Boards & Fascia,"The Azek Company Timbertech, 1X12, 12' French White Oak, Landmark Azek Pvc",1X12-12' FRENCH WHITE OAK - LANDMARK,Timbertech® Adr5117512Fw 1X12-12' French White Oak - Landmark Azek Pvc Fascia,"TIMBERTECH®, 1x12-12' French White Oak - Landmark Azek PVC Fascia, Part Number: ADR5117512FW, Dimensions: 1 in x 12-12 in, Finish / Color: White, Material: PVC, Product Line / Series: Landmark Collection",Timbertech® Adr5117512Fw 1X12-12' French White Oak - Landmark Azek Pvc Fascia,"TIMBERTECH®, 1x12-12' French White Oak - Landmark Azek PVC Fascia, Part Number: ADR5117512FW, Dimensions: 1 in x 12-12 in, Finish / Color: White, Material: PVC, Product Line / Series: Landmark Collection",Dimensions: 1 in x 12-12 in,Finish / Color: White,Material: PVC,Product Line / Series: Landmark Collection,,,Deck Boards & Fascia,Dimensions,1 in x 12-12 in,,Finish / Color,White,,Material,PVC,,Product Line / Series,Landmark Collection,30151508,,1,EA,TIMBERTECH_ADR5117512FW.jpg,TIMBERTECH_ADR5117512FW_1.jpg,TIMBERTECH_ADR5117512FW_2.jpg,TIMBERTECH_ADR5117512FW_3.jpg,TIMBERTECH_ADR5117512FW_4.jpg,TIMBERTECH_ADR5117512FW_Specification_Sheet.pdf,No,Yes
,1508395,Building Materials,Decking & Railing,Composite & PVC Decking,1508395,1508395,1x8-12' Brownstone - Harvest Azek PVC Fascia,TIMBERTECH,,Parksite (6151),The AZEK Company,TIMBERTECH®,Vintage Collection®,1508395,Building Materials > Decking & Railing > Composite & PVC Decking > Deck Boards & Fascia,"The Azek Company Timbertech, 1X8, 12' Brownstone, Harvest Azek Pvc Fascia,",1X8-12' BROWNSTONE - HARVEST AZEK PVC,Timbertech® 1508395 1X8-12' Brownstone - Harvest Azek Pvc Fascia,"TIMBERTECH®, 1x8-12' Brownstone - Harvest Azek PVC Fascia, Part Number: 1508395, Dimensions: 1 in x 8-12 in, Material: PVC, Product Line / Series: Harvest Collection",Timbertech® 1508395 1X8-12' Brownstone - Harvest Azek Pvc Fascia,"TIMBERTECH®, 1x8-12' Brownstone - Harvest Azek PVC Fascia, Part Number: 1508395, Dimensions: 1 in x 8-12 in, Material: PVC, Product Line / Series: Harvest Collection",Dimensions: 1 in x 8-12 in,Material: PVC,Product Line / Series: Harvest Collection,,,,Deck Boards & Fascia,Dimensions,1 in x 8-12 in,,Material,PVC,,Product Line / Series,Harvest Collection,,,,30151508,,1,EA,TIMBERTECH_1508395.jpg,TIMBERTECH_1508395_1.jpg,TIMBERTECH_1508395_2.jpg,TIMBERTECH_1508395_3.jpg,TIMBERTECH_1508395_4.jpg,TIMBERTECH_1508395_Specification_Sheet.pdf,No,Yes
,1508396,Building Materials,Decking & Railing,Composite & PVC Decking,1508396,1508396,1x8-12' Slate Gray - Harvest Azek PVC Fascia,TIMBERTECH,,Parksite (6151),The AZEK Company,TIMBERTECH®,Vintage Collection®,1508396,Building Materials > Decking & Railing > Composite & PVC Decking > Deck Boards & Fascia,"The Azek Company Timbertech, 1X8, 12' Slate Gray, Harvest Azek Pvc Fascia,",1X8-12' SLATE GRAY - HARVEST AZEK PVC,Timbertech® 1508396 1X8-12' Slate Gray - Harvest Azek Pvc Fascia,"TIMBERTECH®, 1x8-12' Slate Gray - Harvest Azek PVC Fascia, Part Number: 1508396, Dimensions: 1 in x 8-12 in, Finish / Color: Gray, Material: PVC, Product Line / Series: Harvest Collection",Timbertech® 1508396 1X8-12' Slate Gray - Harvest Azek Pvc Fascia,"TIMBERTECH®, 1x8-12' Slate Gray - Harvest Azek PVC Fascia, Part Number: 1508396, Dimensions: 1 in x 8-12 in, Finish / Color: Gray, Material: PVC, Product Line / Series: Harvest Collection",Dimensions: 1 in x 8-12 in,Finish / Color: Gray,Material: PVC,Product Line / Series: Harvest Collection,,,Deck Boards & Fascia,Dimensions,1 in x 8-12 in,,Finish / Color,Gray,,Material,PVC,,Product Line / Series,Harvest Collection,30151508,,1,EA,TIMBERTECH_1508396.jpg,TIMBERTECH_1508396_1.jpg,TIMBERTECH_1508396_2.jpg,TIMBERTECH_1508396_3.jpg,TIMBERTECH_1508396_4.jpg,TIMBERTECH_1508396_Specification_Sheet.pdf,No,Yes
,ADCR5117512BS,Building Materials,Decking & Railing,Composite & PVC Decking,ADCR5117512BS,ADCR5117512BS,1x12-12' Brownstone - Harvest Azek PVC Fascia,TIMBERTECH,,Parksite (6151),The AZEK Company,TIMBERTECH®,Vintage Collection®,ADCR5117512BS,Building Materials > Decking & Railing > Composite & PVC Decking > Deck Boards & Fascia,"The Azek Company Timbertech, 1X12, 12' Brownstone, Harvest Azek Pvc Fascia,",1X12-12' BROWNSTONE - HARVEST AZEK PVC,Timbertech® Adcr5117512Bs 1X12-12' Brownstone - Harvest Azek Pvc Fascia,"TIMBERTECH®, 1x12-12' Brownstone - Harvest Azek PVC Fascia, Part Number: ADCR5117512BS, Dimensions: 1 in x 12-12 in, Material: PVC, Product Line / Series: Harvest Collection",Timbertech® Adcr5117512Bs 1X12-12' Brownstone - Harvest Azek Pvc Fascia,"TIMBERTECH®, 1x12-12' Brownstone - Harvest Azek PVC Fascia, Part Number: ADCR5117512BS, Dimensions: 1 in x 12-12 in, Material: PVC, Product Line / Series: Harvest Collection",Dimensions: 1 in x 12-12 in,Material: PVC,Product Line / Series: Harvest Collection,,,,Deck Boards & Fascia,Dimensions,1 in x 12-12 in,,Material,PVC,,Product Line / Series,Harvest Collection,,,,30151508,,1,EA,TIMBERTECH_ADCR5117512BS.jpg,TIMBERTECH_ADCR5117512BS_1.jpg,TIMBERTECH_ADCR5117512BS_2.jpg,TIMBERTECH_ADCR5117512BS_3.jpg,TIMBERTECH_ADCR5117512BS_4.jpg,TIMBERTECH_ADCR5117512BS_Specification_Sheet.pdf,No,Yes
,ADCR5117512SG,Building Materials,Decking & Railing,Composite & PVC Decking,ADCR5117512SG,ADCR5117512SG,1x12-12' Slate Gray - Harvest Azek PVC Fascia,TIMBERTECH,,Parksite (6151),The AZEK Company,TIMBERTECH®,Vintage Collection®,ADCR5117512SG,Building Materials > Decking & Railing > Composite & PVC Decking > Deck Boards & Fascia,"The Azek Company Timbertech, 1X12, 12' Slate Gray, Harvest Azek Pvc Fascia,",1X12-12' SLATE GRAY - HARVEST AZEK PVC,Timbertech® Adcr5117512Sg 1X12-12' Slate Gray - Harvest Azek Pvc Fascia,"TIMBERTECH®, 1x12-12' Slate Gray - Harvest Azek PVC Fascia, Part Number: ADCR5117512SG, Dimensions: 1 in x 12-12 in, Finish / Color: Gray, Material: PVC, Product Line / Series: Harvest Collection",Timbertech® Adcr5117512Sg 1X12-12' Slate Gray - Harvest Azek Pvc Fascia,"TIMBERTECH®, 1x12-12' Slate Gray - Harvest Azek PVC Fascia, Part Number: ADCR5117512SG, Dimensions: 1 in x 12-12 in, Finish / Color: Gray, Material: PVC, Product Line / Series: Harvest Collection",Dimensions: 1 in x 12-12 in,Finish / Color: Gray,Material: PVC,Product Line / Series: Harvest Collection,,,Deck Boards & Fascia,Dimensions,1 in x 12-12 in,,Finish / Color,Gray,,Material,PVC,,Product Line / Series,Harvest Collection,30151508,,1,EA,TIMBERTECH_ADCR5117512SG.jpg,TIMBERTECH_ADCR5117512SG_1.jpg,TIMBERTECH_ADCR5117512SG_2.jpg,TIMBERTECH_ADCR5117512SG_3.jpg,TIMBERTECH_ADCR5117512SG_4.jpg,TIMBERTECH_ADCR5117512SG_Specification_Sheet.pdf,No,Yes
,543140908,Building Materials,Decking & Railing,Composite & PVC Decking,543140908,543140908,1x8-12' Biscayne - Trex Lineage,TREX,,U S Lumber (3073),Trex Company Inc,TREX®,Transcend® Lineage™,543140908,Building Materials > Decking & Railing > Composite & PVC Decking > Deck Boards & Fascia,"Trex Company Inc Trex, 1X8, 12' Biscayne, Trex Lineage, 543140908",1X8-12' BISCAYNE - TREX LINEAGE,Trex® 543140908 1X8-12' Biscayne - Trex Lineage,"TREX®, 1x8-12' Biscayne - Trex Lineage, Part Number: 543140908, Dimensions: 1 in x 8-12 in, Finish / Color: Biscayne, Product Line / Series: Lineage",Trex® 543140908 1X8-12' Biscayne - Trex Lineage,"TREX®, 1x8-12' Biscayne - Trex Lineage, Part Number: 543140908, Dimensions: 1 in x 8-12 in, Finish / Color: Biscayne, Product Line / Series: Lineage",Dimensions: 1 in x 8-12 in,Finish / Color: Biscayne,Product Line / Series: Lineage,,,,Deck Boards & Fascia,Dimensions,1 in x 8-12 in,,Finish / Color,Biscayne,,Product Line / Series,Lineage,,,,30151508,,1,EA,TREX_543140908.jpg,TREX_543140908_1.jpg,TREX_543140908_2.jpg,TREX_543140908_3.jpg,TREX_543140908_4.jpg,TREX_543140908_Specification_Sheet.pdf,No,Yes
,543142908,Building Materials,Decking & Railing,Composite & PVC Decking,543142908,543142908,1x8-12' Carmel - Trex Lineage,TREX,,U S Lumber (3073),Trex Company Inc,TREX®,Transcend® Lineage™,543142908,Building Materials > Decking & Railing > Composite & PVC Decking > Deck Boards & Fascia,"Trex Company Inc Trex, 1X8, 12' Carmel, Trex Lineage, 543142908",1X8-12' CARMEL - TREX LINEAGE,Trex® 543142908 1X8-12' Carmel - Trex Lineage,"TREX®, 1x8-12' Carmel - Trex Lineage, Part Number: 543142908, Dimensions: 1 in x 8-12 in, Finish / Color: Carmel, Product Line / Series: Lineage",Trex® 543142908 1X8-12' Carmel - Trex Lineage,"TREX®, 1x8-12' Carmel - Trex Lineage, Part Number: 543142908, Dimensions: 1 in x 8-12 in, Finish / Color: Carmel, Product Line / Series: Lineage",Dimensions: 1 in x 8-12 in,Finish / Color: Carmel,Product Line / Series: Lineage,,,,Deck Boards & Fascia,Dimensions,1 in x 8-12 in,,Finish / Color,Carmel,,Product Line / Series,Lineage,,,,30151508,,1,EA,TREX_543142908.jpg,TREX_543142908_1.jpg,TREX_543142908_2.jpg,TREX_543142908_3.jpg,TREX_543142908_4.jpg,TREX_543142908_Specification_Sheet.pdf,No,Yes
,543143908,Building Materials,Decking & Railing,Composite & PVC Decking,543143908,543143908,1x8-12' Jasper - Trex Lineage,TREX,,U S Lumber (3073),Trex Company Inc,TREX®,Transcend® Lineage™,543143908,Building Materials > Decking & Railing > Composite & PVC Decking > Deck Boards & Fascia,"Trex Company Inc Trex, 1X8, 12' Jasper, Trex Lineage, 543143908",1X8-12' JASPER - TREX LINEAGE,Trex® 543143908 1X8-12' Jasper - Trex Lineage,"TREX®, 1x8-12' Jasper - Trex Lineage, Part Number: 543143908, Dimensions: 1 in x 8-12 in, Finish / Color: Jasper, Product Line / Series: Lineage",Trex® 543143908 1X8-12' Jasper - Trex Lineage,"TREX®, 1x8-12' Jasper - Trex Lineage, Part Number: 543143908, Dimensions: 1 in x 8-12 in, Finish / Color: Jasper, Product Line / Series: Lineage",Dimensions: 1 in x 8-12 in,Finish / Color: Jasper,Product Line / Series: Lineage,,,,Deck Boards & Fascia,Dimensions,1 in x 8-12 in,,Finish / Color,Jasper,,Product Line / Series,Lineage,,,,30151508,,1,EA,TREX_543143908.jpg,TREX_543143908_1.jpg,TREX_543143908_2.jpg,TREX_543143908_3.jpg,TREX_543143908_4.jpg,TREX_543143908_Specification_Sheet.pdf,No,Yes
,543140912,Building Materials,Decking & Railing,Composite & PVC Decking,543140912,543140912,1x12-12' Biscayne - Trex Lineage,TREX,,U S Lumber (3073),Trex Company Inc,TREX®,Transcend® Lineage™,543140912,Building Materials > Decking & Railing > Composite & PVC Decking > Deck Boards & Fascia,"Trex Company Inc Trex, 1X12, 12' Biscayne, Trex Lineage, 543140912",1X12-12' BISCAYNE - TREX LINEAGE,Trex® 543140912 1X12-12' Biscayne - Trex Lineage,"TREX®, 1x12-12' Biscayne - Trex Lineage, Part Number: 543140912, Dimensions: 1 in x 12-12 in, Finish / Color: Biscayne, Product Line / Series: Lineage",Trex® 543140912 1X12-12' Biscayne - Trex Lineage,"TREX®, 1x12-12' Biscayne - Trex Lineage, Part Number: 543140912, Dimensions: 1 in x 12-12 in, Finish / Color: Biscayne, Product Line / Series: Lineage",Dimensions: 1 in x 12-12 in,Finish / Color: Biscayne,Product Line / Series: Lineage,,,,Deck Boards & Fascia,Dimensions,1 in x 12-12 in,,Finish / Color,Biscayne,,Product Line / Series,Lineage,,,,30151508,,1,EA,TREX_543140912.jpg,TREX_543140912_1.jpg,TREX_543140912_2.jpg,TREX_543140912_3.jpg,TREX_543140912_4.jpg,TREX_543140912_Specification_Sheet.pdf,No,Yes
,543142912,Building Materials,Decking & Railing,Composite & PVC Decking,543142912,543142912,1x12-12' Carmel - Trex Lineage,TREX,,U S Lumber (3073),Trex Company Inc,TREX®,Transcend® Lineage™,543142912,Building Materials > Decking & Railing > Composite & PVC Decking > Deck Boards & Fascia,"Trex Company Inc Trex, 1X12, 12' Carmel, Trex Lineage, 543142912",1X12-12' CARMEL - TREX LINEAGE,Trex® 543142912 1X12-12' Carmel - Trex Lineage,"TREX®, 1x12-12' Carmel - Trex Lineage, Part Number: 543142912, Dimensions: 1 in x 12-12 in, Finish / Color: Carmel, Product Line / Series: Lineage",Trex® 543142912 1X12-12' Carmel - Trex Lineage,"TREX®, 1x12-12' Carmel - Trex Lineage, Part Number: 543142912, Dimensions: 1 in x 12-12 in, Finish / Color: Carmel, Product Line / Series: Lineage",Dimensions: 1 in x 12-12 in,Finish / Color: Carmel,Product Line / Series: Lineage,,,,Deck Boards & Fascia,Dimensions,1 in x 12-12 in,,Finish / Color,Carmel,,Product Line / Series,Lineage,,,,30151508,,1,EA,TREX_543142912.jpg,TREX_543142912_1.jpg,TREX_543142912_2.jpg,TREX_543142912_3.jpg,TREX_543142912_4.jpg,TREX_543142912_Specification_Sheet.pdf,No,Yes
,543143912,Building Materials,Decking & Railing,Composite & PVC Decking,543143912,543143912,1x12-12' Jasper - Trex Lineage,TREX,,U S Lumber (3073),Trex Company Inc,TREX®,Transcend® Lineage™,543143912,Building Materials > Decking & Railing > Composite & PVC Decking > Deck Boards & Fascia,"Trex Company Inc Trex, 1X12, 12' Jasper, Trex Lineage, 543143912",1X12-12' JASPER - TREX LINEAGE,Trex® 543143912 1X12-12' Jasper - Trex Lineage,"TREX®, 1x12-12' Jasper - Trex Lineage, Part Number: 543143912, Dimensions: 1 in x 12-12 in, Finish / Color: Jasper, Product Line / Series: Lineage",Trex® 543143912 1X12-12' Jasper - Trex Lineage,"TREX®, 1x12-12' Jasper - Trex Lineage, Part Number: 543143912, Dimensions: 1 in x 12-12 in, Finish / Color: Jasper, Product Line / Series: Lineage",Dimensions: 1 in x 12-12 in,Finish / Color: Jasper,Product Line / Series: Lineage,,,,Deck Boards & Fascia,Dimensions,1 in x 12-12 in,,Finish / Color,Jasper,,Product Line / Series,Lineage,,,,30151508,,1,EA,TREX_543143912.jpg,TREX_543143912_1.jpg,TREX_543143912_2.jpg,TREX_543143912_3.jpg,TREX_543143912_4.jpg,TREX_543143912_Specification_Sheet.pdf,No,Yes
,1513715,Building Materials,Decking & Railing,Composite & PVC Decking,1513715,1513715,1x12-12' Hatteras - Trex Lineage,TREX,,Boise Cascade Building Materials (BOICA),Trex Company Inc,TREX®,Transcend® Lineage™,1513715,Building Materials > Decking & Railing > Composite & PVC Decking > Deck Boards & Fascia,"Trex Company Inc Trex, 1X12, 12' Hatteras, Trex Lineage, 1513715",1X12-12' HATTERAS - TREX LINEAGE,Trex® 1513715 1X12-12' Hatteras - Trex Lineage,"TREX®, 1x12-12' Hatteras - Trex Lineage, Part Number: 1513715, Dimensions: 1 in x 12-12 in, Product Line / Series: Lineage",Trex® 1513715 1X12-12' Hatteras - Trex Lineage,"TREX®, 1x12-12' Hatteras - Trex Lineage, Part Number: 1513715, Dimensions: 1 in x 12-12 in, Product Line / Series: Lineage",Dimensions: 1 in x 12-12 in,Product Line / Series: Lineage,,,,,Deck Boards & Fascia,Dimensions,1 in x 12-12 in,,Product Line / Series,Lineage,,,,,,,30151508,,1,EA,TREX_1513715.jpg,TREX_1513715_1.jpg,TREX_1513715_2.jpg,TREX_1513715_3.jpg,TREX_1513715_4.jpg,TREX_1513715_Specification_Sheet.pdf,No,Yes
,1513716,Building Materials,Decking & Railing,Composite & PVC Decking,1513716,1513716,1x12-12' Salt Flat - Trex Lineage,TREX,,Boise Cascade Building Materials (BOICA),Trex Company Inc,TREX®,Transcend® Lineage™,1513716,Building Materials > Decking & Railing > Composite & PVC Decking > Deck Boards & Fascia,"Trex Company Inc Trex, 1X12, 12' Salt Flat, Trex Lineage, 1513716",1X12-12' SALT FLAT - TREX LINEAGE,Trex® 1513716 1X12-12' Salt Flat - Trex Lineage,"TREX®, 1x12-12' Salt Flat - Trex Lineage, Part Number: 1513716, Dimensions: 1 in x 12-12 in, Product Line / Series: Lineage",Trex® 1513716 1X12-12' Salt Flat - Trex Lineage,"TREX®, 1x12-12' Salt Flat - Trex Lineage, Part Number: 1513716, Dimensions: 1 in x 12-12 in, Product Line / Series: Lineage",Dimensions: 1 in x 12-12 in,Product Line / Series: Lineage,,,,,Deck Boards & Fascia,Dimensions,1 in x 12-12 in,,Product Line / Series,Lineage,,,,,,,30151508,,1,EA,TREX_1513716.jpg,TREX_1513716_1.jpg,TREX_1513716_2.jpg,TREX_1513716_3.jpg,TREX_1513716_4.jpg,TREX_1513716_Specification_Sheet.pdf,No,Yes
,1513722,Building Materials,Decking & Railing,Composite & PVC Decking,1513722,1513722,1x8-12' Honey Grove - Trex Enhance Naturals Fascia,TREX,,Boise Cascade Building Materials (BOICA),Trex Company Inc,TREX®,Transcend® Lineage™,1513722,Building Materials > Decking & Railing > Composite & PVC Decking > Deck Boards & Fascia,"Trex Company Inc Trex, 1X8, 12' Honey Grove, Trex Enhance Naturals Fascia,",1X8-12' HONEY GROVE - TREX ENHANCE,Trex® 1513722 1X8-12' Honey Grove - Trex Enhance Naturals Fascia,"TREX®, 1x8-12' Honey Grove - Trex Enhance Naturals Fascia, Part Number: 1513722, Dimensions: 1 in x 8-12 in, Finish / Color: Honey Grove, Product Line / Series: Enhance",Trex® 1513722 1X8-12' Honey Grove - Trex Enhance Naturals Fascia,"TREX®, 1x8-12' Honey Grove - Trex Enhance Naturals Fascia, Part Number: 1513722, Dimensions: 1 in x 8-12 in, Finish / Color: Honey Grove, Product Line / Series: Enhance",Dimensions: 1 in x 8-12 in,Finish / Color: Honey Grove,Product Line / Series: Enhance,,,,Deck Boards & Fascia,Dimensions,1 in x 8-12 in,,Finish / Color,Honey Grove,,Product Line / Series,Enhance,,,,30151508,,1,EA,TREX_1513722.jpg,TREX_1513722_1.jpg,TREX_1513722_2.jpg,TREX_1513722_3.jpg,TREX_1513722_4.jpg,TREX_1513722_Specification_Sheet.pdf,No,Yes
,1513723,Building Materials,Decking & Railing,Composite & PVC Decking,1513723,1513723,1x12-12' Honey Grove - Trex Enhance Naturals Fascia,TREX,,Boise Cascade Building Materials (BOICA),Trex Company Inc,TREX®,Transcend® Lineage™,1513723,Building Materials > Decking & Railing > Composite & PVC Decking > Deck Boards & Fascia,"Trex Company Inc Trex, 1X12, 12' Honey Grove, Trex Enhance Naturals Fascia,",1X12-12' HONEY GROVE - TREX ENHANCE,Trex® 1513723 1X12-12' Honey Grove - Trex Enhance Naturals Fascia,"TREX®, 1x12-12' Honey Grove - Trex Enhance Naturals Fascia, Part Number: 1513723, Dimensions: 1 in x 12-12 in, Finish / Color: Honey Grove, Product Line / Series: Enhance",Trex® 1513723 1X12-12' Honey Grove - Trex Enhance Naturals Fascia,"TREX®, 1x12-12' Honey Grove - Trex Enhance Naturals Fascia, Part Number: 1513723, Dimensions: 1 in x 12-12 in, Finish / Color: Honey Grove, Product Line / Series: Enhance",Dimensions: 1 in x 12-12 in,Finish / Color: Honey Grove,Product Line / Series: Enhance,,,,Deck Boards & Fascia,Dimensions,1 in x 12-12 in,,Finish / Color,Honey Grove,,Product Line / Series,Enhance,,,,30151508,,1,EA,TREX_1513723.jpg,TREX_1513723_1.jpg,TREX_1513723_2.jpg,TREX_1513723_3.jpg,TREX_1513723_4.jpg,TREX_1513723_Specification_Sheet.pdf,No,Yes
,1513729,Building Materials,Decking & Railing,Composite & PVC Decking,1513729,1513729,1x8-12' Tide Pool - Trex Enhance Basics Fascia,TREX,,Boise Cascade Building Materials (BOICA),Trex Company Inc,TREX®,Transcend® Lineage™,1513729,Building Materials > Decking & Railing > Composite & PVC Decking > Deck Boards & Fascia,"Trex Company Inc Trex, 1X8, 12' Tide Pool, Trex Enhance Basics Fascia, 1513729",1X8-12' TIDE POOL - TREX ENHANCE BASICS,Trex® 1513729 1X8-12' Tide Pool - Trex Enhance Basics Fascia,"TREX®, 1x8-12' Tide Pool - Trex Enhance Basics Fascia, Part Number: 1513729, Dimensions: 1 in x 8-12 in, Finish / Color: Tide Pool, Product Line / Series: Enhance",Trex® 1513729 1X8-12' Tide Pool - Trex Enhance Basics Fascia,"TREX®, 1x8-12' Tide Pool - Trex Enhance Basics Fascia, Part Number: 1513729, Dimensions: 1 in x 8-12 in, Finish / Color: Tide Pool, Product Line / Series: Enhance",Dimensions: 1 in x 8-12 in,Finish / Color: Tide Pool,Product Line / Series: Enhance,,,,Deck Boards & Fascia,Dimensions,1 in x 8-12 in,,Finish / Color,Tide Pool,,Product Line / Series,Enhance,,,,30151508,,1,EA,TREX_1513729.jpg,TREX_1513729_1.jpg,TREX_1513729_2.jpg,TREX_1513729_3.jpg,TREX_1513729_4.jpg,TREX_1513729_Specification_Sheet.pdf,No,Yes
,1513730,Building Materials,Decking & Railing,Composite & PVC Decking,1513730,1513730,1x12-12' Tide Pool - Trex Enhance Basics Fascia,TREX,,Boise Cascade Building Materials (BOICA),Trex Company Inc,TREX®,Transcend® Lineage™,1513730,Building Materials > Decking & Railing > Composite & PVC Decking > Deck Boards & Fascia,"Trex Company Inc Trex, 1X12, 12' Tide Pool, Trex Enhance Basics Fascia, 1513730",1X12-12' TIDE POOL - TREX ENHANCE,Trex® 1513730 1X12-12' Tide Pool - Trex Enhance Basics Fascia,"TREX®, 1x12-12' Tide Pool - Trex Enhance Basics Fascia, Part Number: 1513730, Dimensions: 1 in x 12-12 in, Finish / Color: Tide Pool, Product Line / Series: Enhance",Trex® 1513730 1X12-12' Tide Pool - Trex Enhance Basics Fascia,"TREX®, 1x12-12' Tide Pool - Trex Enhance Basics Fascia, Part Number: 1513730, Dimensions: 1 in x 12-12 in, Finish / Color: Tide Pool, Product Line / Series: Enhance",Dimensions: 1 in x 12-12 in,Finish / Color: Tide Pool,Product Line / Series: Enhance,,,,Deck Boards & Fascia,Dimensions,1 in x 12-12 in,,Finish / Color,Tide Pool,,Product Line / Series,Enhance,,,,30151508,,1,EA,TREX_1513730.jpg,TREX_1513730_1.jpg,TREX_1513730_2.jpg,TREX_1513730_3.jpg,TREX_1513730_4.jpg,TREX_1513730_Specification_Sheet.pdf,No,Yes
,543076916,Building Materials,Decking & Railing,Composite & PVC Decking,543076916,543076916,1x8-12' Cinnamon Cove - Trex Enhance Naturals Fascia,TREX,,Boise Cascade Building Materials (BOICA),Trex Company Inc,TREX®,Transcend® Lineage™,543076916,Building Materials > Decking & Railing > Composite & PVC Decking > Deck Boards & Fascia,"Trex Company Inc Trex, 1X8, 12' Cinnamon Cove, Trex Enhance Naturals Fascia,",1X8-12' CINNAMON COVE - TREX ENHANCE,Trex® 543076916 1X8-12' Cinnamon Cove - Trex Enhance Naturals Fascia,"TREX®, 1x8-12' Cinnamon Cove - Trex Enhance Naturals Fascia, Part Number: 543076916, Dimensions: 1 in x 8-12 in, Finish / Color: Cinnamon Cove, Product Line / Series: Enhance",Trex® 543076916 1X8-12' Cinnamon Cove - Trex Enhance Naturals Fascia,"TREX®, 1x8-12' Cinnamon Cove - Trex Enhance Naturals Fascia, Part Number: 543076916, Dimensions: 1 in x 8-12 in, Finish / Color: Cinnamon Cove, Product Line / Series: Enhance",Dimensions: 1 in x 8-12 in,Finish / Color: Cinnamon Cove,Product Line / Series: Enhance,,,,Deck Boards & Fascia,Dimensions,1 in x 8-12 in,,Finish / Color,Cinnamon Cove,,Product Line / Series,Enhance,,,,30151508,,1,EA,TREX_543076916.jpg,TREX_543076916_1.jpg,TREX_543076916_2.jpg,TREX_543076916_3.jpg,TREX_543076916_4.jpg,TREX_543076916_Specification_Sheet.pdf,No,Yes
,1516876,Building Materials,Decking & Railing,Composite & PVC Decking,1516876,1516876,1x8-12' Golden Hour - Trex Enhance Naturals Fascia,TREX,,Boise Cascade Building Materials (BOICA),Trex Company Inc,TREX®,Transcend® Lineage™,1516876,Building Materials > Decking & Railing > Composite & PVC Decking > Deck Boards & Fascia,"Trex Company Inc Trex, 1X8, 12' Golden Hour, Trex Enhance Naturals Fascia,",1X8-12' GOLDEN HOUR - TREX ENHANCE,Trex® 1516876 1X8-12' Golden Hour - Trex Enhance Naturals Fascia,"TREX®, 1x8-12' Golden Hour - Trex Enhance Naturals Fascia, Part Number: 1516876, Dimensions: 1 in x 8-12 in, Finish / Color: Golden Hour, Product Line / Series: Enhance",Trex® 1516876 1X8-12' Golden Hour - Trex Enhance Naturals Fascia,"TREX®, 1x8-12' Golden Hour - Trex Enhance Naturals Fascia, Part Number: 1516876, Dimensions: 1 in x 8-12 in, Finish / Color: Golden Hour, Product Line / Series: Enhance",Dimensions: 1 in x 8-12 in,Finish / Color: Golden Hour,Product Line / Series: Enhance,,,,Deck Boards & Fascia,Dimensions,1 in x 8-12 in,,Finish / Color,Golden Hour,,Product Line / Series,Enhance,,,,30151508,,1,EA,TREX_1516876.jpg,TREX_1516876_1.jpg,TREX_1516876_2.jpg,TREX_1516876_3.jpg,TREX_1516876_4.jpg,TREX_1516876_Specification_Sheet.pdf,No,Yes
,543076936,Building Materials,Decking & Railing,Composite & PVC Decking,543076936,543076936,1x12-12' Cinnamon Cove - Trex Enhance Naturals Fascia,TREX,,Boise Cascade Building Materials (BOICA),Trex Company Inc,TREX®,Transcend® Lineage™,543076936,Building Materials > Decking & Railing > Composite & PVC Decking > Deck Boards & Fascia,"Trex Company Inc Trex, 1X12, 12' Cinnamon Cove, Trex Enhance Naturals Fascia,",1X12-12' CINNAMON COVE - TREX ENHANCE,Trex® 543076936 1X12-12' Cinnamon Cove - Trex Enhance Naturals Fascia,"TREX®, 1x12-12' Cinnamon Cove - Trex Enhance Naturals Fascia, Part Number: 543076936, Dimensions: 1 in x 12-12 in, Finish / Color: Cinnamon Cove, Product Line / Series: Enhance",Trex® 543076936 1X12-12' Cinnamon Cove - Trex Enhance Naturals Fascia,"TREX®, 1x12-12' Cinnamon Cove - Trex Enhance Naturals Fascia, Part Number: 543076936, Dimensions: 1 in x 12-12 in, Finish / Color: Cinnamon Cove, Product Line / Series: Enhance",Dimensions: 1 in x 12-12 in,Finish / Color: Cinnamon Cove,Product Line / Series: Enhance,,,,Deck Boards & Fascia,Dimensions,1 in x 12-12 in,,Finish / Color,Cinnamon Cove,,Product Line / Series,Enhance,,,,30151508,,1,EA,TREX_543076936.jpg,TREX_543076936_1.jpg,TREX_543076936_2.jpg,TREX_543076936_3.jpg,TREX_543076936_4.jpg,TREX_543076936_Specification_Sheet.pdf,No,Yes
,1516878,Building Materials,Decking & Railing,Composite & PVC Decking,1516878,1516878,1x12-12' Golden Hour - Trex Enhance Naturals Fascia,TREX,,Boise Cascade Building Materials (BOICA),Trex Company Inc,TREX®,Transcend® Lineage™,1516878,Building Materials > Decking & Railing > Composite & PVC Decking > Deck Boards & Fascia,"Trex Company Inc Trex, 1X12, 12' Golden Hour, Trex Enhance Naturals Fascia,",1X12-12' GOLDEN HOUR - TREX ENHANCE,Trex® 1516878 1X12-12' Golden Hour - Trex Enhance Naturals Fascia,"TREX®, 1x12-12' Golden Hour - Trex Enhance Naturals Fascia, Part Number: 1516878, Dimensions: 1 in x 12-12 in, Finish / Color: Golden Hour, Product Line / Series: Enhance",Trex® 1516878 1X12-12' Golden Hour - Trex Enhance Naturals Fascia,"TREX®, 1x12-12' Golden Hour - Trex Enhance Naturals Fascia, Part Number: 1516878, Dimensions: 1 in x 12-12 in, Finish / Color: Golden Hour, Product Line / Series: Enhance",Dimensions: 1 in x 12-12 in,Finish / Color: Golden Hour,Product Line / Series: Enhance,,,,Deck Boards & Fascia,Dimensions,1 in x 12-12 in,,Finish / Color,Golden Hour,,Product Line / Series,Enhance,,,,30151508,,1,EA,TREX_1516878.jpg,TREX_1516878_1.jpg,TREX_1516878_2.jpg,TREX_1516878_3.jpg,TREX_1516878_4.jpg,TREX_1516878_Specification_Sheet.pdf,No,Yes
,1516884,Building Materials,Decking & Railing,Composite & PVC Decking,1516884,1516884,1x8-12' Pebble Beach - Trex Enhance Basics Fascia,TREX,,Boise Cascade Building Materials (BOICA),Trex Company Inc,TREX®,Transcend® Lineage™,1516884,Building Materials > Decking & Railing > Composite & PVC Decking > Deck Boards & Fascia,"Trex Company Inc Trex, 1X8, 12' Pebble Beach, Trex Enhance Basics Fascia,",1X8-12' PEBBLE BEACH - TREX ENHANCE,Trex® 1516884 1X8-12' Pebble Beach - Trex Enhance Basics Fascia,"TREX®, 1x8-12' Pebble Beach - Trex Enhance Basics Fascia, Part Number: 1516884, Dimensions: 1 in x 8-12 in, Product Line / Series: Enhance",Trex® 1516884 1X8-12' Pebble Beach - Trex Enhance Basics Fascia,"TREX®, 1x8-12' Pebble Beach - Trex Enhance Basics Fascia, Part Number: 1516884, Dimensions: 1 in x 8-12 in, Product Line / Series: Enhance",Dimensions: 1 in x 8-12 in,Product Line / Series: Enhance,,,,,Deck Boards & Fascia,Dimensions,1 in x 8-12 in,,Product Line / Series,Enhance,,,,,,,30151508,,1,EA,TREX_1516884.jpg,TREX_1516884_1.jpg,TREX_1516884_2.jpg,TREX_1516884_3.jpg,TREX_1516884_4.jpg,TREX_1516884_Specification_Sheet.pdf,No,Yes
,1516885,Building Materials,Decking & Railing,Composite & PVC Decking,1516885,1516885,1x12-12' Pebble Beach - Trex Enhance Basics Fascia,TREX,,Boise Cascade Building Materials (BOICA),Trex Company Inc,TREX®,Transcend® Lineage™,1516885,Building Materials > Decking & Railing > Composite & PVC Decking > Deck Boards & Fascia,"Trex Company Inc Trex, 1X12, 12' Pebble Beach, Trex Enhance Basics Fascia,",1X12-12' PEBBLE BEACH - TREX ENHANCE,Trex® 1516885 1X12-12' Pebble Beach - Trex Enhance Basics Fascia,"TREX®, 1x12-12' Pebble Beach - Trex Enhance Basics Fascia, Part Number: 1516885, Dimensions: 1 in x 12-12 in, Product Line / Series: Enhance",Trex® 1516885 1X12-12' Pebble Beach - Trex Enhance Basics Fascia,"TREX®, 1x12-12' Pebble Beach - Trex Enhance Basics Fascia, Part Number: 1516885, Dimensions: 1 in x 12-12 in, Product Line / Series: Enhance",Dimensions: 1 in x 12-12 in,Product Line / Series: Enhance,,,,,Deck Boards & Fascia,Dimensions,1 in x 12-12 in,,Product Line / Series,Enhance,,,,,,,30151508,,1,EA,TREX_1516885.jpg,TREX_1516885_1.jpg,TREX_1516885_2.jpg,TREX_1516885_3.jpg,TREX_1516885_4.jpg,TREX_1516885_Specification_Sheet.pdf,No,Yes
,543005916,Building Materials,Decking & Railing,Composite & PVC Decking,543005916,543005916,1x8-12' Malted Barley - Trex Select 2.0 Fascia,TREX,,Boise Cascade Building Materials (BOICA),Trex Company Inc,TREX®,Transcend® Lineage™,543005916,Building Materials > Decking & Railing > Composite & PVC Decking > Deck Boards & Fascia,"Trex Company Inc Trex, 1X8, 12' Malted Barley, Trex Select 2.0 Fascia, 543005916",1X8-12' MALTED BARLEY - TREX SELECT 2.0,Trex® 543005916 1X8-12' Malted Barley - Trex Select 2.0 Fascia,"TREX®, 1x8-12' Malted Barley - Trex Select 2.0 Fascia, Part Number: 543005916, Dimensions: 1 in x 8-12 in, Finish / Color: Malted Barley, Product Line / Series: Select",Trex® 543005916 1X8-12' Malted Barley - Trex Select 2.0 Fascia,"TREX®, 1x8-12' Malted Barley - Trex Select 2.0 Fascia, Part Number: 543005916, Dimensions: 1 in x 8-12 in, Finish / Color: Malted Barley, Product Line / Series: Select",Dimensions: 1 in x 8-12 in,Finish / Color: Malted Barley,Product Line / Series: Select,,,,Deck Boards & Fascia,Dimensions,1 in x 8-12 in,,Finish / Color,Malted Barley,,Product Line / Series,Select,,,,30151508,,1,EA,TREX_543005916.jpg,TREX_543005916_1.jpg,TREX_543005916_2.jpg,TREX_543005916_3.jpg,TREX_543005916_4.jpg,TREX_543005916_Specification_Sheet.pdf,No,Yes
,1516902,Building Materials,Decking & Railing,Composite & PVC Decking,1516902,1516902,1x8-12' Millstone - Trex Select 2.0 Fascia,TREX,,Boise Cascade Building Materials (BOICA),Trex Company Inc,TREX®,Transcend® Lineage™,1516902,Building Materials > Decking & Railing > Composite & PVC Decking > Deck Boards & Fascia,"Trex Company Inc Trex, 1X8, 12' Millstone, Trex Select 2.0 Fascia, 1516902",1X8-12' MILLSTONE - TREX SELECT 2.0,Trex® 1516902 1X8-12' Millstone - Trex Select 2.0 Fascia,"TREX®, 1x8-12' Millstone - Trex Select 2.0 Fascia, Part Number: 1516902, Dimensions: 1 in x 8-12 in, Finish / Color: Millstone, Product Line / Series: Select",Trex® 1516902 1X8-12' Millstone - Trex Select 2.0 Fascia,"TREX®, 1x8-12' Millstone - Trex Select 2.0 Fascia, Part Number: 1516902, Dimensions: 1 in x 8-12 in, Finish / Color: Millstone, Product Line / Series: Select",Dimensions: 1 in x 8-12 in,Finish / Color: Millstone,Product Line / Series: Select,,,,Deck Boards & Fascia,Dimensions,1 in x 8-12 in,,Finish / Color,Millstone,,Product Line / Series,Select,,,,30151508,,1,EA,TREX_1516902.jpg,TREX_1516902_1.jpg,TREX_1516902_2.jpg,TREX_1516902_3.jpg,TREX_1516902_4.jpg,TREX_1516902_Specification_Sheet.pdf,No,Yes
,543007916,Building Materials,Decking & Railing,Composite & PVC Decking,543007916,543007916,1x8-12' Whiskey Barrel - Trex Select 2.0 Fascia,TREX,,Boise Cascade Building Materials (BOICA),Trex Company Inc,TREX®,Transcend® Lineage™,543007916,Building Materials > Decking & Railing > Composite & PVC Decking > Deck Boards & Fascia,"Trex Company Inc Trex, 1X8, 12' Whiskey Barrel, Trex Select 2.0 Fascia,",1X8-12' WHISKEY BARREL - TREX SELECT,Trex® 543007916 1X8-12' Whiskey Barrel - Trex Select 2.0 Fascia,"TREX®, 1x8-12' Whiskey Barrel - Trex Select 2.0 Fascia, Part Number: 543007916, Dimensions: 1 in x 8-12 in, Finish / Color: Whiskey Barrel, Product Line / Series: Select",Trex® 543007916 1X8-12' Whiskey Barrel - Trex Select 2.0 Fascia,"TREX®, 1x8-12' Whiskey Barrel - Trex Select 2.0 Fascia, Part Number: 543007916, Dimensions: 1 in x 8-12 in, Finish / Color: Whiskey Barrel, Product Line / Series: Select",Dimensions: 1 in x 8-12 in,Finish / Color: Whiskey Barrel,Product Line / Series: Select,,,,Deck Boards & Fascia,Dimensions,1 in x 8-12 in,,Finish / Color,Whiskey Barrel,,Product Line / Series,Select,,,,30151508,,1,EA,TREX_543007916.jpg,TREX_543007916_1.jpg,TREX_543007916_2.jpg,TREX_543007916_3.jpg,TREX_543007916_4.jpg,TREX_543007916_Specification_Sheet.pdf,No,Yes
,543005936,Building Materials,Decking & Railing,Composite & PVC Decking,543005936,543005936,1x12-12' Malted Barley - Trex Select 2.0 Fascia,TREX,,Boise Cascade Building Materials (BOICA),Trex Company Inc,TREX®,Transcend® Lineage™,543005936,Building Materials > Decking & Railing > Composite & PVC Decking > Deck Boards & Fascia,"Trex Company Inc Trex, 1X12, 12' Malted Barley, Trex Select 2.0 Fascia,",1X12-12' MALTED BARLEY - TREX SELECT,Trex® 543005936 1X12-12' Malted Barley - Trex Select 2.0 Fascia,"TREX®, 1x12-12' Malted Barley - Trex Select 2.0 Fascia, Part Number: 543005936, Dimensions: 1 in x 12-12 in, Finish / Color: Malted Barley, Product Line / Series: Select",Trex® 543005936 1X12-12' Malted Barley - Trex Select 2.0 Fascia,"TREX®, 1x12-12' Malted Barley - Trex Select 2.0 Fascia, Part Number: 543005936, Dimensions: 1 in x 12-12 in, Finish / Color: Malted Barley, Product Line / Series: Select",Dimensions: 1 in x 12-12 in,Finish / Color: Malted Barley,Product Line / Series: Select,,,,Deck Boards & Fascia,Dimensions,1 in x 12-12 in,,Finish / Color,Malted Barley,,Product Line / Series,Select,,,,30151508,,1,EA,TREX_543005936.jpg,TREX_543005936_1.jpg,TREX_543005936_2.jpg,TREX_543005936_3.jpg,TREX_543005936_4.jpg,TREX_543005936_Specification_Sheet.pdf,No,Yes
,1516905,Building Materials,Decking & Railing,Composite & PVC Decking,1516905,1516905,1x12-12' Millstone - Trex Select 2.0 Fascia,TREX,,Boise Cascade Building Materials (BOICA),Trex Company Inc,TREX®,Transcend® Lineage™,1516905,Building Materials > Decking & Railing > Composite & PVC Decking > Deck Boards & Fascia,"Trex Company Inc Trex, 1X12, 12' Millstone, Trex Select 2.0 Fascia, 1516905",1X12-12' MILLSTONE - TREX SELECT 2.0,Trex® 1516905 1X12-12' Millstone - Trex Select 2.0 Fascia,"TREX®, 1x12-12' Millstone - Trex Select 2.0 Fascia, Part Number: 1516905, Dimensions: 1 in x 12-12 in, Finish / Color: Millstone, Product Line / Series: Select",Trex® 1516905 1X12-12' Millstone - Trex Select 2.0 Fascia,"TREX®, 1x12-12' Millstone - Trex Select 2.0 Fascia, Part Number: 1516905, Dimensions: 1 in x 12-12 in, Finish / Color: Millstone, Product Line / Series: Select",Dimensions: 1 in x 12-12 in,Finish / Color: Millstone,Product Line / Series: Select,,,,Deck Boards & Fascia,Dimensions,1 in x 12-12 in,,Finish / Color,Millstone,,Product Line / Series,Select,,,,30151508,,1,EA,TREX_1516905.jpg,TREX_1516905_1.jpg,TREX_1516905_2.jpg,TREX_1516905_3.jpg,TREX_1516905_4.jpg,TREX_1516905_Specification_Sheet.pdf,No,Yes
,543007936,Building Materials,Decking & Railing,Composite & PVC Decking,543007936,543007936,1x12-12' Whiskey Barrel - Trex Select 2.0 Fascia,TREX,,Boise Cascade Building Materials (BOICA),Trex Company Inc,TREX®,Transcend® Lineage™,543007936,Building Materials > Decking & Railing > Composite & PVC Decking > Deck Boards & Fascia,"Trex Company Inc Trex, 1X12, 12' Whiskey Barrel, Trex Select 2.0 Fascia,",1X12-12' WHISKEY BARREL - TREX SELECT,Trex® 543007936 1X12-12' Whiskey Barrel - Trex Select 2.0 Fascia,"TREX®, 1x12-12' Whiskey Barrel - Trex Select 2.0 Fascia, Part Number: 543007936, Dimensions: 1 in x 12-12 in, Finish / Color: Whiskey Barrel, Product Line / Series: Select",Trex® 543007936 1X12-12' Whiskey Barrel - Trex Select 2.0 Fascia,"TREX®, 1x12-12' Whiskey Barrel - Trex Select 2.0 Fascia, Part Number: 543007936, Dimensions: 1 in x 12-12 in, Finish / Color: Whiskey Barrel, Product Line / Series: Select",Dimensions: 1 in x 12-12 in,Finish / Color: Whiskey Barrel,Product Line / Series: Select,,,,Deck Boards & Fascia,Dimensions,1 in x 12-12 in,,Finish / Color,Whiskey Barrel,,Product Line / Series,Select,,,,30151508,,1,EA,TREX_543007936.jpg,TREX_543007936_1.jpg,TREX_543007936_2.jpg,TREX_543007936_3.jpg,TREX_543007936_4.jpg,TREX_543007936_Specification_Sheet.pdf,No,Yes
,543144908,Building Materials,Decking & Railing,Composite & PVC Decking,543144908,543144908,1x8-12' Island Mist - Trex Lineage,TREX,,U S Lumber (3073),Trex Company Inc,TREX®,Transcend® Lineage™,543144908,Building Materials > Decking & Railing > Composite & PVC Decking > Deck Boards & Fascia,"Trex Company Inc Trex, 1X8, 12' Island Mist, Trex Lineage, 543144908",1X8-12' ISLAND MIST - TREX LINEAGE,Trex® 543144908 1X8-12' Island Mist - Trex Lineage,"TREX®, 1x8-12' Island Mist - Trex Lineage, Part Number: 543144908, Dimensions: 1 in x 8-12 in, Finish / Color: Island Mist, Product Line / Series: Lineage",Trex® 543144908 1X8-12' Island Mist - Trex Lineage,"TREX®, 1x8-12' Island Mist - Trex Lineage, Part Number: 543144908, Dimensions: 1 in x 8-12 in, Finish / Color: Island Mist, Product Line / Series: Lineage",Dimensions: 1 in x 8-12 in,Finish / Color: Island Mist,Product Line / Series: Lineage,,,,Deck Boards & Fascia,Dimensions,1 in x 8-12 in,,Finish / Color,Island Mist,,Product Line / Series,Lineage,,,,30151508,,1,EA,TREX_543144908.jpg,TREX_543144908_1.jpg,TREX_543144908_2.jpg,TREX_543144908_3.jpg,TREX_543144908_4.jpg,TREX_543144908_Specification_Sheet.pdf,No,Yes
,543141908,Building Materials,Decking & Railing,Composite & PVC Decking,543141908,543141908,1x8-12' Rainier - Trex Lineage,TREX,,U S Lumber (3073),Trex Company Inc,TREX®,Transcend® Lineage™,543141908,Building Materials > Decking & Railing > Composite & PVC Decking > Deck Boards & Fascia,"Trex Company Inc Trex, 1X8, 12' Rainier, Trex Lineage, 543141908",1X8-12' RAINIER - TREX LINEAGE,Trex® 543141908 1X8-12' Rainier - Trex Lineage,"TREX®, 1x8-12' Rainier - Trex Lineage, Part Number: 543141908, Dimensions: 1 in x 8-12 in, Finish / Color: Rainier, Product Line / Series: Lineage",Trex® 543141908 1X8-12' Rainier - Trex Lineage,"TREX®, 1x8-12' Rainier - Trex Lineage, Part Number: 543141908, Dimensions: 1 in x 8-12 in, Finish / Color: Rainier, Product Line / Series: Lineage",Dimensions: 1 in x 8-12 in,Finish / Color: Rainier,Product Line / Series: Lineage,,,,Deck Boards & Fascia,Dimensions,1 in x 8-12 in,,Finish / Color,Rainier,,Product Line / Series,Lineage,,,,30151508,,1,EA,TREX_543141908.jpg,TREX_543141908_1.jpg,TREX_543141908_2.jpg,TREX_543141908_3.jpg,TREX_543141908_4.jpg,TREX_543141908_Specification_Sheet.pdf,No,Yes
,543144912,Building Materials,Decking & Railing,Composite & PVC Decking,543144912,543144912,1x12-12' Island Mist - Trex Lineage,TREX,,U S Lumber (3073),Trex Company Inc,TREX®,Transcend® Lineage™,543144912,Building Materials > Decking & Railing > Composite & PVC Decking > Deck Boards & Fascia,"Trex Company Inc Trex, 1X12, 12' Island Mist, Trex Lineage, 543144912",1X12-12' ISLAND MIST - TREX LINEAGE,Trex® 543144912 1X12-12' Island Mist - Trex Lineage,"TREX®, 1x12-12' Island Mist - Trex Lineage, Part Number: 543144912, Dimensions: 1 in x 12-12 in, Finish / Color: Island Mist, Product Line / Series: Lineage",Trex® 543144912 1X12-12' Island Mist - Trex Lineage,"TREX®, 1x12-12' Island Mist - Trex Lineage, Part Number: 543144912, Dimensions: 1 in x 12-12 in, Finish / Color: Island Mist, Product Line / Series: Lineage",Dimensions: 1 in x 12-12 in,Finish / Color: Island Mist,Product Line / Series: Lineage,,,,Deck Boards & Fascia,Dimensions,1 in x 12-12 in,,Finish / Color,Island Mist,,Product Line / Series,Lineage,,,,30151508,,1,EA,TREX_543144912.jpg,TREX_543144912_1.jpg,TREX_543144912_2.jpg,TREX_543144912_3.jpg,TREX_543144912_4.jpg,TREX_543144912_Specification_Sheet.pdf,No,Yes
,543141912,Building Materials,Decking & Railing,Composite & PVC Decking,543141912,543141912,1x12-12' Rainier - Trex Lineage,TREX,,U S Lumber (3073),Trex Company Inc,TREX®,Transcend® Lineage™,543141912,Building Materials > Decking & Railing > Composite & PVC Decking > Deck Boards & Fascia,"Trex Company Inc Trex, 1X12, 12' Rainier, Trex Lineage, 543141912",1X12-12' RAINIER - TREX LINEAGE,Trex® 543141912 1X12-12' Rainier - Trex Lineage,"TREX®, 1x12-12' Rainier - Trex Lineage, Part Number: 543141912, Dimensions: 1 in x 12-12 in, Finish / Color: Rainier, Product Line / Series: Lineage",Trex® 543141912 1X12-12' Rainier - Trex Lineage,"TREX®, 1x12-12' Rainier - Trex Lineage, Part Number: 543141912, Dimensions: 1 in x 12-12 in, Finish / Color: Rainier, Product Line / Series: Lineage",Dimensions: 1 in x 12-12 in,Finish / Color: Rainier,Product Line / Series: Lineage,,,,Deck Boards & Fascia,Dimensions,1 in x 12-12 in,,Finish / Color,Rainier,,Product Line / Series,Lineage,,,,30151508,,1,EA,TREX_543141912.jpg,TREX_543141912_1.jpg,TREX_543141912_2.jpg,TREX_543141912_3.jpg,TREX_543141912_4.jpg,TREX_543141912_Specification_Sheet.pdf,No,Yes
,1513713,Building Materials,Decking & Railing,Composite & PVC Decking,1513713,1513713,1x8-12' Hatteras - Trex Lineage,TREX,,Boise Cascade Building Materials (BOICA),Trex Company Inc,TREX®,Transcend® Lineage™,1513713,Building Materials > Decking & Railing > Composite & PVC Decking > Deck Boards & Fascia,"Trex Company Inc Trex, 1X8, 12' Hatteras, Trex Lineage, 1513713",1X8-12' HATTERAS - TREX LINEAGE,Trex® 1513713 1X8-12' Hatteras - Trex Lineage,"TREX®, 1x8-12' Hatteras - Trex Lineage, Part Number: 1513713, Dimensions: 1 in x 8-12 in, Product Line / Series: Lineage",Trex® 1513713 1X8-12' Hatteras - Trex Lineage,"TREX®, 1x8-12' Hatteras - Trex Lineage, Part Number: 1513713, Dimensions: 1 in x 8-12 in, Product Line / Series: Lineage",Dimensions: 1 in x 8-12 in,Product Line / Series: Lineage,,,,,Deck Boards & Fascia,Dimensions,1 in x 8-12 in,,Product Line / Series,Lineage,,,,,,,30151508,,1,EA,TREX_1513713.jpg,TREX_1513713_1.jpg,TREX_1513713_2.jpg,TREX_1513713_3.jpg,TREX_1513713_4.jpg,TREX_1513713_Specification_Sheet.pdf,No,Yes
,1513714,Building Materials,Decking & Railing,Composite & PVC Decking,1513714,1513714,1x8-12' Salt Flat - Trex Lineage,TREX,,Boise Cascade Building Materials (BOICA),Trex Company Inc,TREX®,Transcend® Lineage™,1513714,Building Materials > Decking & Railing > Composite & PVC Decking > Deck Boards & Fascia,"Trex Company Inc Trex, 1X8, 12' Salt Flat, Trex Lineage, 1513714",1X8-12' SALT FLAT - TREX LINEAGE,Trex® 1513714 1X8-12' Salt Flat - Trex Lineage,"TREX®, 1x8-12' Salt Flat - Trex Lineage, Part Number: 1513714, Dimensions: 1 in x 8-12 in, Product Line / Series: Lineage",Trex® 1513714 1X8-12' Salt Flat - Trex Lineage,"TREX®, 1x8-12' Salt Flat - Trex Lineage, Part Number: 1513714, Dimensions: 1 in x 8-12 in, Product Line / Series: Lineage",Dimensions: 1 in x 8-12 in,Product Line / Series: Lineage,,,,,Deck Boards & Fascia,Dimensions,1 in x 8-12 in,,Product Line / Series,Lineage,,,,,,,30151508,,1,EA,TREX_1513714.jpg,TREX_1513714_1.jpg,TREX_1513714_2.jpg,TREX_1513714_3.jpg,TREX_1513714_4.jpg,TREX_1513714_Specification_Sheet.pdf,No,Yes
,73012503,Building Materials,Decking & Railing,Railing Systems,73012503,73012503,4x4 Wh Heritage Post Trim RDI,,,-,Generic Manufacturer,-- Unbranded --,,73012503,Building Materials > Decking & Railing > Railing Systems > Railing Kits & Posts,"Generic Manufacturer -- Unbranded --, 4X4 Wh Heritage Post Trim Rdi, 73012503",4X4 WH HERITAGE POST TRIM RDI,-- Unbranded -- 73012503 4X4 Wh Heritage Post Trim Rdi,"-- Unbranded --, 4x4 Wh Heritage Post Trim RDI, Part Number: 73012503, Dimensions: 4 in x 4 in, Finish / Color: White",-- Unbranded -- 73012503 4X4 Wh Heritage Post Trim Rdi,"-- Unbranded --, 4x4 Wh Heritage Post Trim RDI, Part Number: 73012503, Dimensions: 4 in x 4 in, Finish / Color: White",Dimensions: 4 in x 4 in,Finish / Color: White,,,,,Railing Kits & Posts,Dimensions,4 in x 4 in,,Finish / Color,White,,,,,,,30151510,,1,EA,UNBRANDED_73012503.jpg,UNBRANDED_73012503_1.jpg,UNBRANDED_73012503_2.jpg,UNBRANDED_73012503_3.jpg,UNBRANDED_73012503_4.jpg,UNBRANDED_73012503_Specification_Sheet.pdf,No,Yes
,73018131,Building Materials,Decking & Railing,Railing Systems,73018131,73018131,6x6 Wh Elite Post Trim 4pc RDI,,,-,Generic Manufacturer,-- Unbranded --,,73018131,Building Materials > Decking & Railing > Railing Systems > Railing Kits & Posts,"Generic Manufacturer -- Unbranded --, 6X6 Wh Elite Post Trim 4Pc Rdi, 73018131",6X6 WH ELITE POST TRIM 4PC RDI,-- Unbranded -- 73018131 6X6 Wh Elite Post Trim 4Pc Rdi,"-- Unbranded --, 6x6 Wh Elite Post Trim 4pc RDI, Part Number: 73018131, Package Quantity: 4 pc, Dimensions: 6 in x 6 in, Finish / Color: White",-- Unbranded -- 73018131 6X6 Wh Elite Post Trim 4Pc Rdi,"-- Unbranded --, 6x6 Wh Elite Post Trim 4pc RDI, Part Number: 73018131, Package Quantity: 4 pc, Dimensions: 6 in x 6 in, Finish / Color: White",Package Quantity: 4 pc,Dimensions: 6 in x 6 in,Finish / Color: White,,,,Railing Kits & Posts,Package Quantity,4,pc,Dimensions,6 in x 6 in,,Finish / Color,White,,,,30151510,,1,EA,UNBRANDED_73018131.jpg,UNBRANDED_73018131_1.jpg,UNBRANDED_73018131_2.jpg,UNBRANDED_73018131_3.jpg,UNBRANDED_73018131_4.jpg,UNBRANDED_73018131_Specification_Sheet.pdf,No,Yes
,73018091,Building Materials,Decking & Railing,Railing Systems,73018091,73018091,4x4 Wh Elite Post Trim RDI,,,-,Generic Manufacturer,-- Unbranded --,,73018091,Building Materials > Decking & Railing > Railing Systems > Railing Kits & Posts,"Generic Manufacturer -- Unbranded --, 4X4 Wh Elite Post Trim Rdi, 73018091",4X4 WH ELITE POST TRIM RDI,-- Unbranded -- 73018091 4X4 Wh Elite Post Trim Rdi,"-- Unbranded --, 4x4 Wh Elite Post Trim RDI, Part Number: 73018091, Dimensions: 4 in x 4 in, Finish / Color: White",-- Unbranded -- 73018091 4X4 Wh Elite Post Trim Rdi,"-- Unbranded --, 4x4 Wh Elite Post Trim RDI, Part Number: 73018091, Dimensions: 4 in x 4 in, Finish / Color: White",Dimensions: 4 in x 4 in,Finish / Color: White,,,,,Railing Kits & Posts,Dimensions,4 in x 4 in,,Finish / Color,White,,,,,,,30151510,,1,EA,UNBRANDED_73018091.jpg,UNBRANDED_73018091_1.jpg,UNBRANDED_73018091_2.jpg,UNBRANDED_73018091_3.jpg,UNBRANDED_73018091_4.jpg,UNBRANDED_73018091_Specification_Sheet.pdf,No,Yes
,73018066,Building Materials,Decking & Railing,Railing Systems,73018066,73018066,Clay 6x6 Elite Post Trim RDI - 4pc,,,-,Generic Manufacturer,-- Unbranded --,,73018066,Building Materials > Decking & Railing > Railing Systems > Railing Kits & Posts,"Generic Manufacturer -- Unbranded --, Clay 6X6 Elite Post Trim Rdi, 4Pc,",CLAY 6X6 ELITE POST TRIM RDI - 4PC,-- Unbranded -- 73018066 Clay 6X6 Elite Post Trim Rdi - 4Pc,"-- Unbranded --, Clay 6x6 Elite Post Trim RDI - 4pc, Part Number: 73018066, Package Quantity: 4 pc, Dimensions: 6 in x 6 in",-- Unbranded -- 73018066 Clay 6X6 Elite Post Trim Rdi - 4Pc,"-- Unbranded --, Clay 6x6 Elite Post Trim RDI - 4pc, Part Number: 73018066, Package Quantity: 4 pc, Dimensions: 6 in x 6 in",Package Quantity: 4 pc,Dimensions: 6 in x 6 in,,,,,Railing Kits & Posts,Package Quantity,4,pc,Dimensions,6 in x 6 in,,,,,,,30151510,,1,EA,UNBRANDED_73018066.jpg,UNBRANDED_73018066_1.jpg,UNBRANDED_73018066_2.jpg,UNBRANDED_73018066_3.jpg,UNBRANDED_73018066_4.jpg,UNBRANDED_73018066_Specification_Sheet.pdf,No,Yes
,73018076,Building Materials,Decking & Railing,Railing Systems,73018076,73018076,4x4 Wh Flat Post Cap RDI,,,-,Generic Manufacturer,-- Unbranded --,,73018076,Building Materials > Decking & Railing > Railing Systems > Railing Kits & Posts,"Generic Manufacturer -- Unbranded --, 4X4 Wh Flat Post Cap Rdi, 73018076",4X4 WH FLAT POST CAP RDI,-- Unbranded -- 73018076 4X4 Wh Flat Post Cap Rdi,"-- Unbranded --, 4x4 Wh Flat Post Cap RDI, Part Number: 73018076, Dimensions: 4 in x 4 in, Finish / Color: White",-- Unbranded -- 73018076 4X4 Wh Flat Post Cap Rdi,"-- Unbranded --, 4x4 Wh Flat Post Cap RDI, Part Number: 73018076, Dimensions: 4 in x 4 in, Finish / Color: White",Dimensions: 4 in x 4 in,Finish / Color: White,,,,,Railing Kits & Posts,Dimensions,4 in x 4 in,,Finish / Color,White,,,,,,,30151510,,1,EA,UNBRANDED_73018076.jpg,UNBRANDED_73018076_1.jpg,UNBRANDED_73018076_2.jpg,UNBRANDED_73018076_3.jpg,UNBRANDED_73018076_4.jpg,UNBRANDED_73018076_Specification_Sheet.pdf,No,Yes
,61109087,Industrial MRO,Hardware & Supplies,General Maintenance,61109087,61109087,Wh 4x4-39 Blank Post RDI,,,-,Generic Manufacturer,-- Unbranded --,,61109087,Industrial MRO > Hardware & Supplies > General Maintenance > Industrial Supplies,"Generic Manufacturer -- Unbranded --, Wh 4X4, 39 Blank Post Rdi, 61109087",WH 4X4-39 BLANK POST RDI,-- Unbranded -- 61109087 Wh 4X4-39 Blank Post Rdi,"-- Unbranded --, Wh 4x4-39 Blank Post RDI, Part Number: 61109087, Dimensions: 4 in x 4-39 in, Finish / Color: White",-- Unbranded -- 61109087 Wh 4X4-39 Blank Post Rdi,"-- Unbranded --, Wh 4x4-39 Blank Post RDI, Part Number: 61109087, Dimensions: 4 in x 4-39 in, Finish / Color: White",Dimensions: 4 in x 4-39 in,Finish / Color: White,,,,,Industrial Supplies,Dimensions,4 in x 4-39 in,,Finish / Color,White,,,,,,,31160000,,1,EA,UNBRANDED_61109087.jpg,UNBRANDED_61109087_1.jpg,UNBRANDED_61109087_2.jpg,UNBRANDED_61109087_3.jpg,UNBRANDED_61109087_4.jpg,UNBRANDED_61109087_Specification_Sheet.pdf,No,Yes
,73018731,Building Materials,Decking & Railing,Railing Systems,73018731,73018731,Wh 6x6-108 Post Sleeve RDI,,,-,Generic Manufacturer,-- Unbranded --,,73018731,Building Materials > Decking & Railing > Railing Systems > Railing Kits & Posts,"Generic Manufacturer -- Unbranded --, Wh 6X6, 108 Post Sleeve Rdi, 73018731",WH 6X6-108 POST SLEEVE RDI,-- Unbranded -- 73018731 Wh 6X6-108 Post Sleeve Rdi,"-- Unbranded --, Wh 6x6-108 Post Sleeve RDI, Part Number: 73018731, Dimensions: 6 in x 6-108 in, Finish / Color: White",-- Unbranded -- 73018731 Wh 6X6-108 Post Sleeve Rdi,"-- Unbranded --, Wh 6x6-108 Post Sleeve RDI, Part Number: 73018731, Dimensions: 6 in x 6-108 in, Finish / Color: White",Dimensions: 6 in x 6-108 in,Finish / Color: White,,,,,Railing Kits & Posts,Dimensions,6 in x 6-108 in,,Finish / Color,White,,,,,,,30151510,,1,EA,UNBRANDED_73018731.jpg,UNBRANDED_73018731_1.jpg,UNBRANDED_73018731_2.jpg,UNBRANDED_73018731_3.jpg,UNBRANDED_73018731_4.jpg,UNBRANDED_73018731_Specification_Sheet.pdf,No,Yes
,61109090,Building Materials,Decking & Railing,Railing Systems,61109090,61109090,Wh 4x4-108 Post Sleeve RDI,,,-,Generic Manufacturer,-- Unbranded --,,61109090,Building Materials > Decking & Railing > Railing Systems > Railing Kits & Posts,"Generic Manufacturer -- Unbranded --, Wh 4X4, 108 Post Sleeve Rdi, 61109090",WH 4X4-108 POST SLEEVE RDI,-- Unbranded -- 61109090 Wh 4X4-108 Post Sleeve Rdi,"-- Unbranded --, Wh 4x4-108 Post Sleeve RDI, Part Number: 61109090, Dimensions: 4 in x 4-108 in, Finish / Color: White",-- Unbranded -- 61109090 Wh 4X4-108 Post Sleeve Rdi,"-- Unbranded --, Wh 4x4-108 Post Sleeve RDI, Part Number: 61109090, Dimensions: 4 in x 4-108 in, Finish / Color: White",Dimensions: 4 in x 4-108 in,Finish / Color: White,,,,,Railing Kits & Posts,Dimensions,4 in x 4-108 in,,Finish / Color,White,,,,,,,30151510,,1,EA,UNBRANDED_61109090.jpg,UNBRANDED_61109090_1.jpg,UNBRANDED_61109090_2.jpg,UNBRANDED_61109090_3.jpg,UNBRANDED_61109090_4.jpg,UNBRANDED_61109090_Specification_Sheet.pdf,No,Yes
,73053603,Building Materials,Decking & Railing,Railing Systems,73053603,73053603,Clay 4x4-108 Post Sleeve RDI,,,-,Generic Manufacturer,-- Unbranded --,,73053603,Building Materials > Decking & Railing > Railing Systems > Railing Kits & Posts,"Generic Manufacturer -- Unbranded --, Clay 4X4, 108 Post Sleeve Rdi, 73053603",CLAY 4X4-108 POST SLEEVE RDI,-- Unbranded -- 73053603 Clay 4X4-108 Post Sleeve Rdi,"-- Unbranded --, Clay 4x4-108 Post Sleeve RDI, Part Number: 73053603, Dimensions: 4 in x 4-108 in",-- Unbranded -- 73053603 Clay 4X4-108 Post Sleeve Rdi,"-- Unbranded --, Clay 4x4-108 Post Sleeve RDI, Part Number: 73053603, Dimensions: 4 in x 4-108 in",Dimensions: 4 in x 4-108 in,,,,,,Railing Kits & Posts,Dimensions,4 in x 4-108 in,,,,,,,,,,30151510,,1,EA,UNBRANDED_73053603.jpg,UNBRANDED_73053603_1.jpg,UNBRANDED_73053603_2.jpg,UNBRANDED_73053603_3.jpg,UNBRANDED_73053603_4.jpg,UNBRANDED_73053603_Specification_Sheet.pdf,No,Yes
,73053608,Building Materials,Decking & Railing,Railing Systems,73053608,73053608,Clay 6x6-108 Post Sleeve RDI,,,-,Generic Manufacturer,-- Unbranded --,,73053608,Building Materials > Decking & Railing > Railing Systems > Railing Kits & Posts,"Generic Manufacturer -- Unbranded --, Clay 6X6, 108 Post Sleeve Rdi, 73053608",CLAY 6X6-108 POST SLEEVE RDI,-- Unbranded -- 73053608 Clay 6X6-108 Post Sleeve Rdi,"-- Unbranded --, Clay 6x6-108 Post Sleeve RDI, Part Number: 73053608, Dimensions: 6 in x 6-108 in",-- Unbranded -- 73053608 Clay 6X6-108 Post Sleeve Rdi,"-- Unbranded --, Clay 6x6-108 Post Sleeve RDI, Part Number: 73053608, Dimensions: 6 in x 6-108 in",Dimensions: 6 in x 6-108 in,,,,,,Railing Kits & Posts,Dimensions,6 in x 6-108 in,,,,,,,,,,30151510,,1,EA,UNBRANDED_73053608.jpg,UNBRANDED_73053608_1.jpg,UNBRANDED_73053608_2.jpg,UNBRANDED_73053608_3.jpg,UNBRANDED_73053608_4.jpg,UNBRANDED_73053608_Specification_Sheet.pdf,No,Yes
,543340896,Building Materials,Decking & Railing,Composite & PVC Decking,543340896,543340896,"4x4-37"" Black Alum Post Sleeve Select Alum Railing - w/Cap & Skirt",TREX,,Boise Cascade Building Materials (BOICA),Trex Company Inc,TREX®,Transcend® Lineage™,543340896,Building Materials > Decking & Railing > Composite & PVC Decking > Deck Boards & Fascia,"Trex Company Inc Trex, 4X4, 37"" Black Alum Post Sleeve Select Alum Railing,","4X4-37"" BLACK ALUM POST SLEEVE SELECT","Trex® 543340896 4X4-37"" Black Alum Post Sleeve Select Alum Railing - W/Cap & Skirt","TREX®, 4x4-37"" Black Alum Post Sleeve Select Alum Railing - w/Cap & Skirt, Part Number: 543340896, Dimensions: 4 in x 4-37 in, Finish / Color: Black, Material: Aluminum, Product Line / Series: Select","Trex® 543340896 4X4-37"" Black Alum Post Sleeve Select Alum Railing - W/Cap & Skirt","TREX®, 4x4-37"" Black Alum Post Sleeve Select Alum Railing - w/Cap & Skirt, Part Number: 543340896, Dimensions: 4 in x 4-37 in, Finish / Color: Black, Material: Aluminum, Product Line / Series: Select",Dimensions: 4 in x 4-37 in,Finish / Color: Black,Material: Aluminum,Product Line / Series: Select,,,Deck Boards & Fascia,Dimensions,4 in x 4-37 in,,Finish / Color,Black,,Material,Aluminum,,Product Line / Series,Select,30151508,,1,EA,TREX_543340896.jpg,TREX_543340896_1.jpg,TREX_543340896_2.jpg,TREX_543340896_3.jpg,TREX_543340896_4.jpg,TREX_543340896_Specification_Sheet.pdf,No,Yes
,543340898,Building Materials,Decking & Railing,Composite & PVC Decking,543340898,543340898,"4x4-43"" Black Alum Post Sleeve Select Alum Railing w/Cap & Skirt",TREX,,Boise Cascade Building Materials (BOICA),Trex Company Inc,TREX®,Transcend® Lineage™,543340898,Building Materials > Decking & Railing > Composite & PVC Decking > Deck Boards & Fascia,"Trex Company Inc Trex, 4X4, 43"" Black Alum Post Sleeve Select Alum Railing","4X4-43"" BLACK ALUM POST SLEEVE SELECT","Trex® 543340898 4X4-43"" Black Alum Post Sleeve Select Alum Railing W/Cap & Skirt","TREX®, 4x4-43"" Black Alum Post Sleeve Select Alum Railing w/Cap & Skirt, Part Number: 543340898, Dimensions: 4 in x 4-43 in, Finish / Color: Black, Material: Aluminum, Product Line / Series: Select","Trex® 543340898 4X4-43"" Black Alum Post Sleeve Select Alum Railing W/Cap & Skirt","TREX®, 4x4-43"" Black Alum Post Sleeve Select Alum Railing w/Cap & Skirt, Part Number: 543340898, Dimensions: 4 in x 4-43 in, Finish / Color: Black, Material: Aluminum, Product Line / Series: Select",Dimensions: 4 in x 4-43 in,Finish / Color: Black,Material: Aluminum,Product Line / Series: Select,,,Deck Boards & Fascia,Dimensions,4 in x 4-43 in,,Finish / Color,Black,,Material,Aluminum,,Product Line / Series,Select,30151508,,1,EA,TREX_543340898.jpg,TREX_543340898_1.jpg,TREX_543340898_2.jpg,TREX_543340898_3.jpg,TREX_543340898_4.jpg,TREX_543340898_Specification_Sheet.pdf,No,Yes
,73272TBK,Building Materials,Decking & Railing,Railing Systems,73272TBK,73272TBK,6x6-10' Black Alum Deco - Support Post,DSI Westbury,,Palmer Donavin Mfg Company (PALDO),Digger Specialties Inc,DSI WESTBURY®,Westbury®,73272TBK,Building Materials > Decking & Railing > Railing Systems > Railing Kits & Posts,"Digger Specialties Inc Dsi Westbury, 6X6, 10' Black Alum Deco, Support Post,",6X6-10' BLACK ALUM DECO - SUPPORT POST,Dsi Westbury® 73272Tbk 6X6-10' Black Alum Deco - Support Post,"DSI WESTBURY®, 6x6-10' Black Alum Deco - Support Post, Part Number: 73272TBK, Dimensions: 6 in x 6-10 in, Finish / Color: Black, Material: Aluminum",Dsi Westbury® 73272Tbk 6X6-10' Black Alum Deco - Support Post,"DSI WESTBURY®, 6x6-10' Black Alum Deco - Support Post, Part Number: 73272TBK, Dimensions: 6 in x 6-10 in, Finish / Color: Black, Material: Aluminum",Dimensions: 6 in x 6-10 in,Finish / Color: Black,Material: Aluminum,,,,Railing Kits & Posts,Dimensions,6 in x 6-10 in,,Finish / Color,Black,,Material,Aluminum,,,,30151510,,1,EA,DSIWESTBURY_73272TBK.jpg,DSIWESTBURY_73272TBK_1.jpg,DSIWESTBURY_73272TBK_2.jpg,DSIWESTBURY_73272TBK_3.jpg,DSIWESTBURY_73272TBK_4.jpg,DSIWESTBURY_73272TBK_Specification_Sheet.pdf,No,Yes
,543302127,Building Materials,Decking & Railing,Composite & PVC Decking,543302127,543302127,6' Wh Select T-Rail Kit Stair - w/Sq Composite Balusters,TREX,,U S Lumber (3073),Trex Company Inc,TREX®,Transcend® Lineage™,543302127,Building Materials > Decking & Railing > Composite & PVC Decking > Deck Boards & Fascia,"Trex Company Inc Trex, 6' Wh Select T, Rail Kit Stair, W/Sq Composite",6' WH SELECT T-RAIL KIT STAIR - W/SQ,Trex® 543302127 6' Wh Select T-Rail Kit Stair - W/Sq Composite Balusters,"TREX®, 6' Wh Select T-Rail Kit Stair - w/Sq Composite Balusters, Part Number: 543302127, Finish / Color: White, Material: Composite, Product Line / Series: Select",Trex® 543302127 6' Wh Select T-Rail Kit Stair - W/Sq Composite Balusters,"TREX®, 6' Wh Select T-Rail Kit Stair - w/Sq Composite Balusters, Part Number: 543302127, Finish / Color: White, Material: Composite, Product Line / Series: Select",Finish / Color: White,Material: Composite,Product Line / Series: Select,,With Balusters,,Deck Boards & Fascia,Finish / Color,White,,Material,Composite,,Product Line / Series,Select,,,,30151508,,1,EA,TREX_543302127.jpg,TREX_543302127_1.jpg,TREX_543302127_2.jpg,TREX_543302127_3.jpg,TREX_543302127_4.jpg,TREX_543302127_Specification_Sheet.pdf,No,Yes
,543302147,Building Materials,Decking & Railing,Composite & PVC Decking,543302147,543302147,8' Wh Select T-Rail Kit Stair - w/Sq Composite Balusters,TREX,,U S Lumber (3073),Trex Company Inc,TREX®,Transcend® Lineage™,543302147,Building Materials > Decking & Railing > Composite & PVC Decking > Deck Boards & Fascia,"Trex Company Inc Trex, 8' Wh Select T, Rail Kit Stair, W/Sq Composite",8' WH SELECT T-RAIL KIT STAIR - W/SQ,Trex® 543302147 8' Wh Select T-Rail Kit Stair - W/Sq Composite Balusters,"TREX®, 8' Wh Select T-Rail Kit Stair - w/Sq Composite Balusters, Part Number: 543302147, Finish / Color: White, Material: Composite, Product Line / Series: Select",Trex® 543302147 8' Wh Select T-Rail Kit Stair - W/Sq Composite Balusters,"TREX®, 8' Wh Select T-Rail Kit Stair - w/Sq Composite Balusters, Part Number: 543302147, Finish / Color: White, Material: Composite, Product Line / Series: Select",Finish / Color: White,Material: Composite,Product Line / Series: Select,,With Balusters,,Deck Boards & Fascia,Finish / Color,White,,Material,Composite,,Product Line / Series,Select,,,,30151508,,1,EA,TREX_543302147.jpg,TREX_543302147_1.jpg,TREX_543302147_2.jpg,TREX_543302147_3.jpg,TREX_543302147_4.jpg,TREX_543302147_Specification_Sheet.pdf,No,Yes
,73019599,Building Materials,Decking & Railing,Railing Systems,73019599,73019599,Finyline Wh 6' Str Rail Kit Sq,,,-,Alliance Laundry Systems,SPEED QUEEN®,Speed Queen®,73019599,Building Materials > Decking & Railing > Railing Systems > Railing Kits & Posts,"Alliance Laundry Systems Speed Queen, Finyline Wh 6' Str Rail Kit Sq, 73019599",FINYLINE WH 6' STR RAIL KIT SQ,Speed Queen® 73019599 Finyline Wh 6' Str Rail Kit Sq,"SPEED QUEEN®, Finyline Wh 6' Str Rail Kit Sq, Part Number: 73019599, Finish / Color: White",Speed Queen® 73019599 Finyline Wh 6' Str Rail Kit Sq,"SPEED QUEEN®, Finyline Wh 6' Str Rail Kit Sq, Part Number: 73019599, Finish / Color: White",Finish / Color: White,,,,,,Railing Kits & Posts,Finish / Color,White,,,,,,,,,,30151510,,1,EA,SPEEDQUEEN_73019599.jpg,SPEEDQUEEN_73019599_1.jpg,SPEEDQUEEN_73019599_2.jpg,SPEEDQUEEN_73019599_3.jpg,SPEEDQUEEN_73019599_4.jpg,SPEEDQUEEN_73019599_Specification_Sheet.pdf,No,Yes
,73019648,Building Materials,Decking & Railing,Railing Systems,73019648,73019648,Finyline Wh 8' Str Rail Kit Sq,,,-,Alliance Laundry Systems,SPEED QUEEN®,Speed Queen®,73019648,Building Materials > Decking & Railing > Railing Systems > Railing Kits & Posts,"Alliance Laundry Systems Speed Queen, Finyline Wh 8' Str Rail Kit Sq, 73019648",FINYLINE WH 8' STR RAIL KIT SQ,Speed Queen® 73019648 Finyline Wh 8' Str Rail Kit Sq,"SPEED QUEEN®, Finyline Wh 8' Str Rail Kit Sq, Part Number: 73019648, Finish / Color: White",Speed Queen® 73019648 Finyline Wh 8' Str Rail Kit Sq,"SPEED QUEEN®, Finyline Wh 8' Str Rail Kit Sq, Part Number: 73019648, Finish / Color: White",Finish / Color: White,,,,,,Railing Kits & Posts,Finish / Color,White,,,,,,,,,,30151510,,1,EA,SPEEDQUEEN_73019648.jpg,SPEEDQUEEN_73019648_1.jpg,SPEEDQUEEN_73019648_2.jpg,SPEEDQUEEN_73019648_3.jpg,SPEEDQUEEN_73019648_4.jpg,SPEEDQUEEN_73019648_Specification_Sheet.pdf,No,Yes
,73019598,Building Materials,Decking & Railing,Railing Systems,73019598,73019598,Finyline Wh 6' Str Rail Kit Rd - w/Black Alum Balusters,,,-,Generic Manufacturer,-- Unbranded --,,73019598,Building Materials > Decking & Railing > Railing Systems > Railing Kits & Posts,"Generic Manufacturer -- Unbranded --, Finyline Wh 6' Str Rail Kit Rd, W/Black",FINYLINE WH 6' STR RAIL KIT RD -,-- Unbranded -- 73019598 Finyline Wh 6' Str Rail Kit Rd - W/Black Alum Balusters,"-- Unbranded --, Finyline Wh 6' Str Rail Kit Rd - w/Black Alum Balusters, Part Number: 73019598, Finish / Color: Black, Material: Aluminum",-- Unbranded -- 73019598 Finyline Wh 6' Str Rail Kit Rd - W/Black Alum Balusters,"-- Unbranded --, Finyline Wh 6' Str Rail Kit Rd - w/Black Alum Balusters, Part Number: 73019598, Finish / Color: Black, Material: Aluminum",Finish / Color: Black,Material: Aluminum,,,With Balusters,,Railing Kits & Posts,Finish / Color,Black,,Material,Aluminum,,,,,,,30151510,,1,EA,UNBRANDED_73019598.jpg,UNBRANDED_73019598_1.jpg,UNBRANDED_73019598_2.jpg,UNBRANDED_73019598_3.jpg,UNBRANDED_73019598_4.jpg,UNBRANDED_73019598_Specification_Sheet.pdf,No,Yes
,73019647,Building Materials,Decking & Railing,Railing Systems,73019647,73019647,Finyline Wh 8' Str Rail Kit Rd - w/Black Alum Balusters,,,-,Generic Manufacturer,-- Unbranded --,,73019647,Building Materials > Decking & Railing > Railing Systems > Railing Kits & Posts,"Generic Manufacturer -- Unbranded --, Finyline Wh 8' Str Rail Kit Rd, W/Black",FINYLINE WH 8' STR RAIL KIT RD -,-- Unbranded -- 73019647 Finyline Wh 8' Str Rail Kit Rd - W/Black Alum Balusters,"-- Unbranded --, Finyline Wh 8' Str Rail Kit Rd - w/Black Alum Balusters, Part Number: 73019647, Finish / Color: Black, Material: Aluminum",-- Unbranded -- 73019647 Finyline Wh 8' Str Rail Kit Rd - W/Black Alum Balusters,"-- Unbranded --, Finyline Wh 8' Str Rail Kit Rd - w/Black Alum Balusters, Part Number: 73019647, Finish / Color: Black, Material: Aluminum",Finish / Color: Black,Material: Aluminum,,,With Balusters,,Railing Kits & Posts,Finish / Color,Black,,Material,Aluminum,,,,,,,30151510,,1,EA,UNBRANDED_73019647.jpg,UNBRANDED_73019647_1.jpg,UNBRANDED_73019647_2.jpg,UNBRANDED_73019647_3.jpg,UNBRANDED_73019647_4.jpg,UNBRANDED_73019647_Specification_Sheet.pdf,No,Yes
,543300257,Building Materials,Decking & Railing,Composite & PVC Decking,543300257,543300257,6' Black Select Classic Stair - Rail w/Rnd Black Alum Baluster,TREX,,Boise Cascade Building Materials (BOICA),Trex Company Inc,TREX®,Transcend® Lineage™,543300257,Building Materials > Decking & Railing > Composite & PVC Decking > Deck Boards & Fascia,"Trex Company Inc Trex, 6' Black Select Classic Stair, Rail W/Rnd Black Alum",6' BLACK SELECT CLASSIC STAIR - RAIL,Trex® 543300257 6' Black Select Classic Stair - Rail W/Rnd Black Alum Baluster,"TREX®, 6' Black Select Classic Stair - Rail w/Rnd Black Alum Baluster, Part Number: 543300257, Finish / Color: Black, Material: Aluminum, Product Line / Series: Select",Trex® 543300257 6' Black Select Classic Stair - Rail W/Rnd Black Alum Baluster,"TREX®, 6' Black Select Classic Stair - Rail w/Rnd Black Alum Baluster, Part Number: 543300257, Finish / Color: Black, Material: Aluminum, Product Line / Series: Select",Finish / Color: Black,Material: Aluminum,Product Line / Series: Select,,With Balusters,,Deck Boards & Fascia,Finish / Color,Black,,Material,Aluminum,,Product Line / Series,Select,,,,30151508,,1,EA,TREX_543300257.jpg,TREX_543300257_1.jpg,TREX_543300257_2.jpg,TREX_543300257_3.jpg,TREX_543300257_4.jpg,TREX_543300257_Specification_Sheet.pdf,No,Yes
,543300277,Building Materials,Decking & Railing,Composite & PVC Decking,543300277,543300277,8' Black Select Classic Stair - Rail w/Rnd Black Alum Baluster,TREX,,Boise Cascade Building Materials (BOICA),Trex Company Inc,TREX®,Transcend® Lineage™,543300277,Building Materials > Decking & Railing > Composite & PVC Decking > Deck Boards & Fascia,"Trex Company Inc Trex, 8' Black Select Classic Stair, Rail W/Rnd Black Alum",8' BLACK SELECT CLASSIC STAIR - RAIL,Trex® 543300277 8' Black Select Classic Stair - Rail W/Rnd Black Alum Baluster,"TREX®, 8' Black Select Classic Stair - Rail w/Rnd Black Alum Baluster, Part Number: 543300277, Finish / Color: Black, Material: Aluminum, Product Line / Series: Select",Trex® 543300277 8' Black Select Classic Stair - Rail W/Rnd Black Alum Baluster,"TREX®, 8' Black Select Classic Stair - Rail w/Rnd Black Alum Baluster, Part Number: 543300277, Finish / Color: Black, Material: Aluminum, Product Line / Series: Select",Finish / Color: Black,Material: Aluminum,Product Line / Series: Select,,With Balusters,,Deck Boards & Fascia,Finish / Color,Black,,Material,Aluminum,,Product Line / Series,Select,,,,30151508,,1,EA,TREX_543300277.jpg,TREX_543300277_1.jpg,TREX_543300277_2.jpg,TREX_543300277_3.jpg,TREX_543300277_4.jpg,TREX_543300277_Specification_Sheet.pdf,No,Yes
,SPB-44BPL,Building Materials,Decking & Railing,Railing Systems,SPB-44BPL,SPB-44BPL,"Patriot 4""x4""x37""/43"" Adjustable Self Leveling Support Post",,,-,Generic Manufacturer,-- Unbranded --,,SPB-44BPL,Building Materials > Decking & Railing > Railing Systems > Railing Kits & Posts,"Generic Manufacturer -- Unbranded --, Patriot 4""X4""X37""/43"" Adjustable Self","PATRIOT 4""X4""X37""/43"" ADJUSTABLE SELF","-- Unbranded -- Spb-44Bpl Patriot 4""X4""X37""/43"" Adjustable Self Leveling Support Post","-- Unbranded --, Patriot 4""x4""x37""/43"" Adjustable Self Leveling Support Post, Part Number: SPB-44BPL, Dimensions: 4 in x 4 in x 37 in","-- Unbranded -- Spb-44Bpl Patriot 4""X4""X37""/43"" Adjustable Self Leveling Support Post","-- Unbranded --, Patriot 4""x4""x37""/43"" Adjustable Self Leveling Support Post, Part Number: SPB-44BPL, Dimensions: 4 in x 4 in x 37 in",Dimensions: 4 in x 4 in x 37 in,,,,,,Railing Kits & Posts,Dimensions,4 in x 4 in x 37 in,,,,,,,,,,30151510,,1,EA,UNBRANDED_SPB-44BPL.jpg,UNBRANDED_SPB-44BPL_1.jpg,UNBRANDED_SPB-44BPL_2.jpg,UNBRANDED_SPB-44BPL_3.jpg,UNBRANDED_SPB-44BPL_4.jpg,UNBRANDED_SPB-44BPL_Specification_Sheet.pdf,No,Yes
,925219,Electrical & Hardware,Adhesives & Tapes,Electrical & Construction Tapes,925219,925219,"2""x50' Deck Joist Tape - Protecto Wrap",,,Palmer Donavin Mfg Company (PALDO),Palmer Donavin Mfg Company,Palmer Donavin Mfg Company,,925219,Electrical & Hardware > Adhesives & Tapes > Electrical & Construction Tapes > Electrical & Sealing Tapes,"Palmer Donavin Mfg Company, 2""X50' Deck Joist Tape, Protecto Wrap, 925219","2""X50' DECK JOIST TAPE - PROTECTO WRAP","Palmer Donavin Mfg Company 925219 2""X50' Deck Joist Tape - Protecto Wrap","Palmer Donavin Mfg Company, 2""x50' Deck Joist Tape - Protecto Wrap, Part Number: 925219, Dimensions: 2 in x 50 in","Palmer Donavin Mfg Company 925219 2""X50' Deck Joist Tape - Protecto Wrap","Palmer Donavin Mfg Company, 2""x50' Deck Joist Tape - Protecto Wrap, Part Number: 925219, Dimensions: 2 in x 50 in",Dimensions: 2 in x 50 in,,,,,,Electrical & Sealing Tapes,Dimensions,2 in x 50 in,,,,,,,,,,31201502,,1,EA,PALMERDONAVINMFGCOMPANY_925219.jpg,PALMERDONAVINMFGCOMPANY_925219_1.jpg,PALMERDONAVINMFGCOMPANY_925219_2.jpg,PALMERDONAVINMFGCOMPANY_925219_3.jpg,PALMERDONAVINMFGCOMPANY_925219_4.jpg,PALMERDONAVINMFGCOMPANY_925219_Specification_Sheet.pdf,No,Yes
,27233,Building Materials,Doors & Windows,Windows & Skylights,27233,27233,24x48 WH Attic Access Door,AJM,,A J Manufacturing Inc (AJMAN),AJM,AJM,,27233,Building Materials > Doors & Windows > Windows & Skylights > Residential Windows & Doors,"AJM, Ajm, 24X48 Wh Attic Access Door, 27233 - Part Number: 27233",24X48 WH ATTIC ACCESS DOOR,Ajm 27233 24X48 Wh Attic Access Door,"AJM, 24x48 WH Attic Access Door, Part Number: 27233, Dimensions: 24 in x 48 in, Finish / Color: White",Ajm 27233 24X48 Wh Attic Access Door,"AJM, 24x48 WH Attic Access Door, Part Number: 27233, Dimensions: 24 in x 48 in, Finish / Color: White",Dimensions: 24 in x 48 in,Finish / Color: White,,,,,Residential Windows & Doors,Dimensions,24 in x 48 in,,Finish / Color,White,,,,,,,30171500,,1,EA,AJM_27233.jpg,AJM_27233_1.jpg,AJM_27233_2.jpg,AJM_27233_3.jpg,AJM_27233_4.jpg,AJM_27233_Specification_Sheet.pdf,No,Yes
,1517602,Building Materials,Doors & Windows,Windows & Skylights,1517602,1517602,6068R Gliding Patio Dr 4500 United Blk Ext/WH Int LowE Arg w/J,United Window & Door,,United Window & Door Manufacturing (UNIWI),United Window & Door Mfg,UNITED WINDOW®,United Windows®,1517602,Building Materials > Doors & Windows > Windows & Skylights > Residential Windows & Doors,"United Window & Door Mfg United Window, 6068R Gliding Patio Dr 4500 United Blk",6068R GLIDING PATIO DR 4500 UNITED BLK,United Window® 1517602 6068R Gliding Patio Dr 4500 United Blk Ext/Wh Int Lowe Arg W/J,"UNITED WINDOW®, 6068R Gliding Patio Dr 4500 United Blk Ext/WH Int LowE Arg w/J, Part Number: 1517602, Finish / Color: Black",United Window® 1517602 6068R Gliding Patio Dr 4500 United Blk Ext/Wh Int Lowe Arg W/J,"UNITED WINDOW®, 6068R Gliding Patio Dr 4500 United Blk Ext/WH Int LowE Arg w/J, Part Number: 1517602, Finish / Color: Black",Finish / Color: Black,,,,,,Residential Windows & Doors,Finish / Color,Black,,,,,,,,,,30171500,,1,EA,UNITEDWINDOW_1517602.jpg,UNITEDWINDOW_1517602_1.jpg,UNITEDWINDOW_1517602_2.jpg,UNITEDWINDOW_1517602_3.jpg,UNITEDWINDOW_1517602_4.jpg,UNITEDWINDOW_1517602_Specification_Sheet.pdf,No,Yes
,1517603,Building Materials,Doors & Windows,Windows & Skylights,1517603,1517603,6068L Gliding Patio Dr 4500 United Blk Ext/WH Int LowE Arg w/J,United Window & Door,,United Window & Door Manufacturing (UNIWI),United Window & Door Mfg,UNITED WINDOW®,United Windows®,1517603,Building Materials > Doors & Windows > Windows & Skylights > Residential Windows & Doors,"United Window & Door Mfg United Window, 6068L Gliding Patio Dr 4500 United Blk",6068L GLIDING PATIO DR 4500 UNITED BLK,United Window® 1517603 6068L Gliding Patio Dr 4500 United Blk Ext/Wh Int Lowe Arg W/J,"UNITED WINDOW®, 6068L Gliding Patio Dr 4500 United Blk Ext/WH Int LowE Arg w/J, Part Number: 1517603, Finish / Color: Black",United Window® 1517603 6068L Gliding Patio Dr 4500 United Blk Ext/Wh Int Lowe Arg W/J,"UNITED WINDOW®, 6068L Gliding Patio Dr 4500 United Blk Ext/WH Int LowE Arg w/J, Part Number: 1517603, Finish / Color: Black",Finish / Color: Black,,,,,,Residential Windows & Doors,Finish / Color,Black,,,,,,,,,,30171500,,1,EA,UNITEDWINDOW_1517603.jpg,UNITEDWINDOW_1517603_1.jpg,UNITEDWINDOW_1517603_2.jpg,UNITEDWINDOW_1517603_3.jpg,UNITEDWINDOW_1517603_4.jpg,UNITEDWINDOW_1517603_Specification_Sheet.pdf,No,Yes
,1517604,Building Materials,Doors & Windows,Windows & Skylights,1517604,1517604,6068L Gliding Patio Dr 4500 United White LowE Arg w/J,United Window & Door,,United Window & Door Manufacturing (UNIWI),United Window & Door Mfg,UNITED WINDOW®,United Windows®,1517604,Building Materials > Doors & Windows > Windows & Skylights > Residential Windows & Doors,"United Window & Door Mfg United Window, 6068L Gliding Patio Dr 4500 United",6068L GLIDING PATIO DR 4500 UNITED,United Window® 1517604 6068L Gliding Patio Dr 4500 United White Lowe Arg W/J,"UNITED WINDOW®, 6068L Gliding Patio Dr 4500 United White LowE Arg w/J, Part Number: 1517604, Finish / Color: White",United Window® 1517604 6068L Gliding Patio Dr 4500 United White Lowe Arg W/J,"UNITED WINDOW®, 6068L Gliding Patio Dr 4500 United White LowE Arg w/J, Part Number: 1517604, Finish / Color: White",Finish / Color: White,,,,,,Residential Windows & Doors,Finish / Color,White,,,,,,,,,,30171500,,1,EA,UNITEDWINDOW_1517604.jpg,UNITEDWINDOW_1517604_1.jpg,UNITEDWINDOW_1517604_2.jpg,UNITEDWINDOW_1517604_3.jpg,UNITEDWINDOW_1517604_4.jpg,UNITEDWINDOW_1517604_Specification_Sheet.pdf,No,Yes
,1517605,Building Materials,Doors & Windows,Windows & Skylights,1517605,1517605,6068R Gliding Patio Dr 4500 United White LowE Arg w/J,United Window & Door,,United Window & Door Manufacturing (UNIWI),United Window & Door Mfg,UNITED WINDOW®,United Windows®,1517605,Building Materials > Doors & Windows > Windows & Skylights > Residential Windows & Doors,"United Window & Door Mfg United Window, 6068R Gliding Patio Dr 4500 United",6068R GLIDING PATIO DR 4500 UNITED,United Window® 1517605 6068R Gliding Patio Dr 4500 United White Lowe Arg W/J,"UNITED WINDOW®, 6068R Gliding Patio Dr 4500 United White LowE Arg w/J, Part Number: 1517605, Finish / Color: White",United Window® 1517605 6068R Gliding Patio Dr 4500 United White Lowe Arg W/J,"UNITED WINDOW®, 6068R Gliding Patio Dr 4500 United White LowE Arg w/J, Part Number: 1517605, Finish / Color: White",Finish / Color: White,,,,,,Residential Windows & Doors,Finish / Color,White,,,,,,,,,,30171500,,1,EA,UNITEDWINDOW_1517605.jpg,UNITEDWINDOW_1517605_1.jpg,UNITEDWINDOW_1517605_2.jpg,UNITEDWINDOW_1517605_3.jpg,UNITEDWINDOW_1517605_4.jpg,UNITEDWINDOW_1517605_Specification_Sheet.pdf,No,Yes
,FS C01 2004S,Building Materials,Doors & Windows,Windows & Skylights,FS C01 2004S,FS C01 2004S,"FS C01 Velux Fxd Skylt Gry/Wh - w/Solar Shade RO 21""x26-7/8""",,,Velux America Inc (VELAM),Velux America Inc,Velux America Inc,,FS C01 2004S,Building Materials > Doors & Windows > Windows & Skylights > Residential Windows & Doors,"Velux America Inc, Fs C01 Velux Fxd Skylt Gry/Wh, W/Solar Shade Ro 21""X26,",FS C01 VELUX FXD SKYLT GRY/WH - W/SOLAR,"Velux America Inc Fs C01 2004S Fs C01 Velux Fxd Skylt Gry/Wh - W/Solar Shade Ro 21""X26-7/8""","Velux America Inc, FS C01 Velux Fxd Skylt Gry/Wh - w/Solar Shade RO 21""x26-7/8"", Part Number: FS C01 2004S, Dimensions: 21 in x 26-7 in, Finish / Color: White","Velux America Inc Fs C01 2004S Fs C01 Velux Fxd Skylt Gry/Wh - W/Solar Shade Ro 21""X26-7/8""","Velux America Inc, FS C01 Velux Fxd Skylt Gry/Wh - w/Solar Shade RO 21""x26-7/8"", Part Number: FS C01 2004S, Dimensions: 21 in x 26-7 in, Finish / Color: White",Dimensions: 21 in x 26-7 in,Finish / Color: White,,,,,Residential Windows & Doors,Dimensions,21 in x 26-7 in,,Finish / Color,White,,,,,,,30171500,,1,EA,VELUXAMERICAINC_FS C01 2004S.jpg,VELUXAMERICAINC_FS C01 2004S_1.jpg,VELUXAMERICAINC_FS C01 2004S_2.jpg,VELUXAMERICAINC_FS C01 2004S_3.jpg,VELUXAMERICAINC_FS C01 2004S_4.jpg,VELUXAMERICAINC_FS C01 2004S_Specification_Sheet.pdf,No,Yes
,FS C04 2004S,Building Materials,Doors & Windows,Windows & Skylights,FS C04 2004S,FS C04 2004S,"FS C04 Velux Fxd Skylt Gry/Wh - w/Solar Shade RO 21""x37-7/8""",,,Velux America Inc (VELAM),Velux America Inc,Velux America Inc,,FS C04 2004S,Building Materials > Doors & Windows > Windows & Skylights > Residential Windows & Doors,"Velux America Inc, Fs C04 Velux Fxd Skylt Gry/Wh, W/Solar Shade Ro 21""X37,",FS C04 VELUX FXD SKYLT GRY/WH - W/SOLAR,"Velux America Inc Fs C04 2004S Fs C04 Velux Fxd Skylt Gry/Wh - W/Solar Shade Ro 21""X37-7/8""","Velux America Inc, FS C04 Velux Fxd Skylt Gry/Wh - w/Solar Shade RO 21""x37-7/8"", Part Number: FS C04 2004S, Dimensions: 21 in x 37-7 in, Finish / Color: White","Velux America Inc Fs C04 2004S Fs C04 Velux Fxd Skylt Gry/Wh - W/Solar Shade Ro 21""X37-7/8""","Velux America Inc, FS C04 Velux Fxd Skylt Gry/Wh - w/Solar Shade RO 21""x37-7/8"", Part Number: FS C04 2004S, Dimensions: 21 in x 37-7 in, Finish / Color: White",Dimensions: 21 in x 37-7 in,Finish / Color: White,,,,,Residential Windows & Doors,Dimensions,21 in x 37-7 in,,Finish / Color,White,,,,,,,30171500,,1,EA,VELUXAMERICAINC_FS C04 2004S.jpg,VELUXAMERICAINC_FS C04 2004S_1.jpg,VELUXAMERICAINC_FS C04 2004S_2.jpg,VELUXAMERICAINC_FS C04 2004S_3.jpg,VELUXAMERICAINC_FS C04 2004S_4.jpg,VELUXAMERICAINC_FS C04 2004S_Specification_Sheet.pdf,No,Yes
,FS C06 2004S,Building Materials,Doors & Windows,Windows & Skylights,FS C06 2004S,FS C06 2004S,"FS C06 Velux Fxd Skylt Gry/Wh - w/Solar Shade RO 21""x45-7/8""",,,Velux America Inc (VELAM),Velux America Inc,Velux America Inc,,FS C06 2004S,Building Materials > Doors & Windows > Windows & Skylights > Residential Windows & Doors,"Velux America Inc, Fs C06 Velux Fxd Skylt Gry/Wh, W/Solar Shade Ro 21""X45,",FS C06 VELUX FXD SKYLT GRY/WH - W/SOLAR,"Velux America Inc Fs C06 2004S Fs C06 Velux Fxd Skylt Gry/Wh - W/Solar Shade Ro 21""X45-7/8""","Velux America Inc, FS C06 Velux Fxd Skylt Gry/Wh - w/Solar Shade RO 21""x45-7/8"", Part Number: FS C06 2004S, Dimensions: 21 in x 45-7 in, Finish / Color: White","Velux America Inc Fs C06 2004S Fs C06 Velux Fxd Skylt Gry/Wh - W/Solar Shade Ro 21""X45-7/8""","Velux America Inc, FS C06 Velux Fxd Skylt Gry/Wh - w/Solar Shade RO 21""x45-7/8"", Part Number: FS C06 2004S, Dimensions: 21 in x 45-7 in, Finish / Color: White",Dimensions: 21 in x 45-7 in,Finish / Color: White,,,,,Residential Windows & Doors,Dimensions,21 in x 45-7 in,,Finish / Color,White,,,,,,,30171500,,1,EA,VELUXAMERICAINC_FS C06 2004S.jpg,VELUXAMERICAINC_FS C06 2004S_1.jpg,VELUXAMERICAINC_FS C06 2004S_2.jpg,VELUXAMERICAINC_FS C06 2004S_3.jpg,VELUXAMERICAINC_FS C06 2004S_4.jpg,VELUXAMERICAINC_FS C06 2004S_Specification_Sheet.pdf,No,Yes
,1501831,Building Materials,Doors & Windows,Windows & Skylights,1501831,1501831,31.5x14.75 Bsmt ecoLitePlus WH - Hopper DLA w/Screen,PROVIA,,ProVia (PRODO),ProVia Doors & Windows,PROVIA®,ecoLitePlus™,1501831,Building Materials > Doors & Windows > Windows & Skylights > Residential Windows & Doors,"Provia Doors & Windows Provia, 31.5X14.75 Bsmt Ecoliteplus Wh, Hopper Dla",31.5X14.75 BSMT ECOLITEPLUS WH - HOPPER,Provia® 1501831 31.5X14.75 Bsmt Ecoliteplus Wh - Hopper Dla W/Screen,"PROVIA®, 31.5x14.75 Bsmt ecoLitePlus WH - Hopper DLA w/Screen, Part Number: 1501831, Dimensions: 31.5 in x 14.75 in, Finish / Color: White",Provia® 1501831 31.5X14.75 Bsmt Ecoliteplus Wh - Hopper Dla W/Screen,"PROVIA®, 31.5x14.75 Bsmt ecoLitePlus WH - Hopper DLA w/Screen, Part Number: 1501831, Dimensions: 31.5 in x 14.75 in, Finish / Color: White",Dimensions: 31.5 in x 14.75 in,Finish / Color: White,,,,,Residential Windows & Doors,Dimensions,31.5 in x 14.75 in,,Finish / Color,White,,,,,,,30171500,,1,EA,PROVIA_1501831.jpg,PROVIA_1501831_1.jpg,PROVIA_1501831_2.jpg,PROVIA_1501831_3.jpg,PROVIA_1501831_4.jpg,PROVIA_1501831_Specification_Sheet.pdf,No,Yes
,1501832,Building Materials,Doors & Windows,Windows & Skylights,1501832,1501832,31.5x22.75 Bsmt ecoLitePlus WH - Hopper DLA w/Screen,PROVIA,,ProVia (PRODO),ProVia Doors & Windows,PROVIA®,ecoLitePlus™,1501832,Building Materials > Doors & Windows > Windows & Skylights > Residential Windows & Doors,"Provia Doors & Windows Provia, 31.5X22.75 Bsmt Ecoliteplus Wh, Hopper Dla",31.5X22.75 BSMT ECOLITEPLUS WH - HOPPER,Provia® 1501832 31.5X22.75 Bsmt Ecoliteplus Wh - Hopper Dla W/Screen,"PROVIA®, 31.5x22.75 Bsmt ecoLitePlus WH - Hopper DLA w/Screen, Part Number: 1501832, Dimensions: 31.5 in x 22.75 in, Finish / Color: White",Provia® 1501832 31.5X22.75 Bsmt Ecoliteplus Wh - Hopper Dla W/Screen,"PROVIA®, 31.5x22.75 Bsmt ecoLitePlus WH - Hopper DLA w/Screen, Part Number: 1501832, Dimensions: 31.5 in x 22.75 in, Finish / Color: White",Dimensions: 31.5 in x 22.75 in,Finish / Color: White,,,,,Residential Windows & Doors,Dimensions,31.5 in x 22.75 in,,Finish / Color,White,,,,,,,30171500,,1,EA,PROVIA_1501832.jpg,PROVIA_1501832_1.jpg,PROVIA_1501832_2.jpg,PROVIA_1501832_3.jpg,PROVIA_1501832_4.jpg,PROVIA_1501832_Specification_Sheet.pdf,No,Yes
,1515974,Building Materials,Doors & Windows,Windows & Skylights,1515974,1515974,3030 Slider 3900 United Black WH Int LowE-2 w/Half Scrn w/J,United Window & Door,,-,United Window & Door Mfg,UNITED WINDOW®,United Windows®,1515974,Building Materials > Doors & Windows > Windows & Skylights > Residential Windows & Doors,"United Window & Door Mfg United Window, 3030 Slider 3900 United Black Wh Int",3030 SLIDER 3900 UNITED BLACK WH INT,United Window® 1515974 3030 Slider 3900 United Black Wh Int Lowe-2 W/Half Scrn W/J,"UNITED WINDOW®, 3030 Slider 3900 United Black WH Int LowE-2 w/Half Scrn w/J, Part Number: 1515974, Wattage: 2 W, Finish / Color: Black",United Window® 1515974 3030 Slider 3900 United Black Wh Int Lowe-2 W/Half Scrn W/J,"UNITED WINDOW®, 3030 Slider 3900 United Black WH Int LowE-2 w/Half Scrn w/J, Part Number: 1515974, Wattage: 2 W, Finish / Color: Black",Wattage: 2 W,Finish / Color: Black,,,,,Residential Windows & Doors,Wattage,2,W,Finish / Color,Black,,,,,,,30171500,,1,EA,UNITEDWINDOW_1515974.jpg,UNITEDWINDOW_1515974_1.jpg,UNITEDWINDOW_1515974_2.jpg,UNITEDWINDOW_1515974_3.jpg,UNITEDWINDOW_1515974_4.jpg,UNITEDWINDOW_1515974_Specification_Sheet.pdf,No,Yes
,640383,Building Materials,Siding & Sheathing,Wall & Floor Panels,640383,640383,"1/2"" 54""x10 Drywall Easi-Lite",,,Certainteed Gypsum (2765),CertainTeed Gypsum,CERTAINTEED®,Easi-Lite®,640383,Building Materials > Siding & Sheathing > Wall & Floor Panels > Exterior Siding & Sheathing,"Certainteed Gypsum Certainteed, 1/2"" 54""X10 Drywall Easi, Lite, 640383","1/2"" 54""X10 DRYWALL EASI-LITE","Certainteed® 640383 1/2"" 54""X10 Drywall Easi-Lite","CERTAINTEED®, 1/2"" 54""x10 Drywall Easi-Lite, Part Number: 640383, Dimensions: 54 in x 10 in","Certainteed® 640383 1/2"" 54""X10 Drywall Easi-Lite","CERTAINTEED®, 1/2"" 54""x10 Drywall Easi-Lite, Part Number: 640383, Dimensions: 54 in x 10 in",Dimensions: 54 in x 10 in,,,,,,Exterior Siding & Sheathing,Dimensions,54 in x 10 in,,,,,,,,,,30151600,,1,EA,CERTAINTEED_640383.jpg,CERTAINTEED_640383_1.jpg,CERTAINTEED_640383_2.jpg,CERTAINTEED_640383_3.jpg,CERTAINTEED_640383_4.jpg,CERTAINTEED_640383_Specification_Sheet.pdf,No,Yes
,653258,Building Materials,Siding & Sheathing,Wall & Floor Panels,653258,653258,"5/8"" 4x9 Drywall Firelite",,,Certainteed Gypsum (2765),CertainTeed Gypsum,CERTAINTEED®,Easi-Lite®,653258,Building Materials > Siding & Sheathing > Wall & Floor Panels > Exterior Siding & Sheathing,"Certainteed Gypsum Certainteed, 5/8"" 4X9 Drywall Firelite, 653258","5/8"" 4X9 DRYWALL FIRELITE","Certainteed® 653258 5/8"" 4X9 Drywall Firelite","CERTAINTEED®, 5/8"" 4x9 Drywall Firelite, Part Number: 653258, Dimensions: 4 in x 9 in","Certainteed® 653258 5/8"" 4X9 Drywall Firelite","CERTAINTEED®, 5/8"" 4x9 Drywall Firelite, Part Number: 653258, Dimensions: 4 in x 9 in",Dimensions: 4 in x 9 in,,,,,,Exterior Siding & Sheathing,Dimensions,4 in x 9 in,,,,,,,,,,30151600,,1,EA,CERTAINTEED_653258.jpg,CERTAINTEED_653258_1.jpg,CERTAINTEED_653258_2.jpg,CERTAINTEED_653258_3.jpg,CERTAINTEED_653258_4.jpg,CERTAINTEED_653258_Specification_Sheet.pdf,No,Yes
,413S-DBA-36,Building Materials,Doors & Windows,Door Hardware,413S-DBA-36,413S-DBA-36,"413S 36"" Alum Threshold DBZ",HAGER,,Hager Hinge Co (4189),HAGER,HAGER,,413S-DBA-36,Building Materials > Doors & Windows > Door Hardware > Thresholds & Weatherstripping,"HAGER, Hager, 413S 36"" Alum Threshold Dbz, 413S-Dba-36 - Part Number: 413S-DBA","413S 36"" ALUM THRESHOLD DBZ","Hager 413S-Dba-36 413S 36"" Alum Threshold Dbz","HAGER, 413S 36"" Alum Threshold DBZ, Part Number: 413S-DBA-36, Finish / Color: Dark Bronze, Material: Aluminum","Hager 413S-Dba-36 413S 36"" Alum Threshold Dbz","HAGER, 413S 36"" Alum Threshold DBZ, Part Number: 413S-DBA-36, Finish / Color: Dark Bronze, Material: Aluminum",Finish / Color: Dark Bronze,Material: Aluminum,,,,,Thresholds & Weatherstripping,Finish / Color,Dark Bronze,,Material,Aluminum,,,,,,,30171505,,1,EA,HAGER_413S-DBA-36.jpg,HAGER_413S-DBA-36_1.jpg,HAGER_413S-DBA-36_2.jpg,HAGER_413S-DBA-36_3.jpg,HAGER_413S-DBA-36_4.jpg,HAGER_413S-DBA-36_Specification_Sheet.pdf,No,Yes
,413S-DBA-72,Building Materials,Doors & Windows,Door Hardware,413S-DBA-72,413S-DBA-72,"413S 72"" Alum Threshold DBZ",HAGER,,Hager Hinge Co (4189),HAGER,HAGER,,413S-DBA-72,Building Materials > Doors & Windows > Door Hardware > Thresholds & Weatherstripping,"HAGER, Hager, 413S 72"" Alum Threshold Dbz, 413S-Dba-72 - Part Number: 413S-DBA","413S 72"" ALUM THRESHOLD DBZ","Hager 413S-Dba-72 413S 72"" Alum Threshold Dbz","HAGER, 413S 72"" Alum Threshold DBZ, Part Number: 413S-DBA-72, Finish / Color: Dark Bronze, Material: Aluminum","Hager 413S-Dba-72 413S 72"" Alum Threshold Dbz","HAGER, 413S 72"" Alum Threshold DBZ, Part Number: 413S-DBA-72, Finish / Color: Dark Bronze, Material: Aluminum",Finish / Color: Dark Bronze,Material: Aluminum,,,,,Thresholds & Weatherstripping,Finish / Color,Dark Bronze,,Material,Aluminum,,,,,,,30171505,,1,EA,HAGER_413S-DBA-72.jpg,HAGER_413S-DBA-72_1.jpg,HAGER_413S-DBA-72_2.jpg,HAGER_413S-DBA-72_3.jpg,HAGER_413S-DBA-72_4.jpg,HAGER_413S-DBA-72_Specification_Sheet.pdf,No,Yes
,1511506,Building Materials,Siding & Sheathing,Wall & Floor Panels,1511506,1511506,4'x65' Zip Rainscreen,,,Huber Eng Wood LLC (3158),Huber Eng Wood LLC,Huber Eng Wood LLC,,1511506,Building Materials > Siding & Sheathing > Wall & Floor Panels > Exterior Siding & Sheathing,"Huber Eng Wood LLC, Huber Eng Wood Llc, 4'X65' Zip Rainscreen, 1511506",4'X65' ZIP RAINSCREEN,Huber Eng Wood Llc 1511506 4'X65' Zip Rainscreen,"Huber Eng Wood LLC, 4'x65' Zip Rainscreen, Part Number: 1511506, Dimensions: 4 in x 65 in",Huber Eng Wood Llc 1511506 4'X65' Zip Rainscreen,"Huber Eng Wood LLC, 4'x65' Zip Rainscreen, Part Number: 1511506, Dimensions: 4 in x 65 in",Dimensions: 4 in x 65 in,,,,,,Exterior Siding & Sheathing,Dimensions,4 in x 65 in,,,,,,,,,,30151600,,1,EA,HUBERENGWOODLLC_1511506.jpg,HUBERENGWOODLLC_1511506_1.jpg,HUBERENGWOODLLC_1511506_2.jpg,HUBERENGWOODLLC_1511506_3.jpg,HUBERENGWOODLLC_1511506_4.jpg,HUBERENGWOODLLC_1511506_Specification_Sheet.pdf,No,Yes
,1513577,Building Materials,Siding & Sheathing,Wall & Floor Panels,1513577,1513577,1x8-12' Doug Fir STK Smooth 1S2E,COMMODITY - UNBRANDED,,Westwood Lumber Sales (WESLU),COMMODITY - UNBRANDED,COMMODITY - UNBRANDED,,1513577,Building Materials > Siding & Sheathing > Wall & Floor Panels > Exterior Siding & Sheathing,"Commodity - Unbranded, 1X8, 12' Doug Fir Stk Smooth 1S2E, 1513577",1X8-12' DOUG FIR STK SMOOTH 1S2E,Commodity - Unbranded 1513577 1X8-12' Doug Fir Stk Smooth 1S2E,"COMMODITY - UNBRANDED, 1x8-12' Doug Fir STK Smooth 1S2E, Part Number: 1513577, Dimensions: 1 in x 8-12 in",Commodity - Unbranded 1513577 1X8-12' Doug Fir Stk Smooth 1S2E,"COMMODITY - UNBRANDED, 1x8-12' Doug Fir STK Smooth 1S2E, Part Number: 1513577, Dimensions: 1 in x 8-12 in",Dimensions: 1 in x 8-12 in,,,,,,Exterior Siding & Sheathing,Dimensions,1 in x 8-12 in,,,,,,,,,,30151600,,1,EA,COMMODITYUNBRANDED_1513577.jpg,COMMODITYUNBRANDED_1513577_1.jpg,COMMODITYUNBRANDED_1513577_2.jpg,COMMODITYUNBRANDED_1513577_3.jpg,COMMODITYUNBRANDED_1513577_4.jpg,COMMODITYUNBRANDED_1513577_Specification_Sheet.pdf,No,Yes
,1513578,Building Materials,Siding & Sheathing,Wall & Floor Panels,1513578,1513578,1x8-16' Doug Fir STK Smooth 1S2E,COMMODITY - UNBRANDED,,Westwood Lumber Sales (WESLU),COMMODITY - UNBRANDED,COMMODITY - UNBRANDED,,1513578,Building Materials > Siding & Sheathing > Wall & Floor Panels > Exterior Siding & Sheathing,"Commodity - Unbranded, 1X8, 16' Doug Fir Stk Smooth 1S2E, 1513578",1X8-16' DOUG FIR STK SMOOTH 1S2E,Commodity - Unbranded 1513578 1X8-16' Doug Fir Stk Smooth 1S2E,"COMMODITY - UNBRANDED, 1x8-16' Doug Fir STK Smooth 1S2E, Part Number: 1513578, Dimensions: 1 in x 8-16 in",Commodity - Unbranded 1513578 1X8-16' Doug Fir Stk Smooth 1S2E,"COMMODITY - UNBRANDED, 1x8-16' Doug Fir STK Smooth 1S2E, Part Number: 1513578, Dimensions: 1 in x 8-16 in",Dimensions: 1 in x 8-16 in,,,,,,Exterior Siding & Sheathing,Dimensions,1 in x 8-16 in,,,,,,,,,,30151600,,1,EA,COMMODITYUNBRANDED_1513578.jpg,COMMODITYUNBRANDED_1513578_1.jpg,COMMODITYUNBRANDED_1513578_2.jpg,COMMODITYUNBRANDED_1513578_3.jpg,COMMODITYUNBRANDED_1513578_4.jpg,COMMODITYUNBRANDED_1513578_Specification_Sheet.pdf,No,Yes
,1513579,Building Materials,Siding & Sheathing,Wall & Floor Panels,1513579,1513579,1x12-12 'Doug Fir STK Smooth 1S2E,COMMODITY - UNBRANDED,,Westwood Lumber Sales (WESLU),COMMODITY - UNBRANDED,COMMODITY - UNBRANDED,,1513579,Building Materials > Siding & Sheathing > Wall & Floor Panels > Exterior Siding & Sheathing,"Commodity - Unbranded, 1X12, 12 'Doug Fir Stk Smooth 1S2E, 1513579",1X12-12 'DOUG FIR STK SMOOTH 1S2E,Commodity - Unbranded 1513579 1X12-12 'Doug Fir Stk Smooth 1S2E,"COMMODITY - UNBRANDED, 1x12-12 'Doug Fir STK Smooth 1S2E, Part Number: 1513579, Dimensions: 1 in x 12-12 in",Commodity - Unbranded 1513579 1X12-12 'Doug Fir Stk Smooth 1S2E,"COMMODITY - UNBRANDED, 1x12-12 'Doug Fir STK Smooth 1S2E, Part Number: 1513579, Dimensions: 1 in x 12-12 in",Dimensions: 1 in x 12-12 in,,,,,,Exterior Siding & Sheathing,Dimensions,1 in x 12-12 in,,,,,,,,,,30151600,,1,EA,COMMODITYUNBRANDED_1513579.jpg,COMMODITYUNBRANDED_1513579_1.jpg,COMMODITYUNBRANDED_1513579_2.jpg,COMMODITYUNBRANDED_1513579_3.jpg,COMMODITYUNBRANDED_1513579_4.jpg,COMMODITYUNBRANDED_1513579_Specification_Sheet.pdf,No,Yes
,1513580,Building Materials,Siding & Sheathing,Wall & Floor Panels,1513580,1513580,1x12-16' Doug Fir STK Smooth 1S2E,COMMODITY - UNBRANDED,,Westwood Lumber Sales (WESLU),COMMODITY - UNBRANDED,COMMODITY - UNBRANDED,,1513580,Building Materials > Siding & Sheathing > Wall & Floor Panels > Exterior Siding & Sheathing,"Commodity - Unbranded, 1X12, 16' Doug Fir Stk Smooth 1S2E, 1513580",1X12-16' DOUG FIR STK SMOOTH 1S2E,Commodity - Unbranded 1513580 1X12-16' Doug Fir Stk Smooth 1S2E,"COMMODITY - UNBRANDED, 1x12-16' Doug Fir STK Smooth 1S2E, Part Number: 1513580, Dimensions: 1 in x 12-16 in",Commodity - Unbranded 1513580 1X12-16' Doug Fir Stk Smooth 1S2E,"COMMODITY - UNBRANDED, 1x12-16' Doug Fir STK Smooth 1S2E, Part Number: 1513580, Dimensions: 1 in x 12-16 in",Dimensions: 1 in x 12-16 in,,,,,,Exterior Siding & Sheathing,Dimensions,1 in x 12-16 in,,,,,,,,,,30151600,,1,EA,COMMODITYUNBRANDED_1513580.jpg,COMMODITYUNBRANDED_1513580_1.jpg,COMMODITYUNBRANDED_1513580_2.jpg,COMMODITYUNBRANDED_1513580_3.jpg,COMMODITYUNBRANDED_1513580_4.jpg,COMMODITYUNBRANDED_1513580_Specification_Sheet.pdf,No,Yes
,1501767,Building Materials,Siding & Sheathing,Wall & Floor Panels,1501767,1501767,"3/4"" 4x8T&G Huber Blue PlusOSB - Sub Floor",,,-,Generic Manufacturer,-- Unbranded --,,1501767,Building Materials > Siding & Sheathing > Wall & Floor Panels > Exterior Siding & Sheathing,"Generic Manufacturer -- Unbranded --, 3/4"" 4X8T&G Huber Blue Plusosb, Sub","3/4"" 4X8T&G HUBER BLUE PLUSOSB - SUB","-- Unbranded -- 1501767 3/4"" 4X8T&G Huber Blue Plusosb - Sub Floor","-- Unbranded --, 3/4"" 4x8T&G Huber Blue PlusOSB - Sub Floor, Part Number: 1501767, Dimensions: 4 in x 8 in","-- Unbranded -- 1501767 3/4"" 4X8T&G Huber Blue Plusosb - Sub Floor","-- Unbranded --, 3/4"" 4x8T&G Huber Blue PlusOSB - Sub Floor, Part Number: 1501767, Dimensions: 4 in x 8 in",Dimensions: 4 in x 8 in,,,,,,Exterior Siding & Sheathing,Dimensions,4 in x 8 in,,,,,,,,,,30151600,,1,EA,UNBRANDED_1501767.jpg,UNBRANDED_1501767_1.jpg,UNBRANDED_1501767_2.jpg,UNBRANDED_1501767_3.jpg,UNBRANDED_1501767_4.jpg,UNBRANDED_1501767_Specification_Sheet.pdf,No,Yes
,PP-8BL,Building Materials,Roofing & Weatherization,Roof Panels & Underlayment,PP-8BL,PP-8BL,8' Premier Rib XL Black,,,Premier Metals (PREME),Premier Metals,Premier Metals,,PP-8BL,Building Materials > Roofing & Weatherization > Roof Panels & Underlayment > Roofing & Flashing,"Premier Metals, 8' Premier Rib Xl Black, Pp-8Bl - Part Number: PP-8BL",8' PREMIER RIB XL BLACK,Premier Metals Pp-8Bl 8' Premier Rib Xl Black,"Premier Metals, 8' Premier Rib XL Black, Part Number: PP-8BL, Finish / Color: Black",Premier Metals Pp-8Bl 8' Premier Rib Xl Black,"Premier Metals, 8' Premier Rib XL Black, Part Number: PP-8BL, Finish / Color: Black",Finish / Color: Black,,,,,,Roofing & Flashing,Finish / Color,Black,,,,,,,,,,30151500,,1,EA,PREMIERMETALS_PP-8BL.jpg,PREMIERMETALS_PP-8BL_1.jpg,PREMIERMETALS_PP-8BL_2.jpg,PREMIERMETALS_PP-8BL_3.jpg,PREMIERMETALS_PP-8BL_4.jpg,PREMIERMETALS_PP-8BL_Specification_Sheet.pdf,No,Yes
,PP-10BL,Building Materials,Roofing & Weatherization,Roof Panels & Underlayment,PP-10BL,PP-10BL,10' Premier Rib XL Black,,,Premier Metals (PREME),Premier Metals,Premier Metals,,PP-10BL,Building Materials > Roofing & Weatherization > Roof Panels & Underlayment > Roofing & Flashing,"Premier Metals, 10' Premier Rib Xl Black, Pp-10Bl - Part Number: PP-10BL",10' PREMIER RIB XL BLACK,Premier Metals Pp-10Bl 10' Premier Rib Xl Black,"Premier Metals, 10' Premier Rib XL Black, Part Number: PP-10BL, Finish / Color: Black",Premier Metals Pp-10Bl 10' Premier Rib Xl Black,"Premier Metals, 10' Premier Rib XL Black, Part Number: PP-10BL, Finish / Color: Black",Finish / Color: Black,,,,,,Roofing & Flashing,Finish / Color,Black,,,,,,,,,,30151500,,1,EA,PREMIERMETALS_PP-10BL.jpg,PREMIERMETALS_PP-10BL_1.jpg,PREMIERMETALS_PP-10BL_2.jpg,PREMIERMETALS_PP-10BL_3.jpg,PREMIERMETALS_PP-10BL_4.jpg,PREMIERMETALS_PP-10BL_Specification_Sheet.pdf,No,Yes
,PP-12BL,Building Materials,Roofing & Weatherization,Roof Panels & Underlayment,PP-12BL,PP-12BL,12' Premier Rib XL Black,,,Premier Metals (PREME),Premier Metals,Premier Metals,,PP-12BL,Building Materials > Roofing & Weatherization > Roof Panels & Underlayment > Roofing & Flashing,"Premier Metals, 12' Premier Rib Xl Black, Pp-12Bl - Part Number: PP-12BL",12' PREMIER RIB XL BLACK,Premier Metals Pp-12Bl 12' Premier Rib Xl Black,"Premier Metals, 12' Premier Rib XL Black, Part Number: PP-12BL, Finish / Color: Black",Premier Metals Pp-12Bl 12' Premier Rib Xl Black,"Premier Metals, 12' Premier Rib XL Black, Part Number: PP-12BL, Finish / Color: Black",Finish / Color: Black,,,,,,Roofing & Flashing,Finish / Color,Black,,,,,,,,,,30151500,,1,EA,PREMIERMETALS_PP-12BL.jpg,PREMIERMETALS_PP-12BL_1.jpg,PREMIERMETALS_PP-12BL_2.jpg,PREMIERMETALS_PP-12BL_3.jpg,PREMIERMETALS_PP-12BL_4.jpg,PREMIERMETALS_PP-12BL_Specification_Sheet.pdf,No,Yes
,PP-8CH,Building Materials,Roofing & Weatherization,Roof Panels & Underlayment,PP-8CH,PP-8CH,8' Premier Rib XL Charcoal,,,Premier Metals (PREME),Premier Metals,Premier Metals,,PP-8CH,Building Materials > Roofing & Weatherization > Roof Panels & Underlayment > Roofing & Flashing,"Premier Metals, 8' Premier Rib Xl Charcoal, Pp-8Ch - Part Number: PP-8CH",8' PREMIER RIB XL CHARCOAL,Premier Metals Pp-8Ch 8' Premier Rib Xl Charcoal,"Premier Metals, 8' Premier Rib XL Charcoal, Part Number: PP-8CH, Finish / Color: Charcoal",Premier Metals Pp-8Ch 8' Premier Rib Xl Charcoal,"Premier Metals, 8' Premier Rib XL Charcoal, Part Number: PP-8CH, Finish / Color: Charcoal",Finish / Color: Charcoal,,,,,,Roofing & Flashing,Finish / Color,Charcoal,,,,,,,,,,30151500,,1,EA,PREMIERMETALS_PP-8CH.jpg,PREMIERMETALS_PP-8CH_1.jpg,PREMIERMETALS_PP-8CH_2.jpg,PREMIERMETALS_PP-8CH_3.jpg,PREMIERMETALS_PP-8CH_4.jpg,PREMIERMETALS_PP-8CH_Specification_Sheet.pdf,No,Yes
,PP-10CH,Building Materials,Roofing & Weatherization,Roof Panels & Underlayment,PP-10CH,PP-10CH,10' Premier Rib XL Charcoal,,,Premier Metals (PREME),Premier Metals,Premier Metals,,PP-10CH,Building Materials > Roofing & Weatherization > Roof Panels & Underlayment > Roofing & Flashing,"Premier Metals, 10' Premier Rib Xl Charcoal, Pp-10Ch - Part Number: PP-10CH",10' PREMIER RIB XL CHARCOAL,Premier Metals Pp-10Ch 10' Premier Rib Xl Charcoal,"Premier Metals, 10' Premier Rib XL Charcoal, Part Number: PP-10CH, Finish / Color: Charcoal",Premier Metals Pp-10Ch 10' Premier Rib Xl Charcoal,"Premier Metals, 10' Premier Rib XL Charcoal, Part Number: PP-10CH, Finish / Color: Charcoal",Finish / Color: Charcoal,,,,,,Roofing & Flashing,Finish / Color,Charcoal,,,,,,,,,,30151500,,1,EA,PREMIERMETALS_PP-10CH.jpg,PREMIERMETALS_PP-10CH_1.jpg,PREMIERMETALS_PP-10CH_2.jpg,PREMIERMETALS_PP-10CH_3.jpg,PREMIERMETALS_PP-10CH_4.jpg,PREMIERMETALS_PP-10CH_Specification_Sheet.pdf,No,Yes
,PP-12CH,Building Materials,Roofing & Weatherization,Roof Panels & Underlayment,PP-12CH,PP-12CH,12' Premier Rib XL Charcoal,,,Premier Metals (PREME),Premier Metals,Premier Metals,,PP-12CH,Building Materials > Roofing & Weatherization > Roof Panels & Underlayment > Roofing & Flashing,"Premier Metals, 12' Premier Rib Xl Charcoal, Pp-12Ch - Part Number: PP-12CH",12' PREMIER RIB XL CHARCOAL,Premier Metals Pp-12Ch 12' Premier Rib Xl Charcoal,"Premier Metals, 12' Premier Rib XL Charcoal, Part Number: PP-12CH, Finish / Color: Charcoal",Premier Metals Pp-12Ch 12' Premier Rib Xl Charcoal,"Premier Metals, 12' Premier Rib XL Charcoal, Part Number: PP-12CH, Finish / Color: Charcoal",Finish / Color: Charcoal,,,,,,Roofing & Flashing,Finish / Color,Charcoal,,,,,,,,,,30151500,,1,EA,PREMIERMETALS_PP-12CH.jpg,PREMIERMETALS_PP-12CH_1.jpg,PREMIERMETALS_PP-12CH_2.jpg,PREMIERMETALS_PP-12CH_3.jpg,PREMIERMETALS_PP-12CH_4.jpg,PREMIERMETALS_PP-12CH_Specification_Sheet.pdf,No,Yes
,PP-8WH,Building Materials,Roofing & Weatherization,Roof Panels & Underlayment,PP-8WH,PP-8WH,8' Premier Rib XL White,,,Premier Metals (PREME),Premier Metals,Premier Metals,,PP-8WH,Building Materials > Roofing & Weatherization > Roof Panels & Underlayment > Roofing & Flashing,"Premier Metals, 8' Premier Rib Xl White, Pp-8Wh - Part Number: PP-8WH",8' PREMIER RIB XL WHITE,Premier Metals Pp-8Wh 8' Premier Rib Xl White,"Premier Metals, 8' Premier Rib XL White, Part Number: PP-8WH, Finish / Color: White",Premier Metals Pp-8Wh 8' Premier Rib Xl White,"Premier Metals, 8' Premier Rib XL White, Part Number: PP-8WH, Finish / Color: White",Finish / Color: White,,,,,,Roofing & Flashing,Finish / Color,White,,,,,,,,,,30151500,,1,EA,PREMIERMETALS_PP-8WH.jpg,PREMIERMETALS_PP-8WH_1.jpg,PREMIERMETALS_PP-8WH_2.jpg,PREMIERMETALS_PP-8WH_3.jpg,PREMIERMETALS_PP-8WH_4.jpg,PREMIERMETALS_PP-8WH_Specification_Sheet.pdf,No,Yes
,PP-10WH,Building Materials,Roofing & Weatherization,Roof Panels & Underlayment,PP-10WH,PP-10WH,10' Premier Rib XL White,,,Premier Metals (PREME),Premier Metals,Premier Metals,,PP-10WH,Building Materials > Roofing & Weatherization > Roof Panels & Underlayment > Roofing & Flashing,"Premier Metals, 10' Premier Rib Xl White, Pp-10Wh - Part Number: PP-10WH",10' PREMIER RIB XL WHITE,Premier Metals Pp-10Wh 10' Premier Rib Xl White,"Premier Metals, 10' Premier Rib XL White, Part Number: PP-10WH, Finish / Color: White",Premier Metals Pp-10Wh 10' Premier Rib Xl White,"Premier Metals, 10' Premier Rib XL White, Part Number: PP-10WH, Finish / Color: White",Finish / Color: White,,,,,,Roofing & Flashing,Finish / Color,White,,,,,,,,,,30151500,,1,EA,PREMIERMETALS_PP-10WH.jpg,PREMIERMETALS_PP-10WH_1.jpg,PREMIERMETALS_PP-10WH_2.jpg,PREMIERMETALS_PP-10WH_3.jpg,PREMIERMETALS_PP-10WH_4.jpg,PREMIERMETALS_PP-10WH_Specification_Sheet.pdf,No,Yes
,1504345,Building Materials,Roofing & Weatherization,Roof Panels & Underlayment,1504345,1504345,OC Duration TruDef Wburg Gray (BDL),,,Palmer Donavin Mfg Company (PALDO),Palmer Donavin Mfg Company,Palmer Donavin Mfg Company,,1504345,Building Materials > Roofing & Weatherization > Roof Panels & Underlayment > Roofing & Flashing,"Palmer Donavin Mfg Company, Oc Duration Trudef Wburg Gray (Bdl), 1504345",OC DURATION TRUDEF WBURG GRAY (BDL),Palmer Donavin Mfg Company 1504345 Oc Duration Trudef Wburg Gray (Bdl),"Palmer Donavin Mfg Company, OC Duration TruDef Wburg Gray (BDL), Part Number: 1504345, Finish / Color: Gray",Palmer Donavin Mfg Company 1504345 Oc Duration Trudef Wburg Gray (Bdl),"Palmer Donavin Mfg Company, OC Duration TruDef Wburg Gray (BDL), Part Number: 1504345, Finish / Color: Gray",Finish / Color: Gray,,,,,,Roofing & Flashing,Finish / Color,Gray,,,,,,,,,,30151500,,1,EA,PALMERDONAVINMFGCOMPANY_1504345.jpg,PALMERDONAVINMFGCOMPANY_1504345_1.jpg,PALMERDONAVINMFGCOMPANY_1504345_2.jpg,PALMERDONAVINMFGCOMPANY_1504345_3.jpg,PALMERDONAVINMFGCOMPANY_1504345_4.jpg,PALMERDONAVINMFGCOMPANY_1504345_Specification_Sheet.pdf,No,Yes
,2733,Building Materials,Roofing & Weatherization,Roof Panels & Underlayment,2733,2733,3'x65' Henry Eaveguard - Ice Guard,,,Palmer Donavin Mfg Company (PALDO),Palmer Donavin Mfg Company,Palmer Donavin Mfg Company,,2733,Building Materials > Roofing & Weatherization > Roof Panels & Underlayment > Roofing & Flashing,"Palmer Donavin Mfg Company, 3'X65' Henry Eaveguard, Ice Guard, 2733",3'X65' HENRY EAVEGUARD - ICE GUARD,Palmer Donavin Mfg Company 2733 3'X65' Henry Eaveguard - Ice Guard,"Palmer Donavin Mfg Company, 3'x65' Henry Eaveguard - Ice Guard, Part Number: 2733, Dimensions: 3 in x 65 in",Palmer Donavin Mfg Company 2733 3'X65' Henry Eaveguard - Ice Guard,"Palmer Donavin Mfg Company, 3'x65' Henry Eaveguard - Ice Guard, Part Number: 2733, Dimensions: 3 in x 65 in",Dimensions: 3 in x 65 in,,,,,,Roofing & Flashing,Dimensions,3 in x 65 in,,,,,,,,,,30151500,,1,EA,PALMERDONAVINMFGCOMPANY_2733.jpg,PALMERDONAVINMFGCOMPANY_2733_1.jpg,PALMERDONAVINMFGCOMPANY_2733_2.jpg,PALMERDONAVINMFGCOMPANY_2733_3.jpg,PALMERDONAVINMFGCOMPANY_2733_4.jpg,PALMERDONAVINMFGCOMPANY_2733_Specification_Sheet.pdf,No,Yes
,7547,Building Materials,Roofing & Weatherization,Roof Panels & Underlayment,7547,7547,Ice Guard OC Weathr Lk Mat 2sq,,,-,Generic Manufacturer,-- Unbranded --,,7547,Building Materials > Roofing & Weatherization > Roof Panels & Underlayment > Roofing & Flashing,"Generic Manufacturer -- Unbranded --, Ice Guard Oc Weathr Lk Mat 2Sq, 7547",ICE GUARD OC WEATHR LK MAT 2SQ,-- Unbranded -- 7547 Ice Guard Oc Weathr Lk Mat 2Sq,"-- Unbranded --, Ice Guard OC Weathr Lk Mat 2sq, Part Number: 7547, Package Quantity: 2 sq",-- Unbranded -- 7547 Ice Guard Oc Weathr Lk Mat 2Sq,"-- Unbranded --, Ice Guard OC Weathr Lk Mat 2sq, Part Number: 7547, Package Quantity: 2 sq",Package Quantity: 2 sq,,,,,,Roofing & Flashing,Package Quantity,2,sq,,,,,,,,,30151500,,1,EA,UNBRANDED_7547.jpg,UNBRANDED_7547_1.jpg,UNBRANDED_7547_2.jpg,UNBRANDED_7547_3.jpg,UNBRANDED_7547_4.jpg,UNBRANDED_7547_Specification_Sheet.pdf,No,Yes
,8912220,Building Materials,Siding & Sheathing,Wall & Floor Panels,8912220,8912220,"7-1/4""x12' Hardie Sdg Smooth - Primed HardiePlank",JAMESHARDIE,,Boise Cascade Building Materials (BOICA),James Hardie Building Products,JAMES HARDIE®,HardiePlank®,8912220,Building Materials > Siding & Sheathing > Wall & Floor Panels > Exterior Siding & Sheathing,"James Hardie Building Products James Hardie, 7, 1/4""X12' Hardie Sdg Smooth,","7-1/4""X12' HARDIE SDG SMOOTH - PRIMED","James Hardie® 8912220 7-1/4""X12' Hardie Sdg Smooth - Primed Hardieplank","JAMES HARDIE®, 7-1/4""x12' Hardie Sdg Smooth - Primed HardiePlank, Part Number: 8912220, Dimensions: 1/4 in x 12 in","James Hardie® 8912220 7-1/4""X12' Hardie Sdg Smooth - Primed Hardieplank","JAMES HARDIE®, 7-1/4""x12' Hardie Sdg Smooth - Primed HardiePlank, Part Number: 8912220, Dimensions: 1/4 in x 12 in",Dimensions: 1/4 in x 12 in,,,,,,Exterior Siding & Sheathing,Dimensions,1/4 in x 12 in,,,,,,,,,,30151600,,1,EA,JAMESHARDIE_8912220.jpg,JAMESHARDIE_8912220_1.jpg,JAMESHARDIE_8912220_2.jpg,JAMESHARDIE_8912220_3.jpg,JAMESHARDIE_8912220_4.jpg,JAMESHARDIE_8912220_Specification_Sheet.pdf,No,Yes
,8904015,Building Materials,Siding & Sheathing,Wall & Floor Panels,8904015,8904015,4'x10' HardiePanel Smooth - Primed,JAMESHARDIE,,Boise Cascade Building Materials (BOICA),James Hardie Building Products,JAMES HARDIE®,HardiePlank®,8904015,Building Materials > Siding & Sheathing > Wall & Floor Panels > Exterior Siding & Sheathing,"James Hardie Building Products James Hardie, 4'X10' Hardiepanel Smooth, Primed,",4'X10' HARDIEPANEL SMOOTH - PRIMED,James Hardie® 8904015 4'X10' Hardiepanel Smooth - Primed,"JAMES HARDIE®, 4'x10' HardiePanel Smooth - Primed, Part Number: 8904015, Dimensions: 4 in x 10 in",James Hardie® 8904015 4'X10' Hardiepanel Smooth - Primed,"JAMES HARDIE®, 4'x10' HardiePanel Smooth - Primed, Part Number: 8904015, Dimensions: 4 in x 10 in",Dimensions: 4 in x 10 in,,,,,,Exterior Siding & Sheathing,Dimensions,4 in x 10 in,,,,,,,,,,30151600,,1,EA,JAMESHARDIE_8904015.jpg,JAMESHARDIE_8904015_1.jpg,JAMESHARDIE_8904015_2.jpg,JAMESHARDIE_8904015_3.jpg,JAMESHARDIE_8904015_4.jpg,JAMESHARDIE_8904015_Specification_Sheet.pdf,No,Yes
,25796,Building Materials,Siding & Sheathing,Wall & Floor Panels,25796,25796,"6""x16' Smart Lap Sdg Cedar",LP SMARTSIDE,,U S Lumber (3073),Louisiana-Pacific Corporation,LP SMARTSIDE®,SmartSide®,25796,Building Materials > Siding & Sheathing > Wall & Floor Panels > Exterior Siding & Sheathing,"Louisiana-Pacific Corporation Lp Smartside, 6""X16' Smart Lap Sdg Cedar, 25796","6""X16' SMART LAP SDG CEDAR","Lp Smartside® 25796 6""X16' Smart Lap Sdg Cedar","LP SMARTSIDE®, 6""x16' Smart Lap Sdg Cedar, Part Number: 25796, Dimensions: 6 in x 16 in","Lp Smartside® 25796 6""X16' Smart Lap Sdg Cedar","LP SMARTSIDE®, 6""x16' Smart Lap Sdg Cedar, Part Number: 25796, Dimensions: 6 in x 16 in",Dimensions: 6 in x 16 in,,,,,,Exterior Siding & Sheathing,Dimensions,6 in x 16 in,,,,,,,,,,30151600,,1,EA,LPSMARTSIDE_25796.jpg,LPSMARTSIDE_25796_1.jpg,LPSMARTSIDE_25796_2.jpg,LPSMARTSIDE_25796_3.jpg,LPSMARTSIDE_25796_4.jpg,LPSMARTSIDE_25796_Specification_Sheet.pdf,No,Yes
,40503,Building Materials,Siding & Sheathing,Wall & Floor Panels,40503,40503,"3/8"" 16""x16' Smart Pan Cedar - No-Groove Sq Edge B&B",LP SMARTSIDE,,U S Lumber (3073),Alliance Laundry Systems,SPEED QUEEN®,Speed Queen®,40503,Building Materials > Siding & Sheathing > Wall & Floor Panels > Exterior Siding & Sheathing,"Alliance Laundry Systems Speed Queen, 3/8"" 16""X16' Smart Pan Cedar, No, Groove","3/8"" 16""X16' SMART PAN CEDAR -","Speed Queen® 40503 3/8"" 16""X16' Smart Pan Cedar - No-Groove Sq Edge B&B","SPEED QUEEN®, 3/8"" 16""x16' Smart Pan Cedar - No-Groove Sq Edge B&B, Part Number: 40503, Dimensions: 16 in x 16 in","Speed Queen® 40503 3/8"" 16""X16' Smart Pan Cedar - No-Groove Sq Edge B&B","SPEED QUEEN®, 3/8"" 16""x16' Smart Pan Cedar - No-Groove Sq Edge B&B, Part Number: 40503, Dimensions: 16 in x 16 in",Dimensions: 16 in x 16 in,,,,,,Exterior Siding & Sheathing,Dimensions,16 in x 16 in,,,,,,,,,,30151600,,1,EA,SPEEDQUEEN_40503.jpg,SPEEDQUEEN_40503_1.jpg,SPEEDQUEEN_40503_2.jpg,SPEEDQUEEN_40503_3.jpg,SPEEDQUEEN_40503_4.jpg,SPEEDQUEEN_40503_Specification_Sheet.pdf,No,Yes
,25825,Building Materials,Siding & Sheathing,Wall & Floor Panels,25825,25825,"3/8"" 4x10 Smart Pan Cedar - No-Groove w/Shiplap Edges",LP SMARTSIDE,,U S Lumber (3073),Louisiana-Pacific Corporation,LP SMARTSIDE®,SmartSide®,25825,Building Materials > Siding & Sheathing > Wall & Floor Panels > Exterior Siding & Sheathing,"Louisiana-Pacific Corporation Lp Smartside, 3/8"" 4X10 Smart Pan Cedar, No,","3/8"" 4X10 SMART PAN CEDAR - NO-GROOVE","Lp Smartside® 25825 3/8"" 4X10 Smart Pan Cedar - No-Groove W/Shiplap Edges","LP SMARTSIDE®, 3/8"" 4x10 Smart Pan Cedar - No-Groove w/Shiplap Edges, Part Number: 25825, Dimensions: 4 in x 10 in","Lp Smartside® 25825 3/8"" 4X10 Smart Pan Cedar - No-Groove W/Shiplap Edges","LP SMARTSIDE®, 3/8"" 4x10 Smart Pan Cedar - No-Groove w/Shiplap Edges, Part Number: 25825, Dimensions: 4 in x 10 in",Dimensions: 4 in x 10 in,,,,,,Exterior Siding & Sheathing,Dimensions,4 in x 10 in,,,,,,,,,,30151600,,1,EA,LPSMARTSIDE_25825.jpg,LPSMARTSIDE_25825_1.jpg,LPSMARTSIDE_25825_2.jpg,LPSMARTSIDE_25825_3.jpg,LPSMARTSIDE_25825_4.jpg,LPSMARTSIDE_25825_Specification_Sheet.pdf,No,Yes
,25822,Building Materials,Siding & Sheathing,Wall & Floor Panels,25822,25822,"3/8"" 12""x16' Smart Vented Soff - Cedar Soffit",LP SMARTSIDE,,U S Lumber (3073),Louisiana-Pacific Corporation,LP SMARTSIDE®,SmartSide®,25822,Building Materials > Siding & Sheathing > Wall & Floor Panels > Exterior Siding & Sheathing,"Louisiana-Pacific Corporation Lp Smartside, 3/8"" 12""X16' Smart Vented Soff,","3/8"" 12""X16' SMART VENTED SOFF - CEDAR","Lp Smartside® 25822 3/8"" 12""X16' Smart Vented Soff - Cedar Soffit","LP SMARTSIDE®, 3/8"" 12""x16' Smart Vented Soff - Cedar Soffit, Part Number: 25822, Dimensions: 12 in x 16 in","Lp Smartside® 25822 3/8"" 12""X16' Smart Vented Soff - Cedar Soffit","LP SMARTSIDE®, 3/8"" 12""x16' Smart Vented Soff - Cedar Soffit, Part Number: 25822, Dimensions: 12 in x 16 in",Dimensions: 12 in x 16 in,,,,,,Exterior Siding & Sheathing,Dimensions,12 in x 16 in,,,,,,,,,,30151600,,1,EA,LPSMARTSIDE_25822.jpg,LPSMARTSIDE_25822_1.jpg,LPSMARTSIDE_25822_2.jpg,LPSMARTSIDE_25822_3.jpg,LPSMARTSIDE_25822_4.jpg,LPSMARTSIDE_25822_Specification_Sheet.pdf,No,Yes
,543650101,Building Materials,Decking & Railing,Composite & PVC Decking,543650101,543650101,Black Alum ADA Wall Mount Trex,TREX,,Boise Cascade Building Materials (BOICA),Trex Company Inc,TREX®,Transcend® Lineage™,543650101,Building Materials > Decking & Railing > Composite & PVC Decking > Deck Boards & Fascia,"Trex Company Inc Trex, Black Alum Ada Wall Mount Trex, 543650101",BLACK ALUM ADA WALL MOUNT TREX,Trex® 543650101 Black Alum Ada Wall Mount Trex,"TREX®, Black Alum ADA Wall Mount Trex, Part Number: 543650101, Finish / Color: Black, Material: Aluminum, ADA Compliant: Yes",Trex® 543650101 Black Alum Ada Wall Mount Trex,"TREX®, Black Alum ADA Wall Mount Trex, Part Number: 543650101, Finish / Color: Black, Material: Aluminum, ADA Compliant: Yes",Finish / Color: Black,Material: Aluminum,ADA Compliant: Yes,,,ADA Compliant,Deck Boards & Fascia,Finish / Color,Black,,Material,Aluminum,,ADA Compliant,Yes,,,,30151508,,1,EA,TREX_543650101.jpg,TREX_543650101_1.jpg,TREX_543650101_2.jpg,TREX_543650101_3.jpg,TREX_543650101_4.jpg,TREX_543650101_Specification_Sheet.pdf,No,Yes
,543650010,Building Materials,Decking & Railing,Composite & PVC Decking,543650010,543650010,Black Alum ADA Int End Cap - Trex,TREX,,Boise Cascade Building Materials (BOICA),Trex Company Inc,TREX®,Transcend® Lineage™,543650010,Building Materials > Decking & Railing > Composite & PVC Decking > Deck Boards & Fascia,"Trex Company Inc Trex, Black Alum Ada Int End Cap, Trex, 543650010",BLACK ALUM ADA INT END CAP - TREX,Trex® 543650010 Black Alum Ada Int End Cap - Trex,"TREX®, Black Alum ADA Int End Cap - Trex, Part Number: 543650010, Finish / Color: Black, Material: Aluminum, ADA Compliant: Yes",Trex® 543650010 Black Alum Ada Int End Cap - Trex,"TREX®, Black Alum ADA Int End Cap - Trex, Part Number: 543650010, Finish / Color: Black, Material: Aluminum, ADA Compliant: Yes",Finish / Color: Black,Material: Aluminum,ADA Compliant: Yes,,,ADA Compliant,Deck Boards & Fascia,Finish / Color,Black,,Material,Aluminum,,ADA Compliant,Yes,,,,30151508,,1,EA,TREX_543650010.jpg,TREX_543650010_1.jpg,TREX_543650010_2.jpg,TREX_543650010_3.jpg,TREX_543650010_4.jpg,TREX_543650010_Specification_Sheet.pdf,No,Yes
,543650048,Building Materials,Decking & Railing,Composite & PVC Decking,543650048,543650048,8' Black Alum ADA Rail Trex,TREX,,Boise Cascade Building Materials (BOICA),Trex Company Inc,TREX®,Transcend® Lineage™,543650048,Building Materials > Decking & Railing > Composite & PVC Decking > Deck Boards & Fascia,"Trex Company Inc Trex, 8' Black Alum Ada Rail Trex, 543650048",8' BLACK ALUM ADA RAIL TREX,Trex® 543650048 8' Black Alum Ada Rail Trex,"TREX®, 8' Black Alum ADA Rail Trex, Part Number: 543650048, Finish / Color: Black, Material: Aluminum, ADA Compliant: Yes",Trex® 543650048 8' Black Alum Ada Rail Trex,"TREX®, 8' Black Alum ADA Rail Trex, Part Number: 543650048, Finish / Color: Black, Material: Aluminum, ADA Compliant: Yes",Finish / Color: Black,Material: Aluminum,ADA Compliant: Yes,,,ADA Compliant,Deck Boards & Fascia,Finish / Color,Black,,Material,Aluminum,,ADA Compliant,Yes,,,,30151508,,1,EA,TREX_543650048.jpg,TREX_543650048_1.jpg,TREX_543650048_2.jpg,TREX_543650048_3.jpg,TREX_543650048_4.jpg,TREX_543650048_Specification_Sheet.pdf,No,Yes
,1506969,Building Materials,Siding & Sheathing,Wall & Floor Panels,1506969,1506969,"1-1/2"" 4x8 Huber Zip R6.6 - Insulated R-Sheathing",,,-,Generic Manufacturer,-- Unbranded --,,1506969,Building Materials > Siding & Sheathing > Wall & Floor Panels > Exterior Siding & Sheathing,"Generic Manufacturer -- Unbranded --, 1, 1/2"" 4X8 Huber Zip R6.6, Insulated R,","1-1/2"" 4X8 HUBER ZIP R6.6 - INSULATED","-- Unbranded -- 1506969 1-1/2"" 4X8 Huber Zip R6.6 - Insulated R-Sheathing","-- Unbranded --, 1-1/2"" 4x8 Huber Zip R6.6 - Insulated R-Sheathing, Part Number: 1506969, Dimensions: 4 in x 8 in","-- Unbranded -- 1506969 1-1/2"" 4X8 Huber Zip R6.6 - Insulated R-Sheathing","-- Unbranded --, 1-1/2"" 4x8 Huber Zip R6.6 - Insulated R-Sheathing, Part Number: 1506969, Dimensions: 4 in x 8 in",Dimensions: 4 in x 8 in,,,,,,Exterior Siding & Sheathing,Dimensions,4 in x 8 in,,,,,,,,,,30151600,,1,EA,UNBRANDED_1506969.jpg,UNBRANDED_1506969_1.jpg,UNBRANDED_1506969_2.jpg,UNBRANDED_1506969_3.jpg,UNBRANDED_1506969_4.jpg,UNBRANDED_1506969_Specification_Sheet.pdf,No,Yes
,1514681,Building Materials,Siding & Sheathing,Wall & Floor Panels,1514681,1514681,"1"" 4x8 Huber Zip R3.6 - Insulated R-Sheathing",,,-,Generic Manufacturer,-- Unbranded --,,1514681,Building Materials > Siding & Sheathing > Wall & Floor Panels > Exterior Siding & Sheathing,"Generic Manufacturer -- Unbranded --, 1"" 4X8 Huber Zip R3.6, Insulated R,","1"" 4X8 HUBER ZIP R3.6 - INSULATED","-- Unbranded -- 1514681 1"" 4X8 Huber Zip R3.6 - Insulated R-Sheathing","-- Unbranded --, 1"" 4x8 Huber Zip R3.6 - Insulated R-Sheathing, Part Number: 1514681, Dimensions: 4 in x 8 in","-- Unbranded -- 1514681 1"" 4X8 Huber Zip R3.6 - Insulated R-Sheathing","-- Unbranded --, 1"" 4x8 Huber Zip R3.6 - Insulated R-Sheathing, Part Number: 1514681, Dimensions: 4 in x 8 in",Dimensions: 4 in x 8 in,,,,,,Exterior Siding & Sheathing,Dimensions,4 in x 8 in,,,,,,,,,,30151600,,1,EA,UNBRANDED_1514681.jpg,UNBRANDED_1514681_1.jpg,UNBRANDED_1514681_2.jpg,UNBRANDED_1514681_3.jpg,UNBRANDED_1514681_4.jpg,UNBRANDED_1514681_Specification_Sheet.pdf,No,Yes
,1514726,Building Materials,Siding & Sheathing,Wall & Floor Panels,1514726,1514726,"2"" 4x8 Huber Zip R9.6 - Insulated R-Sheathing",,,-,Generic Manufacturer,-- Unbranded --,,1514726,Building Materials > Siding & Sheathing > Wall & Floor Panels > Exterior Siding & Sheathing,"Generic Manufacturer -- Unbranded --, 2"" 4X8 Huber Zip R9.6, Insulated R,","2"" 4X8 HUBER ZIP R9.6 - INSULATED","-- Unbranded -- 1514726 2"" 4X8 Huber Zip R9.6 - Insulated R-Sheathing","-- Unbranded --, 2"" 4x8 Huber Zip R9.6 - Insulated R-Sheathing, Part Number: 1514726, Dimensions: 4 in x 8 in","-- Unbranded -- 1514726 2"" 4X8 Huber Zip R9.6 - Insulated R-Sheathing","-- Unbranded --, 2"" 4x8 Huber Zip R9.6 - Insulated R-Sheathing, Part Number: 1514726, Dimensions: 4 in x 8 in",Dimensions: 4 in x 8 in,,,,,,Exterior Siding & Sheathing,Dimensions,4 in x 8 in,,,,,,,,,,30151600,,1,EA,UNBRANDED_1514726.jpg,UNBRANDED_1514726_1.jpg,UNBRANDED_1514726_2.jpg,UNBRANDED_1514726_3.jpg,UNBRANDED_1514726_4.jpg,UNBRANDED_1514726_Specification_Sheet.pdf,No,Yes
,1728ABL,Building Materials,Siding & Sheathing,Wall & Floor Panels,1728ABL,1728ABL,2x2 Black Fine Fissured 1728BL,,,Palmer Donavin Mfg Company (PALDO),Palmer Donavin Mfg Company,Palmer Donavin Mfg Company,,1728ABL,Building Materials > Siding & Sheathing > Wall & Floor Panels > Exterior Siding & Sheathing,"Palmer Donavin Mfg Company, 2X2 Black Fine Fissured 1728Bl, 1728Abl",2X2 BLACK FINE FISSURED 1728BL,Palmer Donavin Mfg Company 1728Abl 2X2 Black Fine Fissured 1728Bl,"Palmer Donavin Mfg Company, 2x2 Black Fine Fissured 1728BL, Part Number: 1728ABL, Dimensions: 2 in x 2 in, Finish / Color: Black",Palmer Donavin Mfg Company 1728Abl 2X2 Black Fine Fissured 1728Bl,"Palmer Donavin Mfg Company, 2x2 Black Fine Fissured 1728BL, Part Number: 1728ABL, Dimensions: 2 in x 2 in, Finish / Color: Black",Dimensions: 2 in x 2 in,Finish / Color: Black,,,,,Exterior Siding & Sheathing,Dimensions,2 in x 2 in,,Finish / Color,Black,,,,,,,30151600,,1,EA,PALMERDONAVINMFGCOMPANY_1728ABL.jpg,PALMERDONAVINMFGCOMPANY_1728ABL_1.jpg,PALMERDONAVINMFGCOMPANY_1728ABL_2.jpg,PALMERDONAVINMFGCOMPANY_1728ABL_3.jpg,PALMERDONAVINMFGCOMPANY_1728ABL_4.jpg,PALMERDONAVINMFGCOMPANY_1728ABL_Specification_Sheet.pdf,No,Yes
,402-R,Tools & Hardware,Tool Accessories,Batteries & Chargers,402-R,402-R,402R 12V12AH 8D Battery,,,MillerTech Energy Solutions (MILTE),MillerTech Energy Solutions,MillerTech Energy Solutions,,402-R,Tools & Hardware > Tool Accessories > Batteries & Chargers > Power Tool Batteries & Chargers,"Millertech Energy Solutions, 402R 12V12Ah 8D Battery, 402-R - Part Number: 402",402R 12V12AH 8D BATTERY,Millertech Energy Solutions 402-R 402R 12V12Ah 8D Battery,"MillerTech Energy Solutions, 402R 12V12AH 8D Battery, Part Number: 402-R",Millertech Energy Solutions 402-R 402R 12V12Ah 8D Battery,"MillerTech Energy Solutions, 402R 12V12AH 8D Battery, Part Number: 402-R",,,,,,,Power Tool Batteries & Chargers,,,,,,,,,,,,26111700,,1,EA,MILLERTECHENERGYSOLUTIONS_402-R.jpg,MILLERTECHENERGYSOLUTIONS_402-R_1.jpg,MILLERTECHENERGYSOLUTIONS_402-R_2.jpg,MILLERTECHENERGYSOLUTIONS_402-R_3.jpg,MILLERTECHENERGYSOLUTIONS_402-R_4.jpg,MILLERTECHENERGYSOLUTIONS_402-R_Specification_Sheet.pdf,No,Yes
,SL1672,Tools & Hardware,Automotive Tools,Tire & Maintenance Equipment,SL1672,SL1672,SL1672 Jumpstart & Pwr Supply,,Schumacher,-,Schumacher,Schumacher,,SL1672,Tools & Hardware > Automotive Tools > Tire & Maintenance Equipment > Tire Gauges & Lubrication,"Schumacher, Jumpstart & Pwr Supply, Sl1672 - Part Number: SL1672",JUMPSTART & PWR SUPPLY,Schumacher Sl1672 Jumpstart & Pwr Supply,"Schumacher, SL1672 Jumpstart & Pwr Supply",Schumacher Sl1672 Jumpstart & Pwr Supply,"Schumacher, SL1672 Jumpstart & Pwr Supply",,,,,,,Tire Gauges & Lubrication,,,,,,,,,,,,25172605,,1,EA,SCHUMACHER_SL1672.jpg,SCHUMACHER_SL1672_1.jpg,SCHUMACHER_SL1672_2.jpg,SCHUMACHER_SL1672_3.jpg,SCHUMACHER_SL1672_4.jpg,SCHUMACHER_SL1672_Specification_Sheet.pdf,No,Yes
https://www.dewalt.com/product/BM-DW20-YLW-6,BM-DW20-YLW-6,Tools & Hardware,Tool Accessories,Batteries & Chargers,BM-DW20-YLW-6,BM-DW20-YLW-6,BM-DW20-YLW-6 Dewalt - Battery Mounts 6pk,,StealthMounts,Metalmark Industrial Inc (METIN),Stanley Black & Decker,DEWALT®,Guaranteed Tough®,BM-DW20-YLW-6,Tools & Hardware > Tool Accessories > Batteries & Chargers > Power Tool Batteries & Chargers,"Stanley Black & Decker Dewalt, Dewalt, Battery Mounts 6Pk, Bm-Dw20-Ylw-6",DEWALT - BATTERY MOUNTS 6PK,Dewalt® Bm-Dw20-Ylw-6 Dewalt - Battery Mounts 6Pk,"DEWALT®, BM-DW20-YLW-6 Dewalt - Battery Mounts 6pk, Package Quantity: 6 pk",Dewalt® Bm-Dw20-Ylw-6 Dewalt - Battery Mounts 6Pk,"DEWALT®, BM-DW20-YLW-6 Dewalt - Battery Mounts 6pk, Package Quantity: 6 pk",Package Quantity: 6 pk,,,,,,Power Tool Batteries & Chargers,Package Quantity,6,pk,,,,,,,,,26111700,,1,EA,DEWALT_BM-DW20-YLW-6.jpg,DEWALT_BM-DW20-YLW-6_1.jpg,DEWALT_BM-DW20-YLW-6_2.jpg,DEWALT_BM-DW20-YLW-6_3.jpg,DEWALT_BM-DW20-YLW-6_4.jpg,DEWALT_BM-DW20-YLW-6_Specification_Sheet.pdf,No,Yes
,BHA1-UPC,Electrical,Enclosures & Boxes,Metallic Junction Boxes,BHA1-UPC,BHA1-UPC,16-24 Adjust Hanger,,Southwire,Southwire/g Turner (6603),Southwire Company LLC,SOUTHWIRE®,Romex®,BHA1-UPC,Electrical > Enclosures & Boxes > Metallic Junction Boxes > Electrical Boxes,"Southwire Company Llc Southwire, 16, 24 Adjust Hanger, Bha1-Upc",16-24 ADJUST HANGER,Southwire® Bha1-Upc 16-24 Adjust Hanger,"SOUTHWIRE®, 16-24 Adjust Hanger, Part Number: BHA1-UPC",Southwire® Bha1-Upc 16-24 Adjust Hanger,"SOUTHWIRE®, 16-24 Adjust Hanger, Part Number: BHA1-UPC",,,,,,,Electrical Boxes,,,,,,,,,,,,39121300,,1,EA,SOUTHWIRE_BHA1-UPC.jpg,SOUTHWIRE_BHA1-UPC_1.jpg,SOUTHWIRE_BHA1-UPC_2.jpg,SOUTHWIRE_BHA1-UPC_3.jpg,SOUTHWIRE_BHA1-UPC_4.jpg,SOUTHWIRE_BHA1-UPC_Specification_Sheet.pdf,No,Yes
,G1941-UPC,Electrical,Wiring Devices,Switches & Outlets,G1941-UPC,G1941-UPC,"G1941UPC 4"" Sq Cover Sw/Outlet",,Southwire,Southwire/g Turner (6603),Alliance Laundry Systems,SPEED QUEEN®,Speed Queen®,G1941-UPC,Electrical > Wiring Devices > Switches & Outlets > Wiring Devices & Controls,"Alliance Laundry Systems Speed Queen, G1941Upc 4"" Sq Cover Sw/Outlet, G1941-Upc","G1941UPC 4"" SQ COVER SW/OUTLET","Speed Queen® G1941-Upc G1941Upc 4"" Sq Cover Sw/Outlet","SPEED QUEEN®, G1941UPC 4"" Sq Cover Sw/Outlet, Part Number: G1941-UPC","Speed Queen® G1941-Upc G1941Upc 4"" Sq Cover Sw/Outlet","SPEED QUEEN®, G1941UPC 4"" Sq Cover Sw/Outlet, Part Number: G1941-UPC",,,,,,,Wiring Devices & Controls,,,,,,,,,,,,39122200,,1,EA,SPEEDQUEEN_G1941-UPC.jpg,SPEEDQUEEN_G1941-UPC_1.jpg,SPEEDQUEEN_G1941-UPC_2.jpg,SPEEDQUEEN_G1941-UPC_3.jpg,SPEEDQUEEN_G1941-UPC_4.jpg,SPEEDQUEEN_G1941-UPC_Specification_Sheet.pdf,No,Yes
,G1950-UPC,Electrical,Wiring Devices,Switches & Outlets,G1950-UPC,G1950-UPC,4x4 2G GFI Box Cover,,Southwire,Southwire/g Turner (6603),Southwire Company LLC,SOUTHWIRE®,Romex®,G1950-UPC,Electrical > Wiring Devices > Switches & Outlets > Wiring Devices & Controls,"Southwire Company Llc Southwire, 4X4 2G Gfi Box Cover, G1950-Upc",4X4 2G GFI BOX COVER,Southwire® G1950-Upc 4X4 2G Gfi Box Cover,"SOUTHWIRE®, 4x4 2G GFI Box Cover, Part Number: G1950-UPC, Dimensions: 4 in x 4 in",Southwire® G1950-Upc 4X4 2G Gfi Box Cover,"SOUTHWIRE®, 4x4 2G GFI Box Cover, Part Number: G1950-UPC, Dimensions: 4 in x 4 in",Dimensions: 4 in x 4 in,,,,,,Wiring Devices & Controls,Dimensions,4 in x 4 in,,,,,,,,,,39122200,,1,EA,SOUTHWIRE_G1950-UPC.jpg,SOUTHWIRE_G1950-UPC_1.jpg,SOUTHWIRE_G1950-UPC_2.jpg,SOUTHWIRE_G1950-UPC_3.jpg,SOUTHWIRE_G1950-UPC_4.jpg,SOUTHWIRE_G1950-UPC_Specification_Sheet.pdf,No,Yes
,A410RCAR,Electrical,Wiring Devices,Switches & Outlets,A410RCAR,A410RCAR,4x4 1G PVC Box Cover,,Carlon,Thomas & Betts (7405),Carlon,Carlon,,A410RCAR,Electrical > Wiring Devices > Switches & Outlets > Wiring Devices & Controls,"Carlon, 4X4 1G Pvc Box Cover, A410Rcar - Part Number: A410RCAR",4X4 1G PVC BOX COVER,Carlon A410Rcar 4X4 1G Pvc Box Cover,"Carlon, 4x4 1G PVC Box Cover, Part Number: A410RCAR, Dimensions: 4 in x 4 in, Material: PVC",Carlon A410Rcar 4X4 1G Pvc Box Cover,"Carlon, 4x4 1G PVC Box Cover, Part Number: A410RCAR, Dimensions: 4 in x 4 in, Material: PVC",Dimensions: 4 in x 4 in,Material: PVC,,,,,Wiring Devices & Controls,Dimensions,4 in x 4 in,,Material,PVC,,,,,,,39122200,,1,EA,CARLON_A410RCAR.jpg,CARLON_A410RCAR_1.jpg,CARLON_A410RCAR_2.jpg,CARLON_A410RCAR_3.jpg,CARLON_A410RCAR_4.jpg,CARLON_A410RCAR_Specification_Sheet.pdf,No,Yes
,G1951-UPC,Electrical,Wiring Devices,Switches & Outlets,G1951-UPC,G1951-UPC,4x4 2G GFCI Duplex Box Cover,,Southwire,Southwire/g Turner (6603),Southwire Company LLC,SOUTHWIRE®,Romex®,G1951-UPC,Electrical > Wiring Devices > Switches & Outlets > Wiring Devices & Controls,"Southwire Company Llc Southwire, 4X4 2G Gfci Duplex Box Cover, G1951-Upc",4X4 2G GFCI DUPLEX BOX COVER,Southwire® G1951-Upc 4X4 2G Gfci Duplex Box Cover,"SOUTHWIRE®, 4x4 2G GFCI Duplex Box Cover, Part Number: G1951-UPC, Dimensions: 4 in x 4 in",Southwire® G1951-Upc 4X4 2G Gfci Duplex Box Cover,"SOUTHWIRE®, 4x4 2G GFCI Duplex Box Cover, Part Number: G1951-UPC, Dimensions: 4 in x 4 in",Dimensions: 4 in x 4 in,,,,,,Wiring Devices & Controls,Dimensions,4 in x 4 in,,,,,,,,,,39122200,,1,EA,SOUTHWIRE_G1951-UPC.jpg,SOUTHWIRE_G1951-UPC_1.jpg,SOUTHWIRE_G1951-UPC_2.jpg,SOUTHWIRE_G1951-UPC_3.jpg,SOUTHWIRE_G1951-UPC_4.jpg,SOUTHWIRE_G1951-UPC_Specification_Sheet.pdf,No,Yes
,52C3-5/8-UPC,Electrical,Wiring Devices,Switches & Outlets,52C3-5/8-UPC,52C3-5/8-UPC,4x4 1G Box Cover,,Southwire,Southwire/g Turner (6603),Southwire Company LLC,SOUTHWIRE®,Romex®,52C3-5/8-UPC,Electrical > Wiring Devices > Switches & Outlets > Wiring Devices & Controls,"Southwire Company Llc Southwire, 4X4 1G Box Cover, 52C3-5/8-Upc",4X4 1G BOX COVER,Southwire® 52C3-5/8-Upc 4X4 1G Box Cover,"SOUTHWIRE®, 4x4 1G Box Cover, Part Number: 52C3-5/8-UPC, Dimensions: 4 in x 4 in",Southwire® 52C3-5/8-Upc 4X4 1G Box Cover,"SOUTHWIRE®, 4x4 1G Box Cover, Part Number: 52C3-5/8-UPC, Dimensions: 4 in x 4 in",Dimensions: 4 in x 4 in,,,,,,Wiring Devices & Controls,Dimensions,4 in x 4 in,,,,,,,,,,39122200,,1,EA,SOUTHWIRE_52C3-5/8-UPC.jpg,SOUTHWIRE_52C3-5/8-UPC_1.jpg,SOUTHWIRE_52C3-5/8-UPC_2.jpg,SOUTHWIRE_52C3-5/8-UPC_3.jpg,SOUTHWIRE_52C3-5/8-UPC_4.jpg,SOUTHWIRE_52C3-5/8-UPC_Specification_Sheet.pdf,No,Yes
,52C14-5/8-UPC,Electrical,Wiring Devices,Switches & Outlets,52C14-5/8-UPC,52C14-5/8-UPC,4x4 1G Box Cover,,Southwire,Southwire/g Turner (6603),Southwire Company LLC,SOUTHWIRE®,Romex®,52C14-5/8-UPC,Electrical > Wiring Devices > Switches & Outlets > Wiring Devices & Controls,"Southwire Company Llc Southwire, 4X4 1G Box Cover, 52C14-5/8-Upc",4X4 1G BOX COVER,Southwire® 52C14-5/8-Upc 4X4 1G Box Cover,"SOUTHWIRE®, 4x4 1G Box Cover, Part Number: 52C14-5/8-UPC, Dimensions: 4 in x 4 in",Southwire® 52C14-5/8-Upc 4X4 1G Box Cover,"SOUTHWIRE®, 4x4 1G Box Cover, Part Number: 52C14-5/8-UPC, Dimensions: 4 in x 4 in",Dimensions: 4 in x 4 in,,,,,,Wiring Devices & Controls,Dimensions,4 in x 4 in,,,,,,,,,,39122200,,1,EA,SOUTHWIRE_52C14-5/8-UPC.jpg,SOUTHWIRE_52C14-5/8-UPC_1.jpg,SOUTHWIRE_52C14-5/8-UPC_2.jpg,SOUTHWIRE_52C14-5/8-UPC_3.jpg,SOUTHWIRE_52C14-5/8-UPC_4.jpg,SOUTHWIRE_52C14-5/8-UPC_Specification_Sheet.pdf,No,Yes
,52C3-UPC,Electrical,Wiring Devices,Switches & Outlets,52C3-UPC,52C3-UPC,4x4 1G Box Cover,,Southwire,Southwire/g Turner (6603),Southwire Company LLC,SOUTHWIRE®,Romex®,52C3-UPC,Electrical > Wiring Devices > Switches & Outlets > Wiring Devices & Controls,"Southwire Company Llc Southwire, 4X4 1G Box Cover, 52C3-Upc - Part Number: 52C",4X4 1G BOX COVER,Southwire® 52C3-Upc 4X4 1G Box Cover,"SOUTHWIRE®, 4x4 1G Box Cover, Part Number: 52C3-UPC, Dimensions: 4 in x 4 in",Southwire® 52C3-Upc 4X4 1G Box Cover,"SOUTHWIRE®, 4x4 1G Box Cover, Part Number: 52C3-UPC, Dimensions: 4 in x 4 in",Dimensions: 4 in x 4 in,,,,,,Wiring Devices & Controls,Dimensions,4 in x 4 in,,,,,,,,,,39122200,,1,EA,SOUTHWIRE_52C3-UPC.jpg,SOUTHWIRE_52C3-UPC_1.jpg,SOUTHWIRE_52C3-UPC_2.jpg,SOUTHWIRE_52C3-UPC_3.jpg,SOUTHWIRE_52C3-UPC_4.jpg,SOUTHWIRE_52C3-UPC_Specification_Sheet.pdf,No,Yes
,54151-F-UPC,Electrical,Enclosures & Boxes,Metallic Junction Boxes,54151-F-UPC,54151-F-UPC,4x4x1-1/2 Oct Box w/Bracket,,Southwire,Southwire/g Turner (6603),Southwire Company LLC,SOUTHWIRE®,Romex®,54151-F-UPC,Electrical > Enclosures & Boxes > Metallic Junction Boxes > Electrical Boxes,"Southwire Company Llc Southwire, 4X4X1, 1/2 Oct Box W/Bracket, 54151-F-Upc",4X4X1-1/2 OCT BOX W/BRKT,Southwire® 54151-F-Upc 4X4X1-1/2 Oct Box W/Bracket,"SOUTHWIRE®, 4x4x1-1/2 Oct Box w/Bracket, Part Number: 54151-F-UPC, Dimensions: 4 in x 4 in x 1-1 in",Southwire® 54151-F-Upc 4X4X1-1/2 Oct Box W/Bracket,"SOUTHWIRE®, 4x4x1-1/2 Oct Box w/Bracket, Part Number: 54151-F-UPC, Dimensions: 4 in x 4 in x 1-1 in",Dimensions: 4 in x 4 in x 1-1 in,,,,,,Electrical Boxes,Dimensions,4 in x 4 in x 1-1 in,,,,,,,,,,39121300,,1,EA,SOUTHWIRE_54151-F-UPC.jpg,SOUTHWIRE_54151-F-UPC_1.jpg,SOUTHWIRE_54151-F-UPC_2.jpg,SOUTHWIRE_54151-F-UPC_3.jpg,SOUTHWIRE_54151-F-UPC_4.jpg,SOUTHWIRE_54151-F-UPC_Specification_Sheet.pdf,No,Yes
,54151-HUR-UPC,Electrical,Enclosures & Boxes,Metallic Junction Boxes,54151-HUR-UPC,54151-HUR-UPC,4x4x1-1/2 Oct Box w/Hanger,,Southwire,Southwire/g Turner (6603),Southwire Company LLC,SOUTHWIRE®,Romex®,54151-HUR-UPC,Electrical > Enclosures & Boxes > Metallic Junction Boxes > Electrical Boxes,"Southwire Company Llc Southwire, 4X4X1, 1/2 Oct Box W/Hanger, 54151-Hur-Upc",4X4X1-1/2 OCT BOX W/HANGER,Southwire® 54151-Hur-Upc 4X4X1-1/2 Oct Box W/Hanger,"SOUTHWIRE®, 4x4x1-1/2 Oct Box w/Hanger, Part Number: 54151-HUR-UPC, Dimensions: 4 in x 4 in x 1-1 in",Southwire® 54151-Hur-Upc 4X4X1-1/2 Oct Box W/Hanger,"SOUTHWIRE®, 4x4x1-1/2 Oct Box w/Hanger, Part Number: 54151-HUR-UPC, Dimensions: 4 in x 4 in x 1-1 in",Dimensions: 4 in x 4 in x 1-1 in,,,,,,Electrical Boxes,Dimensions,4 in x 4 in x 1-1 in,,,,,,,,,,39121300,,1,EA,SOUTHWIRE_54151-HUR-UPC.jpg,SOUTHWIRE_54151-HUR-UPC_1.jpg,SOUTHWIRE_54151-HUR-UPC_2.jpg,SOUTHWIRE_54151-HUR-UPC_3.jpg,SOUTHWIRE_54151-HUR-UPC_4.jpg,SOUTHWIRE_54151-HUR-UPC_Specification_Sheet.pdf,No,Yes
,54151-JR-UPC,Electrical,Enclosures & Boxes,Metallic Junction Boxes,54151-JR-UPC,54151-JR-UPC,4x4x1-1/2 Oct Box w/Brakcet,,Southwire,Southwire/g Turner (6603),Southwire Company LLC,SOUTHWIRE®,Romex®,54151-JR-UPC,Electrical > Enclosures & Boxes > Metallic Junction Boxes > Electrical Boxes,"Southwire Company Llc Southwire, 4X4X1, 1/2 Oct Box W/Brakcet, 54151-Jr-Upc",4X4X1-1/2 OCT BOX W/BRAKCET,Southwire® 54151-Jr-Upc 4X4X1-1/2 Oct Box W/Brakcet,"SOUTHWIRE®, 4x4x1-1/2 Oct Box w/Brakcet, Part Number: 54151-JR-UPC, Dimensions: 4 in x 4 in x 1-1 in",Southwire® 54151-Jr-Upc 4X4X1-1/2 Oct Box W/Brakcet,"SOUTHWIRE®, 4x4x1-1/2 Oct Box w/Brakcet, Part Number: 54151-JR-UPC, Dimensions: 4 in x 4 in x 1-1 in",Dimensions: 4 in x 4 in x 1-1 in,,,,,,Electrical Boxes,Dimensions,4 in x 4 in x 1-1 in,,,,,,,,,,39121300,,1,EA,SOUTHWIRE_54151-JR-UPC.jpg,SOUTHWIRE_54151-JR-UPC_1.jpg,SOUTHWIRE_54151-JR-UPC_2.jpg,SOUTHWIRE_54151-JR-UPC_3.jpg,SOUTHWIRE_54151-JR-UPC_4.jpg,SOUTHWIRE_54151-JR-UPC_Specification_Sheet.pdf,No,Yes
,54171-R-UPC,Electrical,Enclosures & Boxes,Metallic Junction Boxes,54171-R-UPC,54171-R-UPC,4x4x2 Oct Box,,Southwire,Southwire/g Turner (6603),Southwire Company LLC,SOUTHWIRE®,Romex®,54171-R-UPC,Electrical > Enclosures & Boxes > Metallic Junction Boxes > Electrical Boxes,"Southwire Company Llc Southwire, 4X4X2 Oct Box, 54171-R-Upc - Part Number: 541",4X4X2 OCT BOX,Southwire® 54171-R-Upc 4X4X2 Oct Box,"SOUTHWIRE®, 4x4x2 Oct Box, Part Number: 54171-R-UPC, Dimensions: 4 in x 4 in x 2 in",Southwire® 54171-R-Upc 4X4X2 Oct Box,"SOUTHWIRE®, 4x4x2 Oct Box, Part Number: 54171-R-UPC, Dimensions: 4 in x 4 in x 2 in",Dimensions: 4 in x 4 in x 2 in,,,,,,Electrical Boxes,Dimensions,4 in x 4 in x 2 in,,,,,,,,,,39121300,,1,EA,SOUTHWIRE_54171-R-UPC.jpg,SOUTHWIRE_54171-R-UPC_1.jpg,SOUTHWIRE_54171-R-UPC_2.jpg,SOUTHWIRE_54171-R-UPC_3.jpg,SOUTHWIRE_54171-R-UPC_4.jpg,SOUTHWIRE_54171-R-UPC_Specification_Sheet.pdf,No,Yes
,52151-S-UPC,Electrical,Enclosures & Boxes,Metallic Junction Boxes,52151-S-UPC,52151-S-UPC,4x4x1-1/2 Square Box,,Southwire,Southwire/g Turner (6603),Southwire Company LLC,SOUTHWIRE®,Romex®,52151-S-UPC,Electrical > Enclosures & Boxes > Metallic Junction Boxes > Electrical Boxes,"Southwire Company Llc Southwire, 4X4X1, 1/2 Square Box, 52151-S-Upc",4X4X1-1/2 SQUARE BOX,Southwire® 52151-S-Upc 4X4X1-1/2 Square Box,"SOUTHWIRE®, 4x4x1-1/2 Square Box, Part Number: 52151-S-UPC, Dimensions: 4 in x 4 in x 1-1 in",Southwire® 52151-S-Upc 4X4X1-1/2 Square Box,"SOUTHWIRE®, 4x4x1-1/2 Square Box, Part Number: 52151-S-UPC, Dimensions: 4 in x 4 in x 1-1 in",Dimensions: 4 in x 4 in x 1-1 in,,,,,,Electrical Boxes,Dimensions,4 in x 4 in x 1-1 in,,,,,,,,,,39121300,,1,EA,SOUTHWIRE_52151-S-UPC.jpg,SOUTHWIRE_52151-S-UPC_1.jpg,SOUTHWIRE_52151-S-UPC_2.jpg,SOUTHWIRE_52151-S-UPC_3.jpg,SOUTHWIRE_52151-S-UPC_4.jpg,SOUTHWIRE_52151-S-UPC_Specification_Sheet.pdf,No,Yes
,72171-3/4-1W-UPC,Industrial MRO,Hardware & Supplies,General Maintenance,72171-3/4-1W-UPC,72171-3/4-1W-UPC,4-1/2x4-1/2x2 2G Box,,Southwire,Southwire/g Turner (6603),Southwire Company LLC,SOUTHWIRE®,Romex®,72171-3/4-1W-UPC,Industrial MRO > Hardware & Supplies > General Maintenance > Industrial Supplies,"Southwire Company Llc Southwire, 4, 1/2X4, 1/2X2 2G Box, 72171-3/4-1W-Upc",4-1/2X4-1/2X2 2G BOX,Southwire® 72171-3/4-1W-Upc 4-1/2X4-1/2X2 2G Box,"SOUTHWIRE®, 4-1/2x4-1/2x2 2G Box, Part Number: 72171-3/4-1W-UPC, Wattage: 1 W, Dimensions: 1/2 in x 4-1 in",Southwire® 72171-3/4-1W-Upc 4-1/2X4-1/2X2 2G Box,"SOUTHWIRE®, 4-1/2x4-1/2x2 2G Box, Part Number: 72171-3/4-1W-UPC, Wattage: 1 W, Dimensions: 1/2 in x 4-1 in",Wattage: 1 W,Dimensions: 1/2 in x 4-1 in,,,,,Industrial Supplies,Wattage,1,W,Dimensions,1/2 in x 4-1 in,,,,,,,31160000,,1,EA,SOUTHWIRE_72171-3/4-1W-UPC.jpg,SOUTHWIRE_72171-3/4-1W-UPC_1.jpg,SOUTHWIRE_72171-3/4-1W-UPC_2.jpg,SOUTHWIRE_72171-3/4-1W-UPC_3.jpg,SOUTHWIRE_72171-3/4-1W-UPC_4.jpg,SOUTHWIRE_72171-3/4-1W-UPC_Specification_Sheet.pdf,No,Yes
,5522-5EV,Electrical,Wiring Devices,Switches & Outlets,5522-5EV,5522-5EV,5522-5EV 2 Port Decor Plate,,,Cooper Wiring Devices (3560),Leviton Manufacturing Co Inc,LEVITON®,Decora®,5522-5EV,Electrical > Wiring Devices > Switches & Outlets > Wiring Devices & Controls,"Leviton Manufacturing Co Inc Leviton, 2 Port Decor Plate, 5522-5Ev",2 PORT DECOR PLATE,Leviton® 5522-5Ev 2 Port Decor Plate,"LEVITON®, 5522-5EV 2 Port Decor Plate",Leviton® 5522-5Ev 2 Port Decor Plate,"LEVITON®, 5522-5EV 2 Port Decor Plate",,,,,,,Wiring Devices & Controls,,,,,,,,,,,,39122200,,1,EA,LEVITON_5522-5EV.jpg,LEVITON_5522-5EV_1.jpg,LEVITON_5522-5EV_2.jpg,LEVITON_5522-5EV_3.jpg,LEVITON_5522-5EV_4.jpg,LEVITON_5522-5EV_Specification_Sheet.pdf,No,Yes
,AYCL-153PH-LA,Electrical,Wiring Devices,Switches & Outlets,AYCL-153PH-LA,AYCL-153PH-LA,AYCL-153PH-LA Lutron Dimmer LA,,,Fenton Bros Electric Inc (FENBR),Lutron Electronics Co Inc,LUTRON®,Ariadni®,AYCL-153PH-LA,Electrical > Wiring Devices > Switches & Outlets > Wiring Devices & Controls,"Lutron Electronics Co Inc Lutron, Lutron Dimmer La, Aycl-153Ph-La",LUTRON DIMMER LA,Lutron® Aycl-153Ph-La Lutron Dimmer La,"LUTRON®, AYCL-153PH-LA Lutron Dimmer LA",Lutron® Aycl-153Ph-La Lutron Dimmer La,"LUTRON®, AYCL-153PH-LA Lutron Dimmer LA",,,,,,,Wiring Devices & Controls,,,,,,,,,,,,39122200,,1,EA,LUTRON_AYCL-153PH-LA.jpg,LUTRON_AYCL-153PH-LA_1.jpg,LUTRON_AYCL-153PH-LA_2.jpg,LUTRON_AYCL-153PH-LA_3.jpg,LUTRON_AYCL-153PH-LA_4.jpg,LUTRON_AYCL-153PH-LA_Specification_Sheet.pdf,No,Yes
,AYCL-153PH-WH,Electrical,Wiring Devices,Switches & Outlets,AYCL-153PH-WH,AYCL-153PH-WH,AYCL-153PH-WH Lutron Dimmer Wh,,,Fenton Bros Electric Inc (FENBR),Lutron Electronics Co Inc,LUTRON®,Ariadni®,AYCL-153PH-WH,Electrical > Wiring Devices > Switches & Outlets > Wiring Devices & Controls,"Lutron Electronics Co Inc Lutron, Lutron Dimmer Wh, Aycl-153Ph-Wh",LUTRON DIMMER WH,Lutron® Aycl-153Ph-Wh Lutron Dimmer Wh,"LUTRON®, AYCL-153PH-WH Lutron Dimmer Wh, Finish / Color: White",Lutron® Aycl-153Ph-Wh Lutron Dimmer Wh,"LUTRON®, AYCL-153PH-WH Lutron Dimmer Wh, Finish / Color: White",Finish / Color: White,,,,,,Wiring Devices & Controls,Finish / Color,White,,,,,,,,,,39122200,,1,EA,LUTRON_AYCL-153PH-WH.jpg,LUTRON_AYCL-153PH-WH_1.jpg,LUTRON_AYCL-153PH-WH_2.jpg,LUTRON_AYCL-153PH-WH_3.jpg,LUTRON_AYCL-153PH-WH_4.jpg,LUTRON_AYCL-153PH-WH_Specification_Sheet.pdf,No,Yes
,D23LP-R02-1RW,Electrical,Wiring Devices,Switches & Outlets,D23LP-R02-1RW,D23LP-R02-1RW,D23LPR021RW Plug In Dimmer Wh,,Leviton,Leviton Mfg Co (4927),Leviton Manufacturing Co Inc,LEVITON®,Decora®,D23LP-R02-1RW,Electrical > Wiring Devices > Switches & Outlets > Wiring Devices & Controls,"Leviton Manufacturing Co Inc Leviton, D23Lpr021Rw Plug In Dimmer Wh,",D23LPR021RW PLUG IN DIMMER WH,Leviton® D23Lp-R02-1Rw D23Lpr021Rw Plug In Dimmer Wh,"LEVITON®, D23LPR021RW Plug In Dimmer Wh, Part Number: D23LP-R02-1RW, Finish / Color: White",Leviton® D23Lp-R02-1Rw D23Lpr021Rw Plug In Dimmer Wh,"LEVITON®, D23LPR021RW Plug In Dimmer Wh, Part Number: D23LP-R02-1RW, Finish / Color: White",Finish / Color: White,,,,,,Wiring Devices & Controls,Finish / Color,White,,,,,,,,,,39122200,,1,EA,LEVITON_D23LP-R02-1RW.jpg,LEVITON_D23LP-R02-1RW_1.jpg,LEVITON_D23LP-R02-1RW_2.jpg,LEVITON_D23LP-R02-1RW_3.jpg,LEVITON_D23LP-R02-1RW_4.jpg,LEVITON_D23LP-R02-1RW_Specification_Sheet.pdf,No,Yes
,TNOCD002,Electrical,Wiring Devices,Switches & Outlets,TNOCD002,TNOCD002,TNOCD002 125V Outdooor Timer,,Prime,Prime Wire & Cable (3562),Prime,Prime,,TNOCD002,Electrical > Wiring Devices > Switches & Outlets > Wiring Devices & Controls,"Prime, 125V Outdooor Timer, Tnocd002 - Part Number: TNOCD002",125V OUTDOOOR TIMER,Prime Tnocd002 125V Outdooor Timer,"Prime, TNOCD002 125V Outdooor Timer, Voltage: 125 V",Prime Tnocd002 125V Outdooor Timer,"Prime, TNOCD002 125V Outdooor Timer, Voltage: 125 V",Voltage: 125 V,,,,,,Wiring Devices & Controls,Voltage,125,V,,,,,,,,,39122200,,1,EA,PRIME_TNOCD002.jpg,PRIME_TNOCD002_1.jpg,PRIME_TNOCD002_2.jpg,PRIME_TNOCD002_3.jpg,PRIME_TNOCD002_4.jpg,PRIME_TNOCD002_Specification_Sheet.pdf,No,Yes
,TNDHD002,Electrical,Wiring Devices,Switches & Outlets,TNDHD002,TNDHD002,TNDHD002 125V 7Day Timer,,Prime,Prime Wire & Cable (3562),Prime,Prime,,TNDHD002,Electrical > Wiring Devices > Switches & Outlets > Wiring Devices & Controls,"Prime, 125V 7Day Timer, Tndhd002 - Part Number: TNDHD002    ",125V 7DAY TIMER,Prime Tndhd002 125V 7Day Timer,"Prime, TNDHD002 125V 7Day Timer, Voltage: 125 V",Prime Tndhd002 125V 7Day Timer,"Prime, TNDHD002 125V 7Day Timer, Voltage: 125 V",Voltage: 125 V,,,,,,Wiring Devices & Controls,Voltage,125,V,,,,,,,,,39122200,,1,EA,PRIME_TNDHD002.jpg,PRIME_TNDHD002_1.jpg,PRIME_TNDHD002_2.jpg,PRIME_TNDHD002_3.jpg,PRIME_TNDHD002_4.jpg,PRIME_TNDHD002_Specification_Sheet.pdf,No,Yes
,TNIDP12,Electrical,Wiring Devices,Switches & Outlets,TNIDP12,TNIDP12,TNIDP12 125V Dig Indoor Timer,,Prime,Prime Wire & Cable (3562),Prime,Prime,,TNIDP12,Electrical > Wiring Devices > Switches & Outlets > Wiring Devices & Controls,"Prime, 125V Dig Indoor Timer, Tnidp12 - Part Number: TNIDP12",125V DIG INDOOR TIMER,Prime Tnidp12 125V Dig Indoor Timer,"Prime, TNIDP12 125V Dig Indoor Timer, Voltage: 125 V",Prime Tnidp12 125V Dig Indoor Timer,"Prime, TNIDP12 125V Dig Indoor Timer, Voltage: 125 V",Voltage: 125 V,,,,,,Wiring Devices & Controls,Voltage,125,V,,,,,,,,,39122200,,1,EA,PRIME_TNIDP12.jpg,PRIME_TNIDP12_1.jpg,PRIME_TNIDP12_2.jpg,PRIME_TNIDP12_3.jpg,PRIME_TNIDP12_4.jpg,PRIME_TNIDP12_Specification_Sheet.pdf,No,Yes
,TNIW24,Electrical,Wiring Devices,Switches & Outlets,TNIW24,TNIW24,TNIW24 125V 24hr Mech Timer,,Prime,Prime Wire & Cable (3562),Prime,Prime,,TNIW24,Electrical > Wiring Devices > Switches & Outlets > Wiring Devices & Controls,"Prime, 125V 24Hr Mech Timer, Tniw24 - Part Number: TNIW24   ",125V 24HR MECH TIMER,Prime Tniw24 125V 24Hr Mech Timer,"Prime, TNIW24 125V 24hr Mech Timer, Voltage: 125 V",Prime Tniw24 125V 24Hr Mech Timer,"Prime, TNIW24 125V 24hr Mech Timer, Voltage: 125 V",Voltage: 125 V,,,,,,Wiring Devices & Controls,Voltage,125,V,,,,,,,,,39122200,,1,EA,PRIME_TNIW24.jpg,PRIME_TNIW24_1.jpg,PRIME_TNIW24_2.jpg,PRIME_TNIW24_3.jpg,PRIME_TNIW24_4.jpg,PRIME_TNIW24_Specification_Sheet.pdf,No,Yes
,65-1222,Industrial MRO,Hardware & Supplies,General Maintenance,65-1222,65-1222,65-1222 1' Led Lt Multi CCT,,,Satco Prod Inc (5573),Satco Products Inc,SATCO®,Nuvo®,65-1222,Industrial MRO > Hardware & Supplies > General Maintenance > Industrial Supplies,"Satco Products Inc Satco, 1' Led Lt Multi Cct, 65-1222 - Part Number: 65-1222",1' LED LT MULTI CCT,Satco® 65-1222 1' Led Lt Multi Cct,"SATCO®, 65-1222 1' Led Lt Multi CCT",Satco® 65-1222 1' Led Lt Multi Cct,"SATCO®, 65-1222 1' Led Lt Multi CCT",,,,,,,Industrial Supplies,,,,,,,,,,,,31160000,,1,EA,SATCO_65-1222.jpg,SATCO_65-1222_1.jpg,SATCO_65-1222_2.jpg,SATCO_65-1222_3.jpg,SATCO_65-1222_4.jpg,SATCO_65-1222_Specification_Sheet.pdf,No,Yes
,65-1224,Lighting & Fans,Luminaires,Commercial & Residential Lighting,65-1224,65-1224,65-1224 4' Led Strip Light,,Satco,Satco Prod Inc (5573),Satco Products Inc,SATCO®,Nuvo®,65-1224,Lighting & Fans > Luminaires > Commercial & Residential Lighting > Light Fixtures,"Satco Products Inc Satco, 4' Led Strip Light, 65-1224 - Part Number: 65-1224",4' LED STRIP LIGHT,Satco® 65-1224 4' Led Strip Light,"SATCO®, 65-1224 4' Led Strip Light",Satco® 65-1224 4' Led Strip Light,"SATCO®, 65-1224 4' Led Strip Light",,,,,,,Light Fixtures,,,,,,,,,,,,39111500,,1,EA,SATCO_65-1224.jpg,SATCO_65-1224_1.jpg,SATCO_65-1224_2.jpg,SATCO_65-1224_3.jpg,SATCO_65-1224_4.jpg,SATCO_65-1224_Specification_Sheet.pdf,No,Yes
,45297BK,Lighting & Fans,Luminaires,Commercial & Residential Lighting,45297BK,45297BK,45297BK Kichler Wall Lt,,,Kichler Lighting (KICLI),Kichler Lighting LLC,KICHLER®,Kichler®,45297BK,Lighting & Fans > Luminaires > Commercial & Residential Lighting > Light Fixtures,"Kichler Lighting LLC, Kichler Lighting Llc Kichler, Kichler Wall Lt, 45297Bk",KICHLER WALL LT,Kichler® 45297Bk Kichler Wall Lt,"KICHLER®, 45297BK Kichler Wall Lt",Kichler® 45297Bk Kichler Wall Lt,"KICHLER®, 45297BK Kichler Wall Lt",,,,,,,Light Fixtures,,,,,,,,,,,,39111500,,1,EA,KICHLER_45297BK.jpg,KICHLER_45297BK_1.jpg,KICHLER_45297BK_2.jpg,KICHLER_45297BK_3.jpg,KICHLER_45297BK_4.jpg,KICHLER_45297BK_Specification_Sheet.pdf,No,Yes
,45573BK,Lighting & Fans,Luminaires,Commercial & Residential Lighting,45573BK,45573BK,45573BK Kichler Wall Light,,,Kichler Lighting (KICLI),Kichler Lighting LLC,KICHLER®,Kichler®,45573BK,Lighting & Fans > Luminaires > Commercial & Residential Lighting > Light Fixtures,"Kichler Lighting LLC, Kichler Lighting Llc Kichler, Kichler Wall Light, 45573Bk",KICHLER WALL LIGHT,Kichler® 45573Bk Kichler Wall Light,"KICHLER®, 45573BK Kichler Wall Light",Kichler® 45573Bk Kichler Wall Light,"KICHLER®, 45573BK Kichler Wall Light",,,,,,,Light Fixtures,,,,,,,,,,,,39111500,,1,EA,KICHLER_45573BK.jpg,KICHLER_45573BK_1.jpg,KICHLER_45573BK_2.jpg,KICHLER_45573BK_3.jpg,KICHLER_45573BK_4.jpg,KICHLER_45573BK_Specification_Sheet.pdf,No,Yes
,37418A,Lighting & Fans,Luminaires,Commercial & Residential Lighting,37418A,37418A,37418A Kichler Bath Light,,,Kichler Lighting (KICLI),Kichler Lighting LLC,KICHLER®,Kichler®,37418A,Lighting & Fans > Luminaires > Commercial & Residential Lighting > Light Fixtures,"Kichler Lighting LLC, Kichler Lighting Llc Kichler, Kichler Bath Light, 37418A",KICHLER BATH LIGHT,Kichler® 37418A Kichler Bath Light,"KICHLER®, 37418A Kichler Bath Light",Kichler® 37418A Kichler Bath Light,"KICHLER®, 37418A Kichler Bath Light",,,,,,,Light Fixtures,,,,,,,,,,,,39111500,,1,EA,KICHLER_37418A.jpg,KICHLER_37418A_1.jpg,KICHLER_37418A_2.jpg,KICHLER_37418A_3.jpg,KICHLER_37418A_4.jpg,KICHLER_37418A_Specification_Sheet.pdf,No,Yes
,37423A,Lighting & Fans,Luminaires,Commercial & Residential Lighting,37423A,37423A,37423A Kichler Bath Light,,,Kichler Lighting (KICLI),Kichler Lighting LLC,KICHLER®,Kichler®,37423A,Lighting & Fans > Luminaires > Commercial & Residential Lighting > Light Fixtures,"Kichler Lighting LLC, Kichler Lighting Llc Kichler, Kichler Bath Light, 37423A",KICHLER BATH LIGHT,Kichler® 37423A Kichler Bath Light,"KICHLER®, 37423A Kichler Bath Light",Kichler® 37423A Kichler Bath Light,"KICHLER®, 37423A Kichler Bath Light",,,,,,,Light Fixtures,,,,,,,,,,,,39111500,,1,EA,KICHLER_37423A.jpg,KICHLER_37423A_1.jpg,KICHLER_37423A_2.jpg,KICHLER_37423A_3.jpg,KICHLER_37423A_4.jpg,KICHLER_37423A_Specification_Sheet.pdf,No,Yes
,45496BKCLR,Lighting & Fans,Luminaires,Commercial & Residential Lighting,45496BKCLR,45496BKCLR,45496BKCLR Kichler Bath Light,,,Kichler Lighting (KICLI),Kichler Lighting LLC,KICHLER®,Kichler®,45496BKCLR,Lighting & Fans > Luminaires > Commercial & Residential Lighting > Light Fixtures,"Kichler Lighting Llc Kichler, Kichler Bath Light, 45496Bkclr",KICHLER BATH LIGHT,Kichler® 45496Bkclr Kichler Bath Light,"KICHLER®, 45496BKCLR Kichler Bath Light",Kichler® 45496Bkclr Kichler Bath Light,"KICHLER®, 45496BKCLR Kichler Bath Light",,,,,,,Light Fixtures,,,,,,,,,,,,39111500,,1,EA,KICHLER_45496BKCLR.jpg,KICHLER_45496BKCLR_1.jpg,KICHLER_45496BKCLR_2.jpg,KICHLER_45496BKCLR_3.jpg,KICHLER_45496BKCLR_4.jpg,KICHLER_45496BKCLR_Specification_Sheet.pdf,No,Yes
,45973BK,Lighting & Fans,Luminaires,Commercial & Residential Lighting,45973BK,45973BK,45973BK Kichler Wall Light,,,Kichler Lighting (KICLI),Kichler Lighting LLC,KICHLER®,Kichler®,45973BK,Lighting & Fans > Luminaires > Commercial & Residential Lighting > Light Fixtures,"Kichler Lighting LLC, Kichler Lighting Llc Kichler, Kichler Wall Light, 45973Bk",KICHLER WALL LIGHT,Kichler® 45973Bk Kichler Wall Light,"KICHLER®, 45973BK Kichler Wall Light",Kichler® 45973Bk Kichler Wall Light,"KICHLER®, 45973BK Kichler Wall Light",,,,,,,Light Fixtures,,,,,,,,,,,,39111500,,1,EA,KICHLER_45973BK.jpg,KICHLER_45973BK_1.jpg,KICHLER_45973BK_2.jpg,KICHLER_45973BK_3.jpg,KICHLER_45973BK_4.jpg,KICHLER_45973BK_Specification_Sheet.pdf,No,Yes
,55155BK,Lighting & Fans,Luminaires,Commercial & Residential Lighting,55155BK,55155BK,55155BK Kichler Wall Lt,,,Kichler Lighting (KICLI),Kichler Lighting LLC,KICHLER®,Kichler®,55155BK,Lighting & Fans > Luminaires > Commercial & Residential Lighting > Light Fixtures,"Kichler Lighting LLC, Kichler Lighting Llc Kichler, Kichler Wall Lt, 55155Bk",KICHLER WALL LT,Kichler® 55155Bk Kichler Wall Lt,"KICHLER®, 55155BK Kichler Wall Lt",Kichler® 55155Bk Kichler Wall Lt,"KICHLER®, 55155BK Kichler Wall Lt",,,,,,,Light Fixtures,,,,,,,,,,,,39111500,,1,EA,KICHLER_55155BK.jpg,KICHLER_55155BK_1.jpg,KICHLER_55155BK_2.jpg,KICHLER_55155BK_3.jpg,KICHLER_55155BK_4.jpg,KICHLER_55155BK_Specification_Sheet.pdf,No,Yes
,55157CPZ,Lighting & Fans,Luminaires,Commercial & Residential Lighting,55157CPZ,55157CPZ,55157CPZ Kichler Wall Light,,,Kichler Lighting (KICLI),Kichler Lighting LLC,KICHLER®,Kichler®,55157CPZ,Lighting & Fans > Luminaires > Commercial & Residential Lighting > Light Fixtures,"Kichler Lighting LLC, Kichler Lighting Llc Kichler, Kichler Wall Light, 55157Cpz",KICHLER WALL LIGHT,Kichler® 55157Cpz Kichler Wall Light,"KICHLER®, 55157CPZ Kichler Wall Light",Kichler® 55157Cpz Kichler Wall Light,"KICHLER®, 55157CPZ Kichler Wall Light",,,,,,,Light Fixtures,,,,,,,,,,,,39111500,,1,EA,KICHLER_55157CPZ.jpg,KICHLER_55157CPZ_1.jpg,KICHLER_55157CPZ_2.jpg,KICHLER_55157CPZ_3.jpg,KICHLER_55157CPZ_4.jpg,KICHLER_55157CPZ_Specification_Sheet.pdf,No,Yes
,55184BK,Lighting & Fans,Luminaires,Commercial & Residential Lighting,55184BK,55184BK,55184BK Kichler Wall Lt,,,Kichler Lighting (KICLI),Kichler Lighting LLC,KICHLER®,Kichler®,55184BK,Lighting & Fans > Luminaires > Commercial & Residential Lighting > Light Fixtures,"Kichler Lighting LLC, Kichler Lighting Llc Kichler, Kichler Wall Lt, 55184Bk",KICHLER WALL LT,Kichler® 55184Bk Kichler Wall Lt,"KICHLER®, 55184BK Kichler Wall Lt",Kichler® 55184Bk Kichler Wall Lt,"KICHLER®, 55184BK Kichler Wall Lt",,,,,,,Light Fixtures,,,,,,,,,,,,39111500,,1,EA,KICHLER_55184BK.jpg,KICHLER_55184BK_1.jpg,KICHLER_55184BK_2.jpg,KICHLER_55184BK_3.jpg,KICHLER_55184BK_4.jpg,KICHLER_55184BK_Specification_Sheet.pdf,No,Yes
,55185BK,Lighting & Fans,Luminaires,Commercial & Residential Lighting,55185BK,55185BK,55185BK Kichler Wall Lt,,,Kichler Lighting (KICLI),Kichler Lighting LLC,KICHLER®,Kichler®,55185BK,Lighting & Fans > Luminaires > Commercial & Residential Lighting > Light Fixtures,"Kichler Lighting LLC, Kichler Lighting Llc Kichler, Kichler Wall Lt, 55185Bk",KICHLER WALL LT,Kichler® 55185Bk Kichler Wall Lt,"KICHLER®, 55185BK Kichler Wall Lt",Kichler® 55185Bk Kichler Wall Lt,"KICHLER®, 55185BK Kichler Wall Lt",,,,,,,Light Fixtures,,,,,,,,,,,,39111500,,1,EA,KICHLER_55185BK.jpg,KICHLER_55185BK_1.jpg,KICHLER_55185BK_2.jpg,KICHLER_55185BK_3.jpg,KICHLER_55185BK_4.jpg,KICHLER_55185BK_Specification_Sheet.pdf,No,Yes
,55186CH,Lighting & Fans,Luminaires,Commercial & Residential Lighting,55186CH,55186CH,55186CH Kichler Wall Lt,,,Kichler Lighting (KICLI),Kichler Lighting LLC,KICHLER®,Kichler®,55186CH,Lighting & Fans > Luminaires > Commercial & Residential Lighting > Light Fixtures,"Kichler Lighting LLC, Kichler Lighting Llc Kichler, Kichler Wall Lt, 55186Ch",KICHLER WALL LT,Kichler® 55186Ch Kichler Wall Lt,"KICHLER®, 55186CH Kichler Wall Lt",Kichler® 55186Ch Kichler Wall Lt,"KICHLER®, 55186CH Kichler Wall Lt",,,,,,,Light Fixtures,,,,,,,,,,,,39111500,,1,EA,KICHLER_55186CH.jpg,KICHLER_55186CH_1.jpg,KICHLER_55186CH_2.jpg,KICHLER_55186CH_3.jpg,KICHLER_55186CH_4.jpg,KICHLER_55186CH_Specification_Sheet.pdf,No,Yes
,55210NI,Lighting & Fans,Luminaires,Commercial & Residential Lighting,55210NI,55210NI,55210NI Kichler Wall Light,,,Kichler Lighting (KICLI),Kichler Lighting LLC,KICHLER®,Kichler®,55210NI,Lighting & Fans > Luminaires > Commercial & Residential Lighting > Light Fixtures,"Kichler Lighting LLC, Kichler Lighting Llc Kichler, Kichler Wall Light, 55210Ni",KICHLER WALL LIGHT,Kichler® 55210Ni Kichler Wall Light,"KICHLER®, 55210NI Kichler Wall Light",Kichler® 55210Ni Kichler Wall Light,"KICHLER®, 55210NI Kichler Wall Light",,,,,,,Light Fixtures,,,,,,,,,,,,39111500,,1,EA,KICHLER_55210NI.jpg,KICHLER_55210NI_1.jpg,KICHLER_55210NI_2.jpg,KICHLER_55210NI_3.jpg,KICHLER_55210NI_4.jpg,KICHLER_55210NI_Specification_Sheet.pdf,No,Yes
,55211BK,Lighting & Fans,Luminaires,Commercial & Residential Lighting,55211BK,55211BK,55211BK Kichler Wall Light,,,Kichler Lighting (KICLI),Kichler Lighting LLC,KICHLER®,Kichler®,55211BK,Lighting & Fans > Luminaires > Commercial & Residential Lighting > Light Fixtures,"Kichler Lighting LLC, Kichler Lighting Llc Kichler, Kichler Wall Light, 55211Bk",KICHLER WALL LIGHT,Kichler® 55211Bk Kichler Wall Light,"KICHLER®, 55211BK Kichler Wall Light",Kichler® 55211Bk Kichler Wall Light,"KICHLER®, 55211BK Kichler Wall Light",,,,,,,Light Fixtures,,,,,,,,,,,,39111500,,1,EA,KICHLER_55211BK.jpg,KICHLER_55211BK_1.jpg,KICHLER_55211BK_2.jpg,KICHLER_55211BK_3.jpg,KICHLER_55211BK_4.jpg,KICHLER_55211BK_Specification_Sheet.pdf,No,Yes
,55211NI,Lighting & Fans,Luminaires,Commercial & Residential Lighting,55211NI,55211NI,55211NI Kichler Wall Light,,,Kichler Lighting (KICLI),Kichler Lighting LLC,KICHLER®,Kichler®,55211NI,Lighting & Fans > Luminaires > Commercial & Residential Lighting > Light Fixtures,"Kichler Lighting LLC, Kichler Lighting Llc Kichler, Kichler Wall Light, 55211Ni",KICHLER WALL LIGHT,Kichler® 55211Ni Kichler Wall Light,"KICHLER®, 55211NI Kichler Wall Light",Kichler® 55211Ni Kichler Wall Light,"KICHLER®, 55211NI Kichler Wall Light",,,,,,,Light Fixtures,,,,,,,,,,,,39111500,,1,EA,KICHLER_55211NI.jpg,KICHLER_55211NI_1.jpg,KICHLER_55211NI_2.jpg,KICHLER_55211NI_3.jpg,KICHLER_55211NI_4.jpg,KICHLER_55211NI_Specification_Sheet.pdf,No,Yes
,55212NI,Lighting & Fans,Luminaires,Commercial & Residential Lighting,55212NI,55212NI,55212NI Kichler Wall Light,,,Kichler Lighting (KICLI),Kichler Lighting LLC,KICHLER®,Kichler®,55212NI,Lighting & Fans > Luminaires > Commercial & Residential Lighting > Light Fixtures,"Kichler Lighting LLC, Kichler Lighting Llc Kichler, Kichler Wall Light, 55212Ni",KICHLER WALL LIGHT,Kichler® 55212Ni Kichler Wall Light,"KICHLER®, 55212NI Kichler Wall Light",Kichler® 55212Ni Kichler Wall Light,"KICHLER®, 55212NI Kichler Wall Light",,,,,,,Light Fixtures,,,,,,,,,,,,39111500,,1,EA,KICHLER_55212NI.jpg,KICHLER_55212NI_1.jpg,KICHLER_55212NI_2.jpg,KICHLER_55212NI_3.jpg,KICHLER_55212NI_4.jpg,KICHLER_55212NI_Specification_Sheet.pdf,No,Yes
,55226BKLFU,Lighting & Fans,Luminaires,Commercial & Residential Lighting,55226BKLFU,55226BKLFU,55226BKFLU Kichler Wall Lt,,,Kichler Lighting (KICLI),Kichler Lighting LLC,KICHLER®,Kichler®,55226BKLFU,Lighting & Fans > Luminaires > Commercial & Residential Lighting > Light Fixtures,"Kichler Lighting Llc Kichler, 55226Bkflu Kichler Wall Lt, 55226Bklfu",55226BKFLU KICHLER WALL LT,Kichler® 55226Bklfu 55226Bkflu Kichler Wall Lt,"KICHLER®, 55226BKFLU Kichler Wall Lt, Part Number: 55226BKLFU",Kichler® 55226Bklfu 55226Bkflu Kichler Wall Lt,"KICHLER®, 55226BKFLU Kichler Wall Lt, Part Number: 55226BKLFU",,,,,,,Light Fixtures,,,,,,,,,,,,39111500,,1,EA,KICHLER_55226BKLFU.jpg,KICHLER_55226BKLFU_1.jpg,KICHLER_55226BKLFU_2.jpg,KICHLER_55226BKLFU_3.jpg,KICHLER_55226BKLFU_4.jpg,KICHLER_55226BKLFU_Specification_Sheet.pdf,No,Yes
,55239CPZLED,Lighting & Fans,Luminaires,Commercial & Residential Lighting,55239CPZLED,55239CPZLED,55239CPZLED Kichler Wall Lt,,,Kichler Lighting (KICLI),Kichler Lighting LLC,KICHLER®,Kichler®,55239CPZLED,Lighting & Fans > Luminaires > Commercial & Residential Lighting > Light Fixtures,"Kichler Lighting LLC, Kichler Lighting Llc Kichler, Kichler Wall Lt, 55239Cpzled",KICHLER WALL LT,Kichler® 55239Cpzled Kichler Wall Lt,"KICHLER®, 55239CPZLED Kichler Wall Lt",Kichler® 55239Cpzled Kichler Wall Lt,"KICHLER®, 55239CPZLED Kichler Wall Lt",,,,,,,Light Fixtures,,,,,,,,,,,,39111500,,1,EA,KICHLER_55239CPZLED.jpg,KICHLER_55239CPZLED_1.jpg,KICHLER_55239CPZLED_2.jpg,KICHLER_55239CPZLED_3.jpg,KICHLER_55239CPZLED_4.jpg,KICHLER_55239CPZLED_Specification_Sheet.pdf,No,Yes
,44072DBK,Lighting & Fans,Luminaires,Commercial & Residential Lighting,44072DBK,44072DBK,44072DBK Kichler Chandelier Lt,,,Kichler Lighting (KICLI),Kichler Lighting LLC,KICHLER®,Kichler®,44072DBK,Lighting & Fans > Luminaires > Commercial & Residential Lighting > Light Fixtures,"Kichler Lighting Llc Kichler, Kichler Chandelier Lt, 44072Dbk",KICHLER CHANDELIER LT,Kichler® 44072Dbk Kichler Chandelier Lt,"KICHLER®, 44072DBK Kichler Chandelier Lt",Kichler® 44072Dbk Kichler Chandelier Lt,"KICHLER®, 44072DBK Kichler Chandelier Lt",,,,,,,Light Fixtures,,,,,,,,,,,,39111500,,1,EA,KICHLER_44072DBK.jpg,KICHLER_44072DBK_1.jpg,KICHLER_44072DBK_2.jpg,KICHLER_44072DBK_3.jpg,KICHLER_44072DBK_4.jpg,KICHLER_44072DBK_Specification_Sheet.pdf,No,Yes
,44073NI,Lighting & Fans,Luminaires,Commercial & Residential Lighting,44073NI,44073NI,44073NI Kichler Chandelier Lt,,,Kichler Lighting (KICLI),Kichler Lighting LLC,KICHLER®,Kichler®,44073NI,Lighting & Fans > Luminaires > Commercial & Residential Lighting > Light Fixtures,"Kichler Lighting Llc Kichler, Kichler Chandelier Lt, 44073Ni",KICHLER CHANDELIER LT,Kichler® 44073Ni Kichler Chandelier Lt,"KICHLER®, 44073NI Kichler Chandelier Lt",Kichler® 44073Ni Kichler Chandelier Lt,"KICHLER®, 44073NI Kichler Chandelier Lt",,,,,,,Light Fixtures,,,,,,,,,,,,39111500,,1,EA,KICHLER_44073NI.jpg,KICHLER_44073NI_1.jpg,KICHLER_44073NI_2.jpg,KICHLER_44073NI_3.jpg,KICHLER_44073NI_4.jpg,KICHLER_44073NI_Specification_Sheet.pdf,No,Yes
,52033BK,Lighting & Fans,Luminaires,Commercial & Residential Lighting,52033BK,52033BK,52033BK Kichler Chandelier Lt,,,Kichler Lighting (KICLI),Kichler Lighting LLC,KICHLER®,Kichler®,52033BK,Lighting & Fans > Luminaires > Commercial & Residential Lighting > Light Fixtures,"Kichler Lighting Llc Kichler, Kichler Chandelier Lt, 52033Bk",KICHLER CHANDELIER LT,Kichler® 52033Bk Kichler Chandelier Lt,"KICHLER®, 52033BK Kichler Chandelier Lt",Kichler® 52033Bk Kichler Chandelier Lt,"KICHLER®, 52033BK Kichler Chandelier Lt",,,,,,,Light Fixtures,,,,,,,,,,,,39111500,,1,EA,KICHLER_52033BK.jpg,KICHLER_52033BK_1.jpg,KICHLER_52033BK_2.jpg,KICHLER_52033BK_3.jpg,KICHLER_52033BK_4.jpg,KICHLER_52033BK_Specification_Sheet.pdf,No,Yes
,84322WH,Lighting & Fans,Luminaires,Commercial & Residential Lighting,84322WH,84322WH,84322WH Kichler Chandelier Lt,,,Kichler Lighting (KICLI),Kichler Lighting LLC,KICHLER®,Kichler®,84322WH,Lighting & Fans > Luminaires > Commercial & Residential Lighting > Light Fixtures,"Kichler Lighting Llc Kichler, Kichler Chandelier Lt, 84322Wh",KICHLER CHANDELIER LT,Kichler® 84322Wh Kichler Chandelier Lt,"KICHLER®, 84322WH Kichler Chandelier Lt",Kichler® 84322Wh Kichler Chandelier Lt,"KICHLER®, 84322WH Kichler Chandelier Lt",,,,,,,Light Fixtures,,,,,,,,,,,,39111500,,1,EA,KICHLER_84322WH.jpg,KICHLER_84322WH_1.jpg,KICHLER_84322WH_2.jpg,KICHLER_84322WH_3.jpg,KICHLER_84322WH_4.jpg,KICHLER_84322WH_Specification_Sheet.pdf,No,Yes
,52404BK,Lighting & Fans,Luminaires,Commercial & Residential Lighting,52404BK,52404BK,52404BK Kichler Chandelier Lt,,,Kichler Lighting (KICLI),Kichler Lighting LLC,KICHLER®,Kichler®,52404BK,Lighting & Fans > Luminaires > Commercial & Residential Lighting > Light Fixtures,"Kichler Lighting Llc Kichler, Kichler Chandelier Lt, 52404Bk",KICHLER CHANDELIER LT,Kichler® 52404Bk Kichler Chandelier Lt,"KICHLER®, 52404BK Kichler Chandelier Lt",Kichler® 52404Bk Kichler Chandelier Lt,"KICHLER®, 52404BK Kichler Chandelier Lt",,,,,,,Light Fixtures,,,,,,,,,,,,39111500,,1,EA,KICHLER_52404BK.jpg,KICHLER_52404BK_1.jpg,KICHLER_52404BK_2.jpg,KICHLER_52404BK_3.jpg,KICHLER_52404BK_4.jpg,KICHLER_52404BK_Specification_Sheet.pdf,No,Yes
,34686A,Lighting & Fans,Luminaires,Commercial & Residential Lighting,34686A,34686A,34686A Kichler Chandelier Lt,,,Kichler Lighting (KICLI),Kichler Lighting LLC,KICHLER®,Kichler®,34686A,Lighting & Fans > Luminaires > Commercial & Residential Lighting > Light Fixtures,"Kichler Lighting Llc Kichler, Kichler Chandelier Lt, 34686A - Part Number: 346",KICHLER CHANDELIER LT,Kichler® 34686A Kichler Chandelier Lt,"KICHLER®, 34686A Kichler Chandelier Lt",Kichler® 34686A Kichler Chandelier Lt,"KICHLER®, 34686A Kichler Chandelier Lt",,,,,,,Light Fixtures,,,,,,,,,,,,39111500,,1,EA,KICHLER_34686A.jpg,KICHLER_34686A_1.jpg,KICHLER_34686A_2.jpg,KICHLER_34686A_3.jpg,KICHLER_34686A_4.jpg,KICHLER_34686A_Specification_Sheet.pdf,No,Yes
,34687A,Lighting & Fans,Luminaires,Commercial & Residential Lighting,34687A,34687A,34687A Kichler Chandelier Lt,,,Kichler Lighting (KICLI),Kichler Lighting LLC,KICHLER®,Kichler®,34687A,Lighting & Fans > Luminaires > Commercial & Residential Lighting > Light Fixtures,"Kichler Lighting Llc Kichler, Kichler Chandelier Lt, 34687A - Part Number: 346",KICHLER CHANDELIER LT,Kichler® 34687A Kichler Chandelier Lt,"KICHLER®, 34687A Kichler Chandelier Lt",Kichler® 34687A Kichler Chandelier Lt,"KICHLER®, 34687A Kichler Chandelier Lt",,,,,,,Light Fixtures,,,,,,,,,,,,39111500,,1,EA,KICHLER_34687A.jpg,KICHLER_34687A_1.jpg,KICHLER_34687A_2.jpg,KICHLER_34687A_3.jpg,KICHLER_34687A_4.jpg,KICHLER_34687A_Specification_Sheet.pdf,No,Yes
,34688A,Lighting & Fans,Luminaires,Commercial & Residential Lighting,34688A,34688A,34688A Kichler Chandelier Lt,,,-,Kichler Lighting LLC,KICHLER®,Kichler®,34688A,Lighting & Fans > Luminaires > Commercial & Residential Lighting > Light Fixtures,"Kichler Lighting Llc Kichler, Kichler Chandelier Lt, 34688A - Part Number: 346",KICHLER CHANDELIER LT,Kichler® 34688A Kichler Chandelier Lt,"KICHLER®, 34688A Kichler Chandelier Lt",Kichler® 34688A Kichler Chandelier Lt,"KICHLER®, 34688A Kichler Chandelier Lt",,,,,,,Light Fixtures,,,,,,,,,,,,39111500,,1,EA,KICHLER_34688A.jpg,KICHLER_34688A_1.jpg,KICHLER_34688A_2.jpg,KICHLER_34688A_3.jpg,KICHLER_34688A_4.jpg,KICHLER_34688A_Specification_Sheet.pdf,No,Yes
,43671BKCLR,Industrial MRO,Hardware & Supplies,General Maintenance,43671BKCLR,43671BKCLR,43671BKCLR Kichler Chand Lt,,,Kichler Lighting (KICLI),Kichler Lighting LLC,KICHLER®,Kichler®,43671BKCLR,Industrial MRO > Hardware & Supplies > General Maintenance > Industrial Supplies,"Kichler Lighting LLC, Kichler Lighting Llc Kichler, Kichler Chand Lt, 43671Bkclr",KICHLER CHAND LT,Kichler® 43671Bkclr Kichler Chand Lt,"KICHLER®, 43671BKCLR Kichler Chand Lt",Kichler® 43671Bkclr Kichler Chand Lt,"KICHLER®, 43671BKCLR Kichler Chand Lt",,,,,,,Industrial Supplies,,,,,,,,,,,,31160000,,1,EA,KICHLER_43671BKCLR.jpg,KICHLER_43671BKCLR_1.jpg,KICHLER_43671BKCLR_2.jpg,KICHLER_43671BKCLR_3.jpg,KICHLER_43671BKCLR_4.jpg,KICHLER_43671BKCLR_Specification_Sheet.pdf,No,Yes
,52616BK,Lighting & Fans,Luminaires,Commercial & Residential Lighting,52616BK,52616BK,52616BK Kichler Chandelier Lt,,,Kichler Lighting (KICLI),Kichler Lighting LLC,KICHLER®,Kichler®,52616BK,Lighting & Fans > Luminaires > Commercial & Residential Lighting > Light Fixtures,"Kichler Lighting Llc Kichler, Kichler Chandelier Lt, 52616Bk",KICHLER CHANDELIER LT,Kichler® 52616Bk Kichler Chandelier Lt,"KICHLER®, 52616BK Kichler Chandelier Lt",Kichler® 52616Bk Kichler Chandelier Lt,"KICHLER®, 52616BK Kichler Chandelier Lt",,,,,,,Light Fixtures,,,,,,,,,,,,39111500,,1,EA,KICHLER_52616BK.jpg,KICHLER_52616BK_1.jpg,KICHLER_52616BK_2.jpg,KICHLER_52616BK_3.jpg,KICHLER_52616BK_4.jpg,KICHLER_52616BK_Specification_Sheet.pdf,No,Yes
,52616NI,Lighting & Fans,Luminaires,Commercial & Residential Lighting,52616NI,52616NI,52616NI Kichler Chandelier Lt,,,Kichler Lighting (KICLI),Kichler Lighting LLC,KICHLER®,Kichler®,52616NI,Lighting & Fans > Luminaires > Commercial & Residential Lighting > Light Fixtures,"Kichler Lighting Llc Kichler, Kichler Chandelier Lt, 52616Ni",KICHLER CHANDELIER LT,Kichler® 52616Ni Kichler Chandelier Lt,"KICHLER®, 52616NI Kichler Chandelier Lt",Kichler® 52616Ni Kichler Chandelier Lt,"KICHLER®, 52616NI Kichler Chandelier Lt",,,,,,,Light Fixtures,,,,,,,,,,,,39111500,,1,EA,KICHLER_52616NI.jpg,KICHLER_52616NI_1.jpg,KICHLER_52616NI_2.jpg,KICHLER_52616NI_3.jpg,KICHLER_52616NI_4.jpg,KICHLER_52616NI_Specification_Sheet.pdf,No,Yes
,52678BK,Lighting & Fans,Luminaires,Commercial & Residential Lighting,52678BK,52678BK,52678BK Kichler Chandelier Lt,,,Kichler Lighting (KICLI),Kichler Lighting LLC,KICHLER®,Kichler®,52678BK,Lighting & Fans > Luminaires > Commercial & Residential Lighting > Light Fixtures,"Kichler Lighting Llc Kichler, Kichler Chandelier Lt, 52678Bk",KICHLER CHANDELIER LT,Kichler® 52678Bk Kichler Chandelier Lt,"KICHLER®, 52678BK Kichler Chandelier Lt",Kichler® 52678Bk Kichler Chandelier Lt,"KICHLER®, 52678BK Kichler Chandelier Lt",,,,,,,Light Fixtures,,,,,,,,,,,,39111500,,1,EA,KICHLER_52678BK.jpg,KICHLER_52678BK_1.jpg,KICHLER_52678BK_2.jpg,KICHLER_52678BK_3.jpg,KICHLER_52678BK_4.jpg,KICHLER_52678BK_Specification_Sheet.pdf,No,Yes
,52680CPZ,Lighting & Fans,Luminaires,Commercial & Residential Lighting,52680CPZ,52680CPZ,52680CPZ Kichler Chandelier Lt,,,Kichler Lighting (KICLI),Kichler Lighting LLC,KICHLER®,Kichler®,52680CPZ,Lighting & Fans > Luminaires > Commercial & Residential Lighting > Light Fixtures,"Kichler Lighting Llc Kichler, Kichler Chandelier Lt, 52680Cpz",KICHLER CHANDELIER LT,Kichler® 52680Cpz Kichler Chandelier Lt,"KICHLER®, 52680CPZ Kichler Chandelier Lt",Kichler® 52680Cpz Kichler Chandelier Lt,"KICHLER®, 52680CPZ Kichler Chandelier Lt",,,,,,,Light Fixtures,,,,,,,,,,,,39111500,,1,EA,KICHLER_52680CPZ.jpg,KICHLER_52680CPZ_1.jpg,KICHLER_52680CPZ_2.jpg,KICHLER_52680CPZ_3.jpg,KICHLER_52680CPZ_4.jpg,KICHLER_52680CPZ_Specification_Sheet.pdf,No,Yes
,52772BK,Lighting & Fans,Luminaires,Commercial & Residential Lighting,52772BK,52772BK,52772BK Kichler Chandelier Lt,,,Kichler Lighting (KICLI),Kichler Lighting LLC,KICHLER®,Kichler®,52772BK,Lighting & Fans > Luminaires > Commercial & Residential Lighting > Light Fixtures,"Kichler Lighting Llc Kichler, Kichler Chandelier Lt, 52772Bk",KICHLER CHANDELIER LT,Kichler® 52772Bk Kichler Chandelier Lt,"KICHLER®, 52772BK Kichler Chandelier Lt",Kichler® 52772Bk Kichler Chandelier Lt,"KICHLER®, 52772BK Kichler Chandelier Lt",,,,,,,Light Fixtures,,,,,,,,,,,,39111500,,1,EA,KICHLER_52772BK.jpg,KICHLER_52772BK_1.jpg,KICHLER_52772BK_2.jpg,KICHLER_52772BK_3.jpg,KICHLER_52772BK_4.jpg,KICHLER_52772BK_Specification_Sheet.pdf,No,Yes
,82399,Lighting & Fans,Luminaires,Commercial & Residential Lighting,82399,82399,82399 Kichler Chandelier Lt,,,Kichler Lighting (KICLI),Kichler Lighting LLC,KICHLER®,Kichler®,82399,Lighting & Fans > Luminaires > Commercial & Residential Lighting > Light Fixtures,"Kichler Lighting LLC, Kichler Lighting Llc Kichler, Kichler Chandelier Lt, 82399",KICHLER CHANDELIER LT,Kichler® 82399 Kichler Chandelier Lt,"KICHLER®, 82399 Kichler Chandelier Lt",Kichler® 82399 Kichler Chandelier Lt,"KICHLER®, 82399 Kichler Chandelier Lt",,,,,,,Light Fixtures,,,,,,,,,,,,39111500,,1,EA,KICHLER_82399.jpg,KICHLER_82399_1.jpg,KICHLER_82399_2.jpg,KICHLER_82399_3.jpg,KICHLER_82399_4.jpg,KICHLER_82399_Specification_Sheet.pdf,No,Yes
,65-771R3,Lighting & Fans,Luminaires,Commercial & Residential Lighting,65-771R3,65-771R3,65-771R3 Nuvo Highbay Light,,,Satco Prod Inc (5573),Satco Products Inc,SATCO®,Nuvo®,65-771R3,Lighting & Fans > Luminaires > Commercial & Residential Lighting > Light Fixtures,"Satco Products Inc Satco, Nuvo Highbay Light, 65-771R3 - Part Number: 65-771R3",NUVO HIGHBAY LIGHT,Satco® 65-771R3 Nuvo Highbay Light,"SATCO®, 65-771R3 Nuvo Highbay Light",Satco® 65-771R3 Nuvo Highbay Light,"SATCO®, 65-771R3 Nuvo Highbay Light",,,,,,,Light Fixtures,,,,,,,,,,,,39111500,,1,EA,SATCO_65-771R3.jpg,SATCO_65-771R3_1.jpg,SATCO_65-771R3_2.jpg,SATCO_65-771R3_3.jpg,SATCO_65-771R3_4.jpg,SATCO_65-771R3_Specification_Sheet.pdf,No,Yes
,42955BK,Lighting & Fans,Luminaires,Commercial & Residential Lighting,42955BK,42955BK,42955BK Kichler Ceiling Lt,,,Kichler Lighting (KICLI),Kichler Lighting LLC,KICHLER®,Kichler®,42955BK,Lighting & Fans > Luminaires > Commercial & Residential Lighting > Light Fixtures,"Kichler Lighting LLC, Kichler Lighting Llc Kichler, Kichler Ceiling Lt, 42955Bk",KICHLER CEILING LT,Kichler® 42955Bk Kichler Ceiling Lt,"KICHLER®, 42955BK Kichler Ceiling Lt",Kichler® 42955Bk Kichler Ceiling Lt,"KICHLER®, 42955BK Kichler Ceiling Lt",,,,,,,Light Fixtures,,,,,,,,,,,,39111500,,1,EA,KICHLER_42955BK.jpg,KICHLER_42955BK_1.jpg,KICHLER_42955BK_2.jpg,KICHLER_42955BK_3.jpg,KICHLER_42955BK_4.jpg,KICHLER_42955BK_Specification_Sheet.pdf,No,Yes
,42275BK,Lighting & Fans,Luminaires,Commercial & Residential Lighting,42275BK,42275BK,42275BK Kichler Ceiling Lt,,,Kichler Lighting (KICLI),Kichler Lighting LLC,KICHLER®,Kichler®,42275BK,Lighting & Fans > Luminaires > Commercial & Residential Lighting > Light Fixtures,"Kichler Lighting LLC, Kichler Lighting Llc Kichler, Kichler Ceiling Lt, 42275Bk",KICHLER CEILING LT,Kichler® 42275Bk Kichler Ceiling Lt,"KICHLER®, 42275BK Kichler Ceiling Lt",Kichler® 42275Bk Kichler Ceiling Lt,"KICHLER®, 42275BK Kichler Ceiling Lt",,,,,,,Light Fixtures,,,,,,,,,,,,39111500,,1,EA,KICHLER_42275BK.jpg,KICHLER_42275BK_1.jpg,KICHLER_42275BK_2.jpg,KICHLER_42275BK_3.jpg,KICHLER_42275BK_4.jpg,KICHLER_42275BK_Specification_Sheet.pdf,No,Yes
,62-1850,Lighting & Fans,Luminaires,Commercial & Residential Lighting,62-1850,62-1850,"62-1850 11"" Led Ceiling Light",,,Satco Prod Inc (5573),Satco Products Inc,SATCO®,Nuvo®,62-1850,Lighting & Fans > Luminaires > Commercial & Residential Lighting > Light Fixtures,"Satco Products Inc Satco, 11"" Led Ceiling Light, 62-1850 - Part Number: 62-185","11"" LED CEILING LIGHT","Satco® 62-1850 11"" Led Ceiling Light","SATCO®, 62-1850 11"" Led Ceiling Light","Satco® 62-1850 11"" Led Ceiling Light","SATCO®, 62-1850 11"" Led Ceiling Light",,,,,,,Light Fixtures,,,,,,,,,,,,39111500,,1,EA,SATCO_62-1850.jpg,SATCO_62-1850_1.jpg,SATCO_62-1850_2.jpg,SATCO_62-1850_3.jpg,SATCO_62-1850_4.jpg,SATCO_62-1850_Specification_Sheet.pdf,No,Yes
,62-1852,Lighting & Fans,Luminaires,Commercial & Residential Lighting,62-1852,62-1852,"62-1852 14"" Satco Led Ceiling Lt",,,Satco Prod Inc (5573),Satco Products Inc,SATCO®,Nuvo®,62-1852,Lighting & Fans > Luminaires > Commercial & Residential Lighting > Light Fixtures,"Satco Products Inc Satco, 14"" Satco Led Ceiling Lt, 62-1852 - Part Number: 62-","14"" SATCO LED CEILING LT","Satco® 62-1852 14"" Satco Led Ceiling Lt","SATCO®, 62-1852 14"" Satco Led Ceiling Lt","Satco® 62-1852 14"" Satco Led Ceiling Lt","SATCO®, 62-1852 14"" Satco Led Ceiling Lt",,,,,,,Light Fixtures,,,,,,,,,,,,39111500,,1,EA,SATCO_62-1852.jpg,SATCO_62-1852_1.jpg,SATCO_62-1852_2.jpg,SATCO_62-1852_3.jpg,SATCO_62-1852_4.jpg,SATCO_62-1852_Specification_Sheet.pdf,No,Yes
,62-1875,Lighting & Fans,Luminaires,Commercial & Residential Lighting,62-1875,62-1875,"62-1875 10"" Led Ceiling Lt Bn",,,Satco Prod Inc (5573),Satco Products Inc,SATCO®,Nuvo®,62-1875,Lighting & Fans > Luminaires > Commercial & Residential Lighting > Light Fixtures,"Satco Products Inc Satco, 10"" Led Ceiling Lt Bn, 62-1875 - Part Number: 62-187","10"" LED CEILING LT BN","Satco® 62-1875 10"" Led Ceiling Lt Bn","SATCO®, 62-1875 10"" Led Ceiling Lt Bn","Satco® 62-1875 10"" Led Ceiling Lt Bn","SATCO®, 62-1875 10"" Led Ceiling Lt Bn",,,,,,,Light Fixtures,,,,,,,,,,,,39111500,,1,EA,SATCO_62-1875.jpg,SATCO_62-1875_1.jpg,SATCO_62-1875_2.jpg,SATCO_62-1875_3.jpg,SATCO_62-1875_4.jpg,SATCO_62-1875_Specification_Sheet.pdf,No,Yes
,62-1876,Lighting & Fans,Luminaires,Commercial & Residential Lighting,62-1876,62-1876,"62-1876 13"" Satco Ceiling Light BN",,,Satco Prod Inc (5573),Satco Products Inc,SATCO®,Nuvo®,62-1876,Lighting & Fans > Luminaires > Commercial & Residential Lighting > Light Fixtures,"Satco Products Inc Satco, 13"" Satco Ceiling Light Bn, 62-1876","13"" SATCO CEILING LIGHT BN","Satco® 62-1876 13"" Satco Ceiling Light Bn","SATCO®, 62-1876 13"" Satco Ceiling Light BN","Satco® 62-1876 13"" Satco Ceiling Light Bn","SATCO®, 62-1876 13"" Satco Ceiling Light BN",,,,,,,Light Fixtures,,,,,,,,,,,,39111500,,1,EA,SATCO_62-1876.jpg,SATCO_62-1876_1.jpg,SATCO_62-1876_2.jpg,SATCO_62-1876_3.jpg,SATCO_62-1876_4.jpg,SATCO_62-1876_Specification_Sheet.pdf,No,Yes
,42296BK,Lighting & Fans,Luminaires,Commercial & Residential Lighting,42296BK,42296BK,42296BK Kichler Ceiling Lt,,,Kichler Lighting (KICLI),Kichler Lighting LLC,KICHLER®,Kichler®,42296BK,Lighting & Fans > Luminaires > Commercial & Residential Lighting > Light Fixtures,"Kichler Lighting LLC, Kichler Lighting Llc Kichler, Kichler Ceiling Lt, 42296Bk",KICHLER CEILING LT,Kichler® 42296Bk Kichler Ceiling Lt,"KICHLER®, 42296BK Kichler Ceiling Lt",Kichler® 42296Bk Kichler Ceiling Lt,"KICHLER®, 42296BK Kichler Ceiling Lt",,,,,,,Light Fixtures,,,,,,,,,,,,39111500,,1,EA,KICHLER_42296BK.jpg,KICHLER_42296BK_1.jpg,KICHLER_42296BK_2.jpg,KICHLER_42296BK_3.jpg,KICHLER_42296BK_4.jpg,KICHLER_42296BK_Specification_Sheet.pdf,No,Yes
,43913BK,Lighting & Fans,Luminaires,Commercial & Residential Lighting,43913BK,43913BK,43913BK Kichler Pendant Lt,,,Kichler Lighting (KICLI),Kichler Lighting LLC,KICHLER®,Kichler®,43913BK,Lighting & Fans > Luminaires > Commercial & Residential Lighting > Light Fixtures,"Kichler Lighting LLC, Kichler Lighting Llc Kichler, Kichler Pendant Lt, 43913Bk",KICHLER PENDANT LT,Kichler® 43913Bk Kichler Pendant Lt,"KICHLER®, 43913BK Kichler Pendant Lt",Kichler® 43913Bk Kichler Pendant Lt,"KICHLER®, 43913BK Kichler Pendant Lt",,,,,,,Light Fixtures,,,,,,,,,,,,39111500,,1,EA,KICHLER_43913BK.jpg,KICHLER_43913BK_1.jpg,KICHLER_43913BK_2.jpg,KICHLER_43913BK_3.jpg,KICHLER_43913BK_4.jpg,KICHLER_43913BK_Specification_Sheet.pdf,No,Yes
,HLSMS9129FS1E,Lighting & Fans,Luminaires,Commercial & Residential Lighting,HLSMS9129FS1E,HLSMS9129FS1E,"HLSMS9129FS1E 9"" Motion Lt",,,Cooper Lighting (7638),Cooper Lighting Solutions,COOPER®,Cooper®,HLSMS9129FS1E,Lighting & Fans > Luminaires > Commercial & Residential Lighting > Light Fixtures,"Cooper Lighting Solutions Cooper, 9"" Motion Lt, Hlsms9129Fs1E","9"" MOTION LT","Cooper® Hlsms9129Fs1E 9"" Motion Lt","COOPER®, HLSMS9129FS1E 9"" Motion Lt","Cooper® Hlsms9129Fs1E 9"" Motion Lt","COOPER®, HLSMS9129FS1E 9"" Motion Lt",,,,,,,Light Fixtures,,,,,,,,,,,,39111500,,1,EA,COOPER_HLSMS9129FS1E.jpg,COOPER_HLSMS9129FS1E_1.jpg,COOPER_HLSMS9129FS1E_2.jpg,COOPER_HLSMS9129FS1E_3.jpg,COOPER_HLSMS9129FS1E_4.jpg,COOPER_HLSMS9129FS1E_Specification_Sheet.pdf,No,Yes
,64-110,Electrical & Hardware,Adhesives & Tapes,Electrical & Construction Tapes,64-110,64-110,64-110 Satco Tape Light 16',,,Satco Prod Inc (5573),Satco Products Inc,SATCO®,Nuvo®,64-110,Electrical & Hardware > Adhesives & Tapes > Electrical & Construction Tapes > Electrical & Sealing Tapes,"Satco Products Inc Satco, Satco Tape Light 16', 64-110 - Part Number: 64-110",SATCO TAPE LIGHT 16',Satco® 64-110 Satco Tape Light 16',"SATCO®, 64-110 Satco Tape Light 16'",Satco® 64-110 Satco Tape Light 16',"SATCO®, 64-110 Satco Tape Light 16'",,,,,,,Electrical & Sealing Tapes,,,,,,,,,,,,31201502,,1,EA,SATCO_64-110.jpg,SATCO_64-110_1.jpg,SATCO_64-110_2.jpg,SATCO_64-110_3.jpg,SATCO_64-110_4.jpg,SATCO_64-110_Specification_Sheet.pdf,No,Yes
,603571,Lighting & Fans,Luminaires,Commercial & Residential Lighting,603571,603571,603571 3' Strip Light Ext,,Wiz,Phillips Lighting (5831),Signify North America,PHILIPS®,Philips Lighting®,603571,Lighting & Fans > Luminaires > Commercial & Residential Lighting > Light Fixtures,"Signify North America Philips, 3' Strip Light Ext, 603571 - Part Number: 60357",3' STRIP LIGHT EXT,Philips® 603571 3' Strip Light Ext,"PHILIPS®, 603571 3' Strip Light Ext",Philips® 603571 3' Strip Light Ext,"PHILIPS®, 603571 3' Strip Light Ext",,,,,,,Light Fixtures,,,,,,,,,,,,39111500,,1,EA,PHILIPS_603571.jpg,PHILIPS_603571_1.jpg,PHILIPS_603571_2.jpg,PHILIPS_603571_3.jpg,PHILIPS_603571_4.jpg,PHILIPS_603571_Specification_Sheet.pdf,No,Yes
,65-572R1,Lighting & Fans,Luminaires,Commercial & Residential Lighting,65-572R1,65-572R1,65572 Satco 2x4 Led Flat Panel,,,Satco Prod Inc (5573),Satco Products Inc,SATCO®,Nuvo®,65-572R1,Lighting & Fans > Luminaires > Commercial & Residential Lighting > Light Fixtures,"Satco Products Inc Satco, 65572 Satco 2X4 Led Flat Panel, 65-572R1",65572 SATCO 2X4 LED FLAT PANEL,Satco® 65-572R1 65572 Satco 2X4 Led Flat Panel,"SATCO®, 65572 Satco 2x4 Led Flat Panel, Part Number: 65-572R1, Dimensions: 2 in x 4 in",Satco® 65-572R1 65572 Satco 2X4 Led Flat Panel,"SATCO®, 65572 Satco 2x4 Led Flat Panel, Part Number: 65-572R1, Dimensions: 2 in x 4 in",Dimensions: 2 in x 4 in,,,,,,Light Fixtures,Dimensions,2 in x 4 in,,,,,,,,,,39111500,,1,EA,SATCO_65-572R1.jpg,SATCO_65-572R1_1.jpg,SATCO_65-572R1_2.jpg,SATCO_65-572R1_3.jpg,SATCO_65-572R1_4.jpg,SATCO_65-572R1_Specification_Sheet.pdf,No,Yes
,52476AVI,Lighting & Fans,Luminaires,Commercial & Residential Lighting,52476AVI,52476AVI,52476AVI Kichler Pendant Lt,,,Kichler Lighting (KICLI),Kichler Lighting LLC,KICHLER®,Kichler®,52476AVI,Lighting & Fans > Luminaires > Commercial & Residential Lighting > Light Fixtures,"Kichler Lighting LLC, Kichler Lighting Llc Kichler, Kichler Pendant Lt, 52476Avi",KICHLER PENDANT LT,Kichler® 52476Avi Kichler Pendant Lt,"KICHLER®, 52476AVI Kichler Pendant Lt",Kichler® 52476Avi Kichler Pendant Lt,"KICHLER®, 52476AVI Kichler Pendant Lt",,,,,,,Light Fixtures,,,,,,,,,,,,39111500,,1,EA,KICHLER_52476AVI.jpg,KICHLER_52476AVI_1.jpg,KICHLER_52476AVI_2.jpg,KICHLER_52476AVI_3.jpg,KICHLER_52476AVI_4.jpg,KICHLER_52476AVI_Specification_Sheet.pdf,No,Yes
,42199BK,Lighting & Fans,Luminaires,Commercial & Residential Lighting,42199BK,42199BK,42199BK Kichler Pendant Lt,,,Kichler Lighting (KICLI),Kichler Lighting LLC,KICHLER®,Kichler®,42199BK,Lighting & Fans > Luminaires > Commercial & Residential Lighting > Light Fixtures,"Kichler Lighting LLC, Kichler Lighting Llc Kichler, Kichler Pendant Lt, 42199Bk",KICHLER PENDANT LT,Kichler® 42199Bk Kichler Pendant Lt,"KICHLER®, 42199BK Kichler Pendant Lt",Kichler® 42199Bk Kichler Pendant Lt,"KICHLER®, 42199BK Kichler Pendant Lt",,,,,,,Light Fixtures,,,,,,,,,,,,39111500,,1,EA,KICHLER_42199BK.jpg,KICHLER_42199BK_1.jpg,KICHLER_42199BK_2.jpg,KICHLER_42199BK_3.jpg,KICHLER_42199BK_4.jpg,KICHLER_42199BK_Specification_Sheet.pdf,No,Yes
,42199BKCS,Lighting & Fans,Luminaires,Commercial & Residential Lighting,42199BKCS,42199BKCS,42199BKCS Kichler Pendant Lt,,,Kichler Lighting (KICLI),Kichler Lighting LLC,KICHLER®,Kichler®,42199BKCS,Lighting & Fans > Luminaires > Commercial & Residential Lighting > Light Fixtures,"Kichler Lighting Llc Kichler, Kichler Pendant Lt, 42199Bkcs - Part Number: 421",KICHLER PENDANT LT,Kichler® 42199Bkcs Kichler Pendant Lt,"KICHLER®, 42199BKCS Kichler Pendant Lt",Kichler® 42199Bkcs Kichler Pendant Lt,"KICHLER®, 42199BKCS Kichler Pendant Lt",,,,,,,Light Fixtures,,,,,,,,,,,,39111500,,1,EA,KICHLER_42199BKCS.jpg,KICHLER_42199BKCS_1.jpg,KICHLER_42199BKCS_2.jpg,KICHLER_42199BKCS_3.jpg,KICHLER_42199BKCS_4.jpg,KICHLER_42199BKCS_Specification_Sheet.pdf,No,Yes
,42200BK,Lighting & Fans,Luminaires,Commercial & Residential Lighting,42200BK,42200BK,42200BK Kichler Pendant Lt,,,Kichler Lighting (KICLI),Kichler Lighting LLC,KICHLER®,Kichler®,42200BK,Lighting & Fans > Luminaires > Commercial & Residential Lighting > Light Fixtures,"Kichler Lighting LLC, Kichler Lighting Llc Kichler, Kichler Pendant Lt, 42200Bk",KICHLER PENDANT LT,Kichler® 42200Bk Kichler Pendant Lt,"KICHLER®, 42200BK Kichler Pendant Lt",Kichler® 42200Bk Kichler Pendant Lt,"KICHLER®, 42200BK Kichler Pendant Lt",,,,,,,Light Fixtures,,,,,,,,,,,,39111500,,1,EA,KICHLER_42200BK.jpg,KICHLER_42200BK_1.jpg,KICHLER_42200BK_2.jpg,KICHLER_42200BK_3.jpg,KICHLER_42200BK_4.jpg,KICHLER_42200BK_Specification_Sheet.pdf,No,Yes
,42200BKCS,Lighting & Fans,Luminaires,Commercial & Residential Lighting,42200BKCS,42200BKCS,42200BKCS Kichler Pendant Lt,,,Kichler Lighting (KICLI),Kichler Lighting LLC,KICHLER®,Kichler®,42200BKCS,Lighting & Fans > Luminaires > Commercial & Residential Lighting > Light Fixtures,"Kichler Lighting Llc Kichler, Kichler Pendant Lt, 42200Bkcs - Part Number: 422",KICHLER PENDANT LT,Kichler® 42200Bkcs Kichler Pendant Lt,"KICHLER®, 42200BKCS Kichler Pendant Lt",Kichler® 42200Bkcs Kichler Pendant Lt,"KICHLER®, 42200BKCS Kichler Pendant Lt",,,,,,,Light Fixtures,,,,,,,,,,,,39111500,,1,EA,KICHLER_42200BKCS.jpg,KICHLER_42200BKCS_1.jpg,KICHLER_42200BKCS_2.jpg,KICHLER_42200BKCS_3.jpg,KICHLER_42200BKCS_4.jpg,KICHLER_42200BKCS_Specification_Sheet.pdf,No,Yes
,43851BK,Lighting & Fans,Luminaires,Commercial & Residential Lighting,43851BK,43851BK,43851BK Kichler Pendant Lt,,,Kichler Lighting (KICLI),Kichler Lighting LLC,KICHLER®,Kichler®,43851BK,Lighting & Fans > Luminaires > Commercial & Residential Lighting > Light Fixtures,"Kichler Lighting LLC, Kichler Lighting Llc Kichler, Kichler Pendant Lt, 43851Bk",KICHLER PENDANT LT,Kichler® 43851Bk Kichler Pendant Lt,"KICHLER®, 43851BK Kichler Pendant Lt",Kichler® 43851Bk Kichler Pendant Lt,"KICHLER®, 43851BK Kichler Pendant Lt",,,,,,,Light Fixtures,,,,,,,,,,,,39111500,,1,EA,KICHLER_43851BK.jpg,KICHLER_43851BK_1.jpg,KICHLER_43851BK_2.jpg,KICHLER_43851BK_3.jpg,KICHLER_43851BK_4.jpg,KICHLER_43851BK_Specification_Sheet.pdf,No,Yes
,43852BK,Lighting & Fans,Luminaires,Commercial & Residential Lighting,43852BK,43852BK,43852BK Kichler Pendant Lt,,,Kichler Lighting (KICLI),Kichler Lighting LLC,KICHLER®,Kichler®,43852BK,Lighting & Fans > Luminaires > Commercial & Residential Lighting > Light Fixtures,"Kichler Lighting LLC, Kichler Lighting Llc Kichler, Kichler Pendant Lt, 43852Bk",KICHLER PENDANT LT,Kichler® 43852Bk Kichler Pendant Lt,"KICHLER®, 43852BK Kichler Pendant Lt",Kichler® 43852Bk Kichler Pendant Lt,"KICHLER®, 43852BK Kichler Pendant Lt",,,,,,,Light Fixtures,,,,,,,,,,,,39111500,,1,EA,KICHLER_43852BK.jpg,KICHLER_43852BK_1.jpg,KICHLER_43852BK_2.jpg,KICHLER_43852BK_3.jpg,KICHLER_43852BK_4.jpg,KICHLER_43852BK_Specification_Sheet.pdf,No,Yes
,43853BK,Lighting & Fans,Luminaires,Commercial & Residential Lighting,43853BK,43853BK,43853BK Kichler Pendant Lt,,,Kichler Lighting (KICLI),Kichler Lighting LLC,KICHLER®,Kichler®,43853BK,Lighting & Fans > Luminaires > Commercial & Residential Lighting > Light Fixtures,"Kichler Lighting LLC, Kichler Lighting Llc Kichler, Kichler Pendant Lt, 43853Bk",KICHLER PENDANT LT,Kichler® 43853Bk Kichler Pendant Lt,"KICHLER®, 43853BK Kichler Pendant Lt",Kichler® 43853Bk Kichler Pendant Lt,"KICHLER®, 43853BK Kichler Pendant Lt",,,,,,,Light Fixtures,,,,,,,,,,,,39111500,,1,EA,KICHLER_43853BK.jpg,KICHLER_43853BK_1.jpg,KICHLER_43853BK_2.jpg,KICHLER_43853BK_3.jpg,KICHLER_43853BK_4.jpg,KICHLER_43853BK_Specification_Sheet.pdf,No,Yes
,43905BK,Lighting & Fans,Luminaires,Commercial & Residential Lighting,43905BK,43905BK,43905BK Kichler Pendant Lt,,,Kichler Lighting (KICLI),Kichler Lighting LLC,KICHLER®,Kichler®,43905BK,Lighting & Fans > Luminaires > Commercial & Residential Lighting > Light Fixtures,"Kichler Lighting LLC, Kichler Lighting Llc Kichler, Kichler Pendant Lt, 43905Bk",KICHLER PENDANT LT,Kichler® 43905Bk Kichler Pendant Lt,"KICHLER®, 43905BK Kichler Pendant Lt",Kichler® 43905Bk Kichler Pendant Lt,"KICHLER®, 43905BK Kichler Pendant Lt",,,,,,,Light Fixtures,,,,,,,,,,,,39111500,,1,EA,KICHLER_43905BK.jpg,KICHLER_43905BK_1.jpg,KICHLER_43905BK_2.jpg,KICHLER_43905BK_3.jpg,KICHLER_43905BK_4.jpg,KICHLER_43905BK_Specification_Sheet.pdf,No,Yes
,43911BK,Lighting & Fans,Luminaires,Commercial & Residential Lighting,43911BK,43911BK,43911BK Kichler Pendant Lt,,,Kichler Lighting (KICLI),Kichler Lighting LLC,KICHLER®,Kichler®,43911BK,Lighting & Fans > Luminaires > Commercial & Residential Lighting > Light Fixtures,"Kichler Lighting LLC, Kichler Lighting Llc Kichler, Kichler Pendant Lt, 43911Bk",KICHLER PENDANT LT,Kichler® 43911Bk Kichler Pendant Lt,"KICHLER®, 43911BK Kichler Pendant Lt",Kichler® 43911Bk Kichler Pendant Lt,"KICHLER®, 43911BK Kichler Pendant Lt",,,,,,,Light Fixtures,,,,,,,,,,,,39111500,,1,EA,KICHLER_43911BK.jpg,KICHLER_43911BK_1.jpg,KICHLER_43911BK_2.jpg,KICHLER_43911BK_3.jpg,KICHLER_43911BK_4.jpg,KICHLER_43911BK_Specification_Sheet.pdf,No,Yes
,52529BK,Lighting & Fans,Luminaires,Commercial & Residential Lighting,52529BK,52529BK,52529BK Kichler Pendant Light,,,Kichler Lighting (KICLI),Kichler Lighting LLC,KICHLER®,Kichler®,52529BK,Lighting & Fans > Luminaires > Commercial & Residential Lighting > Light Fixtures,"Kichler Lighting Llc Kichler, Kichler Pendant Light, 52529Bk",KICHLER PENDANT LIGHT,Kichler® 52529Bk Kichler Pendant Light,"KICHLER®, 52529BK Kichler Pendant Light",Kichler® 52529Bk Kichler Pendant Light,"KICHLER®, 52529BK Kichler Pendant Light",,,,,,,Light Fixtures,,,,,,,,,,,,39111500,,1,EA,KICHLER_52529BK.jpg,KICHLER_52529BK_1.jpg,KICHLER_52529BK_2.jpg,KICHLER_52529BK_3.jpg,KICHLER_52529BK_4.jpg,KICHLER_52529BK_Specification_Sheet.pdf,No,Yes
,52662BKCLR,Lighting & Fans,Luminaires,Commercial & Residential Lighting,52662BKCLR,52662BKCLR,52662BKCLR Kichler Pendant Lt,,,Kichler Lighting (KICLI),Kichler Lighting LLC,KICHLER®,Kichler®,52662BKCLR,Lighting & Fans > Luminaires > Commercial & Residential Lighting > Light Fixtures,"Kichler Lighting Llc Kichler, Kichler Pendant Lt, 52662Bkclr",KICHLER PENDANT LT,Kichler® 52662Bkclr Kichler Pendant Lt,"KICHLER®, 52662BKCLR Kichler Pendant Lt",Kichler® 52662Bkclr Kichler Pendant Lt,"KICHLER®, 52662BKCLR Kichler Pendant Lt",,,,,,,Light Fixtures,,,,,,,,,,,,39111500,,1,EA,KICHLER_52662BKCLR.jpg,KICHLER_52662BKCLR_1.jpg,KICHLER_52662BKCLR_2.jpg,KICHLER_52662BKCLR_3.jpg,KICHLER_52662BKCLR_4.jpg,KICHLER_52662BKCLR_Specification_Sheet.pdf,No,Yes
,52734CPZ,Lighting & Fans,Luminaires,Commercial & Residential Lighting,52734CPZ,52734CPZ,52734CPZ Kichler Pendant Light,,,Kichler Lighting (KICLI),Kichler Lighting LLC,KICHLER®,Kichler®,52734CPZ,Lighting & Fans > Luminaires > Commercial & Residential Lighting > Light Fixtures,"Kichler Lighting Llc Kichler, Kichler Pendant Light, 52734Cpz",KICHLER PENDANT LIGHT,Kichler® 52734Cpz Kichler Pendant Light,"KICHLER®, 52734CPZ Kichler Pendant Light",Kichler® 52734Cpz Kichler Pendant Light,"KICHLER®, 52734CPZ Kichler Pendant Light",,,,,,,Light Fixtures,,,,,,,,,,,,39111500,,1,EA,KICHLER_52734CPZ.jpg,KICHLER_52734CPZ_1.jpg,KICHLER_52734CPZ_2.jpg,KICHLER_52734CPZ_3.jpg,KICHLER_52734CPZ_4.jpg,KICHLER_52734CPZ_Specification_Sheet.pdf,No,Yes
,82400,Lighting & Fans,Luminaires,Commercial & Residential Lighting,82400,82400,82400 Kichler Pendant Lt,,,Kichler Lighting (KICLI),Kichler Lighting LLC,KICHLER®,Kichler®,82400,Lighting & Fans > Luminaires > Commercial & Residential Lighting > Light Fixtures,"Kichler Lighting LLC, Kichler Lighting Llc Kichler, Kichler Pendant Lt, 82400",KICHLER PENDANT LT,Kichler® 82400 Kichler Pendant Lt,"KICHLER®, 82400 Kichler Pendant Lt",Kichler® 82400 Kichler Pendant Lt,"KICHLER®, 82400 Kichler Pendant Lt",,,,,,,Light Fixtures,,,,,,,,,,,,39111500,,1,EA,KICHLER_82400.jpg,KICHLER_82400_1.jpg,KICHLER_82400_2.jpg,KICHLER_82400_3.jpg,KICHLER_82400_4.jpg,KICHLER_82400_Specification_Sheet.pdf,No,Yes
,S11606,Industrial MRO,Hardware & Supplies,General Maintenance,S11606,S11606,"S11606 8"" Round Down Lt 30K",,,Satco Prod Inc (5573),Satco Products Inc,SATCO®,Nuvo®,S11606,Industrial MRO > Hardware & Supplies > General Maintenance > Industrial Supplies,"Satco Products Inc Satco, 8"" Round Down Lt 30K, S11606 - Part Number: S11606","8"" ROUND DOWN LT 30K","Satco® S11606 8"" Round Down Lt 30K","SATCO®, S11606 8"" Round Down Lt 30K","Satco® S11606 8"" Round Down Lt 30K","SATCO®, S11606 8"" Round Down Lt 30K",,,,,,,Industrial Supplies,,,,,,,,,,,,31160000,,1,EA,SATCO_S11606.jpg,SATCO_S11606_1.jpg,SATCO_S11606_2.jpg,SATCO_S11606_3.jpg,SATCO_S11606_4.jpg,SATCO_S11606_Specification_Sheet.pdf,No,Yes
,S11828,Lighting & Fans,Luminaires,Commercial & Residential Lighting,S11828,S11828,"S11828 8"" Led Down Light",,,Satco Prod Inc (5573),Satco Products Inc,SATCO®,Nuvo®,S11828,Lighting & Fans > Luminaires > Commercial & Residential Lighting > Light Fixtures,"Satco Products Inc Satco, 8"" Led Down Light, S11828 - Part Number: S11828","8"" LED DOWN LIGHT","Satco® S11828 8"" Led Down Light","SATCO®, S11828 8"" Led Down Light","Satco® S11828 8"" Led Down Light","SATCO®, S11828 8"" Led Down Light",,,,,,,Light Fixtures,,,,,,,,,,,,39111500,,1,EA,SATCO_S11828.jpg,SATCO_S11828_1.jpg,SATCO_S11828_2.jpg,SATCO_S11828_3.jpg,SATCO_S11828_4.jpg,SATCO_S11828_Specification_Sheet.pdf,No,Yes
,801274,Industrial MRO,Hardware & Supplies,General Maintenance,801274,801274,"801274 10w LED 6"" Retro 50k",,Philips,Phillips Lighting (5831),Signify North America,PHILIPS®,Philips Lighting®,801274,Industrial MRO > Hardware & Supplies > General Maintenance > Industrial Supplies,"Signify North America Philips, 10W Led 6"" Retro 50K, 801274 - Part Number: 801","10W LED 6"" RETRO 50K","Philips® 801274 10W Led 6"" Retro 50K","PHILIPS®, 801274 10w LED 6"" Retro 50k, Wattage: 10 W","Philips® 801274 10W Led 6"" Retro 50K","PHILIPS®, 801274 10w LED 6"" Retro 50k, Wattage: 10 W",Wattage: 10 W,,,,,,Industrial Supplies,Wattage,10,W,,,,,,,,,31160000,,1,EA,PHILIPS_801274.jpg,PHILIPS_801274_1.jpg,PHILIPS_801274_2.jpg,PHILIPS_801274_3.jpg,PHILIPS_801274_4.jpg,PHILIPS_801274_Specification_Sheet.pdf,No,Yes
,S11860,Lighting & Fans,Luminaires,Commercial & Residential Lighting,S11860,S11860,"S11860 6"" Downlight White 5 CCT",,,Satco Prod Inc (5573),Satco Products Inc,SATCO®,Nuvo®,S11860,Lighting & Fans > Luminaires > Commercial & Residential Lighting > Light Fixtures,"Satco Products Inc Satco, 6"" Downlight White 5 Cct, S11860 - Part Number: S118","6"" DOWNLIGHT WHITE 5 CCT","Satco® S11860 6"" Downlight White 5 Cct","SATCO®, S11860 6"" Downlight White 5 CCT, Finish / Color: White","Satco® S11860 6"" Downlight White 5 Cct","SATCO®, S11860 6"" Downlight White 5 CCT, Finish / Color: White",Finish / Color: White,,,,,,Light Fixtures,Finish / Color,White,,,,,,,,,,39111500,,1,EA,SATCO_S11860.jpg,SATCO_S11860_1.jpg,SATCO_S11860_2.jpg,SATCO_S11860_3.jpg,SATCO_S11860_4.jpg,SATCO_S11860_Specification_Sheet.pdf,No,Yes
,S11562,Lighting & Fans,Luminaires,Commercial & Residential Lighting,S11562,S11562,"S11562 Starfish 6"" D/W Downlight",,,Satco Prod Inc (5573),Satco Products Inc,SATCO®,Nuvo®,S11562,Lighting & Fans > Luminaires > Commercial & Residential Lighting > Light Fixtures,"Satco Products Inc Satco, Starfish 6"" D/W Downlight, S11562 - Part Number: S11","STARFISH 6"" D/W DOWNLIGHT","Satco® S11562 Starfish 6"" D/W Downlight","SATCO®, S11562 Starfish 6"" D/W Downlight","Satco® S11562 Starfish 6"" D/W Downlight","SATCO®, S11562 Starfish 6"" D/W Downlight",,,,,,,Light Fixtures,,,,,,,,,,,,39111500,,1,EA,SATCO_S11562.jpg,SATCO_S11562_1.jpg,SATCO_S11562_2.jpg,SATCO_S11562_3.jpg,SATCO_S11562_4.jpg,SATCO_S11562_Specification_Sheet.pdf,No,Yes
,S11646,Lighting & Fans,Luminaires,Commercial & Residential Lighting,S11646,S11646,"S11646 6"" Downlight Wh",,,Satco Prod Inc (5573),Satco Products Inc,SATCO®,Nuvo®,S11646,Lighting & Fans > Luminaires > Commercial & Residential Lighting > Light Fixtures,"Satco Products Inc Satco, 6"" Downlight Wh, S11646 - Part Number: S11646","6"" DOWNLIGHT WH","Satco® S11646 6"" Downlight Wh","SATCO®, S11646 6"" Downlight Wh, Finish / Color: White","Satco® S11646 6"" Downlight Wh","SATCO®, S11646 6"" Downlight Wh, Finish / Color: White",Finish / Color: White,,,,,,Light Fixtures,Finish / Color,White,,,,,,,,,,39111500,,1,EA,SATCO_S11646.jpg,SATCO_S11646_1.jpg,SATCO_S11646_2.jpg,SATCO_S11646_3.jpg,SATCO_S11646_4.jpg,SATCO_S11646_Specification_Sheet.pdf,No,Yes
,S11801R1,Lighting & Fans,Luminaires,Commercial & Residential Lighting,S11801R1,S11801R1,"S11801R1 6"" Led Downlight Wh",,,Satco Prod Inc (5573),Satco Products Inc,SATCO®,Nuvo®,S11801R1,Lighting & Fans > Luminaires > Commercial & Residential Lighting > Light Fixtures,"Satco Products Inc Satco, 6"" Led Downlight Wh, S11801R1 - Part Number: S11801R","6"" LED DOWNLIGHT WH","Satco® S11801R1 6"" Led Downlight Wh","SATCO®, S11801R1 6"" Led Downlight Wh, Finish / Color: White","Satco® S11801R1 6"" Led Downlight Wh","SATCO®, S11801R1 6"" Led Downlight Wh, Finish / Color: White",Finish / Color: White,,,,,,Light Fixtures,Finish / Color,White,,,,,,,,,,39111500,,1,EA,SATCO_S11801R1.jpg,SATCO_S11801R1_1.jpg,SATCO_S11801R1_2.jpg,SATCO_S11801R1_3.jpg,SATCO_S11801R1_4.jpg,SATCO_S11801R1_Specification_Sheet.pdf,No,Yes
,S11848,Lighting & Fans,Luminaires,Commercial & Residential Lighting,S11848,S11848,"S11848 10"" Down Light Wh",,,Satco Prod Inc (5573),Satco Products Inc,SATCO®,Nuvo®,S11848,Lighting & Fans > Luminaires > Commercial & Residential Lighting > Light Fixtures,"Satco Products Inc Satco, 10"" Down Light Wh, S11848 - Part Number: S11848","10"" DOWN LIGHT WH","Satco® S11848 10"" Down Light Wh","SATCO®, S11848 10"" Down Light Wh, Finish / Color: White","Satco® S11848 10"" Down Light Wh","SATCO®, S11848 10"" Down Light Wh, Finish / Color: White",Finish / Color: White,,,,,,Light Fixtures,Finish / Color,White,,,,,,,,,,39111500,,1,EA,SATCO_S11848.jpg,SATCO_S11848_1.jpg,SATCO_S11848_2.jpg,SATCO_S11848_3.jpg,SATCO_S11848_4.jpg,SATCO_S11848_Specification_Sheet.pdf,No,Yes
,S11849,Lighting & Fans,Luminaires,Commercial & Residential Lighting,S11849,S11849,"S11849 12"" Down Light Wh",,,Satco Prod Inc (5573),Satco Products Inc,SATCO®,Nuvo®,S11849,Lighting & Fans > Luminaires > Commercial & Residential Lighting > Light Fixtures,"Satco Products Inc Satco, 12"" Down Light Wh, S11849 - Part Number: S11849","12"" DOWN LIGHT WH","Satco® S11849 12"" Down Light Wh","SATCO®, S11849 12"" Down Light Wh, Finish / Color: White","Satco® S11849 12"" Down Light Wh","SATCO®, S11849 12"" Down Light Wh, Finish / Color: White",Finish / Color: White,,,,,,Light Fixtures,Finish / Color,White,,,,,,,,,,39111500,,1,EA,SATCO_S11849.jpg,SATCO_S11849_1.jpg,SATCO_S11849_2.jpg,SATCO_S11849_3.jpg,SATCO_S11849_4.jpg,SATCO_S11849_Specification_Sheet.pdf,No,Yes
,HLBSL609FS5,Lighting & Fans,Luminaires,Commercial & Residential Lighting,HLBSL609FS5,HLBSL609FS5,"HLBSL609FS5 6"" Down Light",,,Cooper Lighting (7638),Cooper Lighting Solutions,COOPER®,Cooper®,HLBSL609FS5,Lighting & Fans > Luminaires > Commercial & Residential Lighting > Light Fixtures,"Cooper Lighting Solutions Cooper, 6"" Down Light, Hlbsl609Fs5","6"" DOWN LIGHT","Cooper® Hlbsl609Fs5 6"" Down Light","COOPER®, HLBSL609FS5 6"" Down Light","Cooper® Hlbsl609Fs5 6"" Down Light","COOPER®, HLBSL609FS5 6"" Down Light",,,,,,,Light Fixtures,,,,,,,,,,,,39111500,,1,EA,COOPER_HLBSL609FS5.jpg,COOPER_HLBSL609FS5_1.jpg,COOPER_HLBSL609FS5_2.jpg,COOPER_HLBSL609FS5_3.jpg,COOPER_HLBSL609FS5_4.jpg,COOPER_HLBSL609FS5_Specification_Sheet.pdf,No,Yes
,WF4REGSWW590CRIMW,Lighting & Fans,Luminaires,Commercial & Residential Lighting,WF4REGSWW590CRIMW,WF4REGSWW590CRIMW,"WF4REGSWW590CRIMW 4"" Down Light",,,Lithonia Lighting (2776),Lithonia Lighting,Lithonia Lighting,,WF4REGSWW590CRIMW,Lighting & Fans > Luminaires > Commercial & Residential Lighting > Light Fixtures,"Lithonia Lighting, 4"" Down Light, Wf4Regsww590Crimw - Part Number: WF4REGSWW59","4"" DOWN LIGHT","Lithonia Lighting Wf4Regsww590Crimw 4"" Down Light","Lithonia Lighting, WF4REGSWW590CRIMW 4"" Down Light","Lithonia Lighting Wf4Regsww590Crimw 4"" Down Light","Lithonia Lighting, WF4REGSWW590CRIMW 4"" Down Light",,,,,,,Light Fixtures,,,,,,,,,,,,39111500,,1,EA,LITHONIALIGHTING_WF4REGSWW590CRIMW.jpg,LITHONIALIGHTING_WF4REGSWW590CRIMW_1.jpg,LITHONIALIGHTING_WF4REGSWW590CRIMW_2.jpg,LITHONIALIGHTING_WF4REGSWW590CRIMW_3.jpg,LITHONIALIGHTING_WF4REGSWW590CRIMW_4.jpg,LITHONIALIGHTING_WF4REGSWW590CRIMW_Specification_Sheet.pdf,No,Yes
,43849WH5CCT,Lighting & Fans,Luminaires,Commercial & Residential Lighting,43849WH5CCT,43849WH5CCT,43849WH5CCT Kichler Ceiling Lt,,,Kichler Lighting (KICLI),Kichler Lighting LLC,KICHLER®,Kichler®,43849WH5CCT,Lighting & Fans > Luminaires > Commercial & Residential Lighting > Light Fixtures,"Kichler Lighting Llc Kichler, Kichler Ceiling Lt, 43849Wh5Cct",KICHLER CEILING LT,Kichler® 43849Wh5Cct Kichler Ceiling Lt,"KICHLER®, 43849WH5CCT Kichler Ceiling Lt",Kichler® 43849Wh5Cct Kichler Ceiling Lt,"KICHLER®, 43849WH5CCT Kichler Ceiling Lt",,,,,,,Light Fixtures,,,,,,,,,,,,39111500,,1,EA,KICHLER_43849WH5CCT.jpg,KICHLER_43849WH5CCT_1.jpg,KICHLER_43849WH5CCT_2.jpg,KICHLER_43849WH5CCT_3.jpg,KICHLER_43849WH5CCT_4.jpg,KICHLER_43849WH5CCT_Specification_Sheet.pdf,No,Yes
,62-1777,Lighting & Fans,Luminaires,Commercial & Residential Lighting,62-1777,62-1777,"62-1777 15"" Ceiling Lt Wh",,,Satco Prod Inc (5573),Satco Products Inc,SATCO®,Nuvo®,62-1777,Lighting & Fans > Luminaires > Commercial & Residential Lighting > Light Fixtures,"Satco Products Inc Satco, 15"" Ceiling Lt Wh, 62-1777 - Part Number: 62-1777","15"" CEILING LT WH","Satco® 62-1777 15"" Ceiling Lt Wh","SATCO®, 62-1777 15"" Ceiling Lt Wh, Finish / Color: White","Satco® 62-1777 15"" Ceiling Lt Wh","SATCO®, 62-1777 15"" Ceiling Lt Wh, Finish / Color: White",Finish / Color: White,,,,,,Light Fixtures,Finish / Color,White,,,,,,,,,,39111500,,1,EA,SATCO_62-1777.jpg,SATCO_62-1777_1.jpg,SATCO_62-1777_2.jpg,SATCO_62-1777_3.jpg,SATCO_62-1777_4.jpg,SATCO_62-1777_Specification_Sheet.pdf,No,Yes
,62-1778,Lighting & Fans,Luminaires,Commercial & Residential Lighting,62-1778,62-1778,"62-1778 19"" Ceiling Lt Wh",,,Satco Prod Inc (5573),Satco Products Inc,SATCO®,Nuvo®,62-1778,Lighting & Fans > Luminaires > Commercial & Residential Lighting > Light Fixtures,"Satco Products Inc Satco, 19"" Ceiling Lt Wh, 62-1778 - Part Number: 62-1778","19"" CEILING LT WH","Satco® 62-1778 19"" Ceiling Lt Wh","SATCO®, 62-1778 19"" Ceiling Lt Wh, Finish / Color: White","Satco® 62-1778 19"" Ceiling Lt Wh","SATCO®, 62-1778 19"" Ceiling Lt Wh, Finish / Color: White",Finish / Color: White,,,,,,Light Fixtures,Finish / Color,White,,,,,,,,,,39111500,,1,EA,SATCO_62-1778.jpg,SATCO_62-1778_1.jpg,SATCO_62-1778_2.jpg,SATCO_62-1778_3.jpg,SATCO_62-1778_4.jpg,SATCO_62-1778_Specification_Sheet.pdf,No,Yes
,62-1784,Lighting & Fans,Luminaires,Commercial & Residential Lighting,62-1784,62-1784,62-1784 24x24 Led Ceiling Lt,,,Satco Prod Inc (5573),Satco Products Inc,SATCO®,Nuvo®,62-1784,Lighting & Fans > Luminaires > Commercial & Residential Lighting > Light Fixtures,"Satco Products Inc Satco, 24X24 Led Ceiling Lt, 62-1784 - Part Number: 62-1784",24X24 LED CEILING LT,Satco® 62-1784 24X24 Led Ceiling Lt,"SATCO®, 62-1784 24x24 Led Ceiling Lt, Dimensions: 24 in x 24 in",Satco® 62-1784 24X24 Led Ceiling Lt,"SATCO®, 62-1784 24x24 Led Ceiling Lt, Dimensions: 24 in x 24 in",Dimensions: 24 in x 24 in,,,,,,Light Fixtures,Dimensions,24 in x 24 in,,,,,,,,,,39111500,,1,EA,SATCO_62-1784.jpg,SATCO_62-1784_1.jpg,SATCO_62-1784_2.jpg,SATCO_62-1784_3.jpg,SATCO_62-1784_4.jpg,SATCO_62-1784_Specification_Sheet.pdf,No,Yes
,62-1787,Lighting & Fans,Luminaires,Commercial & Residential Lighting,62-1787,62-1787,"62-1787 15"" Ceiling Lt Bk",,,Satco Prod Inc (5573),Satco Products Inc,SATCO®,Nuvo®,62-1787,Lighting & Fans > Luminaires > Commercial & Residential Lighting > Light Fixtures,"Satco Products Inc Satco, 15"" Ceiling Lt Bk, 62-1787 - Part Number: 62-1787","15"" CEILING LT BK","Satco® 62-1787 15"" Ceiling Lt Bk","SATCO®, 62-1787 15"" Ceiling Lt Bk, Finish / Color: Black","Satco® 62-1787 15"" Ceiling Lt Bk","SATCO®, 62-1787 15"" Ceiling Lt Bk, Finish / Color: Black",Finish / Color: Black,,,,,,Light Fixtures,Finish / Color,Black,,,,,,,,,,39111500,,1,EA,SATCO_62-1787.jpg,SATCO_62-1787_1.jpg,SATCO_62-1787_2.jpg,SATCO_62-1787_3.jpg,SATCO_62-1787_4.jpg,SATCO_62-1787_Specification_Sheet.pdf,No,Yes
,62-1788,Lighting & Fans,Luminaires,Commercial & Residential Lighting,62-1788,62-1788,"62-1788 19"" Ceiling Lt Bk",,,Satco Prod Inc (5573),Satco Products Inc,SATCO®,Nuvo®,62-1788,Lighting & Fans > Luminaires > Commercial & Residential Lighting > Light Fixtures,"Satco Products Inc Satco, 19"" Ceiling Lt Bk, 62-1788 - Part Number: 62-1788","19"" CEILING LT BK","Satco® 62-1788 19"" Ceiling Lt Bk","SATCO®, 62-1788 19"" Ceiling Lt Bk, Finish / Color: Black","Satco® 62-1788 19"" Ceiling Lt Bk","SATCO®, 62-1788 19"" Ceiling Lt Bk, Finish / Color: Black",Finish / Color: Black,,,,,,Light Fixtures,Finish / Color,Black,,,,,,,,,,39111500,,1,EA,SATCO_62-1788.jpg,SATCO_62-1788_1.jpg,SATCO_62-1788_2.jpg,SATCO_62-1788_3.jpg,SATCO_62-1788_4.jpg,SATCO_62-1788_Specification_Sheet.pdf,No,Yes
,SHOP/4X2/840/V1,Lighting & Fans,Luminaires,Commercial & Residential Lighting,SHOP/4X2/840/V1,SHOP/4X2/840/V1,4' Feit Shop Light 4500L 40k,,Feit Electric,Feit Electric (3468),Feit Electric,Feit Electric,,SHOP/4X2/840/V1,Lighting & Fans > Luminaires > Commercial & Residential Lighting > Light Fixtures,"Feit Electric, 4' Feit Shop Light 4500L 40K, Shop/4X2/840/V1",4' FEIT SHOP LIGHT 4500L 40K,Feit Electric Shop/4X2/840/V1 4' Feit Shop Light 4500L 40K,"Feit Electric, 4' Feit Shop Light 4500L 40k, Part Number: SHOP/4X2/840/V1",Feit Electric Shop/4X2/840/V1 4' Feit Shop Light 4500L 40K,"Feit Electric, 4' Feit Shop Light 4500L 40k, Part Number: SHOP/4X2/840/V1",,,,,,,Light Fixtures,,,,,,,,,,,,39111500,,1,EA,FEITELECTRIC_SHOP/4X2/840/V1.jpg,FEITELECTRIC_SHOP/4X2/840/V1_1.jpg,FEITELECTRIC_SHOP/4X2/840/V1_2.jpg,FEITELECTRIC_SHOP/4X2/840/V1_3.jpg,FEITELECTRIC_SHOP/4X2/840/V1_4.jpg,FEITELECTRIC_SHOP/4X2/840/V1_Specification_Sheet.pdf,No,Yes
,45495BKCLR,Lighting & Fans,Luminaires,Commercial & Residential Lighting,45495BKCLR,45495BKCLR,45495BKCLR Kichler Wall Lt,,,Kichler Lighting (KICLI),Kichler Lighting LLC,KICHLER®,Kichler®,45495BKCLR,Lighting & Fans > Luminaires > Commercial & Residential Lighting > Light Fixtures,"Kichler Lighting LLC, Kichler Lighting Llc Kichler, Kichler Wall Lt, 45495Bkclr",KICHLER WALL LT,Kichler® 45495Bkclr Kichler Wall Lt,"KICHLER®, 45495BKCLR Kichler Wall Lt",Kichler® 45495Bkclr Kichler Wall Lt,"KICHLER®, 45495BKCLR Kichler Wall Lt",,,,,,,Light Fixtures,,,,,,,,,,,,39111500,,1,EA,KICHLER_45495BKCLR.jpg,KICHLER_45495BKCLR_1.jpg,KICHLER_45495BKCLR_2.jpg,KICHLER_45495BKCLR_3.jpg,KICHLER_45495BKCLR_4.jpg,KICHLER_45495BKCLR_Specification_Sheet.pdf,No,Yes
,55209NI,Lighting & Fans,Luminaires,Commercial & Residential Lighting,55209NI,55209NI,55209NI Kichler Wall Sconce,,,Kichler Lighting (KICLI),Kichler Lighting LLC,KICHLER®,Kichler®,55209NI,Lighting & Fans > Luminaires > Commercial & Residential Lighting > Light Fixtures,"Kichler Lighting LLC, Kichler Lighting Llc Kichler, Kichler Wall Sconce, 55209Ni",KICHLER WALL SCONCE,Kichler® 55209Ni Kichler Wall Sconce,"KICHLER®, 55209NI Kichler Wall Sconce",Kichler® 55209Ni Kichler Wall Sconce,"KICHLER®, 55209NI Kichler Wall Sconce",,,,,,,Light Fixtures,,,,,,,,,,,,39111500,,1,EA,KICHLER_55209NI.jpg,KICHLER_55209NI_1.jpg,KICHLER_55209NI_2.jpg,KICHLER_55209NI_3.jpg,KICHLER_55209NI_4.jpg,KICHLER_55209NI_Specification_Sheet.pdf,No,Yes
,65-1210,Industrial MRO,Hardware & Supplies,General Maintenance,65-1210,65-1210,65-1210 2' LED Wrap Lt,,,Satco Prod Inc (5573),Satco Products Inc,SATCO®,Nuvo®,65-1210,Industrial MRO > Hardware & Supplies > General Maintenance > Industrial Supplies,"Satco Products Inc Satco, 2' Led Wrap Lt, 65-1210 - Part Number: 65-1210",2' LED WRAP LT,Satco® 65-1210 2' Led Wrap Lt,"SATCO®, 65-1210 2' LED Wrap Lt",Satco® 65-1210 2' Led Wrap Lt,"SATCO®, 65-1210 2' LED Wrap Lt",,,,,,,Industrial Supplies,,,,,,,,,,,,31160000,,1,EA,SATCO_65-1210.jpg,SATCO_65-1210_1.jpg,SATCO_65-1210_2.jpg,SATCO_65-1210_3.jpg,SATCO_65-1210_4.jpg,SATCO_65-1210_Specification_Sheet.pdf,No,Yes
,65-1211,Lighting & Fans,Luminaires,Commercial & Residential Lighting,65-1211,65-1211,65-1211 4' Led Wrap Light,,,Satco Prod Inc (5573),Satco Products Inc,SATCO®,Nuvo®,65-1211,Lighting & Fans > Luminaires > Commercial & Residential Lighting > Light Fixtures,"Satco Products Inc Satco, 4' Led Wrap Light, 65-1211 - Part Number: 65-1211",4' LED WRAP LIGHT,Satco® 65-1211 4' Led Wrap Light,"SATCO®, 65-1211 4' Led Wrap Light",Satco® 65-1211 4' Led Wrap Light,"SATCO®, 65-1211 4' Led Wrap Light",,,,,,,Light Fixtures,,,,,,,,,,,,39111500,,1,EA,SATCO_65-1211.jpg,SATCO_65-1211_1.jpg,SATCO_65-1211_2.jpg,SATCO_65-1211_3.jpg,SATCO_65-1211_4.jpg,SATCO_65-1211_Specification_Sheet.pdf,No,Yes
,141465,Industrial MRO,Hardware & Supplies,General Maintenance,141465,141465,"141465 15W Flor 18"" T12 27k",,Philips,Phillips Lighting (5831),Signify North America,PHILIPS®,Philips Lighting®,141465,Industrial MRO > Hardware & Supplies > General Maintenance > Industrial Supplies,"Signify North America Philips, 15W Flor 18"" T12 27K, 141465 - Part Number: 141","15W FLOR 18"" T12 27K","Philips® 141465 15W Flor 18"" T12 27K","PHILIPS®, 141465 15W Flor 18"" T12 27k, Wattage: 15 W","Philips® 141465 15W Flor 18"" T12 27K","PHILIPS®, 141465 15W Flor 18"" T12 27k, Wattage: 15 W",Wattage: 15 W,,,,,,Industrial Supplies,Wattage,15,W,,,,,,,,,31160000,,1,EA,PHILIPS_141465.jpg,PHILIPS_141465_1.jpg,PHILIPS_141465_2.jpg,PHILIPS_141465_3.jpg,PHILIPS_141465_4.jpg,PHILIPS_141465_Specification_Sheet.pdf,No,Yes
,391227,Industrial MRO,Hardware & Supplies,General Maintenance,391227,391227,"391227 32W Led 12"" T9 30K",,Philips,Phillips Lighting (5831),Signify North America,PHILIPS®,Philips Lighting®,391227,Industrial MRO > Hardware & Supplies > General Maintenance > Industrial Supplies,"Signify North America Philips, 32W Led 12"" T9 30K, 391227 - Part Number: 39122","32W LED 12"" T9 30K","Philips® 391227 32W Led 12"" T9 30K","PHILIPS®, 391227 32W Led 12"" T9 30K, Wattage: 32 W","Philips® 391227 32W Led 12"" T9 30K","PHILIPS®, 391227 32W Led 12"" T9 30K, Wattage: 32 W",Wattage: 32 W,,,,,,Industrial Supplies,Wattage,32,W,,,,,,,,,31160000,,1,EA,PHILIPS_391227.jpg,PHILIPS_391227_1.jpg,PHILIPS_391227_2.jpg,PHILIPS_391227_3.jpg,PHILIPS_391227_4.jpg,PHILIPS_391227_Specification_Sheet.pdf,No,Yes
,392225,Industrial MRO,Hardware & Supplies,General Maintenance,392225,392225,"392225 22W Flor 8"" T9 30k",,Philips,Phillips Lighting (5831),Signify North America,PHILIPS®,Philips Lighting®,392225,Industrial MRO > Hardware & Supplies > General Maintenance > Industrial Supplies,"Signify North America Philips, 22W Flor 8"" T9 30K, 392225 - Part Number: 39222","22W FLOR 8"" T9 30K","Philips® 392225 22W Flor 8"" T9 30K","PHILIPS®, 392225 22W Flor 8"" T9 30k, Wattage: 22 W","Philips® 392225 22W Flor 8"" T9 30K","PHILIPS®, 392225 22W Flor 8"" T9 30k, Wattage: 22 W",Wattage: 22 W,,,,,,Industrial Supplies,Wattage,22,W,,,,,,,,,31160000,,1,EA,PHILIPS_392225.jpg,PHILIPS_392225_1.jpg,PHILIPS_392225_2.jpg,PHILIPS_392225_3.jpg,PHILIPS_392225_4.jpg,PHILIPS_392225_Specification_Sheet.pdf,No,Yes
,S3539,Lighting & Fans,Lamps & Bulbs,LED & Incandescent Lamps,S3539,S3539,S3539 20W Halogen Pin T4,,Satco,Satco Prod Inc (5573),Satco Products Inc,SATCO®,Nuvo®,S3539,Lighting & Fans > Lamps & Bulbs > LED & Incandescent Lamps > Light Bulbs & Lamps,"Satco Products Inc Satco, 20W Halogen Pin T4, S3539 - Part Number: S3539",20W HALOGEN PIN T4,Satco® S3539 20W Halogen Pin T4,"SATCO®, S3539 20W Halogen Pin T4, Wattage: 20 W",Satco® S3539 20W Halogen Pin T4,"SATCO®, S3539 20W Halogen Pin T4, Wattage: 20 W",Wattage: 20 W,,,,,,Light Bulbs & Lamps,Wattage,20,W,,,,,,,,,39101600,,1,EA,SATCO_S3539.jpg,SATCO_S3539_1.jpg,SATCO_S3539_2.jpg,SATCO_S3539_3.jpg,SATCO_S3539_4.jpg,SATCO_S3539_Specification_Sheet.pdf,No,Yes
,S3496,Lighting & Fans,Lamps & Bulbs,LED & Incandescent Lamps,S3496,S3496,S3496 300W Halogen T3 Bulb,,Satco,Satco Prod Inc (5573),Satco Products Inc,SATCO®,Nuvo®,S3496,Lighting & Fans > Lamps & Bulbs > LED & Incandescent Lamps > Light Bulbs & Lamps,"Satco Products Inc Satco, 300W Halogen T3 Bulb, S3496 - Part Number: S3496",300W HALOGEN T3 BULB,Satco® S3496 300W Halogen T3 Bulb,"SATCO®, S3496 300W Halogen T3 Bulb, Wattage: 300 W",Satco® S3496 300W Halogen T3 Bulb,"SATCO®, S3496 300W Halogen T3 Bulb, Wattage: 300 W",Wattage: 300 W,,,,,,Light Bulbs & Lamps,Wattage,300,W,,,,,,,,,39101600,,1,EA,SATCO_S3496.jpg,SATCO_S3496_1.jpg,SATCO_S3496_2.jpg,SATCO_S3496_3.jpg,SATCO_S3496_4.jpg,SATCO_S3496_Specification_Sheet.pdf,No,Yes
,467316,Lighting & Fans,Lamps & Bulbs,LED & Incandescent Lamps,467316,467316,467316 150W Sodium Med 21k,,Philips,Phillips Lighting (5831),Signify North America,PHILIPS®,Philips Lighting®,467316,Lighting & Fans > Lamps & Bulbs > LED & Incandescent Lamps > Light Bulbs & Lamps,"Signify North America Philips, 150W Sodium Med 21K, 467316 - Part Number: 4673",150W SODIUM MED 21K,Philips® 467316 150W Sodium Med 21K,"PHILIPS®, 467316 150W Sodium Med 21k, Wattage: 150 W",Philips® 467316 150W Sodium Med 21K,"PHILIPS®, 467316 150W Sodium Med 21k, Wattage: 150 W",Wattage: 150 W,,,,,,Light Bulbs & Lamps,Wattage,150,W,,,,,,,,,39101600,,1,EA,PHILIPS_467316.jpg,PHILIPS_467316_1.jpg,PHILIPS_467316_2.jpg,PHILIPS_467316_3.jpg,PHILIPS_467316_4.jpg,PHILIPS_467316_Specification_Sheet.pdf,No,Yes
,S3709,Lighting & Fans,Lamps & Bulbs,LED & Incandescent Lamps,S3709,S3709,S3709 25W Incan 27K,,Satco,Satco Prod Inc (5573),Satco Products Inc,SATCO®,Nuvo®,S3709,Lighting & Fans > Lamps & Bulbs > LED & Incandescent Lamps > Light Bulbs & Lamps,"Satco Products Inc Satco, 25W Incan 27K, S3709 - Part Number: S3709",25W INCAN 27K,Satco® S3709 25W Incan 27K,"SATCO®, S3709 25W Incan 27K, Wattage: 25 W",Satco® S3709 25W Incan 27K,"SATCO®, S3709 25W Incan 27K, Wattage: 25 W",Wattage: 25 W,,,,,,Light Bulbs & Lamps,Wattage,25,W,,,,,,,,,39101600,,1,EA,SATCO_S3709.jpg,SATCO_S3709_1.jpg,SATCO_S3709_2.jpg,SATCO_S3709_3.jpg,SATCO_S3709_4.jpg,SATCO_S3709_Specification_Sheet.pdf,No,Yes
,S4720,Lighting & Fans,Lamps & Bulbs,LED & Incandescent Lamps,S4720,S4720,S4720 25W Incan 27K,,Satco,Satco Prod Inc (5573),Satco Products Inc,SATCO®,Nuvo®,S4720,Lighting & Fans > Lamps & Bulbs > LED & Incandescent Lamps > Light Bulbs & Lamps,"Satco Products Inc Satco, 25W Incan 27K, S4720 - Part Number: S4720",25W INCAN 27K,Satco® S4720 25W Incan 27K,"SATCO®, S4720 25W Incan 27K, Wattage: 25 W",Satco® S4720 25W Incan 27K,"SATCO®, S4720 25W Incan 27K, Wattage: 25 W",Wattage: 25 W,,,,,,Light Bulbs & Lamps,Wattage,25,W,,,,,,,,,39101600,,1,EA,SATCO_S4720.jpg,SATCO_S4720_1.jpg,SATCO_S4720_2.jpg,SATCO_S4720_3.jpg,SATCO_S4720_4.jpg,SATCO_S4720_Specification_Sheet.pdf,No,Yes
,S3720,Lighting & Fans,Lamps & Bulbs,LED & Incandescent Lamps,S3720,S3720,S3720 40w Inc A15 Med 26k,,Satco,Satco Prod Inc (5573),Satco Products Inc,SATCO®,Nuvo®,S3720,Lighting & Fans > Lamps & Bulbs > LED & Incandescent Lamps > Light Bulbs & Lamps,"Satco Products Inc Satco, 40W Inc A15 Med 26K, S3720 - Part Number: S3720",40W INC A15 MED 26K,Satco® S3720 40W Inc A15 Med 26K,"SATCO®, S3720 40w Inc A15 Med 26k, Wattage: 40 W",Satco® S3720 40W Inc A15 Med 26K,"SATCO®, S3720 40w Inc A15 Med 26k, Wattage: 40 W",Wattage: 40 W,,,,,,Light Bulbs & Lamps,Wattage,40,W,,,,,,,,,39101600,,1,EA,SATCO_S3720.jpg,SATCO_S3720_1.jpg,SATCO_S3720_2.jpg,SATCO_S3720_3.jpg,SATCO_S3720_4.jpg,SATCO_S3720_Specification_Sheet.pdf,No,Yes
,S3702,Lighting & Fans,Lamps & Bulbs,LED & Incandescent Lamps,S3702,S3702,S3702 40W Incan Med 27K,,Satco,Satco Prod Inc (5573),Satco Products Inc,SATCO®,Nuvo®,S3702,Lighting & Fans > Lamps & Bulbs > LED & Incandescent Lamps > Light Bulbs & Lamps,"Satco Products Inc Satco, 40W Incan Med 27K, S3702 - Part Number: S3702",40W INCAN MED 27K,Satco® S3702 40W Incan Med 27K,"SATCO®, S3702 40W Incan Med 27K, Wattage: 40 W",Satco® S3702 40W Incan Med 27K,"SATCO®, S3702 40W Incan Med 27K, Wattage: 40 W",Wattage: 40 W,,,,,,Light Bulbs & Lamps,Wattage,40,W,,,,,,,,,39101600,,1,EA,SATCO_S3702.jpg,SATCO_S3702_1.jpg,SATCO_S3702_2.jpg,SATCO_S3702_3.jpg,SATCO_S3702_4.jpg,SATCO_S3702_Specification_Sheet.pdf,No,Yes
,S3703,Lighting & Fans,Lamps & Bulbs,LED & Incandescent Lamps,S3703,S3703,S3703 40W Incan Med 27K,,Satco,Satco Prod Inc (5573),Satco Products Inc,SATCO®,Nuvo®,S3703,Lighting & Fans > Lamps & Bulbs > LED & Incandescent Lamps > Light Bulbs & Lamps,"Satco Products Inc Satco, 40W Incan Med 27K, S3703 - Part Number: S3703",40W INCAN MED 27K,Satco® S3703 40W Incan Med 27K,"SATCO®, S3703 40W Incan Med 27K, Wattage: 40 W",Satco® S3703 40W Incan Med 27K,"SATCO®, S3703 40W Incan Med 27K, Wattage: 40 W",Wattage: 40 W,,,,,,Light Bulbs & Lamps,Wattage,40,W,,,,,,,,,39101600,,1,EA,SATCO_S3703.jpg,SATCO_S3703_1.jpg,SATCO_S3703_2.jpg,SATCO_S3703_3.jpg,SATCO_S3703_4.jpg,SATCO_S3703_Specification_Sheet.pdf,No,Yes
,S3797,Lighting & Fans,Lamps & Bulbs,LED & Incandescent Lamps,S3797,S3797,S3797 4W Incan Cand 27K 2pk,,Satco,Satco Prod Inc (5573),Satco Products Inc,SATCO®,Nuvo®,S3797,Lighting & Fans > Lamps & Bulbs > LED & Incandescent Lamps > Light Bulbs & Lamps,"Satco Products Inc Satco, 4W Incan Cand 27K 2Pk, S3797 - Part Number: S3797",4W INCAN CAND 27K 2PK,Satco® S3797 4W Incan Cand 27K 2Pk,"SATCO®, S3797 4W Incan Cand 27K 2pk, Package Quantity: 2 pk, Wattage: 4 W",Satco® S3797 4W Incan Cand 27K 2Pk,"SATCO®, S3797 4W Incan Cand 27K 2pk, Package Quantity: 2 pk, Wattage: 4 W",Package Quantity: 2 pk,Wattage: 4 W,,,,,Light Bulbs & Lamps,Package Quantity,2,pk,Wattage,4,W,,,,,,39101600,,1,EA,SATCO_S3797.jpg,SATCO_S3797_1.jpg,SATCO_S3797_2.jpg,SATCO_S3797_3.jpg,SATCO_S3797_4.jpg,SATCO_S3797_Specification_Sheet.pdf,No,Yes
,S4724,Lighting & Fans,Lamps & Bulbs,LED & Incandescent Lamps,S4724,S4724,S4724 4W Incan Cand 27K 4pk,,Satco,Satco Prod Inc (5573),Satco Products Inc,SATCO®,Nuvo®,S4724,Lighting & Fans > Lamps & Bulbs > LED & Incandescent Lamps > Light Bulbs & Lamps,"Satco Products Inc Satco, 4W Incan Cand 27K 4Pk, S4724 - Part Number: S4724",4W INCAN CAND 27K 4PK,Satco® S4724 4W Incan Cand 27K 4Pk,"SATCO®, S4724 4W Incan Cand 27K 4pk, Package Quantity: 4 pk, Wattage: 4 W",Satco® S4724 4W Incan Cand 27K 4Pk,"SATCO®, S4724 4W Incan Cand 27K 4pk, Package Quantity: 4 pk, Wattage: 4 W",Package Quantity: 4 pk,Wattage: 4 W,,,,,Light Bulbs & Lamps,Package Quantity,4,pk,Wattage,4,W,,,,,,39101600,,1,EA,SATCO_S4724.jpg,SATCO_S4724_1.jpg,SATCO_S4724_2.jpg,SATCO_S4724_3.jpg,SATCO_S4724_4.jpg,SATCO_S4724_Specification_Sheet.pdf,No,Yes
,S4717,Lighting & Fans,Lamps & Bulbs,LED & Incandescent Lamps,S4717,S4717,S4717 6W Incan Cand 27k 2pk,,Satco,Satco Prod Inc (5573),Satco Products Inc,SATCO®,Nuvo®,S4717,Lighting & Fans > Lamps & Bulbs > LED & Incandescent Lamps > Light Bulbs & Lamps,"Satco Products Inc Satco, 6W Incan Cand 27K 2Pk, S4717 - Part Number: S4717",6W INCAN CAND 27K 2PK,Satco® S4717 6W Incan Cand 27K 2Pk,"SATCO®, S4717 6W Incan Cand 27k 2pk, Package Quantity: 2 pk, Wattage: 6 W",Satco® S4717 6W Incan Cand 27K 2Pk,"SATCO®, S4717 6W Incan Cand 27k 2pk, Package Quantity: 2 pk, Wattage: 6 W",Package Quantity: 2 pk,Wattage: 6 W,,,,,Light Bulbs & Lamps,Package Quantity,2,pk,Wattage,6,W,,,,,,39101600,,1,EA,SATCO_S4717.jpg,SATCO_S4717_1.jpg,SATCO_S4717_2.jpg,SATCO_S4717_3.jpg,SATCO_S4717_4.jpg,SATCO_S4717_Specification_Sheet.pdf,No,Yes
,S3794,Lighting & Fans,Lamps & Bulbs,LED & Incandescent Lamps,S3794,S3794,S3794 7W Incan Med 27K,,Satco,Satco Prod Inc (5573),Satco Products Inc,SATCO®,Nuvo®,S3794,Lighting & Fans > Lamps & Bulbs > LED & Incandescent Lamps > Light Bulbs & Lamps,"Satco Products Inc Satco, 7W Incan Med 27K, S3794 - Part Number: S3794",7W INCAN MED 27K,Satco® S3794 7W Incan Med 27K,"SATCO®, S3794 7W Incan Med 27K, Wattage: 7 W",Satco® S3794 7W Incan Med 27K,"SATCO®, S3794 7W Incan Med 27K, Wattage: 7 W",Wattage: 7 W,,,,,,Light Bulbs & Lamps,Wattage,7,W,,,,,,,,,39101600,,1,EA,SATCO_S3794.jpg,SATCO_S3794_1.jpg,SATCO_S3794_2.jpg,SATCO_S3794_3.jpg,SATCO_S3794_4.jpg,SATCO_S3794_Specification_Sheet.pdf,No,Yes
,S3795,Lighting & Fans,Lamps & Bulbs,LED & Incandescent Lamps,S3795,S3795,S3795 7W Incan Med 27K,,Satco,Satco Prod Inc (5573),Satco Products Inc,SATCO®,Nuvo®,S3795,Lighting & Fans > Lamps & Bulbs > LED & Incandescent Lamps > Light Bulbs & Lamps,"Satco Products Inc Satco, 7W Incan Med 27K, S3795 - Part Number: S3795",7W INCAN MED 27K,Satco® S3795 7W Incan Med 27K,"SATCO®, S3795 7W Incan Med 27K, Wattage: 7 W",Satco® S3795 7W Incan Med 27K,"SATCO®, S3795 7W Incan Med 27K, Wattage: 7 W",Wattage: 7 W,,,,,,Light Bulbs & Lamps,Wattage,7,W,,,,,,,,,39101600,,1,EA,SATCO_S3795.jpg,SATCO_S3795_1.jpg,SATCO_S3795_2.jpg,SATCO_S3795_3.jpg,SATCO_S3795_4.jpg,SATCO_S3795_Specification_Sheet.pdf,No,Yes
,S4726,Lighting & Fans,Lamps & Bulbs,LED & Incandescent Lamps,S4726,S4726,S4726 7W Incan Cand 27K 4pk,,Satco,Satco Prod Inc (5573),Satco Products Inc,SATCO®,Nuvo®,S4726,Lighting & Fans > Lamps & Bulbs > LED & Incandescent Lamps > Light Bulbs & Lamps,"Satco Products Inc Satco, 7W Incan Cand 27K 4Pk, S4726 - Part Number: S4726",7W INCAN CAND 27K 4PK,Satco® S4726 7W Incan Cand 27K 4Pk,"SATCO®, S4726 7W Incan Cand 27K 4pk, Package Quantity: 4 pk, Wattage: 7 W",Satco® S4726 7W Incan Cand 27K 4Pk,"SATCO®, S4726 7W Incan Cand 27K 4pk, Package Quantity: 4 pk, Wattage: 7 W",Package Quantity: 4 pk,Wattage: 7 W,,,,,Light Bulbs & Lamps,Package Quantity,4,pk,Wattage,7,W,,,,,,39101600,,1,EA,SATCO_S4726.jpg,SATCO_S4726_1.jpg,SATCO_S4726_2.jpg,SATCO_S4726_3.jpg,SATCO_S4726_4.jpg,SATCO_S4726_Specification_Sheet.pdf,No,Yes
,S11429,Lighting & Fans,Lamps & Bulbs,LED & Incandescent Lamps,S11429,S11429,S11429 60W Led Bulb 27K,,Satco,Satco Prod Inc (5573),Satco Products Inc,SATCO®,Nuvo®,S11429,Lighting & Fans > Lamps & Bulbs > LED & Incandescent Lamps > Light Bulbs & Lamps,"Satco Products Inc Satco, 60W Led Bulb 27K, S11429 - Part Number: S11429",60W LED BULB 27K,Satco® S11429 60W Led Bulb 27K,"SATCO®, S11429 60W Led Bulb 27K, Wattage: 60 W",Satco® S11429 60W Led Bulb 27K,"SATCO®, S11429 60W Led Bulb 27K, Wattage: 60 W",Wattage: 60 W,,,,,,Light Bulbs & Lamps,Wattage,60,W,,,,,,,,,39101600,,1,EA,SATCO_S11429.jpg,SATCO_S11429_1.jpg,SATCO_S11429_2.jpg,SATCO_S11429_3.jpg,SATCO_S11429_4.jpg,SATCO_S11429_Specification_Sheet.pdf,No,Yes
,S21354,Industrial MRO,Hardware & Supplies,General Maintenance,S21354,S21354,S21354 8W Led T9 Med 27k,,,Satco Prod Inc (5573),Satco Products Inc,SATCO®,Nuvo®,S21354,Industrial MRO > Hardware & Supplies > General Maintenance > Industrial Supplies,"Satco Products Inc Satco, 8W Led T9 Med 27K, S21354 - Part Number: S21354",8W LED T9 MED 27K,Satco® S21354 8W Led T9 Med 27K,"SATCO®, S21354 8W Led T9 Med 27k, Wattage: 8 W",Satco® S21354 8W Led T9 Med 27K,"SATCO®, S21354 8W Led T9 Med 27k, Wattage: 8 W",Wattage: 8 W,,,,,,Industrial Supplies,Wattage,8,W,,,,,,,,,31160000,,1,EA,SATCO_S21354.jpg,SATCO_S21354_1.jpg,SATCO_S21354_2.jpg,SATCO_S21354_3.jpg,SATCO_S21354_4.jpg,SATCO_S21354_Specification_Sheet.pdf,No,Yes
,S21363,Lighting & Fans,Lamps & Bulbs,LED & Incandescent Lamps,S21363,S21363,S21363 8W Led Edison ST19 27K,,,Satco Prod Inc (5573),Satco Products Inc,SATCO®,Nuvo®,S21363,Lighting & Fans > Lamps & Bulbs > LED & Incandescent Lamps > Light Bulbs & Lamps,"Satco Products Inc Satco, 8W Led Edison St19 27K, S21363 - Part Number: S21363",8W LED EDISON ST19 27K,Satco® S21363 8W Led Edison St19 27K,"SATCO®, S21363 8W Led Edison ST19 27K, Wattage: 8 W",Satco® S21363 8W Led Edison St19 27K,"SATCO®, S21363 8W Led Edison ST19 27K, Wattage: 8 W",Wattage: 8 W,,,,,,Light Bulbs & Lamps,Wattage,8,W,,,,,,,,,39101600,,1,EA,SATCO_S21363.jpg,SATCO_S21363_1.jpg,SATCO_S21363_2.jpg,SATCO_S21363_3.jpg,SATCO_S21363_4.jpg,SATCO_S21363_Specification_Sheet.pdf,No,Yes
,S11445,Industrial MRO,Hardware & Supplies,General Maintenance,S11445,S11445,S11445 12W Led Med 30k Motion,,,Satco Prod Inc (5573),Satco Products Inc,SATCO®,Nuvo®,S11445,Industrial MRO > Hardware & Supplies > General Maintenance > Industrial Supplies,"Satco Products Inc Satco, 12W Led Med 30K Motion, S11445 - Part Number: S11445",12W LED MED 30K MOTION,Satco® S11445 12W Led Med 30K Motion,"SATCO®, S11445 12W Led Med 30k Motion, Wattage: 12 W",Satco® S11445 12W Led Med 30K Motion,"SATCO®, S11445 12W Led Med 30k Motion, Wattage: 12 W",Wattage: 12 W,,,,,,Industrial Supplies,Wattage,12,W,,,,,,,,,31160000,,1,EA,SATCO_S11445.jpg,SATCO_S11445_1.jpg,SATCO_S11445_2.jpg,SATCO_S11445_3.jpg,SATCO_S11445_4.jpg,SATCO_S11445_Specification_Sheet.pdf,No,Yes
,567313,Lighting & Fans,Lamps & Bulbs,LED & Incandescent Lamps,567313,567313,567313 50W Led MR16 30K 3pk,,Philips,Phillips Lighting (5831),Signify North America,PHILIPS®,Philips Lighting®,567313,Lighting & Fans > Lamps & Bulbs > LED & Incandescent Lamps > Light Bulbs & Lamps,"Signify North America Philips, 50W Led Mr16 30K 3Pk, 567313 - Part Number: 567",50W LED MR16 30K 3PK,Philips® 567313 50W Led Mr16 30K 3Pk,"PHILIPS®, 567313 50W Led MR16 30K 3pk, Package Quantity: 3 pk, Wattage: 50 W",Philips® 567313 50W Led Mr16 30K 3Pk,"PHILIPS®, 567313 50W Led MR16 30K 3pk, Package Quantity: 3 pk, Wattage: 50 W",Package Quantity: 3 pk,Wattage: 50 W,,,,,Light Bulbs & Lamps,Package Quantity,3,pk,Wattage,50,W,,,,,,39101600,,1,EA,PHILIPS_567313.jpg,PHILIPS_567313_1.jpg,PHILIPS_567313_2.jpg,PHILIPS_567313_3.jpg,PHILIPS_567313_4.jpg,PHILIPS_567313_Specification_Sheet.pdf,No,Yes
,586875,Industrial MRO,Hardware & Supplies,General Maintenance,586875,586875,586875 60W Led Multi CCT 4pk,,Philips,Phillips Lighting (5831),Signify North America,PHILIPS®,Philips Lighting®,586875,Industrial MRO > Hardware & Supplies > General Maintenance > Industrial Supplies,"Signify North America Philips, 60W Led Multi Cct 4Pk, 586875",60W LED MULTI CCT 4PK,Philips® 586875 60W Led Multi Cct 4Pk,"PHILIPS®, 586875 60W Led Multi CCT 4pk, Package Quantity: 4 pk, Wattage: 60 W",Philips® 586875 60W Led Multi Cct 4Pk,"PHILIPS®, 586875 60W Led Multi CCT 4pk, Package Quantity: 4 pk, Wattage: 60 W",Package Quantity: 4 pk,Wattage: 60 W,,,,,Industrial Supplies,Package Quantity,4,pk,Wattage,60,W,,,,,,31160000,,1,EA,PHILIPS_586875.jpg,PHILIPS_586875_1.jpg,PHILIPS_586875_2.jpg,PHILIPS_586875_3.jpg,PHILIPS_586875_4.jpg,PHILIPS_586875_Specification_Sheet.pdf,No,Yes
,576355,Industrial MRO,Hardware & Supplies,General Maintenance,576355,576355,576355 60/100/150 Led Med 50k,,Philips,Phillips Lighting (5831),Signify North America,PHILIPS®,Philips Lighting®,576355,Industrial MRO > Hardware & Supplies > General Maintenance > Industrial Supplies,"Signify North America Philips, 60/100/150 Led Med 50K, 576355",60/100/150 LED MED 50K,Philips® 576355 60/100/150 Led Med 50K,"PHILIPS®, 576355 60/100/150 Led Med 50k",Philips® 576355 60/100/150 Led Med 50K,"PHILIPS®, 576355 60/100/150 Led Med 50k",,,,,,,Industrial Supplies,,,,,,,,,,,,31160000,,1,EA,PHILIPS_576355.jpg,PHILIPS_576355_1.jpg,PHILIPS_576355_2.jpg,PHILIPS_576355_3.jpg,PHILIPS_576355_4.jpg,PHILIPS_576355_Specification_Sheet.pdf,No,Yes
,576363,Industrial MRO,Hardware & Supplies,General Maintenance,576363,576363,576363 100/150/200 Led Med 27k,,Philips,Phillips Lighting (5831),Signify North America,PHILIPS®,Philips Lighting®,576363,Industrial MRO > Hardware & Supplies > General Maintenance > Industrial Supplies,"Signify North America Philips, 100/150/200 Led Med 27K, 576363",100/150/200 LED MED 27K,Philips® 576363 100/150/200 Led Med 27K,"PHILIPS®, 576363 100/150/200 Led Med 27k",Philips® 576363 100/150/200 Led Med 27K,"PHILIPS®, 576363 100/150/200 Led Med 27k",,,,,,,Industrial Supplies,,,,,,,,,,,,31160000,,1,EA,PHILIPS_576363.jpg,PHILIPS_576363_1.jpg,PHILIPS_576363_2.jpg,PHILIPS_576363_3.jpg,PHILIPS_576363_4.jpg,PHILIPS_576363_Specification_Sheet.pdf,No,Yes
,565374,Lighting & Fans,Lamps & Bulbs,LED & Incandescent Lamps,565374,565374,565374 75W Led A19 Med 27k 4pk,,Philips,Phillips Lighting (5831),Signify North America,PHILIPS®,Philips Lighting®,565374,Lighting & Fans > Lamps & Bulbs > LED & Incandescent Lamps > Light Bulbs & Lamps,"Signify North America Philips, 75W Led A19 Med 27K 4Pk, 565374",75W LED A19 MED 27K 4PK,Philips® 565374 75W Led A19 Med 27K 4Pk,"PHILIPS®, 565374 75W Led A19 Med 27k 4pk, Package Quantity: 4 pk, Wattage: 75 W",Philips® 565374 75W Led A19 Med 27K 4Pk,"PHILIPS®, 565374 75W Led A19 Med 27k 4pk, Package Quantity: 4 pk, Wattage: 75 W",Package Quantity: 4 pk,Wattage: 75 W,,,,,Light Bulbs & Lamps,Package Quantity,4,pk,Wattage,75,W,,,,,,39101600,,1,EA,PHILIPS_565374.jpg,PHILIPS_565374_1.jpg,PHILIPS_565374_2.jpg,PHILIPS_565374_3.jpg,PHILIPS_565374_4.jpg,PHILIPS_565374_Specification_Sheet.pdf,No,Yes
,565390,Lighting & Fans,Lamps & Bulbs,LED & Incandescent Lamps,565390,565390,565390 75W Led A19 Med 50k 4pk,,Philips,Phillips Lighting (5831),Signify North America,PHILIPS®,Philips Lighting®,565390,Lighting & Fans > Lamps & Bulbs > LED & Incandescent Lamps > Light Bulbs & Lamps,"Signify North America Philips, 75W Led A19 Med 50K 4Pk, 565390",75W LED A19 MED 50K 4PK,Philips® 565390 75W Led A19 Med 50K 4Pk,"PHILIPS®, 565390 75W Led A19 Med 50k 4pk, Package Quantity: 4 pk, Wattage: 75 W",Philips® 565390 75W Led A19 Med 50K 4Pk,"PHILIPS®, 565390 75W Led A19 Med 50k 4pk, Package Quantity: 4 pk, Wattage: 75 W",Package Quantity: 4 pk,Wattage: 75 W,,,,,Light Bulbs & Lamps,Package Quantity,4,pk,Wattage,75,W,,,,,,39101600,,1,EA,PHILIPS_565390.jpg,PHILIPS_565390_1.jpg,PHILIPS_565390_2.jpg,PHILIPS_565390_3.jpg,PHILIPS_565390_4.jpg,PHILIPS_565390_Specification_Sheet.pdf,No,Yes
,576371,Industrial MRO,Hardware & Supplies,General Maintenance,576371,576371,576371 100/150/200 Led Med 50k,,Philips,Phillips Lighting (5831),Signify North America,PHILIPS®,Philips Lighting®,576371,Industrial MRO > Hardware & Supplies > General Maintenance > Industrial Supplies,"Signify North America Philips, 100/150/200 Led Med 50K, 576371",100/150/200 LED MED 50K,Philips® 576371 100/150/200 Led Med 50K,"PHILIPS®, 576371 100/150/200 Led Med 50k",Philips® 576371 100/150/200 Led Med 50K,"PHILIPS®, 576371 100/150/200 Led Med 50k",,,,,,,Industrial Supplies,,,,,,,,,,,,31160000,,1,EA,PHILIPS_576371.jpg,PHILIPS_576371_1.jpg,PHILIPS_576371_2.jpg,PHILIPS_576371_3.jpg,PHILIPS_576371_4.jpg,PHILIPS_576371_Specification_Sheet.pdf,No,Yes
,576496,Industrial MRO,Hardware & Supplies,General Maintenance,576496,576496,576496 45W Led R20 Med 27k,,Philips,Phillips Lighting (5831),Signify North America,PHILIPS®,Philips Lighting®,576496,Industrial MRO > Hardware & Supplies > General Maintenance > Industrial Supplies,"Signify North America Philips, 45W Led R20 Med 27K, 576496 - Part Number: 5764",45W LED R20 MED 27K,Philips® 576496 45W Led R20 Med 27K,"PHILIPS®, 576496 45W Led R20 Med 27k, Wattage: 45 W",Philips® 576496 45W Led R20 Med 27K,"PHILIPS®, 576496 45W Led R20 Med 27k, Wattage: 45 W",Wattage: 45 W,,,,,,Industrial Supplies,Wattage,45,W,,,,,,,,,31160000,,1,EA,PHILIPS_576496.jpg,PHILIPS_576496_1.jpg,PHILIPS_576496_2.jpg,PHILIPS_576496_3.jpg,PHILIPS_576496_4.jpg,PHILIPS_576496_Specification_Sheet.pdf,No,Yes
,564856,Lighting & Fans,Lamps & Bulbs,LED & Incandescent Lamps,564856,564856,564856 40W Led ST19 27k 2pk,,Philips,Phillips Lighting (5831),Signify North America,PHILIPS®,Philips Lighting®,564856,Lighting & Fans > Lamps & Bulbs > LED & Incandescent Lamps > Light Bulbs & Lamps,"Signify North America Philips, 40W Led St19 27K 2Pk, 564856 - Part Number: 564",40W LED ST19 27K 2PK,Philips® 564856 40W Led St19 27K 2Pk,"PHILIPS®, 564856 40W Led ST19 27k 2pk, Package Quantity: 2 pk, Wattage: 40 W",Philips® 564856 40W Led St19 27K 2Pk,"PHILIPS®, 564856 40W Led ST19 27k 2pk, Package Quantity: 2 pk, Wattage: 40 W",Package Quantity: 2 pk,Wattage: 40 W,,,,,Light Bulbs & Lamps,Package Quantity,2,pk,Wattage,40,W,,,,,,39101600,,1,EA,PHILIPS_564856.jpg,PHILIPS_564856_1.jpg,PHILIPS_564856_2.jpg,PHILIPS_564856_3.jpg,PHILIPS_564856_4.jpg,PHILIPS_564856_Specification_Sheet.pdf,No,Yes
,565796,Lighting & Fans,Lamps & Bulbs,LED & Incandescent Lamps,565796,565796,565796 60W Led A19 Med 20k,,Philips,Phillips Lighting (5831),Signify North America,PHILIPS®,Philips Lighting®,565796,Lighting & Fans > Lamps & Bulbs > LED & Incandescent Lamps > Light Bulbs & Lamps,"Signify North America Philips, 60W Led A19 Med 20K, 565796 - Part Number: 5657",60W LED A19 MED 20K,Philips® 565796 60W Led A19 Med 20K,"PHILIPS®, 565796 60W Led A19 Med 20k, Wattage: 60 W",Philips® 565796 60W Led A19 Med 20K,"PHILIPS®, 565796 60W Led A19 Med 20k, Wattage: 60 W",Wattage: 60 W,,,,,,Light Bulbs & Lamps,Wattage,60,W,,,,,,,,,39101600,,1,EA,PHILIPS_565796.jpg,PHILIPS_565796_1.jpg,PHILIPS_565796_2.jpg,PHILIPS_565796_3.jpg,PHILIPS_565796_4.jpg,PHILIPS_565796_Specification_Sheet.pdf,No,Yes
,576389,Industrial MRO,Hardware & Supplies,General Maintenance,576389,576389,576389 100/200/300 Led Med 27k,,Philips,Phillips Lighting (5831),Signify North America,PHILIPS®,Philips Lighting®,576389,Industrial MRO > Hardware & Supplies > General Maintenance > Industrial Supplies,"Signify North America Philips, 100/200/300 Led Med 27K, 576389",100/200/300 LED MED 27K,Philips® 576389 100/200/300 Led Med 27K,"PHILIPS®, 576389 100/200/300 Led Med 27k",Philips® 576389 100/200/300 Led Med 27K,"PHILIPS®, 576389 100/200/300 Led Med 27k",,,,,,,Industrial Supplies,,,,,,,,,,,,31160000,,1,EA,PHILIPS_576389.jpg,PHILIPS_576389_1.jpg,PHILIPS_576389_2.jpg,PHILIPS_576389_3.jpg,PHILIPS_576389_4.jpg,PHILIPS_576389_Specification_Sheet.pdf,No,Yes
,564492,Industrial MRO,Hardware & Supplies,General Maintenance,564492,564492,564492 75W Adj Base 27k 3pk,,Philips,Phillips Lighting (5831),Signify North America,PHILIPS®,Philips Lighting®,564492,Industrial MRO > Hardware & Supplies > General Maintenance > Industrial Supplies,"Signify North America Philips, 75W Adj Base 27K 3Pk, 564492 - Part Number: 564",75W ADJ BASE 27K 3PK,Philips® 564492 75W Adj Base 27K 3Pk,"PHILIPS®, 564492 75W Adj Base 27k 3pk, Package Quantity: 3 pk, Wattage: 75 W",Philips® 564492 75W Adj Base 27K 3Pk,"PHILIPS®, 564492 75W Adj Base 27k 3pk, Package Quantity: 3 pk, Wattage: 75 W",Package Quantity: 3 pk,Wattage: 75 W,,,,,Industrial Supplies,Package Quantity,3,pk,Wattage,75,W,,,,,,31160000,,1,EA,PHILIPS_564492.jpg,PHILIPS_564492_1.jpg,PHILIPS_564492_2.jpg,PHILIPS_564492_3.jpg,PHILIPS_564492_4.jpg,PHILIPS_564492_Specification_Sheet.pdf,No,Yes
,603449,Industrial MRO,Hardware & Supplies,General Maintenance,603449,603449,603449 Wiz 60W Led Med Clr Ch,,Wiz,Phillips Lighting (5831),Signify North America,PHILIPS®,Philips Lighting®,603449,Industrial MRO > Hardware & Supplies > General Maintenance > Industrial Supplies,"Signify North America Philips, Wiz 60W Led Med Clr Ch, 603449",WIZ 60W LED MED CLR CH,Philips® 603449 Wiz 60W Led Med Clr Ch,"PHILIPS®, 603449 Wiz 60W Led Med Clr Ch, Wattage: 60 W, Finish / Color: Charcoal",Philips® 603449 Wiz 60W Led Med Clr Ch,"PHILIPS®, 603449 Wiz 60W Led Med Clr Ch, Wattage: 60 W, Finish / Color: Charcoal",Wattage: 60 W,Finish / Color: Charcoal,,,,,Industrial Supplies,Wattage,60,W,Finish / Color,Charcoal,,,,,,,31160000,,1,EA,PHILIPS_603449.jpg,PHILIPS_603449_1.jpg,PHILIPS_603449_2.jpg,PHILIPS_603449_3.jpg,PHILIPS_603449_4.jpg,PHILIPS_603449_Specification_Sheet.pdf,No,Yes
,586909,Lighting & Fans,Lamps & Bulbs,LED & Incandescent Lamps,586909,586909,586909 Led 60W Med A19 27K,,Philips,Phillips Lighting (5831),Signify North America,PHILIPS®,Philips Lighting®,586909,Lighting & Fans > Lamps & Bulbs > LED & Incandescent Lamps > Light Bulbs & Lamps,"Signify North America Philips, Led 60W Med A19 27K, 586909 - Part Number: 5869",LED 60W MED A19 27K,Philips® 586909 Led 60W Med A19 27K,"PHILIPS®, 586909 Led 60W Med A19 27K, Wattage: 60 W",Philips® 586909 Led 60W Med A19 27K,"PHILIPS®, 586909 Led 60W Med A19 27K, Wattage: 60 W",Wattage: 60 W,,,,,,Light Bulbs & Lamps,Wattage,60,W,,,,,,,,,39101600,,1,EA,PHILIPS_586909.jpg,PHILIPS_586909_1.jpg,PHILIPS_586909_2.jpg,PHILIPS_586909_3.jpg,PHILIPS_586909_4.jpg,PHILIPS_586909_Specification_Sheet.pdf,No,Yes
,566364,Lighting & Fans,Lamps & Bulbs,LED & Incandescent Lamps,566364,566364,566364 75W Led ST19 27k 4pk,,Philips,Phillips Lighting (5831),Signify North America,PHILIPS®,Philips Lighting®,566364,Lighting & Fans > Lamps & Bulbs > LED & Incandescent Lamps > Light Bulbs & Lamps,"Signify North America Philips, 75W Led St19 27K 4Pk, 566364 - Part Number: 566",75W LED ST19 27K 4PK,Philips® 566364 75W Led St19 27K 4Pk,"PHILIPS®, 566364 75W Led ST19 27k 4pk, Package Quantity: 4 pk, Wattage: 75 W",Philips® 566364 75W Led St19 27K 4Pk,"PHILIPS®, 566364 75W Led ST19 27k 4pk, Package Quantity: 4 pk, Wattage: 75 W",Package Quantity: 4 pk,Wattage: 75 W,,,,,Light Bulbs & Lamps,Package Quantity,4,pk,Wattage,75,W,,,,,,39101600,,1,EA,PHILIPS_566364.jpg,PHILIPS_566364_1.jpg,PHILIPS_566364_2.jpg,PHILIPS_566364_3.jpg,PHILIPS_566364_4.jpg,PHILIPS_566364_Specification_Sheet.pdf,No,Yes
,576397,Lighting & Fans,Lamps & Bulbs,LED & Incandescent Lamps,576397,576397,576394 100/200/300 Led A23 50k,,Philips,Phillips Lighting (5831),Signify North America,PHILIPS®,Philips Lighting®,576397,Lighting & Fans > Lamps & Bulbs > LED & Incandescent Lamps > Light Bulbs & Lamps,"Signify North America Philips, 576394 100/200/300 Led A23 50K, 576397",576394 100/200/300 LED A23 50K,Philips® 576397 576394 100/200/300 Led A23 50K,"PHILIPS®, 576394 100/200/300 Led A23 50k, Part Number: 576397",Philips® 576397 576394 100/200/300 Led A23 50K,"PHILIPS®, 576394 100/200/300 Led A23 50k, Part Number: 576397",,,,,,,Light Bulbs & Lamps,,,,,,,,,,,,39101600,,1,EA,PHILIPS_576397.jpg,PHILIPS_576397_1.jpg,PHILIPS_576397_2.jpg,PHILIPS_576397_3.jpg,PHILIPS_576397_4.jpg,PHILIPS_576397_Specification_Sheet.pdf,No,Yes
,571497,Industrial MRO,Hardware & Supplies,General Maintenance,571497,571497,571497 150W Led Med 27k,,Philips,Phillips Lighting (5831),Signify North America,PHILIPS®,Philips Lighting®,571497,Industrial MRO > Hardware & Supplies > General Maintenance > Industrial Supplies,"Signify North America Philips, 150W Led Med 27K, 571497 - Part Number: 571497",150W LED MED 27K,Philips® 571497 150W Led Med 27K,"PHILIPS®, 571497 150W Led Med 27k, Wattage: 150 W",Philips® 571497 150W Led Med 27K,"PHILIPS®, 571497 150W Led Med 27k, Wattage: 150 W",Wattage: 150 W,,,,,,Industrial Supplies,Wattage,150,W,,,,,,,,,31160000,,1,EA,PHILIPS_571497.jpg,PHILIPS_571497_1.jpg,PHILIPS_571497_2.jpg,PHILIPS_571497_3.jpg,PHILIPS_571497_4.jpg,PHILIPS_571497_Specification_Sheet.pdf,No,Yes
,576306,Lighting & Fans,Lamps & Bulbs,LED & Incandescent Lamps,576306,576306,576306 40W Led A19 5CCT 4pk,,Philips,Phillips Lighting (5831),Signify North America,PHILIPS®,Philips Lighting®,576306,Lighting & Fans > Lamps & Bulbs > LED & Incandescent Lamps > Light Bulbs & Lamps,"Signify North America Philips, 40W Led A19 5Cct 4Pk, 576306 - Part Number: 576",40W LED A19 5CCT 4PK,Philips® 576306 40W Led A19 5Cct 4Pk,"PHILIPS®, 576306 40W Led A19 5CCT 4pk, Package Quantity: 4 pk, Wattage: 40 W",Philips® 576306 40W Led A19 5Cct 4Pk,"PHILIPS®, 576306 40W Led A19 5CCT 4pk, Package Quantity: 4 pk, Wattage: 40 W",Package Quantity: 4 pk,Wattage: 40 W,,,,,Light Bulbs & Lamps,Package Quantity,4,pk,Wattage,40,W,,,,,,39101600,,1,EA,PHILIPS_576306.jpg,PHILIPS_576306_1.jpg,PHILIPS_576306_2.jpg,PHILIPS_576306_3.jpg,PHILIPS_576306_4.jpg,PHILIPS_576306_Specification_Sheet.pdf,No,Yes
,588533,Industrial MRO,Hardware & Supplies,General Maintenance,588533,588533,588533 40W Led Cand 3pk,,Philips,Phillips Lighting (5831),Signify North America,PHILIPS®,Philips Lighting®,588533,Industrial MRO > Hardware & Supplies > General Maintenance > Industrial Supplies,"Signify North America Philips, 40W Led Cand 3Pk, 588533 - Part Number: 588533",40W LED CAND 3PK,Philips® 588533 40W Led Cand 3Pk,"PHILIPS®, 588533 40W Led Cand 3pk, Package Quantity: 3 pk, Wattage: 40 W",Philips® 588533 40W Led Cand 3Pk,"PHILIPS®, 588533 40W Led Cand 3pk, Package Quantity: 3 pk, Wattage: 40 W",Package Quantity: 3 pk,Wattage: 40 W,,,,,Industrial Supplies,Package Quantity,3,pk,Wattage,40,W,,,,,,31160000,,1,EA,PHILIPS_588533.jpg,PHILIPS_588533_1.jpg,PHILIPS_588533_2.jpg,PHILIPS_588533_3.jpg,PHILIPS_588533_4.jpg,PHILIPS_588533_Specification_Sheet.pdf,No,Yes
,576520,Industrial MRO,Hardware & Supplies,General Maintenance,576520,576520,576520 65W Led Med 27k,,Philips,Phillips Lighting (5831),Signify North America,PHILIPS®,Philips Lighting®,576520,Industrial MRO > Hardware & Supplies > General Maintenance > Industrial Supplies,"Signify North America Philips, 65W Led Med 27K, 576520 - Part Number: 576520",65W LED MED 27K,Philips® 576520 65W Led Med 27K,"PHILIPS®, 576520 65W Led Med 27k, Wattage: 65 W",Philips® 576520 65W Led Med 27K,"PHILIPS®, 576520 65W Led Med 27k, Wattage: 65 W",Wattage: 65 W,,,,,,Industrial Supplies,Wattage,65,W,,,,,,,,,31160000,,1,EA,PHILIPS_576520.jpg,PHILIPS_576520_1.jpg,PHILIPS_576520_2.jpg,PHILIPS_576520_3.jpg,PHILIPS_576520_4.jpg,PHILIPS_576520_Specification_Sheet.pdf,No,Yes
,574004,Lighting & Fans,Lamps & Bulbs,LED & Incandescent Lamps,574004,574004,574004 75W Led ST19 27k 2pk,,Philips,Phillips Lighting (5831),Signify North America,PHILIPS®,Philips Lighting®,574004,Lighting & Fans > Lamps & Bulbs > LED & Incandescent Lamps > Light Bulbs & Lamps,"Signify North America Philips, 75W Led St19 27K 2Pk, 574004 - Part Number: 574",75W LED ST19 27K 2PK,Philips® 574004 75W Led St19 27K 2Pk,"PHILIPS®, 574004 75W Led ST19 27k 2pk, Package Quantity: 2 pk, Wattage: 75 W",Philips® 574004 75W Led St19 27K 2Pk,"PHILIPS®, 574004 75W Led ST19 27k 2pk, Package Quantity: 2 pk, Wattage: 75 W",Package Quantity: 2 pk,Wattage: 75 W,,,,,Light Bulbs & Lamps,Package Quantity,2,pk,Wattage,75,W,,,,,,39101600,,1,EA,PHILIPS_574004.jpg,PHILIPS_574004_1.jpg,PHILIPS_574004_2.jpg,PHILIPS_574004_3.jpg,PHILIPS_574004_4.jpg,PHILIPS_574004_Specification_Sheet.pdf,No,Yes
,574012,Lighting & Fans,Lamps & Bulbs,LED & Incandescent Lamps,574012,574012,574012 75W Led ST19 50k 2pk,,Philips,Phillips Lighting (5831),Signify North America,PHILIPS®,Philips Lighting®,574012,Lighting & Fans > Lamps & Bulbs > LED & Incandescent Lamps > Light Bulbs & Lamps,"Signify North America Philips, 75W Led St19 50K 2Pk, 574012 - Part Number: 574",75W LED ST19 50K 2PK,Philips® 574012 75W Led St19 50K 2Pk,"PHILIPS®, 574012 75W Led ST19 50k 2pk, Package Quantity: 2 pk, Wattage: 75 W",Philips® 574012 75W Led St19 50K 2Pk,"PHILIPS®, 574012 75W Led ST19 50k 2pk, Package Quantity: 2 pk, Wattage: 75 W",Package Quantity: 2 pk,Wattage: 75 W,,,,,Light Bulbs & Lamps,Package Quantity,2,pk,Wattage,75,W,,,,,,39101600,,1,EA,PHILIPS_574012.jpg,PHILIPS_574012_1.jpg,PHILIPS_574012_2.jpg,PHILIPS_574012_3.jpg,PHILIPS_574012_4.jpg,PHILIPS_574012_Specification_Sheet.pdf,No,Yes
,573971,Lighting & Fans,Lamps & Bulbs,LED & Incandescent Lamps,573971,573971,573971 75W Led ST19 20k 4pk,,Philips,Phillips Lighting (5831),Signify North America,PHILIPS®,Philips Lighting®,573971,Lighting & Fans > Lamps & Bulbs > LED & Incandescent Lamps > Light Bulbs & Lamps,"Signify North America Philips, 75W Led St19 20K 4Pk, 573971 - Part Number: 573",75W LED ST19 20K 4PK,Philips® 573971 75W Led St19 20K 4Pk,"PHILIPS®, 573971 75W Led ST19 20k 4pk, Package Quantity: 4 pk, Wattage: 75 W",Philips® 573971 75W Led St19 20K 4Pk,"PHILIPS®, 573971 75W Led ST19 20k 4pk, Package Quantity: 4 pk, Wattage: 75 W",Package Quantity: 4 pk,Wattage: 75 W,,,,,Light Bulbs & Lamps,Package Quantity,4,pk,Wattage,75,W,,,,,,39101600,,1,EA,PHILIPS_573971.jpg,PHILIPS_573971_1.jpg,PHILIPS_573971_2.jpg,PHILIPS_573971_3.jpg,PHILIPS_573971_4.jpg,PHILIPS_573971_Specification_Sheet.pdf,No,Yes
,573989,Industrial MRO,Hardware & Supplies,General Maintenance,573989,573989,573989 40W Led Med 27K 4pk,,Philips,Phillips Lighting (5831),Signify North America,PHILIPS®,Philips Lighting®,573989,Industrial MRO > Hardware & Supplies > General Maintenance > Industrial Supplies,"Signify North America Philips, 40W Led Med 27K 4Pk, 573989 - Part Number: 5739",40W LED MED 27K 4PK,Philips® 573989 40W Led Med 27K 4Pk,"PHILIPS®, 573989 40W Led Med 27K 4pk, Package Quantity: 4 pk, Wattage: 40 W",Philips® 573989 40W Led Med 27K 4Pk,"PHILIPS®, 573989 40W Led Med 27K 4pk, Package Quantity: 4 pk, Wattage: 40 W",Package Quantity: 4 pk,Wattage: 40 W,,,,,Industrial Supplies,Package Quantity,4,pk,Wattage,40,W,,,,,,31160000,,1,EA,PHILIPS_573989.jpg,PHILIPS_573989_1.jpg,PHILIPS_573989_2.jpg,PHILIPS_573989_3.jpg,PHILIPS_573989_4.jpg,PHILIPS_573989_Specification_Sheet.pdf,No,Yes
,576769,Lighting & Fans,Lamps & Bulbs,LED & Incandescent Lamps,576769,576769,576769 65W Led BR30 Med 27k,,Philips,Phillips Lighting (5831),Signify North America,PHILIPS®,Philips Lighting®,576769,Lighting & Fans > Lamps & Bulbs > LED & Incandescent Lamps > Light Bulbs & Lamps,"Signify North America Philips, 65W Led Br30 Med 27K, 576769 - Part Number: 576",65W LED BR30 MED 27K,Philips® 576769 65W Led Br30 Med 27K,"PHILIPS®, 576769 65W Led BR30 Med 27k, Wattage: 65 W",Philips® 576769 65W Led Br30 Med 27K,"PHILIPS®, 576769 65W Led BR30 Med 27k, Wattage: 65 W",Wattage: 65 W,,,,,,Light Bulbs & Lamps,Wattage,65,W,,,,,,,,,39101600,,1,EA,PHILIPS_576769.jpg,PHILIPS_576769_1.jpg,PHILIPS_576769_2.jpg,PHILIPS_576769_3.jpg,PHILIPS_576769_4.jpg,PHILIPS_576769_Specification_Sheet.pdf,No,Yes
,567446,Industrial MRO,Hardware & Supplies,General Maintenance,567446,567446,567446 60W Led Med 50K 3pk,,Philips,Phillips Lighting (5831),Signify North America,PHILIPS®,Philips Lighting®,567446,Industrial MRO > Hardware & Supplies > General Maintenance > Industrial Supplies,"Signify North America Philips, 60W Led Med 50K 3Pk, 567446 - Part Number: 5674",60W LED MED 50K 3PK,Philips® 567446 60W Led Med 50K 3Pk,"PHILIPS®, 567446 60W Led Med 50K 3pk, Package Quantity: 3 pk, Wattage: 60 W",Philips® 567446 60W Led Med 50K 3Pk,"PHILIPS®, 567446 60W Led Med 50K 3pk, Package Quantity: 3 pk, Wattage: 60 W",Package Quantity: 3 pk,Wattage: 60 W,,,,,Industrial Supplies,Package Quantity,3,pk,Wattage,60,W,,,,,,31160000,,1,EA,PHILIPS_567446.jpg,PHILIPS_567446_1.jpg,PHILIPS_567446_2.jpg,PHILIPS_567446_3.jpg,PHILIPS_567446_4.jpg,PHILIPS_567446_Specification_Sheet.pdf,No,Yes
,573997,Industrial MRO,Hardware & Supplies,General Maintenance,573997,573997,573997 40W Led Med 50k 4pk,,Philips,Phillips Lighting (5831),Signify North America,PHILIPS®,Philips Lighting®,573997,Industrial MRO > Hardware & Supplies > General Maintenance > Industrial Supplies,"Signify North America Philips, 40W Led Med 50K 4Pk, 573997 - Part Number: 5739",40W LED MED 50K 4PK,Philips® 573997 40W Led Med 50K 4Pk,"PHILIPS®, 573997 40W Led Med 50k 4pk, Package Quantity: 4 pk, Wattage: 40 W",Philips® 573997 40W Led Med 50K 4Pk,"PHILIPS®, 573997 40W Led Med 50k 4pk, Package Quantity: 4 pk, Wattage: 40 W",Package Quantity: 4 pk,Wattage: 40 W,,,,,Industrial Supplies,Package Quantity,4,pk,Wattage,40,W,,,,,,31160000,,1,EA,PHILIPS_573997.jpg,PHILIPS_573997_1.jpg,PHILIPS_573997_2.jpg,PHILIPS_573997_3.jpg,PHILIPS_573997_4.jpg,PHILIPS_573997_Specification_Sheet.pdf,No,Yes
,571463,Lighting & Fans,Lamps & Bulbs,LED & Incandescent Lamps,571463,571463,571463 100W Led BR30 Med 50k,,Philips,Phillips Lighting (5831),Signify North America,PHILIPS®,Philips Lighting®,571463,Lighting & Fans > Lamps & Bulbs > LED & Incandescent Lamps > Light Bulbs & Lamps,"Signify North America Philips, 100W Led Br30 Med 50K, 571463",100W LED BR30 MED 50K,Philips® 571463 100W Led Br30 Med 50K,"PHILIPS®, 571463 100W Led BR30 Med 50k, Wattage: 100 W",Philips® 571463 100W Led Br30 Med 50K,"PHILIPS®, 571463 100W Led BR30 Med 50k, Wattage: 100 W",Wattage: 100 W,,,,,,Light Bulbs & Lamps,Wattage,100,W,,,,,,,,,39101600,,1,EA,PHILIPS_571463.jpg,PHILIPS_571463_1.jpg,PHILIPS_571463_2.jpg,PHILIPS_571463_3.jpg,PHILIPS_571463_4.jpg,PHILIPS_571463_Specification_Sheet.pdf,No,Yes
,576512,Lighting & Fans,Lamps & Bulbs,LED & Incandescent Lamps,576512,576512,576512 65W Led BR40 Med 27k,,Philips,Phillips Lighting (5831),Signify North America,PHILIPS®,Philips Lighting®,576512,Lighting & Fans > Lamps & Bulbs > LED & Incandescent Lamps > Light Bulbs & Lamps,"Signify North America Philips, 65W Led Br40 Med 27K, 576512 - Part Number: 576",65W LED BR40 MED 27K,Philips® 576512 65W Led Br40 Med 27K,"PHILIPS®, 576512 65W Led BR40 Med 27k, Wattage: 65 W",Philips® 576512 65W Led Br40 Med 27K,"PHILIPS®, 576512 65W Led BR40 Med 27k, Wattage: 65 W",Wattage: 65 W,,,,,,Light Bulbs & Lamps,Wattage,65,W,,,,,,,,,39101600,,1,EA,PHILIPS_576512.jpg,PHILIPS_576512_1.jpg,PHILIPS_576512_2.jpg,PHILIPS_576512_3.jpg,PHILIPS_576512_4.jpg,PHILIPS_576512_Specification_Sheet.pdf,No,Yes
,581181,Industrial MRO,Hardware & Supplies,General Maintenance,581181,581181,581181 40W Led Med 2pk,,Philips,Phillips Lighting (5831),Signify North America,PHILIPS®,Philips Lighting®,581181,Industrial MRO > Hardware & Supplies > General Maintenance > Industrial Supplies,"Signify North America Philips, 40W Led Med 2Pk, 581181 - Part Number: 581181",40W LED MED 2PK,Philips® 581181 40W Led Med 2Pk,"PHILIPS®, 581181 40W Led Med 2pk, Package Quantity: 2 pk, Wattage: 40 W",Philips® 581181 40W Led Med 2Pk,"PHILIPS®, 581181 40W Led Med 2pk, Package Quantity: 2 pk, Wattage: 40 W",Package Quantity: 2 pk,Wattage: 40 W,,,,,Industrial Supplies,Package Quantity,2,pk,Wattage,40,W,,,,,,31160000,,1,EA,PHILIPS_581181.jpg,PHILIPS_581181_1.jpg,PHILIPS_581181_2.jpg,PHILIPS_581181_3.jpg,PHILIPS_581181_4.jpg,PHILIPS_581181_Specification_Sheet.pdf,No,Yes
,GT-CB-100C,Lighting & Fans,Lamps & Bulbs,LED & Incandescent Lamps,GT-CB-100C,GT-CB-100C,GTCB100C Led 100W Cob Bulb,,GT-Lite,Keystone (5702),GT-Lite,GT-Lite,,GT-CB-100C,Lighting & Fans > Lamps & Bulbs > LED & Incandescent Lamps > Light Bulbs & Lamps,"GT-Lite, Gt-Lite, Gtcb100C Led 100W Cob Bulb, Gt-Cb-100C - Part Number: GT-CB-",GTCB100C LED 100W COB BULB,Gt-Lite Gt-Cb-100C Gtcb100C Led 100W Cob Bulb,"GT-Lite, GTCB100C Led 100W Cob Bulb, Part Number: GT-CB-100C, Wattage: 100 W",Gt-Lite Gt-Cb-100C Gtcb100C Led 100W Cob Bulb,"GT-Lite, GTCB100C Led 100W Cob Bulb, Part Number: GT-CB-100C, Wattage: 100 W",Wattage: 100 W,,,,,,Light Bulbs & Lamps,Wattage,100,W,,,,,,,,,39101600,,1,EA,GTLITE_GT-CB-100C.jpg,GTLITE_GT-CB-100C_1.jpg,GTLITE_GT-CB-100C_2.jpg,GTLITE_GT-CB-100C_3.jpg,GTLITE_GT-CB-100C_4.jpg,GTLITE_GT-CB-100C_Specification_Sheet.pdf,No,Yes
,566430,Industrial MRO,Hardware & Supplies,General Maintenance,566430,566430,566430 75W Led Med 50k 4pk,,Philips,Phillips Lighting (5831),Signify North America,PHILIPS®,Philips Lighting®,566430,Industrial MRO > Hardware & Supplies > General Maintenance > Industrial Supplies,"Signify North America Philips, 75W Led Med 50K 4Pk, 566430 - Part Number: 5664",75W LED MED 50K 4PK,Philips® 566430 75W Led Med 50K 4Pk,"PHILIPS®, 566430 75W Led Med 50k 4pk, Package Quantity: 4 pk, Wattage: 75 W",Philips® 566430 75W Led Med 50K 4Pk,"PHILIPS®, 566430 75W Led Med 50k 4pk, Package Quantity: 4 pk, Wattage: 75 W",Package Quantity: 4 pk,Wattage: 75 W,,,,,Industrial Supplies,Package Quantity,4,pk,Wattage,75,W,,,,,,31160000,,1,EA,PHILIPS_566430.jpg,PHILIPS_566430_1.jpg,PHILIPS_566430_2.jpg,PHILIPS_566430_3.jpg,PHILIPS_566430_4.jpg,PHILIPS_566430_Specification_Sheet.pdf,No,Yes
,568337,Lighting & Fans,Lamps & Bulbs,LED & Incandescent Lamps,568337,568337,568337 120W Led Par38 Med 50k,,Philips,Phillips Lighting (5831),Signify North America,PHILIPS®,Philips Lighting®,568337,Lighting & Fans > Lamps & Bulbs > LED & Incandescent Lamps > Light Bulbs & Lamps,"Signify North America Philips, 120W Led Par38 Med 50K, 568337",120W LED PAR38 MED 50K,Philips® 568337 120W Led Par38 Med 50K,"PHILIPS®, 568337 120W Led Par38 Med 50k, Wattage: 120 W",Philips® 568337 120W Led Par38 Med 50K,"PHILIPS®, 568337 120W Led Par38 Med 50k, Wattage: 120 W",Wattage: 120 W,,,,,,Light Bulbs & Lamps,Wattage,120,W,,,,,,,,,39101600,,1,EA,PHILIPS_568337.jpg,PHILIPS_568337_1.jpg,PHILIPS_568337_2.jpg,PHILIPS_568337_3.jpg,PHILIPS_568337_4.jpg,PHILIPS_568337_Specification_Sheet.pdf,No,Yes
,565788,Lighting & Fans,Lamps & Bulbs,LED & Incandescent Lamps,565788,565788,565788 40W Led A19 Med 27k,,Philips,Phillips Lighting (5831),Signify North America,PHILIPS®,Philips Lighting®,565788,Lighting & Fans > Lamps & Bulbs > LED & Incandescent Lamps > Light Bulbs & Lamps,"Signify North America Philips, 40W Led A19 Med 27K, 565788 - Part Number: 5657",40W LED A19 MED 27K,Philips® 565788 40W Led A19 Med 27K,"PHILIPS®, 565788 40W Led A19 Med 27k, Wattage: 40 W",Philips® 565788 40W Led A19 Med 27K,"PHILIPS®, 565788 40W Led A19 Med 27k, Wattage: 40 W",Wattage: 40 W,,,,,,Light Bulbs & Lamps,Wattage,40,W,,,,,,,,,39101600,,1,EA,PHILIPS_565788.jpg,PHILIPS_565788_1.jpg,PHILIPS_565788_2.jpg,PHILIPS_565788_3.jpg,PHILIPS_565788_4.jpg,PHILIPS_565788_Specification_Sheet.pdf,No,Yes
,565770,Lighting & Fans,Lamps & Bulbs,LED & Incandescent Lamps,565770,565770,565770 40W Led A19 Med 50k,,Philips,Phillips Lighting (5831),Signify North America,PHILIPS®,Philips Lighting®,565770,Lighting & Fans > Lamps & Bulbs > LED & Incandescent Lamps > Light Bulbs & Lamps,"Signify North America Philips, 40W Led A19 Med 50K, 565770 - Part Number: 5657",40W LED A19 MED 50K,Philips® 565770 40W Led A19 Med 50K,"PHILIPS®, 565770 40W Led A19 Med 50k, Wattage: 40 W",Philips® 565770 40W Led A19 Med 50K,"PHILIPS®, 565770 40W Led A19 Med 50k, Wattage: 40 W",Wattage: 40 W,,,,,,Light Bulbs & Lamps,Wattage,40,W,,,,,,,,,39101600,,1,EA,PHILIPS_565770.jpg,PHILIPS_565770_1.jpg,PHILIPS_565770_2.jpg,PHILIPS_565770_3.jpg,PHILIPS_565770_4.jpg,PHILIPS_565770_Specification_Sheet.pdf,No,Yes
,573436,Lighting & Fans,Lamps & Bulbs,LED & Incandescent Lamps,573436,573436,573436 60W Led A19 Med 27k 2pk,,Philips,Phillips Lighting (5831),Signify North America,PHILIPS®,Philips Lighting®,573436,Lighting & Fans > Lamps & Bulbs > LED & Incandescent Lamps > Light Bulbs & Lamps,"Signify North America Philips, 60W Led A19 Med 27K 2Pk, 573436",60W LED A19 MED 27K 2PK,Philips® 573436 60W Led A19 Med 27K 2Pk,"PHILIPS®, 573436 60W Led A19 Med 27k 2pk, Package Quantity: 2 pk, Wattage: 60 W",Philips® 573436 60W Led A19 Med 27K 2Pk,"PHILIPS®, 573436 60W Led A19 Med 27k 2pk, Package Quantity: 2 pk, Wattage: 60 W",Package Quantity: 2 pk,Wattage: 60 W,,,,,Light Bulbs & Lamps,Package Quantity,2,pk,Wattage,60,W,,,,,,39101600,,1,EA,PHILIPS_573436.jpg,PHILIPS_573436_1.jpg,PHILIPS_573436_2.jpg,PHILIPS_573436_3.jpg,PHILIPS_573436_4.jpg,PHILIPS_573436_Specification_Sheet.pdf,No,Yes
,576538,Lighting & Fans,Lamps & Bulbs,LED & Incandescent Lamps,576538,576538,576538 65W Led BR30 Med 50k,,Philips,Phillips Lighting (5831),Signify North America,PHILIPS®,Philips Lighting®,576538,Lighting & Fans > Lamps & Bulbs > LED & Incandescent Lamps > Light Bulbs & Lamps,"Signify North America Philips, 65W Led Br30 Med 50K, 576538 - Part Number: 576",65W LED BR30 MED 50K,Philips® 576538 65W Led Br30 Med 50K,"PHILIPS®, 576538 65W Led BR30 Med 50k, Wattage: 65 W",Philips® 576538 65W Led Br30 Med 50K,"PHILIPS®, 576538 65W Led BR30 Med 50k, Wattage: 65 W",Wattage: 65 W,,,,,,Light Bulbs & Lamps,Wattage,65,W,,,,,,,,,39101600,,1,EA,PHILIPS_576538.jpg,PHILIPS_576538_1.jpg,PHILIPS_576538_2.jpg,PHILIPS_576538_3.jpg,PHILIPS_576538_4.jpg,PHILIPS_576538_Specification_Sheet.pdf,No,Yes
,573451,Industrial MRO,Hardware & Supplies,General Maintenance,573451,573451,573451 40W Led Med 27k 2pk,,Philips,Phillips Lighting (5831),Signify North America,PHILIPS®,Philips Lighting®,573451,Industrial MRO > Hardware & Supplies > General Maintenance > Industrial Supplies,"Signify North America Philips, 40W Led Med 27K 2Pk, 573451 - Part Number: 5734",40W LED MED 27K 2PK,Philips® 573451 40W Led Med 27K 2Pk,"PHILIPS®, 573451 40W Led Med 27k 2pk, Package Quantity: 2 pk, Wattage: 40 W",Philips® 573451 40W Led Med 27K 2Pk,"PHILIPS®, 573451 40W Led Med 27k 2pk, Package Quantity: 2 pk, Wattage: 40 W",Package Quantity: 2 pk,Wattage: 40 W,,,,,Industrial Supplies,Package Quantity,2,pk,Wattage,40,W,,,,,,31160000,,1,EA,PHILIPS_573451.jpg,PHILIPS_573451_1.jpg,PHILIPS_573451_2.jpg,PHILIPS_573451_3.jpg,PHILIPS_573451_4.jpg,PHILIPS_573451_Specification_Sheet.pdf,No,Yes
,586883,Industrial MRO,Hardware & Supplies,General Maintenance,586883,586883,586883 100W Led Multi CCT 2pk,,Philips,Phillips Lighting (5831),Signify North America,PHILIPS®,Philips Lighting®,586883,Industrial MRO > Hardware & Supplies > General Maintenance > Industrial Supplies,"Signify North America Philips, 100W Led Multi Cct 2Pk, 586883",100W LED MULTI CCT 2PK,Philips® 586883 100W Led Multi Cct 2Pk,"PHILIPS®, 586883 100W Led Multi CCT 2pk, Package Quantity: 2 pk, Wattage: 100 W",Philips® 586883 100W Led Multi Cct 2Pk,"PHILIPS®, 586883 100W Led Multi CCT 2pk, Package Quantity: 2 pk, Wattage: 100 W",Package Quantity: 2 pk,Wattage: 100 W,,,,,Industrial Supplies,Package Quantity,2,pk,Wattage,100,W,,,,,,31160000,,1,EA,PHILIPS_586883.jpg,PHILIPS_586883_1.jpg,PHILIPS_586883_2.jpg,PHILIPS_586883_3.jpg,PHILIPS_586883_4.jpg,PHILIPS_586883_Specification_Sheet.pdf,No,Yes
,586859,Industrial MRO,Hardware & Supplies,General Maintenance,586859,586859,586859 40W Led Med 27K Back Up,,Philips,Phillips Lighting (5831),Signify North America,PHILIPS®,Philips Lighting®,586859,Industrial MRO > Hardware & Supplies > General Maintenance > Industrial Supplies,"Signify North America Philips, 40W Led Med 27K Back Up, 586859",40W LED MED 27K BACK UP,Philips® 586859 40W Led Med 27K Back Up,"PHILIPS®, 586859 40W Led Med 27K Back Up, Wattage: 40 W",Philips® 586859 40W Led Med 27K Back Up,"PHILIPS®, 586859 40W Led Med 27K Back Up, Wattage: 40 W",Wattage: 40 W,,,,,,Industrial Supplies,Wattage,40,W,,,,,,,,,31160000,,1,EA,PHILIPS_586859.jpg,PHILIPS_586859_1.jpg,PHILIPS_586859_2.jpg,PHILIPS_586859_3.jpg,PHILIPS_586859_4.jpg,PHILIPS_586859_Specification_Sheet.pdf,No,Yes
,576488,Industrial MRO,Hardware & Supplies,General Maintenance,576488,576488,576488 45W Led R20 Med 50k,,Philips,Phillips Lighting (5831),Signify North America,PHILIPS®,Philips Lighting®,576488,Industrial MRO > Hardware & Supplies > General Maintenance > Industrial Supplies,"Signify North America Philips, 45W Led R20 Med 50K, 576488 - Part Number: 5764",45W LED R20 MED 50K,Philips® 576488 45W Led R20 Med 50K,"PHILIPS®, 576488 45W Led R20 Med 50k, Wattage: 45 W",Philips® 576488 45W Led R20 Med 50K,"PHILIPS®, 576488 45W Led R20 Med 50k, Wattage: 45 W",Wattage: 45 W,,,,,,Industrial Supplies,Wattage,45,W,,,,,,,,,31160000,,1,EA,PHILIPS_576488.jpg,PHILIPS_576488_1.jpg,PHILIPS_576488_2.jpg,PHILIPS_576488_3.jpg,PHILIPS_576488_4.jpg,PHILIPS_576488_Specification_Sheet.pdf,No,Yes
,575217,Industrial MRO,Hardware & Supplies,General Maintenance,575217,575217,575217 60W Led Med 50k 2pk,,Philips,Phillips Lighting (5831),Signify North America,PHILIPS®,Philips Lighting®,575217,Industrial MRO > Hardware & Supplies > General Maintenance > Industrial Supplies,"Signify North America Philips, 60W Led Med 50K 2Pk, 575217 - Part Number: 5752",60W LED MED 50K 2PK,Philips® 575217 60W Led Med 50K 2Pk,"PHILIPS®, 575217 60W Led Med 50k 2pk, Package Quantity: 2 pk, Wattage: 60 W",Philips® 575217 60W Led Med 50K 2Pk,"PHILIPS®, 575217 60W Led Med 50k 2pk, Package Quantity: 2 pk, Wattage: 60 W",Package Quantity: 2 pk,Wattage: 60 W,,,,,Industrial Supplies,Package Quantity,2,pk,Wattage,60,W,,,,,,31160000,,1,EA,PHILIPS_575217.jpg,PHILIPS_575217_1.jpg,PHILIPS_575217_2.jpg,PHILIPS_575217_3.jpg,PHILIPS_575217_4.jpg,PHILIPS_575217_Specification_Sheet.pdf,No,Yes
,586479,Industrial MRO,Hardware & Supplies,General Maintenance,586479,586479,586479 90W Led Med Multi CCT,,Philips,Phillips Lighting (5831),Signify North America,PHILIPS®,Philips Lighting®,586479,Industrial MRO > Hardware & Supplies > General Maintenance > Industrial Supplies,"Signify North America Philips, 90W Led Med Multi Cct, 586479",90W LED MED MULTI CCT,Philips® 586479 90W Led Med Multi Cct,"PHILIPS®, 586479 90W Led Med Multi CCT, Wattage: 90 W",Philips® 586479 90W Led Med Multi Cct,"PHILIPS®, 586479 90W Led Med Multi CCT, Wattage: 90 W",Wattage: 90 W,,,,,,Industrial Supplies,Wattage,90,W,,,,,,,,,31160000,,1,EA,PHILIPS_586479.jpg,PHILIPS_586479_1.jpg,PHILIPS_586479_2.jpg,PHILIPS_586479_3.jpg,PHILIPS_586479_4.jpg,PHILIPS_586479_Specification_Sheet.pdf,No,Yes
,571471,Lighting & Fans,Lamps & Bulbs,LED & Incandescent Lamps,571471,571471,571471 100W Led BR30 Med 27k,,Philips,Phillips Lighting (5831),Signify North America,PHILIPS®,Philips Lighting®,571471,Lighting & Fans > Lamps & Bulbs > LED & Incandescent Lamps > Light Bulbs & Lamps,"Signify North America Philips, 100W Led Br30 Med 27K, 571471",100W LED BR30 MED 27K,Philips® 571471 100W Led Br30 Med 27K,"PHILIPS®, 571471 100W Led BR30 Med 27k, Wattage: 100 W",Philips® 571471 100W Led Br30 Med 27K,"PHILIPS®, 571471 100W Led BR30 Med 27k, Wattage: 100 W",Wattage: 100 W,,,,,,Light Bulbs & Lamps,Wattage,100,W,,,,,,,,,39101600,,1,EA,PHILIPS_571471.jpg,PHILIPS_571471_1.jpg,PHILIPS_571471_2.jpg,PHILIPS_571471_3.jpg,PHILIPS_571471_4.jpg,PHILIPS_571471_Specification_Sheet.pdf,No,Yes
,570762,Lighting & Fans,Lamps & Bulbs,LED & Incandescent Lamps,570762,570762,570762 50W Led Par16 30k 3pk,,Philips,Phillips Lighting (5831),Signify North America,PHILIPS®,Philips Lighting®,570762,Lighting & Fans > Lamps & Bulbs > LED & Incandescent Lamps > Light Bulbs & Lamps,"Signify North America Philips, 50W Led Par16 30K 3Pk, 570762",50W LED PAR16 30K 3PK,Philips® 570762 50W Led Par16 30K 3Pk,"PHILIPS®, 570762 50W Led Par16 30k 3pk, Package Quantity: 3 pk, Wattage: 50 W",Philips® 570762 50W Led Par16 30K 3Pk,"PHILIPS®, 570762 50W Led Par16 30k 3pk, Package Quantity: 3 pk, Wattage: 50 W",Package Quantity: 3 pk,Wattage: 50 W,,,,,Light Bulbs & Lamps,Package Quantity,3,pk,Wattage,50,W,,,,,,39101600,,1,EA,PHILIPS_570762.jpg,PHILIPS_570762_1.jpg,PHILIPS_570762_2.jpg,PHILIPS_570762_3.jpg,PHILIPS_570762_4.jpg,PHILIPS_570762_Specification_Sheet.pdf,No,Yes
,533352,Industrial MRO,Hardware & Supplies,General Maintenance,533352,533352,571505 150W Led Med 50k,,Philips,Phillips Lighting (5831),Signify North America,PHILIPS®,Philips Lighting®,533352,Industrial MRO > Hardware & Supplies > General Maintenance > Industrial Supplies,"Signify North America Philips, 571505 150W Led Med 50K, 533352",571505 150W LED MED 50K,Philips® 533352 571505 150W Led Med 50K,"PHILIPS®, 571505 150W Led Med 50k, Part Number: 533352, Wattage: 150 W",Philips® 533352 571505 150W Led Med 50K,"PHILIPS®, 571505 150W Led Med 50k, Part Number: 533352, Wattage: 150 W",Wattage: 150 W,,,,,,Industrial Supplies,Wattage,150,W,,,,,,,,,31160000,,1,EA,PHILIPS_533352.jpg,PHILIPS_533352_1.jpg,PHILIPS_533352_2.jpg,PHILIPS_533352_3.jpg,PHILIPS_533352_4.jpg,PHILIPS_533352_Specification_Sheet.pdf,No,Yes
,573519,Lighting & Fans,Lamps & Bulbs,LED & Incandescent Lamps,573519,573519,573519 100W Led A21 27k 2pk,,Philips,Phillips Lighting (5831),Signify North America,PHILIPS®,Philips Lighting®,573519,Lighting & Fans > Lamps & Bulbs > LED & Incandescent Lamps > Light Bulbs & Lamps,"Signify North America Philips, 100W Led A21 27K 2Pk, 573519 - Part Number: 573",100W LED A21 27K 2PK,Philips® 573519 100W Led A21 27K 2Pk,"PHILIPS®, 573519 100W Led A21 27k 2pk, Package Quantity: 2 pk, Wattage: 100 W",Philips® 573519 100W Led A21 27K 2Pk,"PHILIPS®, 573519 100W Led A21 27k 2pk, Package Quantity: 2 pk, Wattage: 100 W",Package Quantity: 2 pk,Wattage: 100 W,,,,,Light Bulbs & Lamps,Package Quantity,2,pk,Wattage,100,W,,,,,,39101600,,1,EA,PHILIPS_573519.jpg,PHILIPS_573519_1.jpg,PHILIPS_573519_2.jpg,PHILIPS_573519_3.jpg,PHILIPS_573519_4.jpg,PHILIPS_573519_Specification_Sheet.pdf,No,Yes
,573378,Industrial MRO,Hardware & Supplies,General Maintenance,573378,573378,573378 60W Led Med 27k 3pk,,Philips,Phillips Lighting (5831),Signify North America,PHILIPS®,Philips Lighting®,573378,Industrial MRO > Hardware & Supplies > General Maintenance > Industrial Supplies,"Signify North America Philips, 60W Led Med 27K 3Pk, 573378 - Part Number: 5733",60W LED MED 27K 3PK,Philips® 573378 60W Led Med 27K 3Pk,"PHILIPS®, 573378 60W Led Med 27k 3pk, Package Quantity: 3 pk, Wattage: 60 W",Philips® 573378 60W Led Med 27K 3Pk,"PHILIPS®, 573378 60W Led Med 27k 3pk, Package Quantity: 3 pk, Wattage: 60 W",Package Quantity: 3 pk,Wattage: 60 W,,,,,Industrial Supplies,Package Quantity,3,pk,Wattage,60,W,,,,,,31160000,,1,EA,PHILIPS_573378.jpg,PHILIPS_573378_1.jpg,PHILIPS_573378_2.jpg,PHILIPS_573378_3.jpg,PHILIPS_573378_4.jpg,PHILIPS_573378_Specification_Sheet.pdf,No,Yes
,565622,Industrial MRO,Hardware & Supplies,General Maintenance,565622,565622,565622 60W Led Med 20k,,Philips,Phillips Lighting (5831),Signify North America,PHILIPS®,Philips Lighting®,565622,Industrial MRO > Hardware & Supplies > General Maintenance > Industrial Supplies,"Signify North America Philips, 60W Led Med 20K, 565622 - Part Number: 565622",60W LED MED 20K,Philips® 565622 60W Led Med 20K,"PHILIPS®, 565622 60W Led Med 20k, Wattage: 60 W",Philips® 565622 60W Led Med 20K,"PHILIPS®, 565622 60W Led Med 20k, Wattage: 60 W",Wattage: 60 W,,,,,,Industrial Supplies,Wattage,60,W,,,,,,,,,31160000,,1,EA,PHILIPS_565622.jpg,PHILIPS_565622_1.jpg,PHILIPS_565622_2.jpg,PHILIPS_565622_3.jpg,PHILIPS_565622_4.jpg,PHILIPS_565622_Specification_Sheet.pdf,No,Yes
,586891,Lighting & Fans,Lamps & Bulbs,LED & Incandescent Lamps,586891,586891,586891 Led 60W Med A19 27k,,Philips,Phillips Lighting (5831),Signify North America,PHILIPS®,Philips Lighting®,586891,Lighting & Fans > Lamps & Bulbs > LED & Incandescent Lamps > Light Bulbs & Lamps,"Signify North America Philips, Led 60W Med A19 27K, 586891 - Part Number: 5868",LED 60W MED A19 27K,Philips® 586891 Led 60W Med A19 27K,"PHILIPS®, 586891 Led 60W Med A19 27k, Wattage: 60 W",Philips® 586891 Led 60W Med A19 27K,"PHILIPS®, 586891 Led 60W Med A19 27k, Wattage: 60 W",Wattage: 60 W,,,,,,Light Bulbs & Lamps,Wattage,60,W,,,,,,,,,39101600,,1,EA,PHILIPS_586891.jpg,PHILIPS_586891_1.jpg,PHILIPS_586891_2.jpg,PHILIPS_586891_3.jpg,PHILIPS_586891_4.jpg,PHILIPS_586891_Specification_Sheet.pdf,No,Yes
,585448,Lighting & Fans,Lamps & Bulbs,LED & Incandescent Lamps,585448,585448,585448 120W Led Motion Bulb,,Philips,Phillips Lighting (5831),Signify North America,PHILIPS®,Philips Lighting®,585448,Lighting & Fans > Lamps & Bulbs > LED & Incandescent Lamps > Light Bulbs & Lamps,"Signify North America Philips, 120W Led Motion Bulb, 585448 - Part Number: 585",120W LED MOTION BULB,Philips® 585448 120W Led Motion Bulb,"PHILIPS®, 585448 120W Led Motion Bulb, Wattage: 120 W",Philips® 585448 120W Led Motion Bulb,"PHILIPS®, 585448 120W Led Motion Bulb, Wattage: 120 W",Wattage: 120 W,,,,,,Light Bulbs & Lamps,Wattage,120,W,,,,,,,,,39101600,,1,EA,PHILIPS_585448.jpg,PHILIPS_585448_1.jpg,PHILIPS_585448_2.jpg,PHILIPS_585448_3.jpg,PHILIPS_585448_4.jpg,PHILIPS_585448_Specification_Sheet.pdf,No,Yes
,573444,Lighting & Fans,Lamps & Bulbs,LED & Incandescent Lamps,573444,573444,573444 60W Led A19 Med 50k 2pk,,Philips,Phillips Lighting (5831),Signify North America,PHILIPS®,Philips Lighting®,573444,Lighting & Fans > Lamps & Bulbs > LED & Incandescent Lamps > Light Bulbs & Lamps,"Signify North America Philips, 60W Led A19 Med 50K 2Pk, 573444",60W LED A19 MED 50K 2PK,Philips® 573444 60W Led A19 Med 50K 2Pk,"PHILIPS®, 573444 60W Led A19 Med 50k 2pk, Package Quantity: 2 pk, Wattage: 60 W",Philips® 573444 60W Led A19 Med 50K 2Pk,"PHILIPS®, 573444 60W Led A19 Med 50k 2pk, Package Quantity: 2 pk, Wattage: 60 W",Package Quantity: 2 pk,Wattage: 60 W,,,,,Light Bulbs & Lamps,Package Quantity,2,pk,Wattage,60,W,,,,,,39101600,,1,EA,PHILIPS_573444.jpg,PHILIPS_573444_1.jpg,PHILIPS_573444_2.jpg,PHILIPS_573444_3.jpg,PHILIPS_573444_4.jpg,PHILIPS_573444_Specification_Sheet.pdf,No,Yes
,566687,Industrial MRO,Hardware & Supplies,General Maintenance,566687,566687,566687 60W Cand Led 27k 3pk,,Philips,Phillips Lighting (5831),Signify North America,PHILIPS®,Philips Lighting®,566687,Industrial MRO > Hardware & Supplies > General Maintenance > Industrial Supplies,"Signify North America Philips, 60W Cand Led 27K 3Pk, 566687 - Part Number: 566",60W CAND LED 27K 3PK,Philips® 566687 60W Cand Led 27K 3Pk,"PHILIPS®, 566687 60W Cand Led 27k 3pk, Package Quantity: 3 pk, Wattage: 60 W",Philips® 566687 60W Cand Led 27K 3Pk,"PHILIPS®, 566687 60W Cand Led 27k 3pk, Package Quantity: 3 pk, Wattage: 60 W",Package Quantity: 3 pk,Wattage: 60 W,,,,,Industrial Supplies,Package Quantity,3,pk,Wattage,60,W,,,,,,31160000,,1,EA,PHILIPS_566687.jpg,PHILIPS_566687_1.jpg,PHILIPS_566687_2.jpg,PHILIPS_566687_3.jpg,PHILIPS_566687_4.jpg,PHILIPS_566687_Specification_Sheet.pdf,No,Yes
,564385,Industrial MRO,Hardware & Supplies,General Maintenance,564385,564385,564385 40w Led Med 27k 2pk,,Philips,Phillips Lighting (5831),Signify North America,PHILIPS®,Philips Lighting®,564385,Industrial MRO > Hardware & Supplies > General Maintenance > Industrial Supplies,"Signify North America Philips, 40W Led Med 27K 2Pk, 564385 - Part Number: 5643",40W LED MED 27K 2PK,Philips® 564385 40W Led Med 27K 2Pk,"PHILIPS®, 564385 40w Led Med 27k 2pk, Package Quantity: 2 pk, Wattage: 40 W",Philips® 564385 40W Led Med 27K 2Pk,"PHILIPS®, 564385 40w Led Med 27k 2pk, Package Quantity: 2 pk, Wattage: 40 W",Package Quantity: 2 pk,Wattage: 40 W,,,,,Industrial Supplies,Package Quantity,2,pk,Wattage,40,W,,,,,,31160000,,1,EA,PHILIPS_564385.jpg,PHILIPS_564385_1.jpg,PHILIPS_564385_2.jpg,PHILIPS_564385_3.jpg,PHILIPS_564385_4.jpg,PHILIPS_564385_Specification_Sheet.pdf,No,Yes
,566661,Industrial MRO,Hardware & Supplies,General Maintenance,566661,566661,566661 40W LED Cand 27k 3pk,,Philips,Phillips Lighting (5831),Signify North America,PHILIPS®,Philips Lighting®,566661,Industrial MRO > Hardware & Supplies > General Maintenance > Industrial Supplies,"Signify North America Philips, 40W Led Cand 27K 3Pk, 566661 - Part Number: 566",40W LED CAND 27K 3PK,Philips® 566661 40W Led Cand 27K 3Pk,"PHILIPS®, 566661 40W LED Cand 27k 3pk, Package Quantity: 3 pk, Wattage: 40 W",Philips® 566661 40W Led Cand 27K 3Pk,"PHILIPS®, 566661 40W LED Cand 27k 3pk, Package Quantity: 3 pk, Wattage: 40 W",Package Quantity: 3 pk,Wattage: 40 W,,,,,Industrial Supplies,Package Quantity,3,pk,Wattage,40,W,,,,,,31160000,,1,EA,PHILIPS_566661.jpg,PHILIPS_566661_1.jpg,PHILIPS_566661_2.jpg,PHILIPS_566661_3.jpg,PHILIPS_566661_4.jpg,PHILIPS_566661_Specification_Sheet.pdf,No,Yes
,564898,Industrial MRO,Hardware & Supplies,General Maintenance,564898,564898,564898 60W Cand Led 50k 3pk,,Philips,Phillips Lighting (5831),Signify North America,PHILIPS®,Philips Lighting®,564898,Industrial MRO > Hardware & Supplies > General Maintenance > Industrial Supplies,"Signify North America Philips, 60W Cand Led 50K 3Pk, 564898 - Part Number: 564",60W CAND LED 50K 3PK,Philips® 564898 60W Cand Led 50K 3Pk,"PHILIPS®, 564898 60W Cand Led 50k 3pk, Package Quantity: 3 pk, Wattage: 60 W",Philips® 564898 60W Cand Led 50K 3Pk,"PHILIPS®, 564898 60W Cand Led 50k 3pk, Package Quantity: 3 pk, Wattage: 60 W",Package Quantity: 3 pk,Wattage: 60 W,,,,,Industrial Supplies,Package Quantity,3,pk,Wattage,60,W,,,,,,31160000,,1,EA,PHILIPS_564898.jpg,PHILIPS_564898_1.jpg,PHILIPS_564898_2.jpg,PHILIPS_564898_3.jpg,PHILIPS_564898_4.jpg,PHILIPS_564898_Specification_Sheet.pdf,No,Yes
,538319,Industrial MRO,Hardware & Supplies,General Maintenance,538319,538319,588525 40W Led Cand 3pk,,Philips,Phillips Lighting (5831),Signify North America,PHILIPS®,Philips Lighting®,538319,Industrial MRO > Hardware & Supplies > General Maintenance > Industrial Supplies,"Signify North America Philips, 588525 40W Led Cand 3Pk, 538319",588525 40W LED CAND 3PK,Philips® 538319 588525 40W Led Cand 3Pk,"PHILIPS®, 588525 40W Led Cand 3pk, Part Number: 538319, Package Quantity: 3 pk, Wattage: 40 W",Philips® 538319 588525 40W Led Cand 3Pk,"PHILIPS®, 588525 40W Led Cand 3pk, Part Number: 538319, Package Quantity: 3 pk, Wattage: 40 W",Package Quantity: 3 pk,Wattage: 40 W,,,,,Industrial Supplies,Package Quantity,3,pk,Wattage,40,W,,,,,,31160000,,1,EA,PHILIPS_538319.jpg,PHILIPS_538319_1.jpg,PHILIPS_538319_2.jpg,PHILIPS_538319_3.jpg,PHILIPS_538319_4.jpg,PHILIPS_538319_Specification_Sheet.pdf,No,Yes
,576009,Industrial MRO,Hardware & Supplies,General Maintenance,576009,576009,576009 100W Led Par30L Med 50k,,Philips,Phillips Lighting (5831),Signify North America,PHILIPS®,Philips Lighting®,576009,Industrial MRO > Hardware & Supplies > General Maintenance > Industrial Supplies,"Signify North America Philips, 100W Led Par30L Med 50K, 576009",100W LED PAR30L MED 50K,Philips® 576009 100W Led Par30L Med 50K,"PHILIPS®, 576009 100W Led Par30L Med 50k, Wattage: 100 W",Philips® 576009 100W Led Par30L Med 50K,"PHILIPS®, 576009 100W Led Par30L Med 50k, Wattage: 100 W",Wattage: 100 W,,,,,,Industrial Supplies,Wattage,100,W,,,,,,,,,31160000,,1,EA,PHILIPS_576009.jpg,PHILIPS_576009_1.jpg,PHILIPS_576009_2.jpg,PHILIPS_576009_3.jpg,PHILIPS_576009_4.jpg,PHILIPS_576009_Specification_Sheet.pdf,No,Yes
,564450,Industrial MRO,Hardware & Supplies,General Maintenance,564450,564450,564450 40W Led Cand 27k 2pk,,Philips,Phillips Lighting (5831),Signify North America,PHILIPS®,Philips Lighting®,564450,Industrial MRO > Hardware & Supplies > General Maintenance > Industrial Supplies,"Signify North America Philips, 40W Led Cand 27K 2Pk, 564450 - Part Number: 564",40W LED CAND 27K 2PK,Philips® 564450 40W Led Cand 27K 2Pk,"PHILIPS®, 564450 40W Led Cand 27k 2pk, Package Quantity: 2 pk, Wattage: 40 W",Philips® 564450 40W Led Cand 27K 2Pk,"PHILIPS®, 564450 40W Led Cand 27k 2pk, Package Quantity: 2 pk, Wattage: 40 W",Package Quantity: 2 pk,Wattage: 40 W,,,,,Industrial Supplies,Package Quantity,2,pk,Wattage,40,W,,,,,,31160000,,1,EA,PHILIPS_564450.jpg,PHILIPS_564450_1.jpg,PHILIPS_564450_2.jpg,PHILIPS_564450_3.jpg,PHILIPS_564450_4.jpg,PHILIPS_564450_Specification_Sheet.pdf,No,Yes
,572669,Industrial MRO,Hardware & Supplies,General Maintenance,572669,572669,572669 60W Led F15 Med 27k,,Philips,Phillips Lighting (5831),Signify North America,PHILIPS®,Philips Lighting®,572669,Industrial MRO > Hardware & Supplies > General Maintenance > Industrial Supplies,"Signify North America Philips, 60W Led F15 Med 27K, 572669 - Part Number: 5726",60W LED F15 MED 27K,Philips® 572669 60W Led F15 Med 27K,"PHILIPS®, 572669 60W Led F15 Med 27k, Wattage: 60 W",Philips® 572669 60W Led F15 Med 27K,"PHILIPS®, 572669 60W Led F15 Med 27k, Wattage: 60 W",Wattage: 60 W,,,,,,Industrial Supplies,Wattage,60,W,,,,,,,,,31160000,,1,EA,PHILIPS_572669.jpg,PHILIPS_572669_1.jpg,PHILIPS_572669_2.jpg,PHILIPS_572669_3.jpg,PHILIPS_572669_4.jpg,PHILIPS_572669_Specification_Sheet.pdf,No,Yes
,564906,Industrial MRO,Hardware & Supplies,General Maintenance,564906,564906,564906 60W Led Med 27k 2pk,,Philips,Phillips Lighting (5831),Signify North America,PHILIPS®,Philips Lighting®,564906,Industrial MRO > Hardware & Supplies > General Maintenance > Industrial Supplies,"Signify North America Philips, 60W Led Med 27K 2Pk, 564906 - Part Number: 5649",60W LED MED 27K 2PK,Philips® 564906 60W Led Med 27K 2Pk,"PHILIPS®, 564906 60W Led Med 27k 2pk, Package Quantity: 2 pk, Wattage: 60 W",Philips® 564906 60W Led Med 27K 2Pk,"PHILIPS®, 564906 60W Led Med 27k 2pk, Package Quantity: 2 pk, Wattage: 60 W",Package Quantity: 2 pk,Wattage: 60 W,,,,,Industrial Supplies,Package Quantity,2,pk,Wattage,60,W,,,,,,31160000,,1,EA,PHILIPS_564906.jpg,PHILIPS_564906_1.jpg,PHILIPS_564906_2.jpg,PHILIPS_564906_3.jpg,PHILIPS_564906_4.jpg,PHILIPS_564906_Specification_Sheet.pdf,No,Yes
,573410,Lighting & Fans,Lamps & Bulbs,LED & Incandescent Lamps,573410,573410,573410 40W Led A19 Med 27k 2pk,,Philips,Phillips Lighting (5831),Signify North America,PHILIPS®,Philips Lighting®,573410,Lighting & Fans > Lamps & Bulbs > LED & Incandescent Lamps > Light Bulbs & Lamps,"Signify North America Philips, 40W Led A19 Med 27K 2Pk, 573410",40W LED A19 MED 27K 2PK,Philips® 573410 40W Led A19 Med 27K 2Pk,"PHILIPS®, 573410 40W Led A19 Med 27k 2pk, Package Quantity: 2 pk, Wattage: 40 W",Philips® 573410 40W Led A19 Med 27K 2Pk,"PHILIPS®, 573410 40W Led A19 Med 27k 2pk, Package Quantity: 2 pk, Wattage: 40 W",Package Quantity: 2 pk,Wattage: 40 W,,,,,Light Bulbs & Lamps,Package Quantity,2,pk,Wattage,40,W,,,,,,39101600,,1,EA,PHILIPS_573410.jpg,PHILIPS_573410_1.jpg,PHILIPS_573410_2.jpg,PHILIPS_573410_3.jpg,PHILIPS_573410_4.jpg,PHILIPS_573410_Specification_Sheet.pdf,No,Yes
,576504,Lighting & Fans,Lamps & Bulbs,LED & Incandescent Lamps,576504,576504,576504 65W Led BR40 Med 50k,,Philips,Phillips Lighting (5831),Signify North America,PHILIPS®,Philips Lighting®,576504,Lighting & Fans > Lamps & Bulbs > LED & Incandescent Lamps > Light Bulbs & Lamps,"Signify North America Philips, 65W Led Br40 Med 50K, 576504 - Part Number: 576",65W LED BR40 MED 50K,Philips® 576504 65W Led Br40 Med 50K,"PHILIPS®, 576504 65W Led BR40 Med 50k, Wattage: 65 W",Philips® 576504 65W Led Br40 Med 50K,"PHILIPS®, 576504 65W Led BR40 Med 50k, Wattage: 65 W",Wattage: 65 W,,,,,,Light Bulbs & Lamps,Wattage,65,W,,,,,,,,,39101600,,1,EA,PHILIPS_576504.jpg,PHILIPS_576504_1.jpg,PHILIPS_576504_2.jpg,PHILIPS_576504_3.jpg,PHILIPS_576504_4.jpg,PHILIPS_576504_Specification_Sheet.pdf,No,Yes
,576017,Industrial MRO,Hardware & Supplies,General Maintenance,576017,576017,576017 100W Led Par30L Med 30k,,Philips,Phillips Lighting (5831),Signify North America,PHILIPS®,Philips Lighting®,576017,Industrial MRO > Hardware & Supplies > General Maintenance > Industrial Supplies,"Signify North America Philips, 100W Led Par30L Med 30K, 576017",100W LED PAR30L MED 30K,Philips® 576017 100W Led Par30L Med 30K,"PHILIPS®, 576017 100W Led Par30L Med 30k, Wattage: 100 W",Philips® 576017 100W Led Par30L Med 30K,"PHILIPS®, 576017 100W Led Par30L Med 30k, Wattage: 100 W",Wattage: 100 W,,,,,,Industrial Supplies,Wattage,100,W,,,,,,,,,31160000,,1,EA,PHILIPS_576017.jpg,PHILIPS_576017_1.jpg,PHILIPS_576017_2.jpg,PHILIPS_576017_3.jpg,PHILIPS_576017_4.jpg,PHILIPS_576017_Specification_Sheet.pdf,No,Yes
,574392,Industrial MRO,Hardware & Supplies,General Maintenance,574392,574392,574392 40W Led B11 Med 27k 3pk,,Philips,Phillips Lighting (5831),Signify North America,PHILIPS®,Philips Lighting®,574392,Industrial MRO > Hardware & Supplies > General Maintenance > Industrial Supplies,"Signify North America Philips, 40W Led B11 Med 27K 3Pk, 574392",40W LED B11 MED 27K 3PK,Philips® 574392 40W Led B11 Med 27K 3Pk,"PHILIPS®, 574392 40W Led B11 Med 27k 3pk, Package Quantity: 3 pk, Wattage: 40 W",Philips® 574392 40W Led B11 Med 27K 3Pk,"PHILIPS®, 574392 40W Led B11 Med 27k 3pk, Package Quantity: 3 pk, Wattage: 40 W",Package Quantity: 3 pk,Wattage: 40 W,,,,,Industrial Supplies,Package Quantity,3,pk,Wattage,40,W,,,,,,31160000,,1,EA,PHILIPS_574392.jpg,PHILIPS_574392_1.jpg,PHILIPS_574392_2.jpg,PHILIPS_574392_3.jpg,PHILIPS_574392_4.jpg,PHILIPS_574392_Specification_Sheet.pdf,No,Yes
,576751,Lighting & Fans,Lamps & Bulbs,LED & Incandescent Lamps,576751,576751,576751 65W Led BR30 Med 3pk,,Philips,Phillips Lighting (5831),Signify North America,PHILIPS®,Philips Lighting®,576751,Lighting & Fans > Lamps & Bulbs > LED & Incandescent Lamps > Light Bulbs & Lamps,"Signify North America Philips, 65W Led Br30 Med 3Pk, 576751 - Part Number: 576",65W LED BR30 MED 3PK,Philips® 576751 65W Led Br30 Med 3Pk,"PHILIPS®, 576751 65W Led BR30 Med 3pk, Package Quantity: 3 pk, Wattage: 65 W",Philips® 576751 65W Led Br30 Med 3Pk,"PHILIPS®, 576751 65W Led BR30 Med 3pk, Package Quantity: 3 pk, Wattage: 65 W",Package Quantity: 3 pk,Wattage: 65 W,,,,,Light Bulbs & Lamps,Package Quantity,3,pk,Wattage,65,W,,,,,,39101600,,1,EA,PHILIPS_576751.jpg,PHILIPS_576751_1.jpg,PHILIPS_576751_2.jpg,PHILIPS_576751_3.jpg,PHILIPS_576751_4.jpg,PHILIPS_576751_Specification_Sheet.pdf,No,Yes
,583161,Lighting & Fans,Lamps & Bulbs,LED & Incandescent Lamps,583161,583161,583161 Led 65W Med BR30 3pk,,Philips,Phillips Lighting (5831),Signify North America,PHILIPS®,Philips Lighting®,583161,Lighting & Fans > Lamps & Bulbs > LED & Incandescent Lamps > Light Bulbs & Lamps,"Signify North America Philips, Led 65W Med Br30 3Pk, 583161 - Part Number: 583",LED 65W MED BR30 3PK,Philips® 583161 Led 65W Med Br30 3Pk,"PHILIPS®, 583161 Led 65W Med BR30 3pk, Package Quantity: 3 pk, Wattage: 65 W",Philips® 583161 Led 65W Med Br30 3Pk,"PHILIPS®, 583161 Led 65W Med BR30 3pk, Package Quantity: 3 pk, Wattage: 65 W",Package Quantity: 3 pk,Wattage: 65 W,,,,,Light Bulbs & Lamps,Package Quantity,3,pk,Wattage,65,W,,,,,,39101600,,1,EA,PHILIPS_583161.jpg,PHILIPS_583161_1.jpg,PHILIPS_583161_2.jpg,PHILIPS_583161_3.jpg,PHILIPS_583161_4.jpg,PHILIPS_583161_Specification_Sheet.pdf,No,Yes
,566695,Industrial MRO,Hardware & Supplies,General Maintenance,566695,566695,566695 60W Led Med 27k 3pk,,Philips,Phillips Lighting (5831),Signify North America,PHILIPS®,Philips Lighting®,566695,Industrial MRO > Hardware & Supplies > General Maintenance > Industrial Supplies,"Signify North America Philips, 60W Led Med 27K 3Pk, 566695 - Part Number: 5666",60W LED MED 27K 3PK,Philips® 566695 60W Led Med 27K 3Pk,"PHILIPS®, 566695 60W Led Med 27k 3pk, Package Quantity: 3 pk, Wattage: 60 W",Philips® 566695 60W Led Med 27K 3Pk,"PHILIPS®, 566695 60W Led Med 27k 3pk, Package Quantity: 3 pk, Wattage: 60 W",Package Quantity: 3 pk,Wattage: 60 W,,,,,Industrial Supplies,Package Quantity,3,pk,Wattage,60,W,,,,,,31160000,,1,EA,PHILIPS_566695.jpg,PHILIPS_566695_1.jpg,PHILIPS_566695_2.jpg,PHILIPS_566695_3.jpg,PHILIPS_566695_4.jpg,PHILIPS_566695_Specification_Sheet.pdf,No,Yes
,577007,Industrial MRO,Hardware & Supplies,General Maintenance,577007,577007,577007 125W Led Med 30k Flood,,Philips,Phillips Lighting (5831),Signify North America,PHILIPS®,Philips Lighting®,577007,Industrial MRO > Hardware & Supplies > General Maintenance > Industrial Supplies,"Signify North America Philips, 125W Led Med 30K Flood, 577007",125W LED MED 30K FLOOD,Philips® 577007 125W Led Med 30K Flood,"PHILIPS®, 577007 125W Led Med 30k Flood, Wattage: 125 W",Philips® 577007 125W Led Med 30K Flood,"PHILIPS®, 577007 125W Led Med 30k Flood, Wattage: 125 W",Wattage: 125 W,,,,,,Industrial Supplies,Wattage,125,W,,,,,,,,,31160000,,1,EA,PHILIPS_577007.jpg,PHILIPS_577007_1.jpg,PHILIPS_577007_2.jpg,PHILIPS_577007_3.jpg,PHILIPS_577007_4.jpg,PHILIPS_577007_Specification_Sheet.pdf,No,Yes
,566653,Industrial MRO,Hardware & Supplies,General Maintenance,566653,566653,566653 25W Led Cand 27k 3pk,,Philips,Phillips Lighting (5831),Signify North America,PHILIPS®,Philips Lighting®,566653,Industrial MRO > Hardware & Supplies > General Maintenance > Industrial Supplies,"Signify North America Philips, 25W Led Cand 27K 3Pk, 566653 - Part Number: 566",25W LED CAND 27K 3PK,Philips® 566653 25W Led Cand 27K 3Pk,"PHILIPS®, 566653 25W Led Cand 27k 3pk, Package Quantity: 3 pk, Wattage: 25 W",Philips® 566653 25W Led Cand 27K 3Pk,"PHILIPS®, 566653 25W Led Cand 27k 3pk, Package Quantity: 3 pk, Wattage: 25 W",Package Quantity: 3 pk,Wattage: 25 W,,,,,Industrial Supplies,Package Quantity,3,pk,Wattage,25,W,,,,,,31160000,,1,EA,PHILIPS_566653.jpg,PHILIPS_566653_1.jpg,PHILIPS_566653_2.jpg,PHILIPS_566653_3.jpg,PHILIPS_566653_4.jpg,PHILIPS_566653_Specification_Sheet.pdf,No,Yes
,566679,Industrial MRO,Hardware & Supplies,General Maintenance,566679,566679,566679 40W Led Med 27k 3pk,,Philips,Phillips Lighting (5831),Signify North America,PHILIPS®,Philips Lighting®,566679,Industrial MRO > Hardware & Supplies > General Maintenance > Industrial Supplies,"Signify North America Philips, 40W Led Med 27K 3Pk, 566679 - Part Number: 5666",40W LED MED 27K 3PK,Philips® 566679 40W Led Med 27K 3Pk,"PHILIPS®, 566679 40W Led Med 27k 3pk, Package Quantity: 3 pk, Wattage: 40 W",Philips® 566679 40W Led Med 27K 3Pk,"PHILIPS®, 566679 40W Led Med 27k 3pk, Package Quantity: 3 pk, Wattage: 40 W",Package Quantity: 3 pk,Wattage: 40 W,,,,,Industrial Supplies,Package Quantity,3,pk,Wattage,40,W,,,,,,31160000,,1,EA,PHILIPS_566679.jpg,PHILIPS_566679_1.jpg,PHILIPS_566679_2.jpg,PHILIPS_566679_3.jpg,PHILIPS_566679_4.jpg,PHILIPS_566679_Specification_Sheet.pdf,No,Yes
,573311,Industrial MRO,Hardware & Supplies,General Maintenance,573311,573311,573311 60W Led Med 27k 2pk,,Philips,Phillips Lighting (5831),Signify North America,PHILIPS®,Philips Lighting®,573311,Industrial MRO > Hardware & Supplies > General Maintenance > Industrial Supplies,"Signify North America Philips, 60W Led Med 27K 2Pk, 573311 - Part Number: 5733",60W LED MED 27K 2PK,Philips® 573311 60W Led Med 27K 2Pk,"PHILIPS®, 573311 60W Led Med 27k 2pk, Package Quantity: 2 pk, Wattage: 60 W",Philips® 573311 60W Led Med 27K 2Pk,"PHILIPS®, 573311 60W Led Med 27k 2pk, Package Quantity: 2 pk, Wattage: 60 W",Package Quantity: 2 pk,Wattage: 60 W,,,,,Industrial Supplies,Package Quantity,2,pk,Wattage,60,W,,,,,,31160000,,1,EA,PHILIPS_573311.jpg,PHILIPS_573311_1.jpg,PHILIPS_573311_2.jpg,PHILIPS_573311_3.jpg,PHILIPS_573311_4.jpg,PHILIPS_573311_Specification_Sheet.pdf,No,Yes
,573394,Industrial MRO,Hardware & Supplies,General Maintenance,573394,573394,573394 60W Led Cand 27k 2pk,,Philips,Phillips Lighting (5831),Signify North America,PHILIPS®,Philips Lighting®,573394,Industrial MRO > Hardware & Supplies > General Maintenance > Industrial Supplies,"Signify North America Philips, 60W Led Cand 27K 2Pk, 573394 - Part Number: 573",60W LED CAND 27K 2PK,Philips® 573394 60W Led Cand 27K 2Pk,"PHILIPS®, 573394 60W Led Cand 27k 2pk, Package Quantity: 2 pk, Wattage: 60 W",Philips® 573394 60W Led Cand 27K 2Pk,"PHILIPS®, 573394 60W Led Cand 27k 2pk, Package Quantity: 2 pk, Wattage: 60 W",Package Quantity: 2 pk,Wattage: 60 W,,,,,Industrial Supplies,Package Quantity,2,pk,Wattage,60,W,,,,,,31160000,,1,EA,PHILIPS_573394.jpg,PHILIPS_573394_1.jpg,PHILIPS_573394_2.jpg,PHILIPS_573394_3.jpg,PHILIPS_573394_4.jpg,PHILIPS_573394_Specification_Sheet.pdf,No,Yes
,573329,Industrial MRO,Hardware & Supplies,General Maintenance,573329,573329,573329 60W Cand Led 27k 2pk,,Philips,Phillips Lighting (5831),Signify North America,PHILIPS®,Philips Lighting®,573329,Industrial MRO > Hardware & Supplies > General Maintenance > Industrial Supplies,"Signify North America Philips, 60W Cand Led 27K 2Pk, 573329 - Part Number: 573",60W CAND LED 27K 2PK,Philips® 573329 60W Cand Led 27K 2Pk,"PHILIPS®, 573329 60W Cand Led 27k 2pk, Package Quantity: 2 pk, Wattage: 60 W",Philips® 573329 60W Cand Led 27K 2Pk,"PHILIPS®, 573329 60W Cand Led 27k 2pk, Package Quantity: 2 pk, Wattage: 60 W",Package Quantity: 2 pk,Wattage: 60 W,,,,,Industrial Supplies,Package Quantity,2,pk,Wattage,60,W,,,,,,31160000,,1,EA,PHILIPS_573329.jpg,PHILIPS_573329_1.jpg,PHILIPS_573329_2.jpg,PHILIPS_573329_3.jpg,PHILIPS_573329_4.jpg,PHILIPS_573329_Specification_Sheet.pdf,No,Yes
,564930,Industrial MRO,Hardware & Supplies,General Maintenance,564930,564930,564930 40W Cand Led 50k 3pk,,Philips,Phillips Lighting (5831),Signify North America,PHILIPS®,Philips Lighting®,564930,Industrial MRO > Hardware & Supplies > General Maintenance > Industrial Supplies,"Signify North America Philips, 40W Cand Led 50K 3Pk, 564930 - Part Number: 564",40W CAND LED 50K 3PK,Philips® 564930 40W Cand Led 50K 3Pk,"PHILIPS®, 564930 40W Cand Led 50k 3pk, Package Quantity: 3 pk, Wattage: 40 W",Philips® 564930 40W Cand Led 50K 3Pk,"PHILIPS®, 564930 40W Cand Led 50k 3pk, Package Quantity: 3 pk, Wattage: 40 W",Package Quantity: 3 pk,Wattage: 40 W,,,,,Industrial Supplies,Package Quantity,3,pk,Wattage,40,W,,,,,,31160000,,1,EA,PHILIPS_564930.jpg,PHILIPS_564930_1.jpg,PHILIPS_564930_2.jpg,PHILIPS_564930_3.jpg,PHILIPS_564930_4.jpg,PHILIPS_564930_Specification_Sheet.pdf,No,Yes
,565000,Industrial MRO,Hardware & Supplies,General Maintenance,565000,565000,565000 60W Led Med 27k 2pk,,Philips,Phillips Lighting (5831),Signify North America,PHILIPS®,Philips Lighting®,565000,Industrial MRO > Hardware & Supplies > General Maintenance > Industrial Supplies,"Signify North America Philips, 60W Led Med 27K 2Pk, 565000 - Part Number: 5650",60W LED MED 27K 2PK,Philips® 565000 60W Led Med 27K 2Pk,"PHILIPS®, 565000 60W Led Med 27k 2pk, Package Quantity: 2 pk, Wattage: 60 W",Philips® 565000 60W Led Med 27K 2Pk,"PHILIPS®, 565000 60W Led Med 27k 2pk, Package Quantity: 2 pk, Wattage: 60 W",Package Quantity: 2 pk,Wattage: 60 W,,,,,Industrial Supplies,Package Quantity,2,pk,Wattage,60,W,,,,,,31160000,,1,EA,PHILIPS_565000.jpg,PHILIPS_565000_1.jpg,PHILIPS_565000_2.jpg,PHILIPS_565000_3.jpg,PHILIPS_565000_4.jpg,PHILIPS_565000_Specification_Sheet.pdf,No,Yes
,564922,Industrial MRO,Hardware & Supplies,General Maintenance,564922,564922,564922 60W Led BA11 50k 3pk,,Philips,Phillips Lighting (5831),Signify North America,PHILIPS®,Philips Lighting®,564922,Industrial MRO > Hardware & Supplies > General Maintenance > Industrial Supplies,"Signify North America Philips, 60W Led Ba11 50K 3Pk, 564922 - Part Number: 564",60W LED BA11 50K 3PK,Philips® 564922 60W Led Ba11 50K 3Pk,"PHILIPS®, 564922 60W Led BA11 50k 3pk, Package Quantity: 3 pk, Wattage: 60 W",Philips® 564922 60W Led Ba11 50K 3Pk,"PHILIPS®, 564922 60W Led BA11 50k 3pk, Package Quantity: 3 pk, Wattage: 60 W",Package Quantity: 3 pk,Wattage: 60 W,,,,,Industrial Supplies,Package Quantity,3,pk,Wattage,60,W,,,,,,31160000,,1,EA,PHILIPS_564922.jpg,PHILIPS_564922_1.jpg,PHILIPS_564922_2.jpg,PHILIPS_564922_3.jpg,PHILIPS_564922_4.jpg,PHILIPS_564922_Specification_Sheet.pdf,No,Yes
,573295,Industrial MRO,Hardware & Supplies,General Maintenance,573295,573295,573295 40W Led Med 27k 2pk,,Philips,Phillips Lighting (5831),Signify North America,PHILIPS®,Philips Lighting®,573295,Industrial MRO > Hardware & Supplies > General Maintenance > Industrial Supplies,"Signify North America Philips, 40W Led Med 27K 2Pk, 573295 - Part Number: 5732",40W LED MED 27K 2PK,Philips® 573295 40W Led Med 27K 2Pk,"PHILIPS®, 573295 40W Led Med 27k 2pk, Package Quantity: 2 pk, Wattage: 40 W",Philips® 573295 40W Led Med 27K 2Pk,"PHILIPS®, 573295 40W Led Med 27k 2pk, Package Quantity: 2 pk, Wattage: 40 W",Package Quantity: 2 pk,Wattage: 40 W,,,,,Industrial Supplies,Package Quantity,2,pk,Wattage,40,W,,,,,,31160000,,1,EA,PHILIPS_573295.jpg,PHILIPS_573295_1.jpg,PHILIPS_573295_2.jpg,PHILIPS_573295_3.jpg,PHILIPS_573295_4.jpg,PHILIPS_573295_Specification_Sheet.pdf,No,Yes
,564914,Industrial MRO,Hardware & Supplies,General Maintenance,564914,564914,564914 60W Med Led 50k 2pk,,Philips,Phillips Lighting (5831),Signify North America,PHILIPS®,Philips Lighting®,564914,Industrial MRO > Hardware & Supplies > General Maintenance > Industrial Supplies,"Signify North America Philips, 60W Med Led 50K 2Pk, 564914 - Part Number: 5649",60W MED LED 50K 2PK,Philips® 564914 60W Med Led 50K 2Pk,"PHILIPS®, 564914 60W Med Led 50k 2pk, Package Quantity: 2 pk, Wattage: 60 W",Philips® 564914 60W Med Led 50K 2Pk,"PHILIPS®, 564914 60W Med Led 50k 2pk, Package Quantity: 2 pk, Wattage: 60 W",Package Quantity: 2 pk,Wattage: 60 W,,,,,Industrial Supplies,Package Quantity,2,pk,Wattage,60,W,,,,,,31160000,,1,EA,PHILIPS_564914.jpg,PHILIPS_564914_1.jpg,PHILIPS_564914_2.jpg,PHILIPS_564914_3.jpg,PHILIPS_564914_4.jpg,PHILIPS_564914_Specification_Sheet.pdf,No,Yes
,573485,Lighting & Fans,Lamps & Bulbs,LED & Incandescent Lamps,573485,573485,573485 60W Led A19 Med 50k 2pk,,Philips,Phillips Lighting (5831),Signify North America,PHILIPS®,Philips Lighting®,573485,Lighting & Fans > Lamps & Bulbs > LED & Incandescent Lamps > Light Bulbs & Lamps,"Signify North America Philips, 60W Led A19 Med 50K 2Pk, 573485",60W LED A19 MED 50K 2PK,Philips® 573485 60W Led A19 Med 50K 2Pk,"PHILIPS®, 573485 60W Led A19 Med 50k 2pk, Package Quantity: 2 pk, Wattage: 60 W",Philips® 573485 60W Led A19 Med 50K 2Pk,"PHILIPS®, 573485 60W Led A19 Med 50k 2pk, Package Quantity: 2 pk, Wattage: 60 W",Package Quantity: 2 pk,Wattage: 60 W,,,,,Light Bulbs & Lamps,Package Quantity,2,pk,Wattage,60,W,,,,,,39101600,,1,EA,PHILIPS_573485.jpg,PHILIPS_573485_1.jpg,PHILIPS_573485_2.jpg,PHILIPS_573485_3.jpg,PHILIPS_573485_4.jpg,PHILIPS_573485_Specification_Sheet.pdf,No,Yes
,573337,Industrial MRO,Hardware & Supplies,General Maintenance,573337,573337,573337 40W Led G25 Med 50k 2pk,,Philips,Phillips Lighting (5831),Signify North America,PHILIPS®,Philips Lighting®,573337,Industrial MRO > Hardware & Supplies > General Maintenance > Industrial Supplies,"Signify North America Philips, 40W Led G25 Med 50K 2Pk, 573337",40W LED G25 MED 50K 2PK,Philips® 573337 40W Led G25 Med 50K 2Pk,"PHILIPS®, 573337 40W Led G25 Med 50k 2pk, Package Quantity: 2 pk, Wattage: 40 W",Philips® 573337 40W Led G25 Med 50K 2Pk,"PHILIPS®, 573337 40W Led G25 Med 50k 2pk, Package Quantity: 2 pk, Wattage: 40 W",Package Quantity: 2 pk,Wattage: 40 W,,,,,Industrial Supplies,Package Quantity,2,pk,Wattage,40,W,,,,,,31160000,,1,EA,PHILIPS_573337.jpg,PHILIPS_573337_1.jpg,PHILIPS_573337_2.jpg,PHILIPS_573337_3.jpg,PHILIPS_573337_4.jpg,PHILIPS_573337_Specification_Sheet.pdf,No,Yes
,544874,Lighting & Fans,Lamps & Bulbs,LED & Incandescent Lamps,544874,544874,544874 32W Led T8 UBulb 40k,,Philips,Phillips Lighting (5831),Signify North America,PHILIPS®,Philips Lighting®,544874,Lighting & Fans > Lamps & Bulbs > LED & Incandescent Lamps > Light Bulbs & Lamps,"Signify North America Philips, 32W Led T8 Ubulb 40K, 544874 - Part Number: 544",32W LED T8 UBULB 40K,Philips® 544874 32W Led T8 Ubulb 40K,"PHILIPS®, 544874 32W Led T8 UBulb 40k, Wattage: 32 W",Philips® 544874 32W Led T8 Ubulb 40K,"PHILIPS®, 544874 32W Led T8 UBulb 40k, Wattage: 32 W",Wattage: 32 W,,,,,,Light Bulbs & Lamps,Wattage,32,W,,,,,,,,,39101600,,1,EA,PHILIPS_544874.jpg,PHILIPS_544874_1.jpg,PHILIPS_544874_2.jpg,PHILIPS_544874_3.jpg,PHILIPS_544874_4.jpg,PHILIPS_544874_Specification_Sheet.pdf,No,Yes
,570846,Industrial MRO,Hardware & Supplies,General Maintenance,570846,570846,570846 50W Led Med 22K 2pk,,Philips,Phillips Lighting (5831),Signify North America,PHILIPS®,Philips Lighting®,570846,Industrial MRO > Hardware & Supplies > General Maintenance > Industrial Supplies,"Signify North America Philips, 50W Led Med 22K 2Pk, 570846 - Part Number: 5708",50W LED MED 22K 2PK,Philips® 570846 50W Led Med 22K 2Pk,"PHILIPS®, 570846 50W Led Med 22K 2pk, Package Quantity: 2 pk, Wattage: 50 W",Philips® 570846 50W Led Med 22K 2Pk,"PHILIPS®, 570846 50W Led Med 22K 2pk, Package Quantity: 2 pk, Wattage: 50 W",Package Quantity: 2 pk,Wattage: 50 W,,,,,Industrial Supplies,Package Quantity,2,pk,Wattage,50,W,,,,,,31160000,,1,EA,PHILIPS_570846.jpg,PHILIPS_570846_1.jpg,PHILIPS_570846_2.jpg,PHILIPS_570846_3.jpg,PHILIPS_570846_4.jpg,PHILIPS_570846_Specification_Sheet.pdf,No,Yes
,565473,Lighting & Fans,Lamps & Bulbs,LED & Incandescent Lamps,565473,565473,565473 60W Led A19 Bulb 2pk,,Philips,Phillips Lighting (5831),Signify North America,PHILIPS®,Philips Lighting®,565473,Lighting & Fans > Lamps & Bulbs > LED & Incandescent Lamps > Light Bulbs & Lamps,"Signify North America Philips, 60W Led A19 Bulb 2Pk, 565473 - Part Number: 565",60W LED A19 BULB 2PK,Philips® 565473 60W Led A19 Bulb 2Pk,"PHILIPS®, 565473 60W Led A19 Bulb 2pk, Package Quantity: 2 pk, Wattage: 60 W",Philips® 565473 60W Led A19 Bulb 2Pk,"PHILIPS®, 565473 60W Led A19 Bulb 2pk, Package Quantity: 2 pk, Wattage: 60 W",Package Quantity: 2 pk,Wattage: 60 W,,,,,Light Bulbs & Lamps,Package Quantity,2,pk,Wattage,60,W,,,,,,39101600,,1,EA,PHILIPS_565473.jpg,PHILIPS_565473_1.jpg,PHILIPS_565473_2.jpg,PHILIPS_565473_3.jpg,PHILIPS_565473_4.jpg,PHILIPS_565473_Specification_Sheet.pdf,No,Yes
,573402,Industrial MRO,Hardware & Supplies,General Maintenance,573402,573402,573402 60W Led Med 50k 2pk,,Philips,Phillips Lighting (5831),Signify North America,PHILIPS®,Philips Lighting®,573402,Industrial MRO > Hardware & Supplies > General Maintenance > Industrial Supplies,"Signify North America Philips, 60W Led Med 50K 2Pk, 573402 - Part Number: 5734",60W LED MED 50K 2PK,Philips® 573402 60W Led Med 50K 2Pk,"PHILIPS®, 573402 60W Led Med 50k 2pk, Package Quantity: 2 pk, Wattage: 60 W",Philips® 573402 60W Led Med 50K 2Pk,"PHILIPS®, 573402 60W Led Med 50k 2pk, Package Quantity: 2 pk, Wattage: 60 W",Package Quantity: 2 pk,Wattage: 60 W,,,,,Industrial Supplies,Package Quantity,2,pk,Wattage,60,W,,,,,,31160000,,1,EA,PHILIPS_573402.jpg,PHILIPS_573402_1.jpg,PHILIPS_573402_2.jpg,PHILIPS_573402_3.jpg,PHILIPS_573402_4.jpg,PHILIPS_573402_Specification_Sheet.pdf,No,Yes
,573352,Industrial MRO,Hardware & Supplies,General Maintenance,573352,573352,573352 40W Led Med 27k 2pk,,Philips,Phillips Lighting (5831),Signify North America,PHILIPS®,Philips Lighting®,573352,Industrial MRO > Hardware & Supplies > General Maintenance > Industrial Supplies,"Signify North America Philips, 40W Led Med 27K 2Pk, 573352 - Part Number: 5733",40W LED MED 27K 2PK,Philips® 573352 40W Led Med 27K 2Pk,"PHILIPS®, 573352 40W Led Med 27k 2pk, Package Quantity: 2 pk, Wattage: 40 W",Philips® 573352 40W Led Med 27K 2Pk,"PHILIPS®, 573352 40W Led Med 27k 2pk, Package Quantity: 2 pk, Wattage: 40 W",Package Quantity: 2 pk,Wattage: 40 W,,,,,Industrial Supplies,Package Quantity,2,pk,Wattage,40,W,,,,,,31160000,,1,EA,PHILIPS_573352.jpg,PHILIPS_573352_1.jpg,PHILIPS_573352_2.jpg,PHILIPS_573352_3.jpg,PHILIPS_573352_4.jpg,PHILIPS_573352_Specification_Sheet.pdf,No,Yes
,573428,Industrial MRO,Hardware & Supplies,General Maintenance,573428,573428,573428 40W Med Led 50k 2pk,,Philips,Phillips Lighting (5831),Signify North America,PHILIPS®,Philips Lighting®,573428,Industrial MRO > Hardware & Supplies > General Maintenance > Industrial Supplies,"Signify North America Philips, 40W Med Led 50K 2Pk, 573428 - Part Number: 5734",40W MED LED 50K 2PK,Philips® 573428 40W Med Led 50K 2Pk,"PHILIPS®, 573428 40W Med Led 50k 2pk, Package Quantity: 2 pk, Wattage: 40 W",Philips® 573428 40W Med Led 50K 2Pk,"PHILIPS®, 573428 40W Med Led 50k 2pk, Package Quantity: 2 pk, Wattage: 40 W",Package Quantity: 2 pk,Wattage: 40 W,,,,,Industrial Supplies,Package Quantity,2,pk,Wattage,40,W,,,,,,31160000,,1,EA,PHILIPS_573428.jpg,PHILIPS_573428_1.jpg,PHILIPS_573428_2.jpg,PHILIPS_573428_3.jpg,PHILIPS_573428_4.jpg,PHILIPS_573428_Specification_Sheet.pdf,No,Yes
,573386,Industrial MRO,Hardware & Supplies,General Maintenance,573386,573386,573386 60W Led Med 27k 2pk,,Philips,Phillips Lighting (5831),Signify North America,PHILIPS®,Philips Lighting®,573386,Industrial MRO > Hardware & Supplies > General Maintenance > Industrial Supplies,"Signify North America Philips, 60W Led Med 27K 2Pk, 573386 - Part Number: 5733",60W LED MED 27K 2PK,Philips® 573386 60W Led Med 27K 2Pk,"PHILIPS®, 573386 60W Led Med 27k 2pk, Package Quantity: 2 pk, Wattage: 60 W",Philips® 573386 60W Led Med 27K 2Pk,"PHILIPS®, 573386 60W Led Med 27k 2pk, Package Quantity: 2 pk, Wattage: 60 W",Package Quantity: 2 pk,Wattage: 60 W,,,,,Industrial Supplies,Package Quantity,2,pk,Wattage,60,W,,,,,,31160000,,1,EA,PHILIPS_573386.jpg,PHILIPS_573386_1.jpg,PHILIPS_573386_2.jpg,PHILIPS_573386_3.jpg,PHILIPS_573386_4.jpg,PHILIPS_573386_Specification_Sheet.pdf,No,Yes
,564948,Industrial MRO,Hardware & Supplies,General Maintenance,564948,564948,564948 40W Led Med 50k 3pk,,Philips,Phillips Lighting (5831),Signify North America,PHILIPS®,Philips Lighting®,564948,Industrial MRO > Hardware & Supplies > General Maintenance > Industrial Supplies,"Signify North America Philips, 40W Led Med 50K 3Pk, 564948 - Part Number: 5649",40W LED MED 50K 3PK,Philips® 564948 40W Led Med 50K 3Pk,"PHILIPS®, 564948 40W Led Med 50k 3pk, Package Quantity: 3 pk, Wattage: 40 W",Philips® 564948 40W Led Med 50K 3Pk,"PHILIPS®, 564948 40W Led Med 50k 3pk, Package Quantity: 3 pk, Wattage: 40 W",Package Quantity: 3 pk,Wattage: 40 W,,,,,Industrial Supplies,Package Quantity,3,pk,Wattage,40,W,,,,,,31160000,,1,EA,PHILIPS_564948.jpg,PHILIPS_564948_1.jpg,PHILIPS_564948_2.jpg,PHILIPS_564948_3.jpg,PHILIPS_564948_4.jpg,PHILIPS_564948_Specification_Sheet.pdf,No,Yes
,573303,Industrial MRO,Hardware & Supplies,General Maintenance,573303,573303,573303 40W Led Cand 27k 2pk,,Philips,Phillips Lighting (5831),Signify North America,PHILIPS®,Philips Lighting®,573303,Industrial MRO > Hardware & Supplies > General Maintenance > Industrial Supplies,"Signify North America Philips, 40W Led Cand 27K 2Pk, 573303 - Part Number: 573",40W LED CAND 27K 2PK,Philips® 573303 40W Led Cand 27K 2Pk,"PHILIPS®, 573303 40W Led Cand 27k 2pk, Package Quantity: 2 pk, Wattage: 40 W",Philips® 573303 40W Led Cand 27K 2Pk,"PHILIPS®, 573303 40W Led Cand 27k 2pk, Package Quantity: 2 pk, Wattage: 40 W",Package Quantity: 2 pk,Wattage: 40 W,,,,,Industrial Supplies,Package Quantity,2,pk,Wattage,40,W,,,,,,31160000,,1,EA,PHILIPS_573303.jpg,PHILIPS_573303_1.jpg,PHILIPS_573303_2.jpg,PHILIPS_573303_3.jpg,PHILIPS_573303_4.jpg,PHILIPS_573303_Specification_Sheet.pdf,No,Yes
,573188,Lighting & Fans,Lamps & Bulbs,LED & Incandescent Lamps,573188,573188,573188 250W Led Par38 Med 50k,,Philips,Phillips Lighting (5831),Signify North America,PHILIPS®,Philips Lighting®,573188,Lighting & Fans > Lamps & Bulbs > LED & Incandescent Lamps > Light Bulbs & Lamps,"Signify North America Philips, 250W Led Par38 Med 50K, 573188",250W LED PAR38 MED 50K,Philips® 573188 250W Led Par38 Med 50K,"PHILIPS®, 573188 250W Led Par38 Med 50k, Wattage: 250 W",Philips® 573188 250W Led Par38 Med 50K,"PHILIPS®, 573188 250W Led Par38 Med 50k, Wattage: 250 W",Wattage: 250 W,,,,,,Light Bulbs & Lamps,Wattage,250,W,,,,,,,,,39101600,,1,EA,PHILIPS_573188.jpg,PHILIPS_573188_1.jpg,PHILIPS_573188_2.jpg,PHILIPS_573188_3.jpg,PHILIPS_573188_4.jpg,PHILIPS_573188_Specification_Sheet.pdf,No,Yes
,573469,Lighting & Fans,Lamps & Bulbs,LED & Incandescent Lamps,573469,573469,573469 40W Led A19 Med 50k 2pk,,Philips,Phillips Lighting (5831),Signify North America,PHILIPS®,Philips Lighting®,573469,Lighting & Fans > Lamps & Bulbs > LED & Incandescent Lamps > Light Bulbs & Lamps,"Signify North America Philips, 40W Led A19 Med 50K 2Pk, 573469",40W LED A19 MED 50K 2PK,Philips® 573469 40W Led A19 Med 50K 2Pk,"PHILIPS®, 573469 40W Led A19 Med 50k 2pk, Package Quantity: 2 pk, Wattage: 40 W",Philips® 573469 40W Led A19 Med 50K 2Pk,"PHILIPS®, 573469 40W Led A19 Med 50k 2pk, Package Quantity: 2 pk, Wattage: 40 W",Package Quantity: 2 pk,Wattage: 40 W,,,,,Light Bulbs & Lamps,Package Quantity,2,pk,Wattage,40,W,,,,,,39101600,,1,EA,PHILIPS_573469.jpg,PHILIPS_573469_1.jpg,PHILIPS_573469_2.jpg,PHILIPS_573469_3.jpg,PHILIPS_573469_4.jpg,PHILIPS_573469_Specification_Sheet.pdf,No,Yes
,565671,Industrial MRO,Hardware & Supplies,General Maintenance,565671,565671,565671 25W Led Med 20K,,Philips,Phillips Lighting (5831),Signify North America,PHILIPS®,Philips Lighting®,565671,Industrial MRO > Hardware & Supplies > General Maintenance > Industrial Supplies,"Signify North America Philips, 25W Led Med 20K, 565671 - Part Number: 565671",25W LED MED 20K,Philips® 565671 25W Led Med 20K,"PHILIPS®, 565671 25W Led Med 20K, Wattage: 25 W",Philips® 565671 25W Led Med 20K,"PHILIPS®, 565671 25W Led Med 20K, Wattage: 25 W",Wattage: 25 W,,,,,,Industrial Supplies,Wattage,25,W,,,,,,,,,31160000,,1,EA,PHILIPS_565671.jpg,PHILIPS_565671_1.jpg,PHILIPS_565671_2.jpg,PHILIPS_565671_3.jpg,PHILIPS_565671_4.jpg,PHILIPS_565671_Specification_Sheet.pdf,No,Yes
,573204,Lighting & Fans,Lamps & Bulbs,LED & Incandescent Lamps,573204,573204,573204 75W Led Par20 Med 50k,,Philips,Phillips Lighting (5831),Signify North America,PHILIPS®,Philips Lighting®,573204,Lighting & Fans > Lamps & Bulbs > LED & Incandescent Lamps > Light Bulbs & Lamps,"Signify North America Philips, 75W Led Par20 Med 50K, 573204",75W LED PAR20 MED 50K,Philips® 573204 75W Led Par20 Med 50K,"PHILIPS®, 573204 75W Led Par20 Med 50k, Wattage: 75 W",Philips® 573204 75W Led Par20 Med 50K,"PHILIPS®, 573204 75W Led Par20 Med 50k, Wattage: 75 W",Wattage: 75 W,,,,,,Light Bulbs & Lamps,Wattage,75,W,,,,,,,,,39101600,,1,EA,PHILIPS_573204.jpg,PHILIPS_573204_1.jpg,PHILIPS_573204_2.jpg,PHILIPS_573204_3.jpg,PHILIPS_573204_4.jpg,PHILIPS_573204_Specification_Sheet.pdf,No,Yes
,581199,Industrial MRO,Hardware & Supplies,General Maintenance,581199,581199,581199 60W Led Med 2pk,,Philips,Phillips Lighting (5831),Signify North America,PHILIPS®,Philips Lighting®,581199,Industrial MRO > Hardware & Supplies > General Maintenance > Industrial Supplies,"Signify North America Philips, 60W Led Med 2Pk, 581199 - Part Number: 581199",60W LED MED 2PK,Philips® 581199 60W Led Med 2Pk,"PHILIPS®, 581199 60W Led Med 2pk, Package Quantity: 2 pk, Wattage: 60 W",Philips® 581199 60W Led Med 2Pk,"PHILIPS®, 581199 60W Led Med 2pk, Package Quantity: 2 pk, Wattage: 60 W",Package Quantity: 2 pk,Wattage: 60 W,,,,,Industrial Supplies,Package Quantity,2,pk,Wattage,60,W,,,,,,31160000,,1,EA,PHILIPS_581199.jpg,PHILIPS_581199_1.jpg,PHILIPS_581199_2.jpg,PHILIPS_581199_3.jpg,PHILIPS_581199_4.jpg,PHILIPS_581199_Specification_Sheet.pdf,No,Yes
,565887,Industrial MRO,Hardware & Supplies,General Maintenance,565887,565887,565887 60W Led Med 20k,,Philips,Phillips Lighting (5831),Signify North America,PHILIPS®,Philips Lighting®,565887,Industrial MRO > Hardware & Supplies > General Maintenance > Industrial Supplies,"Signify North America Philips, 60W Led Med 20K, 565887 - Part Number: 565887",60W LED MED 20K,Philips® 565887 60W Led Med 20K,"PHILIPS®, 565887 60W Led Med 20k, Wattage: 60 W",Philips® 565887 60W Led Med 20K,"PHILIPS®, 565887 60W Led Med 20k, Wattage: 60 W",Wattage: 60 W,,,,,,Industrial Supplies,Wattage,60,W,,,,,,,,,31160000,,1,EA,PHILIPS_565887.jpg,PHILIPS_565887_1.jpg,PHILIPS_565887_2.jpg,PHILIPS_565887_3.jpg,PHILIPS_565887_4.jpg,PHILIPS_565887_Specification_Sheet.pdf,No,Yes
,586867,Industrial MRO,Hardware & Supplies,General Maintenance,586867,586867,586867 60W Led Med 27K,,Philips,Phillips Lighting (5831),Signify North America,PHILIPS®,Philips Lighting®,586867,Industrial MRO > Hardware & Supplies > General Maintenance > Industrial Supplies,"Signify North America Philips, 60W Led Med 27K, 586867 - Part Number: 586867",60W LED MED 27K,Philips® 586867 60W Led Med 27K,"PHILIPS®, 586867 60W Led Med 27K, Wattage: 60 W",Philips® 586867 60W Led Med 27K,"PHILIPS®, 586867 60W Led Med 27K, Wattage: 60 W",Wattage: 60 W,,,,,,Industrial Supplies,Wattage,60,W,,,,,,,,,31160000,,1,EA,PHILIPS_586867.jpg,PHILIPS_586867_1.jpg,PHILIPS_586867_2.jpg,PHILIPS_586867_3.jpg,PHILIPS_586867_4.jpg,PHILIPS_586867_Specification_Sheet.pdf,No,Yes
,568451,Industrial MRO,Hardware & Supplies,General Maintenance,568451,568451,5686451 50W Led Med 50k 2pk,,Philips,Phillips Lighting (5831),Signify North America,PHILIPS®,Philips Lighting®,568451,Industrial MRO > Hardware & Supplies > General Maintenance > Industrial Supplies,"Signify North America Philips, 5686451 50W Led Med 50K 2Pk, 568451",5686451 50W LED MED 50K 2PK,Philips® 568451 5686451 50W Led Med 50K 2Pk,"PHILIPS®, 5686451 50W Led Med 50k 2pk, Part Number: 568451, Package Quantity: 2 pk, Wattage: 50 W",Philips® 568451 5686451 50W Led Med 50K 2Pk,"PHILIPS®, 5686451 50W Led Med 50k 2pk, Part Number: 568451, Package Quantity: 2 pk, Wattage: 50 W",Package Quantity: 2 pk,Wattage: 50 W,,,,,Industrial Supplies,Package Quantity,2,pk,Wattage,50,W,,,,,,31160000,,1,EA,PHILIPS_568451.jpg,PHILIPS_568451_1.jpg,PHILIPS_568451_2.jpg,PHILIPS_568451_3.jpg,PHILIPS_568451_4.jpg,PHILIPS_568451_Specification_Sheet.pdf,No,Yes
,568444,Lighting & Fans,Lamps & Bulbs,LED & Incandescent Lamps,568444,568444,568444 90W Led Par38 50k 2pk,,Philips,Phillips Lighting (5831),Signify North America,PHILIPS®,Philips Lighting®,568444,Lighting & Fans > Lamps & Bulbs > LED & Incandescent Lamps > Light Bulbs & Lamps,"Signify North America Philips, 90W Led Par38 50K 2Pk, 568444",90W LED PAR38 50K 2PK,Philips® 568444 90W Led Par38 50K 2Pk,"PHILIPS®, 568444 90W Led Par38 50k 2pk, Package Quantity: 2 pk, Wattage: 90 W",Philips® 568444 90W Led Par38 50K 2Pk,"PHILIPS®, 568444 90W Led Par38 50k 2pk, Package Quantity: 2 pk, Wattage: 90 W",Package Quantity: 2 pk,Wattage: 90 W,,,,,Light Bulbs & Lamps,Package Quantity,2,pk,Wattage,90,W,,,,,,39101600,,1,EA,PHILIPS_568444.jpg,PHILIPS_568444_1.jpg,PHILIPS_568444_2.jpg,PHILIPS_568444_3.jpg,PHILIPS_568444_4.jpg,PHILIPS_568444_Specification_Sheet.pdf,No,Yes
,573196,Industrial MRO,Hardware & Supplies,General Maintenance,573196,573196,573196 75W Led Med 30K,,Philips,Phillips Lighting (5831),Signify North America,PHILIPS®,Philips Lighting®,573196,Industrial MRO > Hardware & Supplies > General Maintenance > Industrial Supplies,"Signify North America Philips, 75W Led Med 30K, 573196 - Part Number: 573196",75W LED MED 30K,Philips® 573196 75W Led Med 30K,"PHILIPS®, 573196 75W Led Med 30K, Wattage: 75 W",Philips® 573196 75W Led Med 30K,"PHILIPS®, 573196 75W Led Med 30K, Wattage: 75 W",Wattage: 75 W,,,,,,Industrial Supplies,Wattage,75,W,,,,,,,,,31160000,,1,EA,PHILIPS_573196.jpg,PHILIPS_573196_1.jpg,PHILIPS_573196_2.jpg,PHILIPS_573196_3.jpg,PHILIPS_573196_4.jpg,PHILIPS_573196_Specification_Sheet.pdf,No,Yes
,564500,Industrial MRO,Hardware & Supplies,General Maintenance,564500,564500,564500 75W Adj Base 50k 3pk,,Philips,Phillips Lighting (5831),Signify North America,PHILIPS®,Philips Lighting®,564500,Industrial MRO > Hardware & Supplies > General Maintenance > Industrial Supplies,"Signify North America Philips, 75W Adj Base 50K 3Pk, 564500 - Part Number: 564",75W ADJ BASE 50K 3PK,Philips® 564500 75W Adj Base 50K 3Pk,"PHILIPS®, 564500 75W Adj Base 50k 3pk, Package Quantity: 3 pk, Wattage: 75 W",Philips® 564500 75W Adj Base 50K 3Pk,"PHILIPS®, 564500 75W Adj Base 50k 3pk, Package Quantity: 3 pk, Wattage: 75 W",Package Quantity: 3 pk,Wattage: 75 W,,,,,Industrial Supplies,Package Quantity,3,pk,Wattage,75,W,,,,,,31160000,,1,EA,PHILIPS_564500.jpg,PHILIPS_564500_1.jpg,PHILIPS_564500_2.jpg,PHILIPS_564500_3.jpg,PHILIPS_564500_4.jpg,PHILIPS_564500_Specification_Sheet.pdf,No,Yes
,571513,Industrial MRO,Hardware & Supplies,General Maintenance,571513,571513,571513 40/60/100 Led Med 27k,,Philips,Phillips Lighting (5831),Signify North America,PHILIPS®,Philips Lighting®,571513,Industrial MRO > Hardware & Supplies > General Maintenance > Industrial Supplies,"Signify North America Philips, 40/60/100 Led Med 27K, 571513",40/60/100 LED MED 27K,Philips® 571513 40/60/100 Led Med 27K,"PHILIPS®, 571513 40/60/100 Led Med 27k",Philips® 571513 40/60/100 Led Med 27K,"PHILIPS®, 571513 40/60/100 Led Med 27k",,,,,,,Industrial Supplies,,,,,,,,,,,,31160000,,1,EA,PHILIPS_571513.jpg,PHILIPS_571513_1.jpg,PHILIPS_571513_2.jpg,PHILIPS_571513_3.jpg,PHILIPS_571513_4.jpg,PHILIPS_571513_Specification_Sheet.pdf,No,Yes
,588566,Industrial MRO,Hardware & Supplies,General Maintenance,588566,588566,588566 40W Led Med 55k 3pk,,Philips,Phillips Lighting (5831),Signify North America,PHILIPS®,Philips Lighting®,588566,Industrial MRO > Hardware & Supplies > General Maintenance > Industrial Supplies,"Signify North America Philips, 40W Led Med 55K 3Pk, 588566 - Part Number: 5885",40W LED MED 55K 3PK,Philips® 588566 40W Led Med 55K 3Pk,"PHILIPS®, 588566 40W Led Med 55k 3pk, Package Quantity: 3 pk, Wattage: 40 W",Philips® 588566 40W Led Med 55K 3Pk,"PHILIPS®, 588566 40W Led Med 55k 3pk, Package Quantity: 3 pk, Wattage: 40 W",Package Quantity: 3 pk,Wattage: 40 W,,,,,Industrial Supplies,Package Quantity,3,pk,Wattage,40,W,,,,,,31160000,,1,EA,PHILIPS_588566.jpg,PHILIPS_588566_1.jpg,PHILIPS_588566_2.jpg,PHILIPS_588566_3.jpg,PHILIPS_588566_4.jpg,PHILIPS_588566_Specification_Sheet.pdf,No,Yes
,565655,Lighting & Fans,Lamps & Bulbs,LED & Incandescent Lamps,565655,565655,565655 25W Led A15 Med 20k,,Philips,Phillips Lighting (5831),Signify North America,PHILIPS®,Philips Lighting®,565655,Lighting & Fans > Lamps & Bulbs > LED & Incandescent Lamps > Light Bulbs & Lamps,"Signify North America Philips, 25W Led A15 Med 20K, 565655 - Part Number: 5656",25W LED A15 MED 20K,Philips® 565655 25W Led A15 Med 20K,"PHILIPS®, 565655 25W Led A15 Med 20k, Wattage: 25 W",Philips® 565655 25W Led A15 Med 20K,"PHILIPS®, 565655 25W Led A15 Med 20k, Wattage: 25 W",Wattage: 25 W,,,,,,Light Bulbs & Lamps,Wattage,25,W,,,,,,,,,39101600,,1,EA,PHILIPS_565655.jpg,PHILIPS_565655_1.jpg,PHILIPS_565655_2.jpg,PHILIPS_565655_3.jpg,PHILIPS_565655_4.jpg,PHILIPS_565655_Specification_Sheet.pdf,No,Yes
,565812,Industrial MRO,Hardware & Supplies,General Maintenance,565812,565812,565812 60W Med Led 50k,,Philips,Phillips Lighting (5831),Signify North America,PHILIPS®,Philips Lighting®,565812,Industrial MRO > Hardware & Supplies > General Maintenance > Industrial Supplies,"Signify North America Philips, 60W Med Led 50K, 565812 - Part Number: 565812",60W MED LED 50K,Philips® 565812 60W Med Led 50K,"PHILIPS®, 565812 60W Med Led 50k, Wattage: 60 W",Philips® 565812 60W Med Led 50K,"PHILIPS®, 565812 60W Med Led 50k, Wattage: 60 W",Wattage: 60 W,,,,,,Industrial Supplies,Wattage,60,W,,,,,,,,,31160000,,1,EA,PHILIPS_565812.jpg,PHILIPS_565812_1.jpg,PHILIPS_565812_2.jpg,PHILIPS_565812_3.jpg,PHILIPS_565812_4.jpg,PHILIPS_565812_Specification_Sheet.pdf,No,Yes
,586917,Industrial MRO,Hardware & Supplies,General Maintenance,586917,586917,586917 40W Led Cand 27K 2pk,,Philips,Phillips Lighting (5831),Signify North America,PHILIPS®,Philips Lighting®,586917,Industrial MRO > Hardware & Supplies > General Maintenance > Industrial Supplies,"Signify North America Philips, 40W Led Cand 27K 2Pk, 586917 - Part Number: 586",40W LED CAND 27K 2PK,Philips® 586917 40W Led Cand 27K 2Pk,"PHILIPS®, 586917 40W Led Cand 27K 2pk, Package Quantity: 2 pk, Wattage: 40 W",Philips® 586917 40W Led Cand 27K 2Pk,"PHILIPS®, 586917 40W Led Cand 27K 2pk, Package Quantity: 2 pk, Wattage: 40 W",Package Quantity: 2 pk,Wattage: 40 W,,,,,Industrial Supplies,Package Quantity,2,pk,Wattage,40,W,,,,,,31160000,,1,EA,PHILIPS_586917.jpg,PHILIPS_586917_1.jpg,PHILIPS_586917_2.jpg,PHILIPS_586917_3.jpg,PHILIPS_586917_4.jpg,PHILIPS_586917_Specification_Sheet.pdf,No,Yes
,46719,Lighting & Fans,Luminaires,Commercial & Residential Lighting,46719,46719,49719 Wall Light Motion Wh,,,Maxsa Innovations (MAXIN),Maxsa Innovations,Maxsa Innovations,,46719,Lighting & Fans > Luminaires > Commercial & Residential Lighting > Light Fixtures,"Maxsa Innovations, 49719 Wall Light Motion Wh, 46719 - Part Number: 46719",49719 WALL LIGHT MOTION WH,Maxsa Innovations 46719 49719 Wall Light Motion Wh,"Maxsa Innovations, 49719 Wall Light Motion Wh, Part Number: 46719, Finish / Color: White",Maxsa Innovations 46719 49719 Wall Light Motion Wh,"Maxsa Innovations, 49719 Wall Light Motion Wh, Part Number: 46719, Finish / Color: White",Finish / Color: White,,,,,,Light Fixtures,Finish / Color,White,,,,,,,,,,39111500,,1,EA,MAXSAINNOVATIONS_46719.jpg,MAXSAINNOVATIONS_46719_1.jpg,MAXSAINNOVATIONS_46719_2.jpg,MAXSAINNOVATIONS_46719_3.jpg,MAXSAINNOVATIONS_46719_4.jpg,MAXSAINNOVATIONS_46719_Specification_Sheet.pdf,No,Yes
,59061BSL,Lighting & Fans,Luminaires,Commercial & Residential Lighting,59061BSL,59061BSL,59061BSL Kichler Ext Wall Lt,,,Kichler Lighting (KICLI),Kichler Lighting LLC,KICHLER®,Kichler®,59061BSL,Lighting & Fans > Luminaires > Commercial & Residential Lighting > Light Fixtures,"Kichler Lighting Llc Kichler, Kichler Ext Wall Lt, 59061Bsl - Part Number: 590",KICHLER EXT WALL LT,Kichler® 59061Bsl Kichler Ext Wall Lt,"KICHLER®, 59061BSL Kichler Ext Wall Lt",Kichler® 59061Bsl Kichler Ext Wall Lt,"KICHLER®, 59061BSL Kichler Ext Wall Lt",,,,,,,Light Fixtures,,,,,,,,,,,,39111500,,1,EA,KICHLER_59061BSL.jpg,KICHLER_59061BSL_1.jpg,KICHLER_59061BSL_2.jpg,KICHLER_59061BSL_3.jpg,KICHLER_59061BSL_4.jpg,KICHLER_59061BSL_Specification_Sheet.pdf,No,Yes
,59062BSL,Lighting & Fans,Luminaires,Commercial & Residential Lighting,59062BSL,59062BSL,59062BSL Kichler Ext Wall Lt,,,Kichler Lighting (KICLI),Kichler Lighting LLC,KICHLER®,Kichler®,59062BSL,Lighting & Fans > Luminaires > Commercial & Residential Lighting > Light Fixtures,"Kichler Lighting Llc Kichler, Kichler Ext Wall Lt, 59062Bsl - Part Number: 590",KICHLER EXT WALL LT,Kichler® 59062Bsl Kichler Ext Wall Lt,"KICHLER®, 59062BSL Kichler Ext Wall Lt",Kichler® 59062Bsl Kichler Ext Wall Lt,"KICHLER®, 59062BSL Kichler Ext Wall Lt",,,,,,,Light Fixtures,,,,,,,,,,,,39111500,,1,EA,KICHLER_59062BSL.jpg,KICHLER_59062BSL_1.jpg,KICHLER_59062BSL_2.jpg,KICHLER_59062BSL_3.jpg,KICHLER_59062BSL_4.jpg,KICHLER_59062BSL_Specification_Sheet.pdf,No,Yes
,59124BKT,Lighting & Fans,Luminaires,Commercial & Residential Lighting,59124BKT,59124BKT,59124BKT Kichler Ext Wall Lt,,,Kichler Lighting (KICLI),Kichler Lighting LLC,KICHLER®,Kichler®,59124BKT,Lighting & Fans > Luminaires > Commercial & Residential Lighting > Light Fixtures,"Kichler Lighting Llc Kichler, Kichler Ext Wall Lt, 59124Bkt - Part Number: 591",KICHLER EXT WALL LT,Kichler® 59124Bkt Kichler Ext Wall Lt,"KICHLER®, 59124BKT Kichler Ext Wall Lt",Kichler® 59124Bkt Kichler Ext Wall Lt,"KICHLER®, 59124BKT Kichler Ext Wall Lt",,,,,,,Light Fixtures,,,,,,,,,,,,39111500,,1,EA,KICHLER_59124BKT.jpg,KICHLER_59124BKT_1.jpg,KICHLER_59124BKT_2.jpg,KICHLER_59124BKT_3.jpg,KICHLER_59124BKT_4.jpg,KICHLER_59124BKT_Specification_Sheet.pdf,No,Yes
,59025BK,Lighting & Fans,Luminaires,Commercial & Residential Lighting,59025BK,59025BK,59025BK Kichler Post Lt,,,Kichler Lighting (KICLI),Kichler Lighting LLC,KICHLER®,Kichler®,59025BK,Lighting & Fans > Luminaires > Commercial & Residential Lighting > Light Fixtures,"Kichler Lighting LLC, Kichler Lighting Llc Kichler, Kichler Post Lt, 59025Bk",KICHLER POST LT,Kichler® 59025Bk Kichler Post Lt,"KICHLER®, 59025BK Kichler Post Lt",Kichler® 59025Bk Kichler Post Lt,"KICHLER®, 59025BK Kichler Post Lt",,,,,,,Light Fixtures,,,,,,,,,,,,39111500,,1,EA,KICHLER_59025BK.jpg,KICHLER_59025BK_1.jpg,KICHLER_59025BK_2.jpg,KICHLER_59025BK_3.jpg,KICHLER_59025BK_4.jpg,KICHLER_59025BK_Specification_Sheet.pdf,No,Yes
https://www.dewalt.com/product/DCL183,DCL183,Industrial MRO,Hardware & Supplies,General Maintenance,DCL183,DCL183,Dewalt DCL183 Light - Rechargeable,,DEWALT,Black & Decker/dewlt (2585),Stanley Black & Decker,DEWALT®,Guaranteed Tough®,DCL183,Industrial MRO > Hardware & Supplies > General Maintenance > Industrial Supplies,"Stanley Black & Decker Dewalt, Dewalt Dcl183 Light, Rechargeable, Dcl183",DEWALT DCL183 LIGHT - RECHARGEABLE,Dewalt® Dcl183 Dewalt Dcl183 Light - Rechargeable,"DEWALT®, Dewalt DCL183 Light - Rechargeable",Dewalt® Dcl183 Dewalt Dcl183 Light - Rechargeable,"DEWALT®, Dewalt DCL183 Light - Rechargeable",,,,,,,Industrial Supplies,,,,,,,,,,,,31160000,,1,EA,DEWALT_DCL183.jpg,DEWALT_DCL183_1.jpg,DEWALT_DCL183_2.jpg,DEWALT_DCL183_3.jpg,DEWALT_DCL183_4.jpg,DEWALT_DCL183_Specification_Sheet.pdf,No,Yes
,73020,Lighting & Fans,Luminaires,Commercial & Residential Lighting,73020,73020,73020 Nano Clip Light Bk,,,Streamlight (7277),Streamlight,Streamlight,,73020,Lighting & Fans > Luminaires > Commercial & Residential Lighting > Light Fixtures,"Streamlight, Nano Clip Light Bk, 73020 - Part Number: 73020 ",NANO CLIP LIGHT BK,Streamlight 73020 Nano Clip Light Bk,"Streamlight, 73020 Nano Clip Light Bk, Finish / Color: Black",Streamlight 73020 Nano Clip Light Bk,"Streamlight, 73020 Nano Clip Light Bk, Finish / Color: Black",Finish / Color: Black,,,,,,Light Fixtures,Finish / Color,Black,,,,,,,,,,39111500,,1,EA,STREAMLIGHT_73020.jpg,STREAMLIGHT_73020_1.jpg,STREAMLIGHT_73020_2.jpg,STREAMLIGHT_73020_3.jpg,STREAMLIGHT_73020_4.jpg,STREAMLIGHT_73020_Specification_Sheet.pdf,No,Yes
,NEB-FLT-1021,Industrial MRO,Hardware & Supplies,General Maintenance,NEB-FLT-1021,NEB-FLT-1021,NEBFLT1021 Slyde King FlashLt,,,ACG Brands (1154),ACG Brands,ACG Brands,,NEB-FLT-1021,Industrial MRO > Hardware & Supplies > General Maintenance > Industrial Supplies,"ACG Brands, Acg Brands, Nebflt1021 Slyde King Flashlt, Neb-Flt-1021",NEBFLT1021 SLYDE KING FLASHLT,Acg Brands Neb-Flt-1021 Nebflt1021 Slyde King Flashlt,"ACG Brands, NEBFLT1021 Slyde King FlashLt, Part Number: NEB-FLT-1021",Acg Brands Neb-Flt-1021 Nebflt1021 Slyde King Flashlt,"ACG Brands, NEBFLT1021 Slyde King FlashLt, Part Number: NEB-FLT-1021",,,,,,,Industrial Supplies,,,,,,,,,,,,31160000,,1,EA,ACGBRANDS_NEB-FLT-1021.jpg,ACGBRANDS_NEB-FLT-1021_1.jpg,ACGBRANDS_NEB-FLT-1021_2.jpg,ACGBRANDS_NEB-FLT-1021_3.jpg,ACGBRANDS_NEB-FLT-1021_4.jpg,ACGBRANDS_NEB-FLT-1021_Specification_Sheet.pdf,No,Yes
,NEB-FLT-0053,Industrial MRO,Hardware & Supplies,General Maintenance,NEB-FLT-0053,NEB-FLT-0053,NEBFLT0053 2600L Flash Light,,,ACG Brands (1154),ACG Brands,ACG Brands,,NEB-FLT-0053,Industrial MRO > Hardware & Supplies > General Maintenance > Industrial Supplies,"ACG Brands, Acg Brands, Nebflt0053 2600L Flash Light, Neb-Flt-0053",NEBFLT0053 2600L FLASH LIGHT,Acg Brands Neb-Flt-0053 Nebflt0053 2600L Flash Light,"ACG Brands, NEBFLT0053 2600L Flash Light, Part Number: NEB-FLT-0053",Acg Brands Neb-Flt-0053 Nebflt0053 2600L Flash Light,"ACG Brands, NEBFLT0053 2600L Flash Light, Part Number: NEB-FLT-0053",,,,,,,Industrial Supplies,,,,,,,,,,,,31160000,,1,EA,ACGBRANDS_NEB-FLT-0053.jpg,ACGBRANDS_NEB-FLT-0053_1.jpg,ACGBRANDS_NEB-FLT-0053_2.jpg,ACGBRANDS_NEB-FLT-0053_3.jpg,ACGBRANDS_NEB-FLT-0053_4.jpg,ACGBRANDS_NEB-FLT-0053_Specification_Sheet.pdf,No,Yes
,97708,Lighting & Fans,Luminaires,Commercial & Residential Lighting,97708,97708,97708 Police 800L Headlight,,Police Security,Police Security (9470),Police Security,Police Security,,97708,Lighting & Fans > Luminaires > Commercial & Residential Lighting > Light Fixtures,"Police Security, Police 800L Headlight, 97708 - Part Number: 97708",POLICE 800L HEADLIGHT,Police Security 97708 Police 800L Headlight,"Police Security, 97708 Police 800L Headlight",Police Security 97708 Police 800L Headlight,"Police Security, 97708 Police 800L Headlight",,,,,,,Light Fixtures,,,,,,,,,,,,39111500,,1,EA,POLICESECURITY_97708.jpg,POLICESECURITY_97708_1.jpg,POLICESECURITY_97708_2.jpg,POLICESECURITY_97708_3.jpg,POLICESECURITY_97708_4.jpg,POLICESECURITY_97708_Specification_Sheet.pdf,No,Yes
,WORK6000XLTPPLUG,Lighting & Fans,Luminaires,Commercial & Residential Lighting,WORK6000XLTPPLUG,WORK6000XLTPPLUG,6000L Twin Head Work Light,,Feit Electric,Feit Electric (3468),Feit Electric,Feit Electric,,WORK6000XLTPPLUG,Lighting & Fans > Luminaires > Commercial & Residential Lighting > Light Fixtures,"Feit Electric, 6000L Twin Head Work Light, Work6000Xltpplug - Part Number: WOR",6000L TWIN HEAD WORK LIGHT,Feit Electric Work6000Xltpplug 6000L Twin Head Work Light,"Feit Electric, 6000L Twin Head Work Light, Part Number: WORK6000XLTPPLUG",Feit Electric Work6000Xltpplug 6000L Twin Head Work Light,"Feit Electric, 6000L Twin Head Work Light, Part Number: WORK6000XLTPPLUG",,,,,,,Light Fixtures,,,,,,,,,,,,39111500,,1,EA,FEITELECTRIC_WORK6000XLTPPLUG.jpg,FEITELECTRIC_WORK6000XLTPPLUG_1.jpg,FEITELECTRIC_WORK6000XLTPPLUG_2.jpg,FEITELECTRIC_WORK6000XLTPPLUG_3.jpg,FEITELECTRIC_WORK6000XLTPPLUG_4.jpg,FEITELECTRIC_WORK6000XLTPPLUG_Specification_Sheet.pdf,No,Yes
,HOM2040M200PRB,Electrical,Power Distribution,Load Centers,HOM2040M200PRB,HOM2040M200PRB,HOM2040M200PRB 200A Load Cntr,,,Square D Con Prod Dv (6825),Schneider Electric,SQUARE D®,Homeline®,HOM2040M200PRB,Electrical > Power Distribution > Load Centers > Residential Load Centers,"Schneider Electric Square D, 200A Load Cntr, Hom2040M200Prb - Part Number: HOM",200A LOAD CNTR,Square D® Hom2040M200Prb 200A Load Cntr,"SQUARE D®, HOM2040M200PRB 200A Load Cntr, Amperage: 200 A",Square D® Hom2040M200Prb 200A Load Cntr,"SQUARE D®, HOM2040M200PRB 200A Load Cntr, Amperage: 200 A",Amperage: 200 A,,,,,,Residential Load Centers,Amperage,200,A,,,,,,,,,39121101,,1,EA,SQUARED_HOM2040M200PRB.jpg,SQUARED_HOM2040M200PRB_1.jpg,SQUARED_HOM2040M200PRB_2.jpg,SQUARED_HOM2040M200PRB_3.jpg,SQUARED_HOM2040M200PRB_4.jpg,SQUARED_HOM2040M200PRB_Specification_Sheet.pdf,No,Yes
,HOM3060L225PGC,Electrical,Power Distribution,Load Centers,HOM3060L225PGC,HOM3060L225PGC,HOM3060L225PGC 225 Load Center,,Square D,Square D Con Prod Dv (6825),Schneider Electric,SQUARE D®,Homeline®,HOM3060L225PGC,Electrical > Power Distribution > Load Centers > Residential Load Centers,"Schneider Electric Square D, 225 Load Center, Hom3060L225Pgc",225 LOAD CENTER,Square D® Hom3060L225Pgc 225 Load Center,"SQUARE D®, HOM3060L225PGC 225 Load Center",Square D® Hom3060L225Pgc 225 Load Center,"SQUARE D®, HOM3060L225PGC 225 Load Center",,,,,,,Residential Load Centers,,,,,,,,,,,,39121101,,1,EA,SQUARED_HOM3060L225PGC.jpg,SQUARED_HOM3060L225PGC_1.jpg,SQUARED_HOM3060L225PGC_2.jpg,SQUARED_HOM3060L225PGC_3.jpg,SQUARED_HOM3060L225PGC_4.jpg,SQUARED_HOM3060L225PGC_Specification_Sheet.pdf,No,Yes
,QO612L100RBCP,Electrical,Power Distribution,Load Centers,QO612L100RBCP,QO612L100RBCP,QO612L100RBCP 100A Load Center,,Square D,Square D Con Prod Dv (6825),Schneider Electric,SQUARE D®,Homeline®,QO612L100RBCP,Electrical > Power Distribution > Load Centers > Residential Load Centers,"Schneider Electric Square D, 100A Load Center, Qo612L100Rbcp",100A LOAD CENTER,Square D® Qo612L100Rbcp 100A Load Center,"SQUARE D®, QO612L100RBCP 100A Load Center, Amperage: 100 A",Square D® Qo612L100Rbcp 100A Load Center,"SQUARE D®, QO612L100RBCP 100A Load Center, Amperage: 100 A",Amperage: 100 A,,,,,,Residential Load Centers,Amperage,100,A,,,,,,,,,39121101,,1,EA,SQUARED_QO612L100RBCP.jpg,SQUARED_QO612L100RBCP_1.jpg,SQUARED_QO612L100RBCP_2.jpg,SQUARED_QO612L100RBCP_3.jpg,SQUARED_QO612L100RBCP_4.jpg,SQUARED_QO612L100RBCP_Specification_Sheet.pdf,No,Yes
,13093005,Electrical,Wire & Cable,Building Wire,13093005,13093005,4/0 Aluminum Entrance Cable (Linear Foot),,,Southwire/g Turner (6603),Southwire Company LLC,SOUTHWIRE®,Romex®,13093005,Electrical > Wire & Cable > Building Wire > Electrical Wire & Cable,"Southwire Company Llc Southwire, 4/0 Aluminum Entrance Cable (Linear Foot),",4/0 ALUMINUM ENTRANCE CABLE (LINEAR,Southwire® 13093005 4/0 Aluminum Entrance Cable (Linear Foot),"SOUTHWIRE®, 4/0 Aluminum Entrance Cable (Linear Foot), Part Number: 13093005, Material: Aluminum",Southwire® 13093005 4/0 Aluminum Entrance Cable (Linear Foot),"SOUTHWIRE®, 4/0 Aluminum Entrance Cable (Linear Foot), Part Number: 13093005, Material: Aluminum",Material: Aluminum,,,,,,Electrical Wire & Cable,Material,Aluminum,,,,,,,,,,26121600,,1,EA,SOUTHWIRE_13093005.jpg,SOUTHWIRE_13093005_1.jpg,SOUTHWIRE_13093005_2.jpg,SOUTHWIRE_13093005_3.jpg,SOUTHWIRE_13093005_4.jpg,SOUTHWIRE_13093005_Specification_Sheet.pdf,No,Yes
,12-4 SO,Electrical,Wire & Cable,Building Wire,12-4 SO,12-4 SO,12-4 SO Cord (Linear Foot),,,-,Generic Manufacturer,-- Unbranded --,,12-4 SO,Electrical > Wire & Cable > Building Wire > Electrical Wire & Cable,"Generic Manufacturer -- Unbranded --, Cord (Linear Foot), 12-4 So",CORD (LINEAR FOOT),-- Unbranded -- 12-4 So Cord (Linear Foot),"-- Unbranded --, 12-4 SO Cord (Linear Foot)",-- Unbranded -- 12-4 So Cord (Linear Foot),"-- Unbranded --, 12-4 SO Cord (Linear Foot)",,,,,,,Electrical Wire & Cable,,,,,,,,,,,,26121600,,1,EA,UNBRANDED_12-4 SO.jpg,UNBRANDED_12-4 SO_1.jpg,UNBRANDED_12-4 SO_2.jpg,UNBRANDED_12-4 SO_3.jpg,UNBRANDED_12-4 SO_4.jpg,UNBRANDED_12-4 SO_Specification_Sheet.pdf,No,Yes
,96263-46-06,Electrical,Wire & Cable,Building Wire,96263-46-06,96263-46-06,96263-46-06 CAT5E Wire (Linear Foot),,,Woods Wire Southwire (7579),Southwire Company LLC,SOUTHWIRE®,Romex®,96263-46-06,Electrical > Wire & Cable > Building Wire > Electrical Wire & Cable,"Southwire Company Llc Southwire, Cat5E Wire (Linear Foot), 96263-46-06",CAT5E WIRE (LINEAR FOOT),Southwire® 96263-46-06 Cat5E Wire (Linear Foot),"SOUTHWIRE®, 96263-46-06 CAT5E Wire (Linear Foot)",Southwire® 96263-46-06 Cat5E Wire (Linear Foot),"SOUTHWIRE®, 96263-46-06 CAT5E Wire (Linear Foot)",,,,,,,Electrical Wire & Cable,,,,,,,,,,,,26121600,,1,EA,SOUTHWIRE_96263-46-06.jpg,SOUTHWIRE_96263-46-06_1.jpg,SOUTHWIRE_96263-46-06_2.jpg,SOUTHWIRE_96263-46-06_3.jpg,SOUTHWIRE_96263-46-06_4.jpg,SOUTHWIRE_96263-46-06_Specification_Sheet.pdf,No,Yes
,R50003-ID,Electrical,Wire & Cable,Building Wire,R50003-ID,R50003-ID,16-2 Stranded Wire CL3 500' (Linear Foot),,,Southwire/g Turner (6603),Southwire Company LLC,SOUTHWIRE®,Romex®,R50003-ID,Electrical > Wire & Cable > Building Wire > Electrical Wire & Cable,"Southwire Company Llc Southwire, 16, 2 Stranded Wire Cl3 500' (Linear Foot),",16-2 STRANDED WIRE CL3 500' (LINEAR,Southwire® R50003-Id 16-2 Stranded Wire Cl3 500' (Linear Foot),"SOUTHWIRE®, 16-2 Stranded Wire CL3 500' (Linear Foot), Part Number: R50003-ID",Southwire® R50003-Id 16-2 Stranded Wire Cl3 500' (Linear Foot),"SOUTHWIRE®, 16-2 Stranded Wire CL3 500' (Linear Foot), Part Number: R50003-ID",,,,,,,Electrical Wire & Cable,,,,,,,,,,,,26121600,,1,EA,SOUTHWIRE_R50003-ID.jpg,SOUTHWIRE_R50003-ID_1.jpg,SOUTHWIRE_R50003-ID_2.jpg,SOUTHWIRE_R50003-ID_3.jpg,SOUTHWIRE_R50003-ID_4.jpg,SOUTHWIRE_R50003-ID_Specification_Sheet.pdf,No,Yes
,10-4 SO,Electrical,Wire & Cable,Building Wire,10-4 SO,10-4 SO,10-4 SO Cord (Linear Foot),,,Southwire/g Turner (6603),Southwire Company LLC,SOUTHWIRE®,Romex®,10-4 SO,Electrical > Wire & Cable > Building Wire > Electrical Wire & Cable,"Southwire Company Llc Southwire, Cord (Linear Foot), 10-4 So",CORD (LINEAR FOOT),Southwire® 10-4 So Cord (Linear Foot),"SOUTHWIRE®, 10-4 SO Cord (Linear Foot)",Southwire® 10-4 So Cord (Linear Foot),"SOUTHWIRE®, 10-4 SO Cord (Linear Foot)",,,,,,,Electrical Wire & Cable,,,,,,,,,,,,26121600,,1,EA,SOUTHWIRE_10-4 SO.jpg,SOUTHWIRE_10-4 SO_1.jpg,SOUTHWIRE_10-4 SO_2.jpg,SOUTHWIRE_10-4 SO_3.jpg,SOUTHWIRE_10-4 SO_4.jpg,SOUTHWIRE_10-4 SO_Specification_Sheet.pdf,No,Yes
,23346-0408,Electrical,Wire & Cable,Building Wire,23346-0408,23346-0408,23346-0408 Wire 16/3 SJEWA 250 (Linear Foot),,,-,Generic Manufacturer,-- Unbranded --,,23346-0408,Electrical > Wire & Cable > Building Wire > Electrical Wire & Cable,"Generic Manufacturer -- Unbranded --, Wire 16/3 Sjewa 250 (Linear Foot),",WIRE 16/3 SJEWA 250 (LINEAR FOOT),-- Unbranded -- 23346-0408 Wire 16/3 Sjewa 250 (Linear Foot),"-- Unbranded --, 23346-0408 Wire 16/3 SJEWA 250 (Linear Foot)",-- Unbranded -- 23346-0408 Wire 16/3 Sjewa 250 (Linear Foot),"-- Unbranded --, 23346-0408 Wire 16/3 SJEWA 250 (Linear Foot)",,,,,,,Electrical Wire & Cable,,,,,,,,,,,,26121600,,1,EA,UNBRANDED_23346-0408.jpg,UNBRANDED_23346-0408_1.jpg,UNBRANDED_23346-0408_2.jpg,UNBRANDED_23346-0408_3.jpg,UNBRANDED_23346-0408_4.jpg,UNBRANDED_23346-0408_Specification_Sheet.pdf,No,Yes
,2/2/4 UD ALUM,Electrical,Wire & Cable,Building Wire,2/2/4 UD ALUM,2/2/4 UD ALUM,2/2/4 UD Aluminum Triplex Wire (Linear Foot),,,Southwire/g Turner (6603),Southwire Company LLC,SOUTHWIRE®,Romex®,2/2/4 UD ALUM,Electrical > Wire & Cable > Building Wire > Electrical Wire & Cable,"Southwire Company Llc Southwire, Inum Triplex Wire (Linear Foot), 2/2/4 Ud Alum",INUM TRIPLEX WIRE (LINEAR FOOT),Southwire® 2/2/4 Ud Alum Inum Triplex Wire (Linear Foot),"SOUTHWIRE®, 2/2/4 UD Aluminum Triplex Wire (Linear Foot), Part Number: 2/2/4 UD ALUM, Material: Aluminum",Southwire® 2/2/4 Ud Alum Inum Triplex Wire (Linear Foot),"SOUTHWIRE®, 2/2/4 UD Aluminum Triplex Wire (Linear Foot), Part Number: 2/2/4 UD ALUM, Material: Aluminum",Material: Aluminum,,,,,,Electrical Wire & Cable,Material,Aluminum,,,,,,,,,,26121600,,1,EA,SOUTHWIRE_2/2/4 UD ALUM.jpg,SOUTHWIRE_2/2/4 UD ALUM_1.jpg,SOUTHWIRE_2/2/4 UD ALUM_2.jpg,SOUTHWIRE_2/2/4 UD ALUM_3.jpg,SOUTHWIRE_2/2/4 UD ALUM_4.jpg,SOUTHWIRE_2/2/4 UD ALUM_Specification_Sheet.pdf,No,Yes
,55418901,Electrical,Wire & Cable,Building Wire,55418901,55418901,6/6/6 UD Triplex Aluminum Wire,,,Southwire/g Turner (6603),Southwire Company LLC,SOUTHWIRE®,Romex®,55418901,Electrical > Wire & Cable > Building Wire > Electrical Wire & Cable,"Southwire Company Llc Southwire, 6/6/6 Ud Triplex Aluminum Wire, 55418901",6/6/6 UD TRIPLEX ALUMINUM WIRE,Southwire® 55418901 6/6/6 Ud Triplex Aluminum Wire,"SOUTHWIRE®, 6/6/6 UD Triplex Aluminum Wire, Part Number: 55418901, Material: Aluminum",Southwire® 55418901 6/6/6 Ud Triplex Aluminum Wire,"SOUTHWIRE®, 6/6/6 UD Triplex Aluminum Wire, Part Number: 55418901, Material: Aluminum",Material: Aluminum,,,,,,Electrical Wire & Cable,Material,Aluminum,,,,,,,,,,26121600,,1,EA,SOUTHWIRE_55418901.jpg,SOUTHWIRE_55418901_1.jpg,SOUTHWIRE_55418901_2.jpg,SOUTHWIRE_55418901_3.jpg,SOUTHWIRE_55418901_4.jpg,SOUTHWIRE_55418901_Specification_Sheet.pdf,No,Yes
,CG50K,Electrical,Wiring Devices,Switches & Outlets,CG50K,CG50K,"CG50K 1/2"" Cord Grip Kit",,,Fenton Bros Electric Inc (FENBR),Fenton Bros Electric Inc,Fenton Bros Electric Inc,,CG50K,Electrical > Wiring Devices > Switches & Outlets > Wiring Devices & Controls,"Fenton Bros Electric Inc, 1/2"" Cord Grip Kit, Cg50K - Part Number: CG50K","1/2"" CORD GRIP KIT","Fenton Bros Electric Inc Cg50K 1/2"" Cord Grip Kit","Fenton Bros Electric Inc, CG50K 1/2"" Cord Grip Kit","Fenton Bros Electric Inc Cg50K 1/2"" Cord Grip Kit","Fenton Bros Electric Inc, CG50K 1/2"" Cord Grip Kit",,,,,,,Wiring Devices & Controls,,,,,,,,,,,,39122200,,1,EA,FENTONBROSELECTRICINC_CG50K.jpg,FENTONBROSELECTRICINC_CG50K_1.jpg,FENTONBROSELECTRICINC_CG50K_2.jpg,FENTONBROSELECTRICINC_CG50K_3.jpg,FENTONBROSELECTRICINC_CG50K_4.jpg,FENTONBROSELECTRICINC_CG50K_Specification_Sheet.pdf,No,Yes
,R02-D215P-1RW,Electrical,Wiring Devices,Switches & Outlets,R02-D215P-1RW,R02-D215P-1RW,R02D215P1RW 15A Mini Outlet Wh,,Leviton,Leviton Mfg Co (4927),Leviton Manufacturing Co Inc,LEVITON®,Decora®,R02-D215P-1RW,Electrical > Wiring Devices > Switches & Outlets > Wiring Devices & Controls,"Leviton Manufacturing Co Inc Leviton, R02D215P1Rw 15A Mini Outlet Wh,",R02D215P1RW 15A MINI OUTLET WH,Leviton® R02-D215P-1Rw R02D215P1Rw 15A Mini Outlet Wh,"LEVITON®, R02D215P1RW 15A Mini Outlet Wh, Part Number: R02-D215P-1RW, Amperage: 15 A, Finish / Color: White",Leviton® R02-D215P-1Rw R02D215P1Rw 15A Mini Outlet Wh,"LEVITON®, R02D215P1RW 15A Mini Outlet Wh, Part Number: R02-D215P-1RW, Amperage: 15 A, Finish / Color: White",Amperage: 15 A,Finish / Color: White,,,,,Wiring Devices & Controls,Amperage,15,A,Finish / Color,White,,,,,,,39122200,,1,EA,LEVITON_R02-D215P-1RW.jpg,LEVITON_R02-D215P-1RW_1.jpg,LEVITON_R02-D215P-1RW_2.jpg,LEVITON_R02-D215P-1RW_3.jpg,LEVITON_R02-D215P-1RW_4.jpg,LEVITON_R02-D215P-1RW_Specification_Sheet.pdf,No,Yes
,PBUC013,Industrial MRO,Hardware & Supplies,General Maintenance,PBUC013,PBUC013,PBUC013 15A Wall Tap w/USB,,Prime,Prime Wire & Cable (3562),Prime,Prime,,PBUC013,Industrial MRO > Hardware & Supplies > General Maintenance > Industrial Supplies,"Prime, 15A Wall Tap W/Usb, Pbuc013 - Part Number: PBUC013   ",15A WALL TAP W/USB,Prime Pbuc013 15A Wall Tap W/Usb,"Prime, PBUC013 15A Wall Tap w/USB, Amperage: 15 A",Prime Pbuc013 15A Wall Tap W/Usb,"Prime, PBUC013 15A Wall Tap w/USB, Amperage: 15 A",Amperage: 15 A,,,,,,Industrial Supplies,Amperage,15,A,,,,,,,,,31160000,,1,EA,PRIME_PBUC013.jpg,PRIME_PBUC013_1.jpg,PRIME_PBUC013_2.jpg,PRIME_PBUC013_3.jpg,PRIME_PBUC013_4.jpg,PRIME_PBUC013_Specification_Sheet.pdf,No,Yes
,R00-GFNT1-00K,Electrical,Wiring Devices,Switches & Outlets,R00-GFNT1-00K,R00-GFNT1-00K,R00GFNT100K 15A Outlet Br,,Leviton,Leviton Mfg Co (4927),Leviton Manufacturing Co Inc,LEVITON®,Decora®,R00-GFNT1-00K,Electrical > Wiring Devices > Switches & Outlets > Wiring Devices & Controls,"Leviton Manufacturing Co Inc Leviton, R00Gfnt100K 15A Outlet Br, R00-Gfnt1-00K",R00GFNT100K 15A OUTLET BR,Leviton® R00-Gfnt1-00K R00Gfnt100K 15A Outlet Br,"LEVITON®, R00GFNT100K 15A Outlet Br, Part Number: R00-GFNT1-00K, Amperage: 15 A",Leviton® R00-Gfnt1-00K R00Gfnt100K 15A Outlet Br,"LEVITON®, R00GFNT100K 15A Outlet Br, Part Number: R00-GFNT1-00K, Amperage: 15 A",Amperage: 15 A,,,,,,Wiring Devices & Controls,Amperage,15,A,,,,,,,,,39122200,,1,EA,LEVITON_R00-GFNT1-00K.jpg,LEVITON_R00-GFNT1-00K_1.jpg,LEVITON_R00-GFNT1-00K_2.jpg,LEVITON_R00-GFNT1-00K_3.jpg,LEVITON_R00-GFNT1-00K_4.jpg,LEVITON_R00-GFNT1-00K_Specification_Sheet.pdf,No,Yes
,R92-GFWT1-0KW,Electrical,Wiring Devices,Switches & Outlets,R92-GFWT1-0KW,R92-GFWT1-0KW,R92GFWT10KW 15A GFCI Outlet Wh,,Leviton,Leviton Mfg Co (4927),Leviton Manufacturing Co Inc,LEVITON®,Decora®,R92-GFWT1-0KW,Electrical > Wiring Devices > Switches & Outlets > Wiring Devices & Controls,"Leviton Manufacturing Co Inc Leviton, R92Gfwt10Kw 15A Gfci Outlet Wh,",R92GFWT10KW 15A GFCI OUTLET WH,Leviton® R92-Gfwt1-0Kw R92Gfwt10Kw 15A Gfci Outlet Wh,"LEVITON®, R92GFWT10KW 15A GFCI Outlet Wh, Part Number: R92-GFWT1-0KW, Amperage: 15 A, Finish / Color: White",Leviton® R92-Gfwt1-0Kw R92Gfwt10Kw 15A Gfci Outlet Wh,"LEVITON®, R92GFWT10KW 15A GFCI Outlet Wh, Part Number: R92-GFWT1-0KW, Amperage: 15 A, Finish / Color: White",Amperage: 15 A,Finish / Color: White,,,,,Wiring Devices & Controls,Amperage,15,A,Finish / Color,White,,,,,,,39122200,,1,EA,LEVITON_R92-GFWT1-0KW.jpg,LEVITON_R92-GFWT1-0KW_1.jpg,LEVITON_R92-GFWT1-0KW_2.jpg,LEVITON_R92-GFWT1-0KW_3.jpg,LEVITON_R92-GFWT1-0KW_4.jpg,LEVITON_R92-GFWT1-0KW_Specification_Sheet.pdf,No,Yes
,R12-AGTR1-0KW,Electrical,Wiring Devices,Switches & Outlets,R12-AGTR1-0KW,R12-AGTR1-0KW,R12AGTR10KW 15A GFCI Outler Wh,,Leviton,Leviton Mfg Co (4927),Leviton Manufacturing Co Inc,LEVITON®,Decora®,R12-AGTR1-0KW,Electrical > Wiring Devices > Switches & Outlets > Wiring Devices & Controls,"Leviton Manufacturing Co Inc Leviton, R12Agtr10Kw 15A Gfci Outler Wh,",R12AGTR10KW 15A GFCI OUTLER WH,Leviton® R12-Agtr1-0Kw R12Agtr10Kw 15A Gfci Outler Wh,"LEVITON®, R12AGTR10KW 15A GFCI Outler Wh, Part Number: R12-AGTR1-0KW, Amperage: 15 A, Finish / Color: White",Leviton® R12-Agtr1-0Kw R12Agtr10Kw 15A Gfci Outler Wh,"LEVITON®, R12AGTR10KW 15A GFCI Outler Wh, Part Number: R12-AGTR1-0KW, Amperage: 15 A, Finish / Color: White",Amperage: 15 A,Finish / Color: White,,,,,Wiring Devices & Controls,Amperage,15,A,Finish / Color,White,,,,,,,39122200,,1,EA,LEVITON_R12-AGTR1-0KW.jpg,LEVITON_R12-AGTR1-0KW_1.jpg,LEVITON_R12-AGTR1-0KW_2.jpg,LEVITON_R12-AGTR1-0KW_3.jpg,LEVITON_R12-AGTR1-0KW_4.jpg,LEVITON_R12-AGTR1-0KW_Specification_Sheet.pdf,No,Yes
,R62-GFTA1-0KW,Electrical,Wiring Devices,Switches & Outlets,R62-GFTA1-0KW,R62-GFTA1-0KW,R92GFTA10KW 15A GFCI Outlet Wh,,Leviton,Leviton Mfg Co (4927),Leviton Manufacturing Co Inc,LEVITON®,Decora®,R62-GFTA1-0KW,Electrical > Wiring Devices > Switches & Outlets > Wiring Devices & Controls,"Leviton Manufacturing Co Inc Leviton, R92Gfta10Kw 15A Gfci Outlet Wh,",R92GFTA10KW 15A GFCI OUTLET WH,Leviton® R62-Gfta1-0Kw R92Gfta10Kw 15A Gfci Outlet Wh,"LEVITON®, R92GFTA10KW 15A GFCI Outlet Wh, Part Number: R62-GFTA1-0KW, Amperage: 15 A, Finish / Color: White",Leviton® R62-Gfta1-0Kw R92Gfta10Kw 15A Gfci Outlet Wh,"LEVITON®, R92GFTA10KW 15A GFCI Outlet Wh, Part Number: R62-GFTA1-0KW, Amperage: 15 A, Finish / Color: White",Amperage: 15 A,Finish / Color: White,,,,,Wiring Devices & Controls,Amperage,15,A,Finish / Color,White,,,,,,,39122200,,1,EA,LEVITON_R62-GFTA1-0KW.jpg,LEVITON_R62-GFTA1-0KW_1.jpg,LEVITON_R62-GFTA1-0KW_2.jpg,LEVITON_R62-GFTA1-0KW_3.jpg,LEVITON_R62-GFTA1-0KW_4.jpg,LEVITON_R62-GFTA1-0KW_Specification_Sheet.pdf,No,Yes
,165-04729-00C,Electrical,Wiring Devices,Switches & Outlets,165-04729-00C,165-04729-00C,1650472900C 15A 125V Cord Conn,,Leviton,Leviton Mfg Co (4927),Leviton Manufacturing Co Inc,LEVITON®,Decora®,165-04729-00C,Electrical > Wiring Devices > Switches & Outlets > Wiring Devices & Controls,"Leviton Manufacturing Co Inc Leviton, 1650472900C 15A 125V Cord Conn,",1650472900C 15A 125V CORD CONN,Leviton® 165-04729-00C 1650472900C 15A 125V Cord Conn,"LEVITON®, 1650472900C 15A 125V Cord Conn, Part Number: 165-04729-00C, Voltage: 125 V",Leviton® 165-04729-00C 1650472900C 15A 125V Cord Conn,"LEVITON®, 1650472900C 15A 125V Cord Conn, Part Number: 165-04729-00C, Voltage: 125 V",Voltage: 125 V,,,,,,Wiring Devices & Controls,Voltage,125,V,,,,,,,,,39122200,,1,EA,LEVITON_165-04729-00C.jpg,LEVITON_165-04729-00C_1.jpg,LEVITON_165-04729-00C_2.jpg,LEVITON_165-04729-00C_3.jpg,LEVITON_165-04729-00C_4.jpg,LEVITON_165-04729-00C_Specification_Sheet.pdf,No,Yes
,161-04720-00C,Electrical,Wiring Devices,Switches & Outlets,161-04720-00C,161-04720-00C,1610472000C 15A 125V Cord Conn,,Leviton,Leviton Mfg Co (4927),Leviton Manufacturing Co Inc,LEVITON®,Decora®,161-04720-00C,Electrical > Wiring Devices > Switches & Outlets > Wiring Devices & Controls,"Leviton Manufacturing Co Inc Leviton, 1610472000C 15A 125V Cord Conn,",1610472000C 15A 125V CORD CONN,Leviton® 161-04720-00C 1610472000C 15A 125V Cord Conn,"LEVITON®, 1610472000C 15A 125V Cord Conn, Part Number: 161-04720-00C, Voltage: 125 V",Leviton® 161-04720-00C 1610472000C 15A 125V Cord Conn,"LEVITON®, 1610472000C 15A 125V Cord Conn, Part Number: 161-04720-00C, Voltage: 125 V",Voltage: 125 V,,,,,,Wiring Devices & Controls,Voltage,125,V,,,,,,,,,39122200,,1,EA,LEVITON_161-04720-00C.jpg,LEVITON_161-04720-00C_1.jpg,LEVITON_161-04720-00C_2.jpg,LEVITON_161-04720-00C_3.jpg,LEVITON_161-04720-00C_4.jpg,LEVITON_161-04720-00C_Specification_Sheet.pdf,No,Yes
,R02-GUAC1-0BW,Electrical,Wiring Devices,Switches & Outlets,R02-GUAC1-0BW,R02-GUAC1-0BW,R02GUAC10BW 15A/USB Outlet Wh,,Leviton,Leviton Mfg Co (4927),Leviton Manufacturing Co Inc,LEVITON®,Decora®,R02-GUAC1-0BW,Electrical > Wiring Devices > Switches & Outlets > Wiring Devices & Controls,"Leviton Manufacturing Co Inc Leviton, R02Guac10Bw 15A/Usb Outlet Wh,",R02GUAC10BW 15A/USB OUTLET WH,Leviton® R02-Guac1-0Bw R02Guac10Bw 15A/Usb Outlet Wh,"LEVITON®, R02GUAC10BW 15A/USB Outlet Wh, Part Number: R02-GUAC1-0BW, Amperage: 15 A, Finish / Color: White",Leviton® R02-Guac1-0Bw R02Guac10Bw 15A/Usb Outlet Wh,"LEVITON®, R02GUAC10BW 15A/USB Outlet Wh, Part Number: R02-GUAC1-0BW, Amperage: 15 A, Finish / Color: White",Amperage: 15 A,Finish / Color: White,,,,,Wiring Devices & Controls,Amperage,15,A,Finish / Color,White,,,,,,,39122200,,1,EA,LEVITON_R02-GUAC1-0BW.jpg,LEVITON_R02-GUAC1-0BW_1.jpg,LEVITON_R02-GUAC1-0BW_2.jpg,LEVITON_R02-GUAC1-0BW_3.jpg,LEVITON_R02-GUAC1-0BW_4.jpg,LEVITON_R02-GUAC1-0BW_Specification_Sheet.pdf,No,Yes
,R56-CBR15-00T,Electrical,Wiring Devices,Switches & Outlets,R56-CBR15-00T,R56-CBR15-00T,R56CBR1500T 15A Outlet LA,,Leviton,Leviton Mfg Co (4927),Leviton Manufacturing Co Inc,LEVITON®,Decora®,R56-CBR15-00T,Electrical > Wiring Devices > Switches & Outlets > Wiring Devices & Controls,"Leviton Manufacturing Co Inc Leviton, R56Cbr1500T 15A Outlet La, R56-Cbr15-00T",R56CBR1500T 15A OUTLET LA,Leviton® R56-Cbr15-00T R56Cbr1500T 15A Outlet La,"LEVITON®, R56CBR1500T 15A Outlet LA, Part Number: R56-CBR15-00T, Amperage: 15 A",Leviton® R56-Cbr15-00T R56Cbr1500T 15A Outlet La,"LEVITON®, R56CBR1500T 15A Outlet LA, Part Number: R56-CBR15-00T, Amperage: 15 A",Amperage: 15 A,,,,,,Wiring Devices & Controls,Amperage,15,A,,,,,,,,,39122200,,1,EA,LEVITON_R56-CBR15-00T.jpg,LEVITON_R56-CBR15-00T_1.jpg,LEVITON_R56-CBR15-00T_2.jpg,LEVITON_R56-CBR15-00T_3.jpg,LEVITON_R56-CBR15-00T_4.jpg,LEVITON_R56-CBR15-00T_Specification_Sheet.pdf,No,Yes
,R20-05378-P00,Electrical,Wiring Devices,Switches & Outlets,R20-05378-P00,R20-05378-P00,R2005378P00 6-50R Welder Outet,,Leviton,Leviton Mfg Co (4927),Leviton Manufacturing Co Inc,LEVITON®,Decora®,R20-05378-P00,Electrical > Wiring Devices > Switches & Outlets > Wiring Devices & Controls,"Leviton Manufacturing Co Inc Leviton, R2005378P00 6, 50R Welder Outet,",R2005378P00 6-50R WELDER OUTET,Leviton® R20-05378-P00 R2005378P00 6-50R Welder Outet,"LEVITON®, R2005378P00 6-50R Welder Outet, Part Number: R20-05378-P00, Grit: P00",Leviton® R20-05378-P00 R2005378P00 6-50R Welder Outet,"LEVITON®, R2005378P00 6-50R Welder Outet, Part Number: R20-05378-P00, Grit: P00",Grit: P00,,,,,,Wiring Devices & Controls,Grit,P00,,,,,,,,,,39122200,,1,EA,LEVITON_R20-05378-P00.jpg,LEVITON_R20-05378-P00_1.jpg,LEVITON_R20-05378-P00_2.jpg,LEVITON_R20-05378-P00_3.jpg,LEVITON_R20-05378-P00_4.jpg,LEVITON_R20-05378-P00_Specification_Sheet.pdf,No,Yes
,WC1V12W-SG-UPC,Industrial MRO,Hardware & Supplies,General Maintenance,WC1V12W-SG-UPC,WC1V12W-SG-UPC,WC1V12WSGUPC 1G Cover Wh,,Southwire,Southwire/g Turner (6603),Southwire Company LLC,SOUTHWIRE®,Romex®,WC1V12W-SG-UPC,Industrial MRO > Hardware & Supplies > General Maintenance > Industrial Supplies,"Southwire Company Llc Southwire, Wc1V12Wsgupc 1G Cover Wh, Wc1V12W-Sg-Upc",WC1V12WSGUPC 1G COVER WH,Southwire® Wc1V12W-Sg-Upc Wc1V12Wsgupc 1G Cover Wh,"SOUTHWIRE®, WC1V12WSGUPC 1G Cover Wh, Part Number: WC1V12W-SG-UPC, Finish / Color: White",Southwire® Wc1V12W-Sg-Upc Wc1V12Wsgupc 1G Cover Wh,"SOUTHWIRE®, WC1V12WSGUPC 1G Cover Wh, Part Number: WC1V12W-SG-UPC, Finish / Color: White",Finish / Color: White,,,,,,Industrial Supplies,Finish / Color,White,,,,,,,,,,31160000,,1,EA,SOUTHWIRE_WC1V12W-SG-UPC.jpg,SOUTHWIRE_WC1V12W-SG-UPC_1.jpg,SOUTHWIRE_WC1V12W-SG-UPC_2.jpg,SOUTHWIRE_WC1V12W-SG-UPC_3.jpg,SOUTHWIRE_WC1V12W-SG-UPC_4.jpg,SOUTHWIRE_WC1V12W-SG-UPC_Specification_Sheet.pdf,No,Yes
,R51-GSRA1-THD,Electrical,Wiring Devices,Switches & Outlets,R51-GSRA1-THD,R51-GSRA1-THD,R5GSRA1THD 15A GFCI Plug,,Leviton,Leviton Mfg Co (4927),Leviton Manufacturing Co Inc,LEVITON®,Decora®,R51-GSRA1-THD,Electrical > Wiring Devices > Switches & Outlets > Wiring Devices & Controls,"Leviton Manufacturing Co Inc Leviton, R5Gsra1Thd 15A Gfci Plug, R51-Gsra1-Thd",R5GSRA1THD 15A GFCI PLUG,Leviton® R51-Gsra1-Thd R5Gsra1Thd 15A Gfci Plug,"LEVITON®, R5GSRA1THD 15A GFCI Plug, Part Number: R51-GSRA1-THD, Amperage: 15 A",Leviton® R51-Gsra1-Thd R5Gsra1Thd 15A Gfci Plug,"LEVITON®, R5GSRA1THD 15A GFCI Plug, Part Number: R51-GSRA1-THD, Amperage: 15 A",Amperage: 15 A,,,,,,Wiring Devices & Controls,Amperage,15,A,,,,,,,,,39122200,,1,EA,LEVITON_R51-GSRA1-THD.jpg,LEVITON_R51-GSRA1-THD_1.jpg,LEVITON_R51-GSRA1-THD_2.jpg,LEVITON_R51-GSRA1-THD_3.jpg,LEVITON_R51-GSRA1-THD_4.jpg,LEVITON_R51-GSRA1-THD_Specification_Sheet.pdf,No,Yes
,R62-CBR15-00W,Electrical,Wiring Devices,Switches & Outlets,R62-CBR15-00W,R62-CBR15-00W,R62CBR1500W 15A Outlet Wh,,Leviton,Leviton Mfg Co (4927),Leviton Manufacturing Co Inc,LEVITON®,Decora®,R62-CBR15-00W,Electrical > Wiring Devices > Switches & Outlets > Wiring Devices & Controls,"Leviton Manufacturing Co Inc Leviton, R62Cbr1500W 15A Outlet Wh, R62-Cbr15-00W",R62CBR1500W 15A OUTLET WH,Leviton® R62-Cbr15-00W R62Cbr1500W 15A Outlet Wh,"LEVITON®, R62CBR1500W 15A Outlet Wh, Part Number: R62-CBR15-00W, Amperage: 15 A, Wattage: 00 W, Finish / Color: White",Leviton® R62-Cbr15-00W R62Cbr1500W 15A Outlet Wh,"LEVITON®, R62CBR1500W 15A Outlet Wh, Part Number: R62-CBR15-00W, Amperage: 15 A, Wattage: 00 W, Finish / Color: White",Amperage: 15 A,Wattage: 00 W,Finish / Color: White,,,,Wiring Devices & Controls,Amperage,15,A,Wattage,00,W,Finish / Color,White,,,,39122200,,1,EA,LEVITON_R62-CBR15-00W.jpg,LEVITON_R62-CBR15-00W_1.jpg,LEVITON_R62-CBR15-00W_2.jpg,LEVITON_R62-CBR15-00W_3.jpg,LEVITON_R62-CBR15-00W_4.jpg,LEVITON_R62-CBR15-00W_Specification_Sheet.pdf,No,Yes
,S03-05226-IS,Electrical,Wiring Devices,Switches & Outlets,S03-05226-IS,S03-05226-IS,S0305226IS IV Switch / Pilot,,Leviton,Leviton Mfg Co (4927),Leviton Manufacturing Co Inc,LEVITON®,Decora®,S03-05226-IS,Electrical > Wiring Devices > Switches & Outlets > Wiring Devices & Controls,"Leviton Manufacturing Co Inc Leviton, S0305226Is Iv Switch / Pilot, S03-05226-Is",S0305226IS IV SWITCH / PILOT,Leviton® S03-05226-Is S0305226Is Iv Switch / Pilot,"LEVITON®, S0305226IS IV Switch / Pilot, Part Number: S03-05226-IS",Leviton® S03-05226-Is S0305226Is Iv Switch / Pilot,"LEVITON®, S0305226IS IV Switch / Pilot, Part Number: S03-05226-IS",,,,,,,Wiring Devices & Controls,,,,,,,,,,,,39122200,,1,EA,LEVITON_S03-05226-IS.jpg,LEVITON_S03-05226-IS_1.jpg,LEVITON_S03-05226-IS_2.jpg,LEVITON_S03-05226-IS_3.jpg,LEVITON_S03-05226-IS_4.jpg,LEVITON_S03-05226-IS_Specification_Sheet.pdf,No,Yes
,174-0CSB3-15W,Electrical,Wiring Devices,Switches & Outlets,174-0CSB3-15W,174-0CSB3-15W,174-OCSB3-15A Toggle 3-Way Switch Wh,,,Leviton Mfg Co (4927),Leviton Manufacturing Co Inc,LEVITON®,Decora®,174-0CSB3-15W,Electrical > Wiring Devices > Switches & Outlets > Wiring Devices & Controls,"Leviton Manufacturing Co Inc Leviton, 174, Ocsb3, 15A Toggle 3, Way Switch Wh,",174-OCSB3-15A TOGGLE 3-WAY SWITCH WH,Leviton® 174-0Csb3-15W 174-Ocsb3-15A Toggle 3-Way Switch Wh,"LEVITON®, 174-OCSB3-15A Toggle 3-Way Switch Wh, Part Number: 174-0CSB3-15W, Amperage: 15 A, Wattage: 15 W, Finish / Color: White",Leviton® 174-0Csb3-15W 174-Ocsb3-15A Toggle 3-Way Switch Wh,"LEVITON®, 174-OCSB3-15A Toggle 3-Way Switch Wh, Part Number: 174-0CSB3-15W, Amperage: 15 A, Wattage: 15 W, Finish / Color: White",Amperage: 15 A,Wattage: 15 W,Finish / Color: White,,,,Wiring Devices & Controls,Amperage,15,A,Wattage,15,W,Finish / Color,White,,,,39122200,,1,EA,LEVITON_174-0CSB3-15W.jpg,LEVITON_174-0CSB3-15W_1.jpg,LEVITON_174-0CSB3-15W_2.jpg,LEVITON_174-0CSB3-15W_3.jpg,LEVITON_174-0CSB3-15W_4.jpg,LEVITON_174-0CSB3-15W_Specification_Sheet.pdf,No,Yes
,R50-0SL13-000,Electrical,Wiring Devices,Switches & Outlets,R50-0SL13-000,R50-0SL13-000,T50-0SL13000 1G Wallplate SS - Blank,,Leviton,Leviton Mfg Co (4927),Leviton Manufacturing Co Inc,LEVITON®,Decora®,R50-0SL13-000,Electrical > Wiring Devices > Switches & Outlets > Wiring Devices & Controls,"Leviton Manufacturing Co Inc Leviton, T50, 0Sl13000 1G Wallplate Ss, Blank,",T50-0SL13000 1G WALLPLATE SS - BLANK,Leviton® R50-0Sl13-000 T50-0Sl13000 1G Wallplate Ss - Blank,"LEVITON®, T50-0SL13000 1G Wallplate SS - Blank, Part Number: R50-0SL13-000, Finish / Color: Stainless Steel",Leviton® R50-0Sl13-000 T50-0Sl13000 1G Wallplate Ss - Blank,"LEVITON®, T50-0SL13000 1G Wallplate SS - Blank, Part Number: R50-0SL13-000, Finish / Color: Stainless Steel",Finish / Color: Stainless Steel,,,,,,Wiring Devices & Controls,Finish / Color,Stainless Steel,,,,,,,,,,39122200,,1,EA,LEVITON_R50-0SL13-000.jpg,LEVITON_R50-0SL13-000_1.jpg,LEVITON_R50-0SL13-000_2.jpg,LEVITON_R50-0SL13-000_3.jpg,LEVITON_R50-0SL13-000_4.jpg,LEVITON_R50-0SL13-000_Specification_Sheet.pdf,No,Yes
,R52-0PJ13-00W,Electrical,Wiring Devices,Switches & Outlets,R52-0PJ13-00W,R52-0PJ13-00W,R520PJ1300W 1G Wallplate Wh - Blank,,Leviton,Leviton Mfg Co (4927),Leviton Manufacturing Co Inc,LEVITON®,Decora®,R52-0PJ13-00W,Electrical > Wiring Devices > Switches & Outlets > Wiring Devices & Controls,"Leviton Manufacturing Co Inc Leviton, R520Pj1300W 1G Wallplate Wh, Blank,",R520PJ1300W 1G WALLPLATE WH - BLANK,Leviton® R52-0Pj13-00W R520Pj1300W 1G Wallplate Wh - Blank,"LEVITON®, R520PJ1300W 1G Wallplate Wh - Blank, Part Number: R52-0PJ13-00W, Wattage: 00 W, Finish / Color: White",Leviton® R52-0Pj13-00W R520Pj1300W 1G Wallplate Wh - Blank,"LEVITON®, R520PJ1300W 1G Wallplate Wh - Blank, Part Number: R52-0PJ13-00W, Wattage: 00 W, Finish / Color: White",Wattage: 00 W,Finish / Color: White,,,,,Wiring Devices & Controls,Wattage,00,W,Finish / Color,White,,,,,,,39122200,,1,EA,LEVITON_R52-0PJ13-00W.jpg,LEVITON_R52-0PJ13-00W_1.jpg,LEVITON_R52-0PJ13-00W_2.jpg,LEVITON_R52-0PJ13-00W_3.jpg,LEVITON_R52-0PJ13-00W_4.jpg,LEVITON_R52-0PJ13-00W_Specification_Sheet.pdf,No,Yes
,XOU2470BCGS,Appliances,Refrigeration,Refrigerators & Freezers,XOU2470BCGS,XOU2470BCGS,XOU2470BCGS Tall Beverage Center SS,,,Appliance Dealers Cooperative (APPDE),Appliance Dealers Cooperative,Appliance Dealers Cooperative,,XOU2470BCGS,Appliances > Refrigeration > Refrigerators & Freezers > Residential Refrigerators,"Appliance Dealers Cooperative, Tall Beverage Center Ss, Xou2470Bcgs",TALL BEVERAGE CENTER SS,Appliance Dealers Cooperative Xou2470Bcgs Tall Beverage Center Ss,"Appliance Dealers Cooperative, XOU2470BCGS Tall Beverage Center SS, Finish / Color: Stainless Steel",Appliance Dealers Cooperative Xou2470Bcgs Tall Beverage Center Ss,"Appliance Dealers Cooperative, XOU2470BCGS Tall Beverage Center SS, Finish / Color: Stainless Steel",Finish / Color: Stainless Steel,,,,,,Residential Refrigerators,Finish / Color,Stainless Steel,,,,,,,,,,52141501,1 Year Manufacturer Warranty,1,EA,APPLIANCEDEALERSCOOPERATIVE_XOU2470BCGS.jpg,APPLIANCEDEALERSCOOPERATIVE_XOU2470BCGS_1.jpg,APPLIANCEDEALERSCOOPERATIVE_XOU2470BCGS_2.jpg,APPLIANCEDEALERSCOOPERATIVE_XOU2470BCGS_3.jpg,APPLIANCEDEALERSCOOPERATIVE_XOU2470BCGS_4.jpg,APPLIANCEDEALERSCOOPERATIVE_XOU2470BCGS_Specification_Sheet.pdf,No,Yes
,XOU24BCGSR,Appliances,Refrigeration,Refrigerators & Freezers,XOU24BCGSR,XOU24BCGSR,XOU24BCGSR Beverage Center SS,,,Appliance Dealers Cooperative (APPDE),Appliance Dealers Cooperative,Appliance Dealers Cooperative,,XOU24BCGSR,Appliances > Refrigeration > Refrigerators & Freezers > Residential Refrigerators,"Appliance Dealers Cooperative, Beverage Center Ss, Xou24Bcgsr",BEVERAGE CENTER SS,Appliance Dealers Cooperative Xou24Bcgsr Beverage Center Ss,"Appliance Dealers Cooperative, XOU24BCGSR Beverage Center SS, Finish / Color: Stainless Steel",Appliance Dealers Cooperative Xou24Bcgsr Beverage Center Ss,"Appliance Dealers Cooperative, XOU24BCGSR Beverage Center SS, Finish / Color: Stainless Steel",Finish / Color: Stainless Steel,,,,,,Residential Refrigerators,Finish / Color,Stainless Steel,,,,,,,,,,52141501,1 Year Manufacturer Warranty,1,EA,APPLIANCEDEALERSCOOPERATIVE_XOU24BCGSR.jpg,APPLIANCEDEALERSCOOPERATIVE_XOU24BCGSR_1.jpg,APPLIANCEDEALERSCOOPERATIVE_XOU24BCGSR_2.jpg,APPLIANCEDEALERSCOOPERATIVE_XOU24BCGSR_3.jpg,APPLIANCEDEALERSCOOPERATIVE_XOU24BCGSR_4.jpg,APPLIANCEDEALERSCOOPERATIVE_XOU24BCGSR_Specification_Sheet.pdf,No,Yes
,XOU24WDZGBR,Appliances,Refrigeration,Refrigerators & Freezers,XOU24WDZGBR,XOU24WDZGBR,XOU24WDZGBR Beverage Center Bk,,,Appliance Dealers Cooperative (APPDE),Appliance Dealers Cooperative,Appliance Dealers Cooperative,,XOU24WDZGBR,Appliances > Refrigeration > Refrigerators & Freezers > Residential Refrigerators,"Appliance Dealers Cooperative, Beverage Center Bk, Xou24Wdzgbr",BEVERAGE CENTER BK,Appliance Dealers Cooperative Xou24Wdzgbr Beverage Center Bk,"Appliance Dealers Cooperative, XOU24WDZGBR Beverage Center Bk, Finish / Color: Black",Appliance Dealers Cooperative Xou24Wdzgbr Beverage Center Bk,"Appliance Dealers Cooperative, XOU24WDZGBR Beverage Center Bk, Finish / Color: Black",Finish / Color: Black,,,,,,Residential Refrigerators,Finish / Color,Black,,,,,,,,,,52141501,1 Year Manufacturer Warranty,1,EA,APPLIANCEDEALERSCOOPERATIVE_XOU24WDZGBR.jpg,APPLIANCEDEALERSCOOPERATIVE_XOU24WDZGBR_1.jpg,APPLIANCEDEALERSCOOPERATIVE_XOU24WDZGBR_2.jpg,APPLIANCEDEALERSCOOPERATIVE_XOU24WDZGBR_3.jpg,APPLIANCEDEALERSCOOPERATIVE_XOU24WDZGBR_4.jpg,APPLIANCEDEALERSCOOPERATIVE_XOU24WDZGBR_Specification_Sheet.pdf,No,Yes
,C7CDAAS3PD3,Appliances,Kitchen Appliances,Cooking Equipment,C7CDAAS3PD3,C7CDAAS3PD3,C7CDAAS3PD3 Café Drip Coffee Maker MB,,,Appliance Dealers Cooperative (APPDE),GE Appliances (Haier),CAFÉ®,Café™ Series,C7CDAAS3PD3,Appliances > Kitchen Appliances > Cooking Equipment > Ranges & Ovens,"Ge Appliances (Haier) Café, Café Drip Coffee Maker Mb, C7Cdaas3Pd3",CAFÉ DRIP COFFEE MAKER MB,Café® C7Cdaas3Pd3 Café Drip Coffee Maker Mb,"CAFÉ®, C7CDAAS3PD3 Café Drip Coffee Maker MB",Café® C7Cdaas3Pd3 Café Drip Coffee Maker Mb,"CAFÉ®, C7CDAAS3PD3 Café Drip Coffee Maker MB",,,,,,,Ranges & Ovens,,,,,,,,,,,,52141543,1 Year Manufacturer Warranty,1,EA,CAF_C7CDAAS3PD3.jpg,CAF_C7CDAAS3PD3_1.jpg,CAF_C7CDAAS3PD3_2.jpg,CAF_C7CDAAS3PD3_3.jpg,CAF_C7CDAAS3PD3_4.jpg,CAF_C7CDAAS3PD3_Specification_Sheet.pdf,No,Yes
,C7CDAAS4PW3,Appliances,Kitchen Appliances,Cooking Equipment,C7CDAAS4PW3,C7CDAAS4PW3,C7CDAAS4PW3 Café Drip Coffee Maker MW,,,Appliance Dealers Cooperative (APPDE),GE Appliances (Haier),CAFÉ®,Café™ Series,C7CDAAS4PW3,Appliances > Kitchen Appliances > Cooking Equipment > Ranges & Ovens,"Ge Appliances (Haier) Café, Café Drip Coffee Maker Mw, C7Cdaas4Pw3",CAFÉ DRIP COFFEE MAKER MW,Café® C7Cdaas4Pw3 Café Drip Coffee Maker Mw,"CAFÉ®, C7CDAAS4PW3 Café Drip Coffee Maker MW",Café® C7Cdaas4Pw3 Café Drip Coffee Maker Mw,"CAFÉ®, C7CDAAS4PW3 Café Drip Coffee Maker MW",,,,,,,Ranges & Ovens,,,,,,,,,,,,52141543,1 Year Manufacturer Warranty,1,EA,CAF_C7CDAAS4PW3.jpg,CAF_C7CDAAS4PW3_1.jpg,CAF_C7CDAAS4PW3_2.jpg,CAF_C7CDAAS4PW3_3.jpg,CAF_C7CDAAS4PW3_4.jpg,CAF_C7CDAAS4PW3_Specification_Sheet.pdf,No,Yes
,C7CDABS2RS3,Appliances,Kitchen Appliances,Cooking Equipment,C7CDABS2RS3,C7CDABS2RS3,C7CDABS2RS3 Cafe Coffee Maker,,,Appliance Dealers Cooperative (APPDE),GE Appliances (Haier),CAFÉ®,Café™ Series,C7CDABS2RS3,Appliances > Kitchen Appliances > Cooking Equipment > Ranges & Ovens,"Ge Appliances (Haier) Café, Cafe Coffee Maker, C7Cdabs2Rs3 - Part Number: C7CD",CAFE COFFEE MAKER,Café® C7Cdabs2Rs3 Cafe Coffee Maker,"CAFÉ®, C7CDABS2RS3 Cafe Coffee Maker",Café® C7Cdabs2Rs3 Cafe Coffee Maker,"CAFÉ®, C7CDABS2RS3 Cafe Coffee Maker",,,,,,,Ranges & Ovens,,,,,,,,,,,,52141543,1 Year Manufacturer Warranty,1,EA,CAF_C7CDABS2RS3.jpg,CAF_C7CDABS2RS3_1.jpg,CAF_C7CDABS2RS3_2.jpg,CAF_C7CDABS2RS3_3.jpg,CAF_C7CDABS2RS3_4.jpg,CAF_C7CDABS2RS3_Specification_Sheet.pdf,No,Yes
,C7CDABS3RD3,Appliances,Kitchen Appliances,Cooking Equipment,C7CDABS3RD3,C7CDABS3RD3,C7CDABS3RD3 Café Coffee Maker MB,,,Appliance Dealers Cooperative (APPDE),GE Appliances (Haier),CAFÉ®,Café™ Series,C7CDABS3RD3,Appliances > Kitchen Appliances > Cooking Equipment > Ranges & Ovens,"Ge Appliances (Haier) Café, Café Coffee Maker Mb, C7Cdabs3Rd3",CAFÉ COFFEE MAKER MB,Café® C7Cdabs3Rd3 Café Coffee Maker Mb,"CAFÉ®, C7CDABS3RD3 Café Coffee Maker MB",Café® C7Cdabs3Rd3 Café Coffee Maker Mb,"CAFÉ®, C7CDABS3RD3 Café Coffee Maker MB",,,,,,,Ranges & Ovens,,,,,,,,,,,,52141543,1 Year Manufacturer Warranty,1,EA,CAF_C7CDABS3RD3.jpg,CAF_C7CDABS3RD3_1.jpg,CAF_C7CDABS3RD3_2.jpg,CAF_C7CDABS3RD3_3.jpg,CAF_C7CDABS3RD3_4.jpg,CAF_C7CDABS3RD3_Specification_Sheet.pdf,No,Yes
,C7CDABS4RW3,Appliances,Kitchen Appliances,Cooking Equipment,C7CDABS4RW3,C7CDABS4RW3,C7CDABS4RW3 Café Coffee Maker MW,,,Appliance Dealers Cooperative (APPDE),GE Appliances (Haier),CAFÉ®,Café™ Series,C7CDABS4RW3,Appliances > Kitchen Appliances > Cooking Equipment > Ranges & Ovens,"Ge Appliances (Haier) Café, Café Coffee Maker Mw, C7Cdabs4Rw3",CAFÉ COFFEE MAKER MW,Café® C7Cdabs4Rw3 Café Coffee Maker Mw,"CAFÉ®, C7CDABS4RW3 Café Coffee Maker MW",Café® C7Cdabs4Rw3 Café Coffee Maker Mw,"CAFÉ®, C7CDABS4RW3 Café Coffee Maker MW",,,,,,,Ranges & Ovens,,,,,,,,,,,,52141543,1 Year Manufacturer Warranty,1,EA,CAF_C7CDABS4RW3.jpg,CAF_C7CDABS4RW3_1.jpg,CAF_C7CDABS4RW3_2.jpg,CAF_C7CDABS4RW3_3.jpg,CAF_C7CDABS4RW3_4.jpg,CAF_C7CDABS4RW3_Specification_Sheet.pdf,No,Yes
,C7CEBBS2RS3,Appliances,Kitchen Appliances,Cooking Equipment,C7CEBBS2RS3,C7CEBBS2RS3,C7CEBBS2RS3 Cafe Auto Espresso Machine SS,,,Appliance Dealers Cooperative (APPDE),GE Appliances (Haier),CAFÉ®,Café™ Series,C7CEBBS2RS3,Appliances > Kitchen Appliances > Cooking Equipment > Ranges & Ovens,"Ge Appliances (Haier) Café, Cafe Auto Espresso Machine Ss, C7Cebbs2Rs3",CAFE AUTO ESPRESSO MACHINE SS,Café® C7Cebbs2Rs3 Cafe Auto Espresso Machine Ss,"CAFÉ®, C7CEBBS2RS3 Cafe Auto Espresso Machine SS, Finish / Color: Stainless Steel",Café® C7Cebbs2Rs3 Cafe Auto Espresso Machine Ss,"CAFÉ®, C7CEBBS2RS3 Cafe Auto Espresso Machine SS, Finish / Color: Stainless Steel",Finish / Color: Stainless Steel,,,,,,Ranges & Ovens,Finish / Color,Stainless Steel,,,,,,,,,,52141543,1 Year Manufacturer Warranty,1,EA,CAF_C7CEBBS2RS3.jpg,CAF_C7CEBBS2RS3_1.jpg,CAF_C7CEBBS2RS3_2.jpg,CAF_C7CEBBS2RS3_3.jpg,CAF_C7CEBBS2RS3_4.jpg,CAF_C7CEBBS2RS3_Specification_Sheet.pdf,No,Yes
,C7CEBBS4RW3,Appliances,Kitchen Appliances,Cooking Equipment,C7CEBBS4RW3,C7CEBBS4RW3,C7CEBBS4RW3 Café Auto Espresso Machine Wh,,,Appliance Dealers Cooperative (APPDE),GE Appliances (Haier),CAFÉ®,Café™ Series,C7CEBBS4RW3,Appliances > Kitchen Appliances > Cooking Equipment > Ranges & Ovens,"Ge Appliances (Haier) Café, Café Auto Espresso Machine Wh, C7Cebbs4Rw3",CAFÉ AUTO ESPRESSO MACHINE WH,Café® C7Cebbs4Rw3 Café Auto Espresso Machine Wh,"CAFÉ®, C7CEBBS4RW3 Café Auto Espresso Machine Wh, Finish / Color: White",Café® C7Cebbs4Rw3 Café Auto Espresso Machine Wh,"CAFÉ®, C7CEBBS4RW3 Café Auto Espresso Machine Wh, Finish / Color: White",Finish / Color: White,,,,,,Ranges & Ovens,Finish / Color,White,,,,,,,,,,52141543,1 Year Manufacturer Warranty,1,EA,CAF_C7CEBBS4RW3.jpg,CAF_C7CEBBS4RW3_1.jpg,CAF_C7CEBBS4RW3_2.jpg,CAF_C7CEBBS4RW3_3.jpg,CAF_C7CEBBS4RW3_4.jpg,CAF_C7CEBBS4RW3_Specification_Sheet.pdf,No,Yes
,C7CESAS2RS3,Appliances,Kitchen Appliances,Cooking Equipment,C7CESAS2RS3,C7CESAS2RS3,C7CESAS2RS3 Café Espresso SS,,,Appliance Dealers Cooperative (APPDE),GE Appliances (Haier),CAFÉ®,Café™ Series,C7CESAS2RS3,Appliances > Kitchen Appliances > Cooking Equipment > Ranges & Ovens,"GE Appliances (Haier), Ge Appliances (Haier) Café, Café Espresso Ss, C7Cesas2Rs3",CAFÉ ESPRESSO SS,Café® C7Cesas2Rs3 Café Espresso Ss,"CAFÉ®, C7CESAS2RS3 Café Espresso SS, Finish / Color: Stainless Steel",Café® C7Cesas2Rs3 Café Espresso Ss,"CAFÉ®, C7CESAS2RS3 Café Espresso SS, Finish / Color: Stainless Steel",Finish / Color: Stainless Steel,,,,,,Ranges & Ovens,Finish / Color,Stainless Steel,,,,,,,,,,52141543,1 Year Manufacturer Warranty,1,EA,CAF_C7CESAS2RS3.jpg,CAF_C7CESAS2RS3_1.jpg,CAF_C7CESAS2RS3_2.jpg,CAF_C7CESAS2RS3_3.jpg,CAF_C7CESAS2RS3_4.jpg,CAF_C7CESAS2RS3_Specification_Sheet.pdf,No,Yes
,C7CESAS3RD3,Appliances,Kitchen Appliances,Cooking Equipment,C7CESAS3RD3,C7CESAS3RD3,C7CESAS3RD3 Café Espresso Machine MB,,,Appliance Dealers Cooperative (APPDE),GE Appliances (Haier),CAFÉ®,Café™ Series,C7CESAS3RD3,Appliances > Kitchen Appliances > Cooking Equipment > Ranges & Ovens,"Ge Appliances (Haier) Café, Café Espresso Machine Mb, C7Cesas3Rd3",CAFÉ ESPRESSO MACHINE MB,Café® C7Cesas3Rd3 Café Espresso Machine Mb,"CAFÉ®, C7CESAS3RD3 Café Espresso Machine MB",Café® C7Cesas3Rd3 Café Espresso Machine Mb,"CAFÉ®, C7CESAS3RD3 Café Espresso Machine MB",,,,,,,Ranges & Ovens,,,,,,,,,,,,52141543,1 Year Manufacturer Warranty,1,EA,CAF_C7CESAS3RD3.jpg,CAF_C7CESAS3RD3_1.jpg,CAF_C7CESAS3RD3_2.jpg,CAF_C7CESAS3RD3_3.jpg,CAF_C7CESAS3RD3_4.jpg,CAF_C7CESAS3RD3_Specification_Sheet.pdf,No,Yes
,C7CESAS4RW3,Appliances,Kitchen Appliances,Cooking Equipment,C7CESAS4RW3,C7CESAS4RW3,C7CESAS4RW3 Cafe Espresso Wh,,,Appliance Dealers Cooperative (APPDE),GE Appliances (Haier),CAFÉ®,Café™ Series,C7CESAS4RW3,Appliances > Kitchen Appliances > Cooking Equipment > Ranges & Ovens,"GE Appliances (Haier), Ge Appliances (Haier) Café, Cafe Espresso Wh, C7Cesas4Rw3",CAFE ESPRESSO WH,Café® C7Cesas4Rw3 Cafe Espresso Wh,"CAFÉ®, C7CESAS4RW3 Cafe Espresso Wh, Finish / Color: White",Café® C7Cesas4Rw3 Cafe Espresso Wh,"CAFÉ®, C7CESAS4RW3 Cafe Espresso Wh, Finish / Color: White",Finish / Color: White,,,,,,Ranges & Ovens,Finish / Color,White,,,,,,,,,,52141543,1 Year Manufacturer Warranty,1,EA,CAF_C7CESAS4RW3.jpg,CAF_C7CESAS4RW3_1.jpg,CAF_C7CESAS4RW3_2.jpg,CAF_C7CESAS4RW3_3.jpg,CAF_C7CESAS4RW3_4.jpg,CAF_C7CESAS4RW3_Specification_Sheet.pdf,No,Yes
,WOSP30100SS,Appliances,Kitchen Appliances,Cooking Equipment,WOSP30100SS,WOSP30100SS,WOSP30100SS Beko Wall Oven SS,,,Appliance Dealers Cooperative (APPDE),Beko US Inc,BEKO®,Beko®,WOSP30100SS,Appliances > Kitchen Appliances > Cooking Equipment > Ranges & Ovens,"Beko US Inc, Beko Us Inc Beko, Beko Wall Oven Ss, Wosp30100Ss",BEKO WALL OVEN SS,Beko® Wosp30100Ss Beko Wall Oven Ss,"BEKO®, WOSP30100SS Beko Wall Oven SS, Finish / Color: Stainless Steel",Beko® Wosp30100Ss Beko Wall Oven Ss,"BEKO®, WOSP30100SS Beko Wall Oven SS, Finish / Color: Stainless Steel",Finish / Color: Stainless Steel,,,,,,Ranges & Ovens,Finish / Color,Stainless Steel,,,,,,,,,,52141543,1 Year Manufacturer Warranty,1,EA,BEKO_WOSP30100SS.jpg,BEKO_WOSP30100SS_1.jpg,BEKO_WOSP30100SS_2.jpg,BEKO_WOSP30100SS_3.jpg,BEKO_WOSP30100SS_4.jpg,BEKO_WOSP30100SS_Specification_Sheet.pdf,No,Yes
,MSER2090S,Appliances,Kitchen Appliances,Cooking Equipment,MSER2090S,MSER2090S,MSER2090S LG Microwave SS,,,Appliance Dealers Cooperative (APPDE),LG Electronics,LG®,ThinQ®,MSER2090S,Appliances > Kitchen Appliances > Cooking Equipment > Ranges & Ovens,"LG Electronics, Lg Electronics Lg, Lg Microwave Ss, Mser2090S",LG MICROWAVE SS,Lg® Mser2090S Lg Microwave Ss,"LG®, MSER2090S LG Microwave SS, Finish / Color: Stainless Steel",Lg® Mser2090S Lg Microwave Ss,"LG®, MSER2090S LG Microwave SS, Finish / Color: Stainless Steel",Finish / Color: Stainless Steel,,,,,,Ranges & Ovens,Finish / Color,Stainless Steel,,,,,,,,,,52141543,1 Year Manufacturer Warranty,1,EA,LG_MSER2090S.jpg,LG_MSER2090S_1.jpg,LG_MSER2090S_2.jpg,LG_MSER2090S_3.jpg,LG_MSER2090S_4.jpg,LG_MSER2090S_Specification_Sheet.pdf,No,Yes
,GCST16S1WSS,Appliances,Kitchen Appliances,Cooking Equipment,GCST16S1WSS,GCST16S1WSS,GCST16S1WSS GE Microwave SS,,,Appliance Dealers Cooperative (APPDE),GE Appliances (Haier),GE®,Profile™,GCST16S1WSS,Appliances > Kitchen Appliances > Cooking Equipment > Ranges & Ovens,"GE Appliances (Haier), Ge Appliances (Haier) Ge, Ge Microwave Ss, Gcst16S1Wss",GE MICROWAVE SS,Ge® Gcst16S1Wss Ge Microwave Ss,"GE®, GCST16S1WSS GE Microwave SS, Finish / Color: Stainless Steel",Ge® Gcst16S1Wss Ge Microwave Ss,"GE®, GCST16S1WSS GE Microwave SS, Finish / Color: Stainless Steel",Finish / Color: Stainless Steel,,,,,,Ranges & Ovens,Finish / Color,Stainless Steel,,,,,,,,,,52141543,1 Year Manufacturer Warranty,1,EA,GE_GCST16S1WSS.jpg,GE_GCST16S1WSS_1.jpg,GE_GCST16S1WSS_2.jpg,GE_GCST16S1WSS_3.jpg,GE_GCST16S1WSS_4.jpg,GE_GCST16S1WSS_Specification_Sheet.pdf,No,Yes
,PCWK15C1WSS,Appliances,Kitchen Appliances,Cooking Equipment,PCWK15C1WSS,PCWK15C1WSS,PCWK15C1WSS GE Microwave,,,Appliance Dealers Cooperative (APPDE),GE Appliances (Haier),GE®,Profile™,PCWK15C1WSS,Appliances > Kitchen Appliances > Cooking Equipment > Ranges & Ovens,"GE Appliances (Haier), Ge Appliances (Haier) Ge, Ge Microwave, Pcwk15C1Wss",GE MICROWAVE,Ge® Pcwk15C1Wss Ge Microwave,"GE®, PCWK15C1WSS GE Microwave",Ge® Pcwk15C1Wss Ge Microwave,"GE®, PCWK15C1WSS GE Microwave",,,,,,,Ranges & Ovens,,,,,,,,,,,,52141543,1 Year Manufacturer Warranty,1,EA,GE_PCWK15C1WSS.jpg,GE_PCWK15C1WSS_1.jpg,GE_PCWK15C1WSS_2.jpg,GE_PCWK15C1WSS_3.jpg,GE_PCWK15C1WSS_4.jpg,GE_PCWK15C1WSS_Specification_Sheet.pdf,No,Yes
,SMC2266KS,Appliances,Kitchen Appliances,Cooking Equipment,SMC2266KS,SMC2266KS,SMC2266KS Microwave SS Display Only,,,Appliance Dealers Cooperative (APPDE),Appliance Dealers Cooperative,Appliance Dealers Cooperative,,SMC2266KS,Appliances > Kitchen Appliances > Cooking Equipment > Ranges & Ovens,"Appliance Dealers Cooperative, Microwave Ss Display Only, Smc2266Ks",MICROWAVE SS DISPLAY ONLY,Appliance Dealers Cooperative Smc2266Ks Microwave Ss Display Only,"Appliance Dealers Cooperative, SMC2266KS Microwave SS Display Only, Finish / Color: Stainless Steel",Appliance Dealers Cooperative Smc2266Ks Microwave Ss Display Only,"Appliance Dealers Cooperative, SMC2266KS Microwave SS Display Only, Finish / Color: Stainless Steel",Finish / Color: Stainless Steel,,,,,,Ranges & Ovens,Finish / Color,Stainless Steel,,,,,,,,,,52141543,1 Year Manufacturer Warranty,1,EA,APPLIANCEDEALERSCOOPERATIVE_SMC2266KS.jpg,APPLIANCEDEALERSCOOPERATIVE_SMC2266KS_1.jpg,APPLIANCEDEALERSCOOPERATIVE_SMC2266KS_2.jpg,APPLIANCEDEALERSCOOPERATIVE_SMC2266KS_3.jpg,APPLIANCEDEALERSCOOPERATIVE_SMC2266KS_4.jpg,APPLIANCEDEALERSCOOPERATIVE_SMC2266KS_Specification_Sheet.pdf,No,Yes
,SMD2479JS,Appliances,Kitchen Appliances,Cooking Equipment,SMD2479JS,SMD2479JS,SMD2479JS Microwave Drawer SS Display Only,,,Appliance Dealers Cooperative (APPDE),Appliance Dealers Cooperative,Appliance Dealers Cooperative,,SMD2479JS,Appliances > Kitchen Appliances > Cooking Equipment > Ranges & Ovens,"Appliance Dealers Cooperative, Microwave Drawer Ss Display Only, Smd2479Js",MICROWAVE DRAWER SS DISPLAY ONLY,Appliance Dealers Cooperative Smd2479Js Microwave Drawer Ss Display Only,"Appliance Dealers Cooperative, SMD2479JS Microwave Drawer SS Display Only, Finish / Color: Stainless Steel",Appliance Dealers Cooperative Smd2479Js Microwave Drawer Ss Display Only,"Appliance Dealers Cooperative, SMD2479JS Microwave Drawer SS Display Only, Finish / Color: Stainless Steel",Finish / Color: Stainless Steel,,,,,,Ranges & Ovens,Finish / Color,Stainless Steel,,,,,,,,,,52141543,1 Year Manufacturer Warranty,1,EA,APPLIANCEDEALERSCOOPERATIVE_SMD2479JS.jpg,APPLIANCEDEALERSCOOPERATIVE_SMD2479JS_1.jpg,APPLIANCEDEALERSCOOPERATIVE_SMD2479JS_2.jpg,APPLIANCEDEALERSCOOPERATIVE_SMD2479JS_3.jpg,APPLIANCEDEALERSCOOPERATIVE_SMD2479JS_4.jpg,APPLIANCEDEALERSCOOPERATIVE_SMD2479JS_Specification_Sheet.pdf,No,Yes
,PEP9030DTBB,Appliances,Kitchen Appliances,Cooking Equipment,PEP9030DTBB,PEP9030DTBB,"PEP9030DTBB 30"" GE Cooktop Bk",,,Appliance Dealers Cooperative (APPDE),GE Appliances (Haier),GE®,Profile™,PEP9030DTBB,Appliances > Kitchen Appliances > Cooking Equipment > Ranges & Ovens,"GE Appliances (Haier), Ge Appliances (Haier) Ge, 30"" Ge Cooktop Bk, Pep9030Dtbb","30"" GE COOKTOP BK","Ge® Pep9030Dtbb 30"" Ge Cooktop Bk","GE®, PEP9030DTBB 30"" GE Cooktop Bk, Finish / Color: Black","Ge® Pep9030Dtbb 30"" Ge Cooktop Bk","GE®, PEP9030DTBB 30"" GE Cooktop Bk, Finish / Color: Black",Finish / Color: Black,,,,,,Ranges & Ovens,Finish / Color,Black,,,,,,,,,,52141543,1 Year Manufacturer Warranty,1,EA,GE_PEP9030DTBB.jpg,GE_PEP9030DTBB_1.jpg,GE_PEP9030DTBB_2.jpg,GE_PEP9030DTBB_3.jpg,GE_PEP9030DTBB_4.jpg,GE_PEP9030DTBB_Specification_Sheet.pdf,No,Yes
,CES700P3MD1,Appliances,Kitchen Appliances,Cooking Equipment,CES700P3MD1,CES700P3MD1,"CES700P3MD1 Cafe 30"" Range Bk - Display",,,Appliance Dealers Cooperative (APPDE),GE Appliances (Haier),CAFÉ®,Café™ Series,CES700P3MD1,Appliances > Kitchen Appliances > Cooking Equipment > Ranges & Ovens,"Ge Appliances (Haier) Café, Cafe 30"" Range Bk, Display, Ces700P3Md1","CAFE 30"" RANGE BK - DISPLAY","Café® Ces700P3Md1 Cafe 30"" Range Bk - Display","CAFÉ®, CES700P3MD1 Cafe 30"" Range Bk - Display, Finish / Color: Black","Café® Ces700P3Md1 Cafe 30"" Range Bk - Display","CAFÉ®, CES700P3MD1 Cafe 30"" Range Bk - Display, Finish / Color: Black",Finish / Color: Black,,,,,,Ranges & Ovens,Finish / Color,Black,,,,,,,,,,52141543,1 Year Manufacturer Warranty,1,EA,CAF_CES700P3MD1.jpg,CAF_CES700P3MD1_1.jpg,CAF_CES700P3MD1_2.jpg,CAF_CES700P3MD1_3.jpg,CAF_CES700P3MD1_4.jpg,CAF_CES700P3MD1_Specification_Sheet.pdf,No,Yes
,PS960YPFS,Appliances,Kitchen Appliances,Cooking Equipment,PS960YPFS,PS960YPFS,"PS960YPFS 30"" GE Electric Range SS - Display Only",,,Appliance Dealers Cooperative (APPDE),GE Appliances (Haier),GE®,Profile™,PS960YPFS,Appliances > Kitchen Appliances > Cooking Equipment > Ranges & Ovens,"Ge Appliances (Haier) Ge, 30"" Ge Electric Range Ss, Display Only, Ps960Ypfs","30"" GE ELECTRIC RANGE SS - DISPLAY ONLY","Ge® Ps960Ypfs 30"" Ge Electric Range Ss - Display Only","GE®, PS960YPFS 30"" GE Electric Range SS - Display Only, Finish / Color: Stainless Steel","Ge® Ps960Ypfs 30"" Ge Electric Range Ss - Display Only","GE®, PS960YPFS 30"" GE Electric Range SS - Display Only, Finish / Color: Stainless Steel",Finish / Color: Stainless Steel,,,,,,Ranges & Ovens,Finish / Color,Stainless Steel,,,,,,,,,,52141543,1 Year Manufacturer Warranty,1,EA,GE_PS960YPFS.jpg,GE_PS960YPFS_1.jpg,GE_PS960YPFS_2.jpg,GE_PS960YPFS_3.jpg,GE_PS960YPFS_4.jpg,GE_PS960YPFS_Specification_Sheet.pdf,No,Yes
,PB900YVFS,Appliances,Kitchen Appliances,Cooking Equipment,PB900YVFS,PB900YVFS,"PB900YVFS Elect 30"" Range SS",,,Appliance Dealers Cooperative (APPDE),Appliance Dealers Cooperative,Appliance Dealers Cooperative,,PB900YVFS,Appliances > Kitchen Appliances > Cooking Equipment > Ranges & Ovens,"Appliance Dealers Cooperative, Elect 30"" Range Ss, Pb900Yvfs","ELECT 30"" RANGE SS","Appliance Dealers Cooperative Pb900Yvfs Elect 30"" Range Ss","Appliance Dealers Cooperative, PB900YVFS Elect 30"" Range SS, Finish / Color: Stainless Steel","Appliance Dealers Cooperative Pb900Yvfs Elect 30"" Range Ss","Appliance Dealers Cooperative, PB900YVFS Elect 30"" Range SS, Finish / Color: Stainless Steel",Finish / Color: Stainless Steel,,,,,,Ranges & Ovens,Finish / Color,Stainless Steel,,,,,,,,,,52141543,1 Year Manufacturer Warranty,1,EA,APPLIANCEDEALERSCOOPERATIVE_PB900YVFS.jpg,APPLIANCEDEALERSCOOPERATIVE_PB900YVFS_1.jpg,APPLIANCEDEALERSCOOPERATIVE_PB900YVFS_2.jpg,APPLIANCEDEALERSCOOPERATIVE_PB900YVFS_3.jpg,APPLIANCEDEALERSCOOPERATIVE_PB900YVFS_4.jpg,APPLIANCEDEALERSCOOPERATIVE_PB900YVFS_Specification_Sheet.pdf,No,Yes
,PCFE3080AF,Appliances,Kitchen Appliances,Cooking Equipment,PCFE3080AF,PCFE3080AF,"PCFE3080AF 30"" Elect Range SS - Display Only",,,Appliance Dealers Cooperative (APPDE),Appliance Dealers Cooperative,Appliance Dealers Cooperative,,PCFE3080AF,Appliances > Kitchen Appliances > Cooking Equipment > Ranges & Ovens,"Appliance Dealers Cooperative, 30"" Elect Range Ss, Display Only, Pcfe3080Af","30"" ELECT RANGE SS - DISPLAY ONLY","Appliance Dealers Cooperative Pcfe3080Af 30"" Elect Range Ss - Display Only","Appliance Dealers Cooperative, PCFE3080AF 30"" Elect Range SS - Display Only, Finish / Color: Stainless Steel","Appliance Dealers Cooperative Pcfe3080Af 30"" Elect Range Ss - Display Only","Appliance Dealers Cooperative, PCFE3080AF 30"" Elect Range SS - Display Only, Finish / Color: Stainless Steel",Finish / Color: Stainless Steel,,,,,,Ranges & Ovens,Finish / Color,Stainless Steel,,,,,,,,,,52141543,1 Year Manufacturer Warranty,1,EA,APPLIANCEDEALERSCOOPERATIVE_PCFE3080AF.jpg,APPLIANCEDEALERSCOOPERATIVE_PCFE3080AF_1.jpg,APPLIANCEDEALERSCOOPERATIVE_PCFE3080AF_2.jpg,APPLIANCEDEALERSCOOPERATIVE_PCFE3080AF_3.jpg,APPLIANCEDEALERSCOOPERATIVE_PCFE3080AF_4.jpg,APPLIANCEDEALERSCOOPERATIVE_PCFE3080AF_Specification_Sheet.pdf,No,Yes
,SLER30524SS,Appliances,Kitchen Appliances,Cooking Equipment,SLER30524SS,SLER30524SS,"SLER30524SS 30"" Elect Range SS",,,Appliance Dealers Cooperative (APPDE),Appliance Dealers Cooperative,Appliance Dealers Cooperative,,SLER30524SS,Appliances > Kitchen Appliances > Cooking Equipment > Ranges & Ovens,"Appliance Dealers Cooperative, 30"" Elect Range Ss, Sler30524Ss","30"" ELECT RANGE SS","Appliance Dealers Cooperative Sler30524Ss 30"" Elect Range Ss","Appliance Dealers Cooperative, SLER30524SS 30"" Elect Range SS, Finish / Color: Stainless Steel","Appliance Dealers Cooperative Sler30524Ss 30"" Elect Range Ss","Appliance Dealers Cooperative, SLER30524SS 30"" Elect Range SS, Finish / Color: Stainless Steel",Finish / Color: Stainless Steel,,,,,,Ranges & Ovens,Finish / Color,Stainless Steel,,,,,,,,,,52141543,1 Year Manufacturer Warranty,1,EA,APPLIANCEDEALERSCOOPERATIVE_SLER30524SS.jpg,APPLIANCEDEALERSCOOPERATIVE_SLER30524SS_1.jpg,APPLIANCEDEALERSCOOPERATIVE_SLER30524SS_2.jpg,APPLIANCEDEALERSCOOPERATIVE_SLER30524SS_3.jpg,APPLIANCEDEALERSCOOPERATIVE_SLER30524SS_4.jpg,APPLIANCEDEALERSCOOPERATIVE_SLER30524SS_Specification_Sheet.pdf,No,Yes
,LSEL6333ZE,Appliances,Kitchen Appliances,Cooking Equipment,LSEL6333ZE,LSEL6333ZE,"LSEL6333ZE LG 30"" Elec Range BS-Display Only",,,Appliance Dealers Cooperative (APPDE),LG Electronics,LG®,ThinQ®,LSEL6333ZE,Appliances > Kitchen Appliances > Cooking Equipment > Ranges & Ovens,"Lg Electronics Lg, Lg 30"" Elec Range Bs, Display Only, Lsel6333Ze","LG 30"" ELEC RANGE BS-DISPLAY ONLY","Lg® Lsel6333Ze Lg 30"" Elec Range Bs-Display Only","LG®, LSEL6333ZE LG 30"" Elec Range BS-Display Only","Lg® Lsel6333Ze Lg 30"" Elec Range Bs-Display Only","LG®, LSEL6333ZE LG 30"" Elec Range BS-Display Only",,,,,,,Ranges & Ovens,,,,,,,,,,,,52141543,1 Year Manufacturer Warranty,1,EA,LG_LSEL6333ZE.jpg,LG_LSEL6333ZE_1.jpg,LG_LSEL6333ZE_2.jpg,LG_LSEL6333ZE_3.jpg,LG_LSEL6333ZE_4.jpg,LG_LSEL6333ZE_Specification_Sheet.pdf,No,Yes
,KSES530SBE,Appliances,Kitchen Appliances,Cooking Equipment,KSES530SBE,KSES530SBE,"KSES530SBE 30"" Elect Range BO Display Only",,,Appliance Dealers Cooperative (APPDE),Appliance Dealers Cooperative,Appliance Dealers Cooperative,,KSES530SBE,Appliances > Kitchen Appliances > Cooking Equipment > Ranges & Ovens,"Appliance Dealers Cooperative, 30"" Elect Range Bo Display Only, Kses530Sbe","30"" ELECT RANGE BO DISPLAY ONLY","Appliance Dealers Cooperative Kses530Sbe 30"" Elect Range Bo Display Only","Appliance Dealers Cooperative, KSES530SBE 30"" Elect Range BO Display Only","Appliance Dealers Cooperative Kses530Sbe 30"" Elect Range Bo Display Only","Appliance Dealers Cooperative, KSES530SBE 30"" Elect Range BO Display Only",,,,,,,Ranges & Ovens,,,,,,,,,,,,52141543,1 Year Manufacturer Warranty,1,EA,APPLIANCEDEALERSCOOPERATIVE_KSES530SBE.jpg,APPLIANCEDEALERSCOOPERATIVE_KSES530SBE_1.jpg,APPLIANCEDEALERSCOOPERATIVE_KSES530SBE_2.jpg,APPLIANCEDEALERSCOOPERATIVE_KSES530SBE_3.jpg,APPLIANCEDEALERSCOOPERATIVE_KSES530SBE_4.jpg,APPLIANCEDEALERSCOOPERATIVE_KSES530SBE_Specification_Sheet.pdf,No,Yes
https://www.frigidaire.com/en/p/owner-center/product-support/GCFG3661AF,GCFG3661AF,Appliances,Kitchen Appliances,Cooking Equipment,GCFG3661AF,GCFG3661AF,"GCFG3661AF 36"" Frigidaire Gas Range SS",,,Appliance Dealers Cooperative (APPDE),Electrolux / Frigidaire,FRIGIDAIRE®,Professional Series®,GCFG3661AF,Appliances > Kitchen Appliances > Cooking Equipment > Ranges & Ovens,"Electrolux / Frigidaire Frigidaire, 36"" Frigidaire Gas Range Ss, Gcfg3661Af","36"" FRIGIDAIRE GAS RANGE SS","Frigidaire® Gcfg3661Af 36"" Frigidaire Gas Range Ss","FRIGIDAIRE®, GCFG3661AF 36"" Frigidaire Gas Range SS, Finish / Color: Stainless Steel","Frigidaire® Gcfg3661Af 36"" Frigidaire Gas Range Ss","FRIGIDAIRE®, GCFG3661AF 36"" Frigidaire Gas Range SS, Finish / Color: Stainless Steel",Finish / Color: Stainless Steel,,,,,,Ranges & Ovens,Finish / Color,Stainless Steel,,,,,,,,,,52141543,1 Year Manufacturer Warranty,1,EA,FRIGIDAIRE_GCFG3661AF.jpg,FRIGIDAIRE_GCFG3661AF_1.jpg,FRIGIDAIRE_GCFG3661AF_2.jpg,FRIGIDAIRE_GCFG3661AF_3.jpg,FRIGIDAIRE_GCFG3661AF_4.jpg,FRIGIDAIRE_GCFG3661AF_Specification_Sheet.pdf,No,Yes
,WSGS7530RZ,Appliances,Kitchen Appliances,Cooking Equipment,WSGS7530RZ,WSGS7530RZ,"WSGS7530RZ 30"" Gas Range SS - Display Only",,,Appliance Dealers Cooperative (APPDE),Appliance Dealers Cooperative,Appliance Dealers Cooperative,,WSGS7530RZ,Appliances > Kitchen Appliances > Cooking Equipment > Ranges & Ovens,"Appliance Dealers Cooperative, 30"" Gas Range Ss, Display Only, Wsgs7530Rz","30"" GAS RANGE SS - DISPLAY ONLY","Appliance Dealers Cooperative Wsgs7530Rz 30"" Gas Range Ss - Display Only","Appliance Dealers Cooperative, WSGS7530RZ 30"" Gas Range SS - Display Only, Finish / Color: Stainless Steel","Appliance Dealers Cooperative Wsgs7530Rz 30"" Gas Range Ss - Display Only","Appliance Dealers Cooperative, WSGS7530RZ 30"" Gas Range SS - Display Only, Finish / Color: Stainless Steel",Finish / Color: Stainless Steel,,,,,,Ranges & Ovens,Finish / Color,Stainless Steel,,,,,,,,,,52141543,1 Year Manufacturer Warranty,1,EA,APPLIANCEDEALERSCOOPERATIVE_WSGS7530RZ.jpg,APPLIANCEDEALERSCOOPERATIVE_WSGS7530RZ_1.jpg,APPLIANCEDEALERSCOOPERATIVE_WSGS7530RZ_2.jpg,APPLIANCEDEALERSCOOPERATIVE_WSGS7530RZ_3.jpg,APPLIANCEDEALERSCOOPERATIVE_WSGS7530RZ_4.jpg,APPLIANCEDEALERSCOOPERATIVE_WSGS7530RZ_Specification_Sheet.pdf,No,Yes
,CHP90301TBB,Appliances,Kitchen Appliances,Cooking Equipment,CHP90301TBB,CHP90301TBB,CHP90301TBB Café Cooktop Bk,,,Appliance Dealers Cooperative (APPDE),GE Appliances (Haier),CAFÉ®,Café™ Series,CHP90301TBB,Appliances > Kitchen Appliances > Cooking Equipment > Ranges & Ovens,"GE Appliances (Haier), Ge Appliances (Haier) Café, Café Cooktop Bk, Chp90301Tbb",CAFÉ COOKTOP BK,Café® Chp90301Tbb Café Cooktop Bk,"CAFÉ®, CHP90301TBB Café Cooktop Bk, Finish / Color: Black",Café® Chp90301Tbb Café Cooktop Bk,"CAFÉ®, CHP90301TBB Café Cooktop Bk, Finish / Color: Black",Finish / Color: Black,,,,,,Ranges & Ovens,Finish / Color,Black,,,,,,,,,,52141543,1 Year Manufacturer Warranty,1,EA,CAF_CHP90301TBB.jpg,CAF_CHP90301TBB_1.jpg,CAF_CHP90301TBB_2.jpg,CAF_CHP90301TBB_3.jpg,CAF_CHP90301TBB_4.jpg,CAF_CHP90301TBB_Specification_Sheet.pdf,No,Yes
,CVM517P3RD1,Appliances,Kitchen Appliances,Cooking Equipment,CVM517P3RD1,CVM517P3RD1,CVM517P3RD1 Cafe Microwave Bk - Display,,,Appliance Dealers Cooperative (APPDE),GE Appliances (Haier),CAFÉ®,Café™ Series,CVM517P3RD1,Appliances > Kitchen Appliances > Cooking Equipment > Ranges & Ovens,"Ge Appliances (Haier) Café, Cafe Microwave Bk, Display, Cvm517P3Rd1",CAFE MICROWAVE BK - DISPLAY,Café® Cvm517P3Rd1 Cafe Microwave Bk - Display,"CAFÉ®, CVM517P3RD1 Cafe Microwave Bk - Display, Finish / Color: Black",Café® Cvm517P3Rd1 Cafe Microwave Bk - Display,"CAFÉ®, CVM517P3RD1 Cafe Microwave Bk - Display, Finish / Color: Black",Finish / Color: Black,,,,,,Ranges & Ovens,Finish / Color,Black,,,,,,,,,,52141543,1 Year Manufacturer Warranty,1,EA,CAF_CVM517P3RD1.jpg,CAF_CVM517P3RD1_1.jpg,CAF_CVM517P3RD1_2.jpg,CAF_CVM517P3RD1_3.jpg,CAF_CVM517P3RD1_4.jpg,CAF_CVM517P3RD1_Specification_Sheet.pdf,No,Yes
,PMOS1980AF,Appliances,Kitchen Appliances,Cooking Equipment,PMOS1980AF,PMOS1980AF,PMOS1980AF OTR Microwave SS - Display Only,,,Appliance Dealers Cooperative (APPDE),Appliance Dealers Cooperative,Appliance Dealers Cooperative,,PMOS1980AF,Appliances > Kitchen Appliances > Cooking Equipment > Ranges & Ovens,"Appliance Dealers Cooperative, Otr Microwave Ss, Display Only, Pmos1980Af",OTR MICROWAVE SS - DISPLAY ONLY,Appliance Dealers Cooperative Pmos1980Af Otr Microwave Ss - Display Only,"Appliance Dealers Cooperative, PMOS1980AF OTR Microwave SS - Display Only, Finish / Color: Stainless Steel",Appliance Dealers Cooperative Pmos1980Af Otr Microwave Ss - Display Only,"Appliance Dealers Cooperative, PMOS1980AF OTR Microwave SS - Display Only, Finish / Color: Stainless Steel",Finish / Color: Stainless Steel,,,,,,Ranges & Ovens,Finish / Color,Stainless Steel,,,,,,,,,,52141543,1 Year Manufacturer Warranty,1,EA,APPLIANCEDEALERSCOOPERATIVE_PMOS1980AF.jpg,APPLIANCEDEALERSCOOPERATIVE_PMOS1980AF_1.jpg,APPLIANCEDEALERSCOOPERATIVE_PMOS1980AF_2.jpg,APPLIANCEDEALERSCOOPERATIVE_PMOS1980AF_3.jpg,APPLIANCEDEALERSCOOPERATIVE_PMOS1980AF_4.jpg,APPLIANCEDEALERSCOOPERATIVE_PMOS1980AF_Specification_Sheet.pdf,No,Yes
,WMMS3330RZ,Industrial MRO,Hardware & Supplies,General Maintenance,WMMS3330RZ,WMMS3330RZ,WMMS3330RZ OTR Mocrowave SS - Display Only,,,Appliance Dealers Cooperative (APPDE),Appliance Dealers Cooperative,Appliance Dealers Cooperative,,WMMS3330RZ,Industrial MRO > Hardware & Supplies > General Maintenance > Industrial Supplies,"Appliance Dealers Cooperative, Otr Mocrowave Ss, Display Only, Wmms3330Rz",OTR MOCROWAVE SS - DISPLAY ONLY,Appliance Dealers Cooperative Wmms3330Rz Otr Mocrowave Ss - Display Only,"Appliance Dealers Cooperative, WMMS3330RZ OTR Mocrowave SS - Display Only, Finish / Color: Stainless Steel",Appliance Dealers Cooperative Wmms3330Rz Otr Mocrowave Ss - Display Only,"Appliance Dealers Cooperative, WMMS3330RZ OTR Mocrowave SS - Display Only, Finish / Color: Stainless Steel",Finish / Color: Stainless Steel,,,,,,Industrial Supplies,Finish / Color,Stainless Steel,,,,,,,,,,31160000,,1,EA,APPLIANCEDEALERSCOOPERATIVE_WMMS3330RZ.jpg,APPLIANCEDEALERSCOOPERATIVE_WMMS3330RZ_1.jpg,APPLIANCEDEALERSCOOPERATIVE_WMMS3330RZ_2.jpg,APPLIANCEDEALERSCOOPERATIVE_WMMS3330RZ_3.jpg,APPLIANCEDEALERSCOOPERATIVE_WMMS3330RZ_4.jpg,APPLIANCEDEALERSCOOPERATIVE_WMMS3330RZ_Specification_Sheet.pdf,No,Yes
,KMMF530PBE,Appliances,Kitchen Appliances,Cooking Equipment,KMMF530PBE,KMMF530PBE,KMMF530PBE OTR Microwave BO Display Only,,,Appliance Dealers Cooperative (APPDE),Appliance Dealers Cooperative,Appliance Dealers Cooperative,,KMMF530PBE,Appliances > Kitchen Appliances > Cooking Equipment > Ranges & Ovens,"Appliance Dealers Cooperative, Otr Microwave Bo Display Only, Kmmf530Pbe",OTR MICROWAVE BO DISPLAY ONLY,Appliance Dealers Cooperative Kmmf530Pbe Otr Microwave Bo Display Only,"Appliance Dealers Cooperative, KMMF530PBE OTR Microwave BO Display Only",Appliance Dealers Cooperative Kmmf530Pbe Otr Microwave Bo Display Only,"Appliance Dealers Cooperative, KMMF530PBE OTR Microwave BO Display Only",,,,,,,Ranges & Ovens,,,,,,,,,,,,52141543,1 Year Manufacturer Warranty,1,EA,APPLIANCEDEALERSCOOPERATIVE_KMMF530PBE.jpg,APPLIANCEDEALERSCOOPERATIVE_KMMF530PBE_1.jpg,APPLIANCEDEALERSCOOPERATIVE_KMMF530PBE_2.jpg,APPLIANCEDEALERSCOOPERATIVE_KMMF530PBE_3.jpg,APPLIANCEDEALERSCOOPERATIVE_KMMF530PBE_4.jpg,APPLIANCEDEALERSCOOPERATIVE_KMMF530PBE_Specification_Sheet.pdf,No,Yes
,JXGRILL1,Appliances,Kitchen Appliances,Cooking Equipment,JXGRILL1,JXGRILL1,JXGRILL1 GE Range Grill,,,Appliance Dealers Cooperative (APPDE),GE Appliances (Haier),GE®,Profile™,JXGRILL1,Appliances > Kitchen Appliances > Cooking Equipment > Ranges & Ovens,"GE Appliances (Haier), Ge Appliances (Haier) Ge, Ge Range Grill, Jxgrill1",GE RANGE GRILL,Ge® Jxgrill1 Ge Range Grill,"GE®, JXGRILL1 GE Range Grill",Ge® Jxgrill1 Ge Range Grill,"GE®, JXGRILL1 GE Range Grill",,,,,,,Ranges & Ovens,,,,,,,,,,,,52141543,1 Year Manufacturer Warranty,1,EA,GE_JXGRILL1.jpg,GE_JXGRILL1_1.jpg,GE_JXGRILL1_2.jpg,GE_JXGRILL1_3.jpg,GE_JXGRILL1_4.jpg,GE_JXGRILL1_Specification_Sheet.pdf,No,Yes
,C9TMA2S3PD3,Appliances,Kitchen Appliances,Cooking Equipment,C9TMA2S3PD3,C9TMA2S3PD3,C9TMA2S3PD3 Café Toaster MB,,,Appliance Dealers Cooperative (APPDE),GE Appliances (Haier),CAFÉ®,Café™ Series,C9TMA2S3PD3,Appliances > Kitchen Appliances > Cooking Equipment > Ranges & Ovens,"GE Appliances (Haier), Ge Appliances (Haier) Café, Café Toaster Mb, C9Tma2S3Pd3",CAFÉ TOASTER MB,Café® C9Tma2S3Pd3 Café Toaster Mb,"CAFÉ®, C9TMA2S3PD3 Café Toaster MB",Café® C9Tma2S3Pd3 Café Toaster Mb,"CAFÉ®, C9TMA2S3PD3 Café Toaster MB",,,,,,,Ranges & Ovens,,,,,,,,,,,,52141543,1 Year Manufacturer Warranty,1,EA,CAF_C9TMA2S3PD3.jpg,CAF_C9TMA2S3PD3_1.jpg,CAF_C9TMA2S3PD3_2.jpg,CAF_C9TMA2S3PD3_3.jpg,CAF_C9TMA2S3PD3_4.jpg,CAF_C9TMA2S3PD3_Specification_Sheet.pdf,No,Yes
,C9TMA2S4PW3,Appliances,Kitchen Appliances,Cooking Equipment,C9TMA2S4PW3,C9TMA2S4PW3,C9TMA2S4PW3 Café Toaster MW,,,Appliance Dealers Cooperative (APPDE),GE Appliances (Haier),CAFÉ®,Café™ Series,C9TMA2S4PW3,Appliances > Kitchen Appliances > Cooking Equipment > Ranges & Ovens,"GE Appliances (Haier), Ge Appliances (Haier) Café, Café Toaster Mw, C9Tma2S4Pw3",CAFÉ TOASTER MW,Café® C9Tma2S4Pw3 Café Toaster Mw,"CAFÉ®, C9TMA2S4PW3 Café Toaster MW",Café® C9Tma2S4Pw3 Café Toaster Mw,"CAFÉ®, C9TMA2S4PW3 Café Toaster MW",,,,,,,Ranges & Ovens,,,,,,,,,,,,52141543,1 Year Manufacturer Warranty,1,EA,CAF_C9TMA2S4PW3.jpg,CAF_C9TMA2S4PW3_1.jpg,CAF_C9TMA2S4PW3_2.jpg,CAF_C9TMA2S4PW3_3.jpg,CAF_C9TMA2S4PW3_4.jpg,CAF_C9TMA2S4PW3_Specification_Sheet.pdf,No,Yes
,C90AAAS2RS3,Industrial MRO,Hardware & Supplies,General Maintenance,C90AAAS2RS3,C90AAAS2RS3,C90AAAS2RS3 Cafe Toast Oven SS,,,Appliance Dealers Cooperative (APPDE),GE Appliances (Haier),CAFÉ®,Café™ Series,C90AAAS2RS3,Industrial MRO > Hardware & Supplies > General Maintenance > Industrial Supplies,"Ge Appliances (Haier) Café, Cafe Toast Oven Ss, C90Aaas2Rs3 - Part Number: C90",CAFE TOAST OVEN SS,Café® C90Aaas2Rs3 Cafe Toast Oven Ss,"CAFÉ®, C90AAAS2RS3 Cafe Toast Oven SS, Finish / Color: Stainless Steel",Café® C90Aaas2Rs3 Cafe Toast Oven Ss,"CAFÉ®, C90AAAS2RS3 Cafe Toast Oven SS, Finish / Color: Stainless Steel",Finish / Color: Stainless Steel,,,,,,Industrial Supplies,Finish / Color,Stainless Steel,,,,,,,,,,31160000,,1,EA,CAF_C90AAAS2RS3.jpg,CAF_C90AAAS2RS3_1.jpg,CAF_C90AAAS2RS3_2.jpg,CAF_C90AAAS2RS3_3.jpg,CAF_C90AAAS2RS3_4.jpg,CAF_C90AAAS2RS3_Specification_Sheet.pdf,No,Yes
,C9TMA2SP2PS3,Appliances,Kitchen Appliances,Cooking Equipment,C9TMA2SP2PS3,C9TMA2SP2PS3,C9TMA2S2PS3 Cafe Toaster SS,,,Appliance Dealers Cooperative (APPDE),GE Appliances (Haier),CAFÉ®,Café™ Series,C9TMA2SP2PS3,Appliances > Kitchen Appliances > Cooking Equipment > Ranges & Ovens,"Ge Appliances (Haier) Café, C9Tma2S2Ps3 Cafe Toaster Ss, C9Tma2Sp2Ps3",C9TMA2S2PS3 CAFE TOASTER SS,Café® C9Tma2Sp2Ps3 C9Tma2S2Ps3 Cafe Toaster Ss,"CAFÉ®, C9TMA2S2PS3 Cafe Toaster SS, Part Number: C9TMA2SP2PS3, Finish / Color: Stainless Steel",Café® C9Tma2Sp2Ps3 C9Tma2S2Ps3 Cafe Toaster Ss,"CAFÉ®, C9TMA2S2PS3 Cafe Toaster SS, Part Number: C9TMA2SP2PS3, Finish / Color: Stainless Steel",Finish / Color: Stainless Steel,,,,,,Ranges & Ovens,Finish / Color,Stainless Steel,,,,,,,,,,52141543,1 Year Manufacturer Warranty,1,EA,CAF_C9TMA2SP2PS3.jpg,CAF_C9TMA2SP2PS3_1.jpg,CAF_C9TMA2SP2PS3_2.jpg,CAF_C9TMA2SP2PS3_3.jpg,CAF_C9TMA2SP2PS3_4.jpg,CAF_C9TMA2SP2PS3_Specification_Sheet.pdf,No,Yes
,GDE21EMKES,Appliances,Refrigeration,Refrigerators & Freezers,GDE21EMKES,GDE21EMKES,GDE21EMKES GE 21CF Fridge SL Display Only,,,Appliance Dealers Cooperative (APPDE),GE Appliances (Haier),GE®,Profile™,GDE21EMKES,Appliances > Refrigeration > Refrigerators & Freezers > Residential Refrigerators,"Ge Appliances (Haier) Ge, Ge 21Cf Fridge Sl Display Only, Gde21Emkes",GE 21CF FRIDGE SL DISPLAY ONLY,Ge® Gde21Emkes Ge 21Cf Fridge Sl Display Only,"GE®, GDE21EMKES GE 21CF Fridge SL Display Only",Ge® Gde21Emkes Ge 21Cf Fridge Sl Display Only,"GE®, GDE21EMKES GE 21CF Fridge SL Display Only",,,,,,,Residential Refrigerators,,,,,,,,,,,,52141501,1 Year Manufacturer Warranty,1,EA,GE_GDE21EMKES.jpg,GE_GDE21EMKES_1.jpg,GE_GDE21EMKES_2.jpg,GE_GDE21EMKES_3.jpg,GE_GDE21EMKES_4.jpg,GE_GDE21EMKES_Specification_Sheet.pdf,No,Yes
,FCM16SLWW,Appliances,Refrigeration,Refrigerators & Freezers,FCM16SLWW,FCM16SLWW,FCM16SLWW 16CF GE Freezer Chest MH,,,Appliance Dealers Cooperative (APPDE),GE Appliances (Haier),GE®,Profile™,FCM16SLWW,Appliances > Refrigeration > Refrigerators & Freezers > Residential Refrigerators,"Ge Appliances (Haier) Ge, 16Cf Ge Freezer Chest Mh, Fcm16Slww",16CF GE FREEZER CHEST MH,Ge® Fcm16Slww 16Cf Ge Freezer Chest Mh,"GE®, FCM16SLWW 16CF GE Freezer Chest MH",Ge® Fcm16Slww 16Cf Ge Freezer Chest Mh,"GE®, FCM16SLWW 16CF GE Freezer Chest MH",,,,,,,Residential Refrigerators,,,,,,,,,,,,52141501,1 Year Manufacturer Warranty,1,EA,GE_FCM16SLWW.jpg,GE_FCM16SLWW_1.jpg,GE_FCM16SLWW_2.jpg,GE_FCM16SLWW_3.jpg,GE_FCM16SLWW_4.jpg,GE_FCM16SLWW_Specification_Sheet.pdf,No,Yes
,GNE27JYMFS,Appliances,Refrigeration,Refrigerators & Freezers,GNE27JYMFS,GNE27JYMFS,GNE27JYMFS GE Fridge SS,,,Appliance Dealers Cooperative (APPDE),GE Appliances (Haier),GE®,Profile™,GNE27JYMFS,Appliances > Refrigeration > Refrigerators & Freezers > Residential Refrigerators,"GE Appliances (Haier), Ge Appliances (Haier) Ge, Ge Fridge Ss, Gne27Jymfs",GE FRIDGE SS,Ge® Gne27Jymfs Ge Fridge Ss,"GE®, GNE27JYMFS GE Fridge SS, Finish / Color: Stainless Steel",Ge® Gne27Jymfs Ge Fridge Ss,"GE®, GNE27JYMFS GE Fridge SS, Finish / Color: Stainless Steel",Finish / Color: Stainless Steel,,,,,,Residential Refrigerators,Finish / Color,Stainless Steel,,,,,,,,,,52141501,1 Year Manufacturer Warranty,1,EA,GE_GNE27JYMFS.jpg,GE_GNE27JYMFS_1.jpg,GE_GNE27JYMFS_2.jpg,GE_GNE27JYMFS_3.jpg,GE_GNE27JYMFS_4.jpg,GE_GNE27JYMFS_Specification_Sheet.pdf,No,Yes
,CVE28DP3ND1,Appliances,Refrigeration,Refrigerators & Freezers,CVE28DP3ND1,CVE28DP3ND1,CVE28DP3ND1 Cafe Fridge Bk,,,Appliance Dealers Cooperative (APPDE),GE Appliances (Haier),CAFÉ®,Café™ Series,CVE28DP3ND1,Appliances > Refrigeration > Refrigerators & Freezers > Residential Refrigerators,"GE Appliances (Haier), Ge Appliances (Haier) Café, Cafe Fridge Bk, Cve28Dp3Nd1",CAFE FRIDGE BK,Café® Cve28Dp3Nd1 Cafe Fridge Bk,"CAFÉ®, CVE28DP3ND1 Cafe Fridge Bk, Finish / Color: Black",Café® Cve28Dp3Nd1 Cafe Fridge Bk,"CAFÉ®, CVE28DP3ND1 Cafe Fridge Bk, Finish / Color: Black",Finish / Color: Black,,,,,,Residential Refrigerators,Finish / Color,Black,,,,,,,,,,52141501,1 Year Manufacturer Warranty,1,EA,CAF_CVE28DP3ND1.jpg,CAF_CVE28DP3ND1_1.jpg,CAF_CVE28DP3ND1_2.jpg,CAF_CVE28DP3ND1_3.jpg,CAF_CVE28DP3ND1_4.jpg,CAF_CVE28DP3ND1_Specification_Sheet.pdf,No,Yes
,GNE25JMKES,Appliances,Refrigeration,Refrigerators & Freezers,GNE25JMKES,GNE25JMKES,GNE25JMKES GE Fridge Slate - Display,,,Appliance Dealers Cooperative (APPDE),GE Appliances (Haier),GE®,Profile™,GNE25JMKES,Appliances > Refrigeration > Refrigerators & Freezers > Residential Refrigerators,"Ge Appliances (Haier) Ge, Ge Fridge Slate, Display, Gne25Jmkes",GE FRIDGE SLATE - DISPLAY,Ge® Gne25Jmkes Ge Fridge Slate - Display,"GE®, GNE25JMKES GE Fridge Slate - Display, Finish / Color: Gray",Ge® Gne25Jmkes Ge Fridge Slate - Display,"GE®, GNE25JMKES GE Fridge Slate - Display, Finish / Color: Gray",Finish / Color: Gray,,,,,,Residential Refrigerators,Finish / Color,Gray,,,,,,,,,,52141501,1 Year Manufacturer Warranty,1,EA,GE_GNE25JMKES.jpg,GE_GNE25JMKES_1.jpg,GE_GNE25JMKES_2.jpg,GE_GNE25JMKES_3.jpg,GE_GNE25JMKES_4.jpg,GE_GNE25JMKES_Specification_Sheet.pdf,No,Yes
,PRFS2883AF,Appliances,Refrigeration,Refrigerators & Freezers,PRFS2883AF,PRFS2883AF,"PRFS2883AF 36"" Fridge SS - Display Only",,,Appliance Dealers Cooperative (APPDE),Appliance Dealers Cooperative,Appliance Dealers Cooperative,,PRFS2883AF,Appliances > Refrigeration > Refrigerators & Freezers > Residential Refrigerators,"Appliance Dealers Cooperative, 36"" Fridge Ss, Display Only, Prfs2883Af","36"" FRIDGE SS - DISPLAY ONLY","Appliance Dealers Cooperative Prfs2883Af 36"" Fridge Ss - Display Only","Appliance Dealers Cooperative, PRFS2883AF 36"" Fridge SS - Display Only, Finish / Color: Stainless Steel","Appliance Dealers Cooperative Prfs2883Af 36"" Fridge Ss - Display Only","Appliance Dealers Cooperative, PRFS2883AF 36"" Fridge SS - Display Only, Finish / Color: Stainless Steel",Finish / Color: Stainless Steel,,,,,,Residential Refrigerators,Finish / Color,Stainless Steel,,,,,,,,,,52141501,1 Year Manufacturer Warranty,1,EA,APPLIANCEDEALERSCOOPERATIVE_PRFS2883AF.jpg,APPLIANCEDEALERSCOOPERATIVE_PRFS2883AF_1.jpg,APPLIANCEDEALERSCOOPERATIVE_PRFS2883AF_2.jpg,APPLIANCEDEALERSCOOPERATIVE_PRFS2883AF_3.jpg,APPLIANCEDEALERSCOOPERATIVE_PRFS2883AF_4.jpg,APPLIANCEDEALERSCOOPERATIVE_PRFS2883AF_Specification_Sheet.pdf,No,Yes
,PAD28BYTFS,Appliances,Refrigeration,Refrigerators & Freezers,PAD28BYTFS,PAD28BYTFS,PAD28BYTFS GE Fridge SS,,,Appliance Dealers Cooperative (APPDE),GE Appliances (Haier),GE®,Profile™,PAD28BYTFS,Appliances > Refrigeration > Refrigerators & Freezers > Residential Refrigerators,"GE Appliances (Haier), Ge Appliances (Haier) Ge, Ge Fridge Ss, Pad28Bytfs",GE FRIDGE SS,Ge® Pad28Bytfs Ge Fridge Ss,"GE®, PAD28BYTFS GE Fridge SS, Finish / Color: Stainless Steel",Ge® Pad28Bytfs Ge Fridge Ss,"GE®, PAD28BYTFS GE Fridge SS, Finish / Color: Stainless Steel",Finish / Color: Stainless Steel,,,,,,Residential Refrigerators,Finish / Color,Stainless Steel,,,,,,,,,,52141501,1 Year Manufacturer Warranty,1,EA,GE_PAD28BYTFS.jpg,GE_PAD28BYTFS_1.jpg,GE_PAD28BYTFS_2.jpg,GE_PAD28BYTFS_3.jpg,GE_PAD28BYTFS_4.jpg,GE_PAD28BYTFS_Specification_Sheet.pdf,No,Yes
,PGE29BYTFS,Appliances,Refrigeration,Refrigerators & Freezers,PGE29BYTFS,PGE29BYTFS,PGE29BYTFS GE Fridge SS,,,Appliance Dealers Cooperative (APPDE),GE Appliances (Haier),GE®,Profile™,PGE29BYTFS,Appliances > Refrigeration > Refrigerators & Freezers > Residential Refrigerators,"GE Appliances (Haier), Ge Appliances (Haier) Ge, Ge Fridge Ss, Pge29Bytfs",GE FRIDGE SS,Ge® Pge29Bytfs Ge Fridge Ss,"GE®, PGE29BYTFS GE Fridge SS, Finish / Color: Stainless Steel",Ge® Pge29Bytfs Ge Fridge Ss,"GE®, PGE29BYTFS GE Fridge SS, Finish / Color: Stainless Steel",Finish / Color: Stainless Steel,,,,,,Residential Refrigerators,Finish / Color,Stainless Steel,,,,,,,,,,52141501,1 Year Manufacturer Warranty,1,EA,GE_PGE29BYTFS.jpg,GE_PGE29BYTFS_1.jpg,GE_PGE29BYTFS_2.jpg,GE_PGE29BYTFS_3.jpg,GE_PGE29BYTFS_4.jpg,GE_PGE29BYTFS_Specification_Sheet.pdf,No,Yes
,ERFD19CGCS,Appliances,Refrigeration,Refrigerators & Freezers,ERFD19CGCS,ERFD19CGCS,ERFD19CGCS Element Fridge SS,,,Appliance Dealers Cooperative (APPDE),Element Electronics,ELEMENT®,Element Home®,ERFD19CGCS,Appliances > Refrigeration > Refrigerators & Freezers > Residential Refrigerators,"Element Electronics Element, Element Fridge Ss, Erfd19Cgcs - Part Number: ERFD",ELEMENT FRIDGE SS,Element® Erfd19Cgcs Element Fridge Ss,"ELEMENT®, ERFD19CGCS Element Fridge SS, Finish / Color: Stainless Steel",Element® Erfd19Cgcs Element Fridge Ss,"ELEMENT®, ERFD19CGCS Element Fridge SS, Finish / Color: Stainless Steel",Finish / Color: Stainless Steel,,,,,,Residential Refrigerators,Finish / Color,Stainless Steel,,,,,,,,,,52141501,1 Year Manufacturer Warranty,1,EA,ELEMENT_ERFD19CGCS.jpg,ELEMENT_ERFD19CGCS_1.jpg,ELEMENT_ERFD19CGCS_2.jpg,ELEMENT_ERFD19CGCS_3.jpg,ELEMENT_ERFD19CGCS_4.jpg,ELEMENT_ERFD19CGCS_Specification_Sheet.pdf,No,Yes
,LT18S2100W,Appliances,Refrigeration,Refrigerators & Freezers,LT18S2100W,LT18S2100W,LT18S2100W LG Fridge Wh,,,Appliance Dealers Cooperative (APPDE),LG Electronics,LG®,ThinQ®,LT18S2100W,Appliances > Refrigeration > Refrigerators & Freezers > Residential Refrigerators,"LG Electronics, Lg Electronics Lg, Lg Fridge Wh, Lt18S2100W - Part Number: LT1",LG FRIDGE WH,Lg® Lt18S2100W Lg Fridge Wh,"LG®, LT18S2100W LG Fridge Wh, Finish / Color: White",Lg® Lt18S2100W Lg Fridge Wh,"LG®, LT18S2100W LG Fridge Wh, Finish / Color: White",Finish / Color: White,,,,,,Residential Refrigerators,Finish / Color,White,,,,,,,,,,52141501,1 Year Manufacturer Warranty,1,EA,LG_LT18S2100W.jpg,LG_LT18S2100W_1.jpg,LG_LT18S2100W_2.jpg,LG_LT18S2100W_3.jpg,LG_LT18S2100W_4.jpg,LG_LT18S2100W_Specification_Sheet.pdf,No,Yes
,LT18S2100SS,Appliances,Refrigeration,Refrigerators & Freezers,LT18S2100SS,LT18S2100SS,LT18S2100S 18CF LG Fridge SS,,,Appliance Dealers Cooperative (APPDE),LG Electronics,LG®,ThinQ®,LT18S2100SS,Appliances > Refrigeration > Refrigerators & Freezers > Residential Refrigerators,"Lg Electronics Lg, Lt18S2100S 18Cf Lg Fridge Ss, Lt18S2100Ss",LT18S2100S 18CF LG FRIDGE SS,Lg® Lt18S2100Ss Lt18S2100S 18Cf Lg Fridge Ss,"LG®, LT18S2100S 18CF LG Fridge SS, Part Number: LT18S2100SS, Finish / Color: Stainless Steel",Lg® Lt18S2100Ss Lt18S2100S 18Cf Lg Fridge Ss,"LG®, LT18S2100S 18CF LG Fridge SS, Part Number: LT18S2100SS, Finish / Color: Stainless Steel",Finish / Color: Stainless Steel,,,,,,Residential Refrigerators,Finish / Color,Stainless Steel,,,,,,,,,,52141501,1 Year Manufacturer Warranty,1,EA,LG_LT18S2100SS.jpg,LG_LT18S2100SS_1.jpg,LG_LT18S2100SS_2.jpg,LG_LT18S2100SS_3.jpg,LG_LT18S2100SS_4.jpg,LG_LT18S2100SS_Specification_Sheet.pdf,No,Yes
,EUF17CDBW,Appliances,Refrigeration,Refrigerators & Freezers,EUF17CDBW,EUF17CDBW,EUF17CDBW Element 17CF Freezer - Upright,,,Appliance Dealers Cooperative (APPDE),Element Electronics,ELEMENT®,Element Home®,EUF17CDBW,Appliances > Refrigeration > Refrigerators & Freezers > Residential Refrigerators,"Element Electronics Element, Element 17Cf Freezer, Upright, Euf17Cdbw",ELEMENT 17CF FREEZER - UPRIGHT,Element® Euf17Cdbw Element 17Cf Freezer - Upright,"ELEMENT®, EUF17CDBW Element 17CF Freezer - Upright",Element® Euf17Cdbw Element 17Cf Freezer - Upright,"ELEMENT®, EUF17CDBW Element 17CF Freezer - Upright",,,,,,,Residential Refrigerators,,,,,,,,,,,,52141501,1 Year Manufacturer Warranty,1,EA,ELEMENT_EUF17CDBW.jpg,ELEMENT_EUF17CDBW_1.jpg,ELEMENT_EUF17CDBW_2.jpg,ELEMENT_EUF17CDBW_3.jpg,ELEMENT_EUF17CDBW_4.jpg,ELEMENT_EUF17CDBW_Specification_Sheet.pdf,No,Yes
,EUF21CDBW,Appliances,Refrigeration,Refrigerators & Freezers,EUF21CDBW,EUF21CDBW,EUF21CDBW Element 21CF Freezer - Upright,,,Appliance Dealers Cooperative (APPDE),Element Electronics,ELEMENT®,Element Home®,EUF21CDBW,Appliances > Refrigeration > Refrigerators & Freezers > Residential Refrigerators,"Element Electronics Element, Element 21Cf Freezer, Upright, Euf21Cdbw",ELEMENT 21CF FREEZER - UPRIGHT,Element® Euf21Cdbw Element 21Cf Freezer - Upright,"ELEMENT®, EUF21CDBW Element 21CF Freezer - Upright",Element® Euf21Cdbw Element 21Cf Freezer - Upright,"ELEMENT®, EUF21CDBW Element 21CF Freezer - Upright",,,,,,,Residential Refrigerators,,,,,,,,,,,,52141501,1 Year Manufacturer Warranty,1,EA,ELEMENT_EUF21CDBW.jpg,ELEMENT_EUF21CDBW_1.jpg,ELEMENT_EUF21CDBW_2.jpg,ELEMENT_EUF21CDBW_3.jpg,ELEMENT_EUF21CDBW_4.jpg,ELEMENT_EUF21CDBW_Specification_Sheet.pdf,No,Yes
,TP-1935,Industrial MRO,Hardware & Supplies,General Maintenance,TP-1935,TP-1935,TP-1935 Hole Drilling System,,,-,Generic Manufacturer,-- Unbranded --,,TP-1935,Industrial MRO > Hardware & Supplies > General Maintenance > Industrial Supplies,"Generic Manufacturer -- Unbranded --, Hole Drilling System, Tp-1935",HOLE DRILLING SYSTEM,-- Unbranded -- Tp-1935 Hole Drilling System,"-- Unbranded --, TP-1935 Hole Drilling System",-- Unbranded -- Tp-1935 Hole Drilling System,"-- Unbranded --, TP-1935 Hole Drilling System",,,,,,,Industrial Supplies,,,,,,,,,,,,31160000,,1,EA,UNBRANDED_TP-1935.jpg,UNBRANDED_TP-1935_1.jpg,UNBRANDED_TP-1935_2.jpg,UNBRANDED_TP-1935_3.jpg,UNBRANDED_TP-1935_4.jpg,UNBRANDED_TP-1935_Specification_Sheet.pdf,No,Yes
,K527APBXR,Industrial MRO,Hardware & Supplies,General Maintenance,K527APBXR,K527APBXR,"K527APBXR Senco .131x3"" SM BB - 500CT",,,Senco Products Inc (4650),Kyocera Senco Industrial Tools,SENCO®,Duraspin®,K527APBXR,Industrial MRO > Hardware & Supplies > General Maintenance > Industrial Supplies,"Kyocera Senco Industrial Tools Senco, Senco .131X3"" Sm Bb, 500Ct, K527Apbxr","SENCO .131X3"" SM BB - 500CT","Senco® K527Apbxr Senco .131X3"" Sm Bb - 500Ct","SENCO®, K527APBXR Senco .131x3"" SM BB - 500CT, Package Quantity: 500 CT, Dimensions: 131 in x 3 in","Senco® K527Apbxr Senco .131X3"" Sm Bb - 500Ct","SENCO®, K527APBXR Senco .131x3"" SM BB - 500CT, Package Quantity: 500 CT, Dimensions: 131 in x 3 in",Package Quantity: 500 CT,Dimensions: 131 in x 3 in,,,,,Industrial Supplies,Package Quantity,500,CT,Dimensions,131 in x 3 in,,,,,,,31160000,,1,EA,SENCO_K527APBXR.jpg,SENCO_K527APBXR_1.jpg,SENCO_K527APBXR_2.jpg,SENCO_K527APBXR_3.jpg,SENCO_K527APBXR_4.jpg,SENCO_K527APBXR_Specification_Sheet.pdf,No,Yes
,603150,Tools & Hardware,Fastening Tools,Nailers & Staplers,603150,603150,"603150 2-1/2"" Finish Nail 15GA - 4M",,,National Nail Corp (7439),National Nail Corp,National Nail Corp,,603150,Tools & Hardware > Fastening Tools > Nailers & Staplers > Pneumatic & Cordless Fastening,"National Nail Corp, 2, 1/2"" Finish Nail 15Ga, 4M, 603150 - Part Number: 603150","2-1/2"" FINISH NAIL 15GA - 4M","National Nail Corp 603150 2-1/2"" Finish Nail 15Ga - 4M","National Nail Corp, 603150 2-1/2"" Finish Nail 15GA - 4M","National Nail Corp 603150 2-1/2"" Finish Nail 15Ga - 4M","National Nail Corp, 603150 2-1/2"" Finish Nail 15GA - 4M",,,,,,,Pneumatic & Cordless Fastening,,,,,,,,,,,,27112713,,1,EA,NATIONALNAILCORP_603150.jpg,NATIONALNAILCORP_603150_1.jpg,NATIONALNAILCORP_603150_2.jpg,NATIONALNAILCORP_603150_3.jpg,NATIONALNAILCORP_603150_4.jpg,NATIONALNAILCORP_603150_Specification_Sheet.pdf,No,Yes
,d10cnk,Tools & Hardware,Fastening Tools,Nailers & Staplers,d10cnk,d10cnk,"D10CNK Prebena 1/2""x3/8"" - Staple",,,Prebena (PREBE),Prebena Fastening Systems,PREBENA®,Prebena®,d10cnk,Tools & Hardware > Fastening Tools > Nailers & Staplers > Pneumatic & Cordless Fastening,"Prebena Fastening Systems Prebena, Prebena 1/2""X3/8"", Staple, D10Cnk","PREBENA 1/2""X3/8"" - STAPLE","Prebena® D10Cnk Prebena 1/2""X3/8"" - Staple","PREBENA®, D10CNK Prebena 1/2""x3/8"" - Staple, Part Number: d10cnk, Dimensions: 1/2 in x 3/8 in","Prebena® D10Cnk Prebena 1/2""X3/8"" - Staple","PREBENA®, D10CNK Prebena 1/2""x3/8"" - Staple, Part Number: d10cnk, Dimensions: 1/2 in x 3/8 in",Dimensions: 1/2 in x 3/8 in,,,,,,Pneumatic & Cordless Fastening,Dimensions,1/2 in x 3/8 in,,,,,,,,,,27112713,,1,EA,PREBENA_d10cnk.jpg,PREBENA_d10cnk_1.jpg,PREBENA_d10cnk_2.jpg,PREBENA_d10cnk_3.jpg,PREBENA_d10cnk_4.jpg,PREBENA_d10cnk_Specification_Sheet.pdf,No,Yes
,e28cnkha,Tools & Hardware,Fastening Tools,Nailers & Staplers,e28cnkha,e28cnkha,"E28CNKHA Prebena 2/4""x1 1/8"" - Staple",,,Prebena (PREBE),Prebena Fastening Systems,PREBENA®,Prebena®,e28cnkha,Tools & Hardware > Fastening Tools > Nailers & Staplers > Pneumatic & Cordless Fastening,"Prebena Fastening Systems Prebena, Prebena 2/4""X1 1/8"", Staple, E28Cnkha","PREBENA 2/4""X1 1/8"" - STAPLE","Prebena® E28Cnkha Prebena 2/4""X1 1/8"" - Staple","PREBENA®, E28CNKHA Prebena 2/4""x1 1/8"" - Staple, Part Number: e28cnkha, Dimensions: 2/4 in x 1 in","Prebena® E28Cnkha Prebena 2/4""X1 1/8"" - Staple","PREBENA®, E28CNKHA Prebena 2/4""x1 1/8"" - Staple, Part Number: e28cnkha, Dimensions: 2/4 in x 1 in",Dimensions: 2/4 in x 1 in,,,,,,Pneumatic & Cordless Fastening,Dimensions,2/4 in x 1 in,,,,,,,,,,27112713,,1,EA,PREBENA_e28cnkha.jpg,PREBENA_e28cnkha_1.jpg,PREBENA_e28cnkha_2.jpg,PREBENA_e28cnkha_3.jpg,PREBENA_e28cnkha_4.jpg,PREBENA_e28cnkha_Specification_Sheet.pdf,No,Yes
,51334,Lighting & Fans,Fans & Ventilation,Ceiling Fans,51334,51334,"51334 44"" Wh Gilmour Fan",,,Hunter Fan Co (4381),Hunter Fan Company,HUNTER®,Hunter Fans®,51334,Lighting & Fans > Fans & Ventilation > Ceiling Fans > Residential Ceiling Fans,"Hunter Fan Company Hunter, 44"" Wh Gilmour Fan, 51334 - Part Number: 51334","44"" WH GILMOUR FAN","Hunter® 51334 44"" Wh Gilmour Fan","HUNTER®, 51334 44"" Wh Gilmour Fan, Finish / Color: White","Hunter® 51334 44"" Wh Gilmour Fan","HUNTER®, 51334 44"" Wh Gilmour Fan, Finish / Color: White",Finish / Color: White,,,,,,Residential Ceiling Fans,Finish / Color,White,,,,,,,,,,40101600,,1,EA,HUNTER_51334.jpg,HUNTER_51334_1.jpg,HUNTER_51334_2.jpg,HUNTER_51334_3.jpg,HUNTER_51334_4.jpg,HUNTER_51334_Specification_Sheet.pdf,No,Yes
,59210,Lighting & Fans,Fans & Ventilation,Ceiling Fans,59210,59210,"59210 52"" BZ Sent Hunter Fan",,Hunter,Hunter Fan Co (4381),Hunter Fan Company,HUNTER®,Hunter Fans®,59210,Lighting & Fans > Fans & Ventilation > Ceiling Fans > Residential Ceiling Fans,"Hunter Fan Company Hunter, 52"" Bz Sent Hunter Fan, 59210 - Part Number: 59210","52"" BZ SENT HUNTER FAN","Hunter® 59210 52"" Bz Sent Hunter Fan","HUNTER®, 59210 52"" BZ Sent Hunter Fan","Hunter® 59210 52"" Bz Sent Hunter Fan","HUNTER®, 59210 52"" BZ Sent Hunter Fan",,,,,,,Residential Ceiling Fans,,,,,,,,,,,,40101600,,1,EA,HUNTER_59210.jpg,HUNTER_59210_1.jpg,HUNTER_59210_2.jpg,HUNTER_59210_3.jpg,HUNTER_59210_4.jpg,HUNTER_59210_Specification_Sheet.pdf,No,Yes
,52485,Lighting & Fans,Fans & Ventilation,Ceiling Fans,52485,52485,"52485 52"" MB Anisten Fan",,,Hunter Fan Co (4381),Hunter Fan Company,HUNTER®,Hunter Fans®,52485,Lighting & Fans > Fans & Ventilation > Ceiling Fans > Residential Ceiling Fans,"Hunter Fan Company Hunter, 52"" Mb Anisten Fan, 52485 - Part Number: 52485","52"" MB ANISTEN FAN","Hunter® 52485 52"" Mb Anisten Fan","HUNTER®, 52485 52"" MB Anisten Fan","Hunter® 52485 52"" Mb Anisten Fan","HUNTER®, 52485 52"" MB Anisten Fan",,,,,,,Residential Ceiling Fans,,,,,,,,,,,,40101600,,1,EA,HUNTER_52485.jpg,HUNTER_52485_1.jpg,HUNTER_52485_2.jpg,HUNTER_52485_3.jpg,HUNTER_52485_4.jpg,HUNTER_52485_Specification_Sheet.pdf,No,Yes
,52486,Lighting & Fans,Fans & Ventilation,Ceiling Fans,52486,52486,"52486 44"" MB Anisten Fan",,,Hunter Fan Co (4381),Hunter Fan Company,HUNTER®,Hunter Fans®,52486,Lighting & Fans > Fans & Ventilation > Ceiling Fans > Residential Ceiling Fans,"Hunter Fan Company Hunter, 44"" Mb Anisten Fan, 52486 - Part Number: 52486","44"" MB ANISTEN FAN","Hunter® 52486 44"" Mb Anisten Fan","HUNTER®, 52486 44"" MB Anisten Fan","Hunter® 52486 44"" Mb Anisten Fan","HUNTER®, 52486 44"" MB Anisten Fan",,,,,,,Residential Ceiling Fans,,,,,,,,,,,,40101600,,1,EA,HUNTER_52486.jpg,HUNTER_52486_1.jpg,HUNTER_52486_2.jpg,HUNTER_52486_3.jpg,HUNTER_52486_4.jpg,HUNTER_52486_Specification_Sheet.pdf,No,Yes
,52487,Lighting & Fans,Fans & Ventilation,Ceiling Fans,52487,52487,"52487 52"" WH Anisten Fan",,,Hunter Fan Co (4381),Hunter Fan Company,HUNTER®,Hunter Fans®,52487,Lighting & Fans > Fans & Ventilation > Ceiling Fans > Residential Ceiling Fans,"Hunter Fan Company Hunter, 52"" Wh Anisten Fan, 52487 - Part Number: 52487","52"" WH ANISTEN FAN","Hunter® 52487 52"" Wh Anisten Fan","HUNTER®, 52487 52"" WH Anisten Fan, Finish / Color: White","Hunter® 52487 52"" Wh Anisten Fan","HUNTER®, 52487 52"" WH Anisten Fan, Finish / Color: White",Finish / Color: White,,,,,,Residential Ceiling Fans,Finish / Color,White,,,,,,,,,,40101600,,1,EA,HUNTER_52487.jpg,HUNTER_52487_1.jpg,HUNTER_52487_2.jpg,HUNTER_52487_3.jpg,HUNTER_52487_4.jpg,HUNTER_52487_Specification_Sheet.pdf,No,Yes
,52488,Lighting & Fans,Fans & Ventilation,Ceiling Fans,52488,52488,"52488 44"" WH Anisten Fan",,,Hunter Fan Co (4381),Hunter Fan Company,HUNTER®,Hunter Fans®,52488,Lighting & Fans > Fans & Ventilation > Ceiling Fans > Residential Ceiling Fans,"Hunter Fan Company Hunter, 44"" Wh Anisten Fan, 52488 - Part Number: 52488","44"" WH ANISTEN FAN","Hunter® 52488 44"" Wh Anisten Fan","HUNTER®, 52488 44"" WH Anisten Fan, Finish / Color: White","Hunter® 52488 44"" Wh Anisten Fan","HUNTER®, 52488 44"" WH Anisten Fan, Finish / Color: White",Finish / Color: White,,,,,,Residential Ceiling Fans,Finish / Color,White,,,,,,,,,,40101600,,1,EA,HUNTER_52488.jpg,HUNTER_52488_1.jpg,HUNTER_52488_2.jpg,HUNTER_52488_3.jpg,HUNTER_52488_4.jpg,HUNTER_52488_Specification_Sheet.pdf,No,Yes
,52655,Lighting & Fans,Fans & Ventilation,Ceiling Fans,52655,52655,"52655 52"" MB Xidane Hunter Fan",,,Hunter Fan Co (4381),Hunter Fan Company,HUNTER®,Hunter Fans®,52655,Lighting & Fans > Fans & Ventilation > Ceiling Fans > Residential Ceiling Fans,"Hunter Fan Company Hunter, 52"" Mb Xidane Hunter Fan, 52655 - Part Number: 5265","52"" MB XIDANE HUNTER FAN","Hunter® 52655 52"" Mb Xidane Hunter Fan","HUNTER®, 52655 52"" MB Xidane Hunter Fan","Hunter® 52655 52"" Mb Xidane Hunter Fan","HUNTER®, 52655 52"" MB Xidane Hunter Fan",,,,,,,Residential Ceiling Fans,,,,,,,,,,,,40101600,,1,EA,HUNTER_52655.jpg,HUNTER_52655_1.jpg,HUNTER_52655_2.jpg,HUNTER_52655_3.jpg,HUNTER_52655_4.jpg,HUNTER_52655_Specification_Sheet.pdf,No,Yes
,59261,Lighting & Fans,Fans & Ventilation,Ceiling Fans,59261,59261,"59261 52"" PB Cassius Fan",,,Hunter Fan Co (4381),Hunter Fan Company,HUNTER®,Hunter Fans®,59261,Lighting & Fans > Fans & Ventilation > Ceiling Fans > Residential Ceiling Fans,"Hunter Fan Company Hunter, 52"" Pb Cassius Fan, 59261 - Part Number: 59261","52"" PB CASSIUS FAN","Hunter® 59261 52"" Pb Cassius Fan","HUNTER®, 59261 52"" PB Cassius Fan","Hunter® 59261 52"" Pb Cassius Fan","HUNTER®, 59261 52"" PB Cassius Fan",,,,,,,Residential Ceiling Fans,,,,,,,,,,,,40101600,,1,EA,HUNTER_59261.jpg,HUNTER_59261_1.jpg,HUNTER_59261_2.jpg,HUNTER_59261_3.jpg,HUNTER_59261_4.jpg,HUNTER_59261_Specification_Sheet.pdf,No,Yes
,51731,Lighting & Fans,Fans & Ventilation,Ceiling Fans,51731,51731,"51731 52"" MB Jetty Hunter Fan",,,Hunter Fan Co (4381),Hunter Fan Company,HUNTER®,Hunter Fans®,51731,Lighting & Fans > Fans & Ventilation > Ceiling Fans > Residential Ceiling Fans,"Hunter Fan Company Hunter, 52"" Mb Jetty Hunter Fan, 51731 - Part Number: 51731","52"" MB JETTY HUNTER FAN","Hunter® 51731 52"" Mb Jetty Hunter Fan","HUNTER®, 51731 52"" MB Jetty Hunter Fan","Hunter® 51731 52"" Mb Jetty Hunter Fan","HUNTER®, 51731 52"" MB Jetty Hunter Fan",,,,,,,Residential Ceiling Fans,,,,,,,,,,,,40101600,,1,EA,HUNTER_51731.jpg,HUNTER_51731_1.jpg,HUNTER_51731_2.jpg,HUNTER_51731_3.jpg,HUNTER_51731_4.jpg,HUNTER_51731_Specification_Sheet.pdf,No,Yes
,XLC10ZW,Tools & Hardware,Power Tools,Cordless & Corded Power Tools,XLC10ZW,XLC10ZW,XLC10ZW Makita 18V Cordless Vacuum (Bare),,,Makita Usa Inc (5142),Makita USA Inc,MAKITA®,LXT®,XLC10ZW,Tools & Hardware > Power Tools > Cordless & Corded Power Tools > Power Tools,"Makita Usa Inc Makita, Makita 18V Cordless Vacuum (Bare), Xlc10Zw",MAKITA 18V CORDLESS VACUUM (BARE),Makita® Xlc10Zw Makita 18V Cordless Vacuum (Bare),"MAKITA®, XLC10ZW Makita 18V Cordless Vacuum (Bare), Voltage: 18 V",Makita® Xlc10Zw Makita 18V Cordless Vacuum (Bare),"MAKITA®, XLC10ZW Makita 18V Cordless Vacuum (Bare), Voltage: 18 V",Voltage: 18 V,,,,,,Power Tools,Voltage,18,V,,,,,,,,,27112700,,1,EA,MAKITA_XLC10ZW.jpg,MAKITA_XLC10ZW_1.jpg,MAKITA_XLC10ZW_2.jpg,MAKITA_XLC10ZW_3.jpg,MAKITA_XLC10ZW_4.jpg,MAKITA_XLC10ZW_Specification_Sheet.pdf,No,Yes
,HS-DA,Industrial MRO,Hardware & Supplies,General Maintenance,HS-DA,HS-DA,HS-DA Motion Driveway Alert,,,Sabre (9195),Sabre,Sabre,,HS-DA,Industrial MRO > Hardware & Supplies > General Maintenance > Industrial Supplies,"Sabre, Motion Driveway Alert, Hs-Da - Part Number: HS-DA    ",MOTION DRIVEWAY ALERT,Sabre Hs-Da Motion Driveway Alert,"Sabre, HS-DA Motion Driveway Alert",Sabre Hs-Da Motion Driveway Alert,"Sabre, HS-DA Motion Driveway Alert",,,,,,,Industrial Supplies,,,,,,,,,,,,31160000,,1,EA,SABRE_HS-DA.jpg,SABRE_HS-DA_1.jpg,SABRE_HS-DA_2.jpg,SABRE_HS-DA_3.jpg,SABRE_HS-DA_4.jpg,SABRE_HS-DA_Specification_Sheet.pdf,No,Yes
,73002252,Building Materials,Decking & Railing,Railing Systems,73002252,73002252,Black Gate Gravity Latch RDI,,,-,Generic Manufacturer,-- Unbranded --,,73002252,Building Materials > Decking & Railing > Railing Systems > Railing Kits & Posts,"Generic Manufacturer -- Unbranded --, Black Gate Gravity Latch Rdi, 73002252",BLACK GATE GRAVITY LATCH RDI,-- Unbranded -- 73002252 Black Gate Gravity Latch Rdi,"-- Unbranded --, Black Gate Gravity Latch RDI, Part Number: 73002252, Finish / Color: Black",-- Unbranded -- 73002252 Black Gate Gravity Latch Rdi,"-- Unbranded --, Black Gate Gravity Latch RDI, Part Number: 73002252, Finish / Color: Black",Finish / Color: Black,,,,,,Railing Kits & Posts,Finish / Color,Black,,,,,,,,,,30151510,,1,EA,UNBRANDED_73002252.jpg,UNBRANDED_73002252_1.jpg,UNBRANDED_73002252_2.jpg,UNBRANDED_73002252_3.jpg,UNBRANDED_73002252_4.jpg,UNBRANDED_73002252_Specification_Sheet.pdf,No,Yes
https://www.milwaukeetool.com/Products/48-22-8396R,48-22-8396R,Industrial MRO,Hardware & Supplies,General Maintenance,48-22-8396R,48-22-8396R,48-22-8396R Milw 24oz Bottle - Insulated,,,Milwaukee Accessory (4031),Milwaukee Electric Tool Corp,MILWAUKEE®,Heavy Duty™,48-22-8396R,Industrial MRO > Hardware & Supplies > General Maintenance > Industrial Supplies,"Milwaukee Electric Tool Corp Milwaukee, Milw 24Oz Bottle, Insulated, 48-22-8396R",MILW 24OZ BOTTLE - INSULATED,Milwaukee® 48-22-8396R Milw 24Oz Bottle - Insulated,"MILWAUKEE®, 48-22-8396R Milw 24oz Bottle - Insulated",Milwaukee® 48-22-8396R Milw 24Oz Bottle - Insulated,"MILWAUKEE®, 48-22-8396R Milw 24oz Bottle - Insulated",,,,,,,Industrial Supplies,,,,,,,,,,,,31160000,,1,EA,MILWAUKEE_48-22-8396R.jpg,MILWAUKEE_48-22-8396R_1.jpg,MILWAUKEE_48-22-8396R_2.jpg,MILWAUKEE_48-22-8396R_3.jpg,MILWAUKEE_48-22-8396R_4.jpg,MILWAUKEE_48-22-8396R_Specification_Sheet.pdf,No,Yes
https://www.milwaukeetool.com/Products/48-22-8397R,48-22-8397R,Industrial MRO,Hardware & Supplies,General Maintenance,48-22-8397R,48-22-8397R,48-22-8397R Milw 36oz Bottle - Insulated,,,Milwaukee Accessory (4031),Milwaukee Electric Tool Corp,MILWAUKEE®,Heavy Duty™,48-22-8397R,Industrial MRO > Hardware & Supplies > General Maintenance > Industrial Supplies,"Milwaukee Electric Tool Corp Milwaukee, Milw 36Oz Bottle, Insulated, 48-22-8397R",MILW 36OZ BOTTLE - INSULATED,Milwaukee® 48-22-8397R Milw 36Oz Bottle - Insulated,"MILWAUKEE®, 48-22-8397R Milw 36oz Bottle - Insulated",Milwaukee® 48-22-8397R Milw 36Oz Bottle - Insulated,"MILWAUKEE®, 48-22-8397R Milw 36oz Bottle - Insulated",,,,,,,Industrial Supplies,,,,,,,,,,,,31160000,,1,EA,MILWAUKEE_48-22-8397R.jpg,MILWAUKEE_48-22-8397R_1.jpg,MILWAUKEE_48-22-8397R_2.jpg,MILWAUKEE_48-22-8397R_3.jpg,MILWAUKEE_48-22-8397R_4.jpg,MILWAUKEE_48-22-8397R_Specification_Sheet.pdf,No,Yes
https://www.dewalt.com/product/DCGG581B,DCGG581B,Tools & Hardware,Automotive Tools,Tire & Maintenance Equipment,DCGG581B,DCGG581B,DCGG581B Dewalt 20V Grease Gun 2-Speed,,,Black & Decker/dewlt (2585),Stanley Black & Decker,DEWALT®,Guaranteed Tough®,DCGG581B,Tools & Hardware > Automotive Tools > Tire & Maintenance Equipment > Tire Gauges & Lubrication,"Stanley Black & Decker Dewalt, Dewalt 20V Grease Gun 2, Speed, Dcgg581B",DEWALT 20V GREASE GUN 2-SPEED,Dewalt® Dcgg581B Dewalt 20V Grease Gun 2-Speed,"DEWALT®, DCGG581B Dewalt 20V Grease Gun 2-Speed, Voltage: 20 V",Dewalt® Dcgg581B Dewalt 20V Grease Gun 2-Speed,"DEWALT®, DCGG581B Dewalt 20V Grease Gun 2-Speed, Voltage: 20 V",Voltage: 20 V,,,,,,Tire Gauges & Lubrication,Voltage,20,V,,,,,,,,,25172605,,1,EA,DEWALT_DCGG581B.jpg,DEWALT_DCGG581B_1.jpg,DEWALT_DCGG581B_2.jpg,DEWALT_DCGG581B_3.jpg,DEWALT_DCGG581B_4.jpg,DEWALT_DCGG581B_Specification_Sheet.pdf,No,Yes
https://www.dewalt.com/product/DCGG581GD1,DCGG581GD1,Tools & Hardware,Automotive Tools,Tire & Maintenance Equipment,DCGG581GD1,DCGG581GD1,DCGG581GD1 Dewalt 20V Grease Gun 2-Speed Kit,,,Black & Decker/dewlt (2585),Stanley Black & Decker,DEWALT®,Guaranteed Tough®,DCGG581GD1,Tools & Hardware > Automotive Tools > Tire & Maintenance Equipment > Tire Gauges & Lubrication,"Stanley Black & Decker Dewalt, Dewalt 20V Grease Gun 2, Speed Kit, Dcgg581Gd1",DEWALT 20V GREASE GUN 2-SPEED KIT,Dewalt® Dcgg581Gd1 Dewalt 20V Grease Gun 2-Speed Kit,"DEWALT®, DCGG581GD1 Dewalt 20V Grease Gun 2-Speed Kit, Voltage: 20 V",Dewalt® Dcgg581Gd1 Dewalt 20V Grease Gun 2-Speed Kit,"DEWALT®, DCGG581GD1 Dewalt 20V Grease Gun 2-Speed Kit, Voltage: 20 V",Voltage: 20 V,,,,,,Tire Gauges & Lubrication,Voltage,20,V,,,,,,,,,25172605,,1,EA,DEWALT_DCGG581GD1.jpg,DEWALT_DCGG581GD1_1.jpg,DEWALT_DCGG581GD1_2.jpg,DEWALT_DCGG581GD1_3.jpg,DEWALT_DCGG581GD1_4.jpg,DEWALT_DCGG581GD1_Specification_Sheet.pdf,No,Yes
https://www.dewalt.com/product/DWST41092,DWST41092,Safety & Storage,Safety & PPE,Protective Equipment & Storage,DWST41092,DWST41092,"DWST41092 Dewalt Tool Chest 41"" Bottom",,,Black & Decker/dewlt (2585),Stanley Black & Decker,DEWALT®,Guaranteed Tough®,DWST41092,Safety & Storage > Safety & PPE > Protective Equipment & Storage > Safety Gear & Jobsite Storage,"Stanley Black & Decker Dewalt, Dewalt Tool Chest 41"" Bottom, Dwst41092","DEWALT TOOL CHEST 41"" BOTTOM","Dewalt® Dwst41092 Dewalt Tool Chest 41"" Bottom","DEWALT®, DWST41092 Dewalt Tool Chest 41"" Bottom","Dewalt® Dwst41092 Dewalt Tool Chest 41"" Bottom","DEWALT®, DWST41092 Dewalt Tool Chest 41"" Bottom",,,,,,,Safety Gear & Jobsite Storage,,,,,,,,,,,,46181500,,1,EA,DEWALT_DWST41092.jpg,DEWALT_DWST41092_1.jpg,DEWALT_DWST41092_2.jpg,DEWALT_DWST41092_3.jpg,DEWALT_DWST41092_4.jpg,DEWALT_DWST41092_Specification_Sheet.pdf,No,Yes
,156436WHT,Building Materials,Decking & Railing,Railing Systems,156436WHT,156436WHT,156436 Wh 4x4x120 Post Wrap,DSI Westbury,,Palmer Donavin Mfg Company (PALDO),Digger Specialties Inc,DSI WESTBURY®,Westbury®,156436WHT,Building Materials > Decking & Railing > Railing Systems > Railing Kits & Posts,"Digger Specialties Inc Dsi Westbury, 156436 Wh 4X4X120 Post Wrap, 156436Wht",156436 WH 4X4X120 POST WRAP,Dsi Westbury® 156436Wht 156436 Wh 4X4X120 Post Wrap,"DSI WESTBURY®, 156436 Wh 4x4x120 Post Wrap, Part Number: 156436WHT, Dimensions: 4 in x 4 in x 120 in, Finish / Color: White",Dsi Westbury® 156436Wht 156436 Wh 4X4X120 Post Wrap,"DSI WESTBURY®, 156436 Wh 4x4x120 Post Wrap, Part Number: 156436WHT, Dimensions: 4 in x 4 in x 120 in, Finish / Color: White",Dimensions: 4 in x 4 in x 120 in,Finish / Color: White,,,,,Railing Kits & Posts,Dimensions,4 in x 4 in x 120 in,,Finish / Color,White,,,,,,,30151510,,1,EA,DSIWESTBURY_156436WHT.jpg,DSIWESTBURY_156436WHT_1.jpg,DSIWESTBURY_156436WHT_2.jpg,DSIWESTBURY_156436WHT_3.jpg,DSIWESTBURY_156436WHT_4.jpg,DSIWESTBURY_156436WHT_Specification_Sheet.pdf,No,Yes
,173950TBK,Building Materials,Decking & Railing,Railing Systems,173950TBK,173950TBK,"4""x8'-6"" DSI SQ Black Alum Post Wrap",,,Palmer Donavin Mfg Company (PALDO),Alliance Laundry Systems,SPEED QUEEN®,Speed Queen®,173950TBK,Building Materials > Decking & Railing > Railing Systems > Railing Kits & Posts,"Alliance Laundry Systems Speed Queen, 4""X8', 6"" Dsi Sq Black Alum Post Wrap,","4""X8'-6"" DSI SQ BLACK ALUM POST WRAP","Speed Queen® 173950Tbk 4""X8'-6"" Dsi Sq Black Alum Post Wrap","SPEED QUEEN®, 4""x8'-6"" DSI SQ Black Alum Post Wrap, Part Number: 173950TBK, Dimensions: 4 in x 8 in, Finish / Color: Black, Material: Aluminum","Speed Queen® 173950Tbk 4""X8'-6"" Dsi Sq Black Alum Post Wrap","SPEED QUEEN®, 4""x8'-6"" DSI SQ Black Alum Post Wrap, Part Number: 173950TBK, Dimensions: 4 in x 8 in, Finish / Color: Black, Material: Aluminum",Dimensions: 4 in x 8 in,Finish / Color: Black,Material: Aluminum,,,,Railing Kits & Posts,Dimensions,4 in x 8 in,,Finish / Color,Black,,Material,Aluminum,,,,30151510,,1,EA,SPEEDQUEEN_173950TBK.jpg,SPEEDQUEEN_173950TBK_1.jpg,SPEEDQUEEN_173950TBK_2.jpg,SPEEDQUEEN_173950TBK_3.jpg,SPEEDQUEEN_173950TBK_4.jpg,SPEEDQUEEN_173950TBK_Specification_Sheet.pdf,No,Yes
,173951TBK,Building Materials,Decking & Railing,Railing Systems,173951TBK,173951TBK,"6""x8'-6"" DSI SQ Black Alum Post Wrap",,,Palmer Donavin Mfg Company (PALDO),Alliance Laundry Systems,SPEED QUEEN®,Speed Queen®,173951TBK,Building Materials > Decking & Railing > Railing Systems > Railing Kits & Posts,"Alliance Laundry Systems Speed Queen, 6""X8', 6"" Dsi Sq Black Alum Post Wrap,","6""X8'-6"" DSI SQ BLACK ALUM POST WRAP","Speed Queen® 173951Tbk 6""X8'-6"" Dsi Sq Black Alum Post Wrap","SPEED QUEEN®, 6""x8'-6"" DSI SQ Black Alum Post Wrap, Part Number: 173951TBK, Dimensions: 6 in x 8 in, Finish / Color: Black, Material: Aluminum","Speed Queen® 173951Tbk 6""X8'-6"" Dsi Sq Black Alum Post Wrap","SPEED QUEEN®, 6""x8'-6"" DSI SQ Black Alum Post Wrap, Part Number: 173951TBK, Dimensions: 6 in x 8 in, Finish / Color: Black, Material: Aluminum",Dimensions: 6 in x 8 in,Finish / Color: Black,Material: Aluminum,,,,Railing Kits & Posts,Dimensions,6 in x 8 in,,Finish / Color,Black,,Material,Aluminum,,,,30151510,,1,EA,SPEEDQUEEN_173951TBK.jpg,SPEEDQUEEN_173951TBK_1.jpg,SPEEDQUEEN_173951TBK_2.jpg,SPEEDQUEEN_173951TBK_3.jpg,SPEEDQUEEN_173951TBK_4.jpg,SPEEDQUEEN_173951TBK_Specification_Sheet.pdf,No,Yes
,173952TBK,Building Materials,Decking & Railing,Railing Systems,173952TBK,173952TBK,"6""x10' DSI SQ Black Alum Post Wrap",,,Palmer Donavin Mfg Company (PALDO),Alliance Laundry Systems,SPEED QUEEN®,Speed Queen®,173952TBK,Building Materials > Decking & Railing > Railing Systems > Railing Kits & Posts,"Alliance Laundry Systems Speed Queen, 6""X10' Dsi Sq Black Alum Post Wrap,","6""X10' DSI SQ BLACK ALUM POST WRAP","Speed Queen® 173952Tbk 6""X10' Dsi Sq Black Alum Post Wrap","SPEED QUEEN®, 6""x10' DSI SQ Black Alum Post Wrap, Part Number: 173952TBK, Dimensions: 6 in x 10 in, Finish / Color: Black, Material: Aluminum","Speed Queen® 173952Tbk 6""X10' Dsi Sq Black Alum Post Wrap","SPEED QUEEN®, 6""x10' DSI SQ Black Alum Post Wrap, Part Number: 173952TBK, Dimensions: 6 in x 10 in, Finish / Color: Black, Material: Aluminum",Dimensions: 6 in x 10 in,Finish / Color: Black,Material: Aluminum,,,,Railing Kits & Posts,Dimensions,6 in x 10 in,,Finish / Color,Black,,Material,Aluminum,,,,30151510,,1,EA,SPEEDQUEEN_173952TBK.jpg,SPEEDQUEEN_173952TBK_1.jpg,SPEEDQUEEN_173952TBK_2.jpg,SPEEDQUEEN_173952TBK_3.jpg,SPEEDQUEEN_173952TBK_4.jpg,SPEEDQUEEN_173952TBK_Specification_Sheet.pdf,No,Yes
,1624157,Industrial MRO,Hardware & Supplies,General Maintenance,1624157,1624157,TW52 WH INSIDE CAS VIN WRAPPED,ANDERSEN,,-,ANDERSEN,ANDERSEN,,1624157,Industrial MRO > Hardware & Supplies > General Maintenance > Industrial Supplies,"ANDERSEN, Andersen, Tw52 Wh Inside Cas Vin Wrapped, 1624157 - Part Number: 162",TW52 WH INSIDE CAS VIN WRAPPED,Andersen 1624157 Tw52 Wh Inside Cas Vin Wrapped,"ANDERSEN, TW52 WH INSIDE CAS VIN WRAPPED, Part Number: 1624157, Finish / Color: White",Andersen 1624157 Tw52 Wh Inside Cas Vin Wrapped,"ANDERSEN, TW52 WH INSIDE CAS VIN WRAPPED, Part Number: 1624157, Finish / Color: White",Finish / Color: White,,,,,,Industrial Supplies,Finish / Color,White,,,,,,,,,,31160000,,1,EA,ANDERSEN_1624157.jpg,ANDERSEN_1624157_1.jpg,ANDERSEN_1624157_2.jpg,ANDERSEN_1624157_3.jpg,ANDERSEN_1624157_4.jpg,ANDERSEN_1624157_Specification_Sheet.pdf,No,Yes
,40025,Tools & Hardware,Measuring & Layout,Layout & Marking Tools,40025,40025,40025 TS-54 Wal-Board T-Square 009-008,,,Marshalltown Trowel (5155),Marshalltown Trowel,Marshalltown Trowel,,40025,Tools & Hardware > Measuring & Layout > Layout & Marking Tools > Levels & Measuring Tools,"Marshalltown Trowel, Ts, 54 Wal, Board T, Square 009, 008, 40025",TS-54 WAL-BOARD T-SQUARE 009-008,Marshalltown Trowel 40025 Ts-54 Wal-Board T-Square 009-008,"Marshalltown Trowel, 40025 TS-54 Wal-Board T-Square 009-008",Marshalltown Trowel 40025 Ts-54 Wal-Board T-Square 009-008,"Marshalltown Trowel, 40025 TS-54 Wal-Board T-Square 009-008",,,,,,,Levels & Measuring Tools,,,,,,,,,,,,27111800,,1,EA,MARSHALLTOWNTROWEL_40025.jpg,MARSHALLTOWNTROWEL_40025_1.jpg,MARSHALLTOWNTROWEL_40025_2.jpg,MARSHALLTOWNTROWEL_40025_3.jpg,MARSHALLTOWNTROWEL_40025_4.jpg,MARSHALLTOWNTROWEL_40025_Specification_Sheet.pdf,No,Yes
https://www.milwaukeetool.com/Products/48-22-3301,48-22-3301,Safety & Storage,Safety & PPE,Protective Equipment & Storage,48-22-3301,48-22-3301,48-22-3301 Milw Mechanical Pencil w/ Lead Pack,,,Milwaukee Accessory (4031),Milwaukee Electric Tool Corp,MILWAUKEE®,Heavy Duty™,48-22-3301,Safety & Storage > Safety & PPE > Protective Equipment & Storage > Safety Gear & Jobsite Storage,"Milwaukee Electric Tool Corp Milwaukee, Milw Mechanical Pencil W/ Lead Pack,",MILW MECHANICAL PENCIL W/ LEAD PACK,Milwaukee® 48-22-3301 Milw Mechanical Pencil W/ Lead Pack,"MILWAUKEE®, 48-22-3301 Milw Mechanical Pencil w/ Lead Pack",Milwaukee® 48-22-3301 Milw Mechanical Pencil W/ Lead Pack,"MILWAUKEE®, 48-22-3301 Milw Mechanical Pencil w/ Lead Pack",,,,,,,Safety Gear & Jobsite Storage,,,,,,,,,,,,46181500,,1,EA,MILWAUKEE_48-22-3301.jpg,MILWAUKEE_48-22-3301_1.jpg,MILWAUKEE_48-22-3301_2.jpg,MILWAUKEE_48-22-3301_3.jpg,MILWAUKEE_48-22-3301_4.jpg,MILWAUKEE_48-22-3301_Specification_Sheet.pdf,No,Yes
https://www.milwaukeetool.com/Products/48-22-3302,48-22-3302,Safety & Storage,Safety & PPE,Protective Equipment & Storage,48-22-3302,48-22-3302,48-22-3302 Milw Mechanical Pencil Replacement Lead,,,Milwaukee Accessory (4031),Milwaukee Electric Tool Corp,MILWAUKEE®,Heavy Duty™,48-22-3302,Safety & Storage > Safety & PPE > Protective Equipment & Storage > Safety Gear & Jobsite Storage,"Milwaukee Electric Tool Corp Milwaukee, Milw Mechanical Pencil Replacement",MILW MECHANICAL PENCIL REPLACEMENT LEAD,Milwaukee® 48-22-3302 Milw Mechanical Pencil Replacement Lead,"MILWAUKEE®, 48-22-3302 Milw Mechanical Pencil Replacement Lead",Milwaukee® 48-22-3302 Milw Mechanical Pencil Replacement Lead,"MILWAUKEE®, 48-22-3302 Milw Mechanical Pencil Replacement Lead",,,,,,,Safety Gear & Jobsite Storage,,,,,,,,,,,,46181500,,1,EA,MILWAUKEE_48-22-3302.jpg,MILWAUKEE_48-22-3302_1.jpg,MILWAUKEE_48-22-3302_2.jpg,MILWAUKEE_48-22-3302_3.jpg,MILWAUKEE_48-22-3302_4.jpg,MILWAUKEE_48-22-3302_Specification_Sheet.pdf,No,Yes
https://www.milwaukeetool.com/Products/48-22-3303,48-22-3303,Safety & Storage,Safety & PPE,Protective Equipment & Storage,48-22-3303,48-22-3303,48-22-3303 Milw Mechanical Pencil Replacement Lead-Color,,,Milwaukee Accessory (4031),Milwaukee Electric Tool Corp,MILWAUKEE®,Heavy Duty™,48-22-3303,Safety & Storage > Safety & PPE > Protective Equipment & Storage > Safety Gear & Jobsite Storage,"Milwaukee Electric Tool Corp Milwaukee, Milw Mechanical Pencil Replacement",MILW MECHANICAL PENCIL REPLACEMENT,Milwaukee® 48-22-3303 Milw Mechanical Pencil Replacement Lead-Color,"MILWAUKEE®, 48-22-3303 Milw Mechanical Pencil Replacement Lead-Color",Milwaukee® 48-22-3303 Milw Mechanical Pencil Replacement Lead-Color,"MILWAUKEE®, 48-22-3303 Milw Mechanical Pencil Replacement Lead-Color",,,,,,,Safety Gear & Jobsite Storage,,,,,,,,,,,,46181500,,1,EA,MILWAUKEE_48-22-3303.jpg,MILWAUKEE_48-22-3303_1.jpg,MILWAUKEE_48-22-3303_2.jpg,MILWAUKEE_48-22-3303_3.jpg,MILWAUKEE_48-22-3303_4.jpg,MILWAUKEE_48-22-3303_Specification_Sheet.pdf,No,Yes
,TSDKAP218-G2,Industrial MRO,Hardware & Supplies,General Maintenance,TSDKAP218-G2,TSDKAP218-G2,TSDKAP218-G2 Edge Safety - Khor Black Frame Polarized,,,Edge Eyewear Inc (EDGSA),Edge Eyewear Inc,EDGE EYEWEAR®,Edge Tactical®,TSDKAP218-G2,Industrial MRO > Hardware & Supplies > General Maintenance > Industrial Supplies,"Edge Eyewear Inc Edge Eyewear, Edge Safety, Khor Black Frame Polarized,",EDGE SAFETY - KHOR BLACK FRAME POLARIZED,Edge Eyewear® Tsdkap218-G2 Edge Safety - Khor Black Frame Polarized,"EDGE EYEWEAR®, TSDKAP218-G2 Edge Safety - Khor Black Frame Polarized, Finish / Color: Black",Edge Eyewear® Tsdkap218-G2 Edge Safety - Khor Black Frame Polarized,"EDGE EYEWEAR®, TSDKAP218-G2 Edge Safety - Khor Black Frame Polarized, Finish / Color: Black",Finish / Color: Black,,,,,,Industrial Supplies,Finish / Color,Black,,,,,,,,,,31160000,,1,EA,EDGEEYEWEAR_TSDKAP218-G2.jpg,EDGEEYEWEAR_TSDKAP218-G2_1.jpg,EDGEEYEWEAR_TSDKAP218-G2_2.jpg,EDGEEYEWEAR_TSDKAP218-G2_3.jpg,EDGEEYEWEAR_TSDKAP218-G2_4.jpg,EDGEEYEWEAR_TSDKAP218-G2_Specification_Sheet.pdf,No,Yes
,XPAP418,Safety & Storage,Safety & PPE,Protective Equipment & Storage,XPAP418,XPAP418,XPAP418 Edge Safety Glasses - Pumori Black Frame,,,Edge Eyewear Inc (EDGSA),Edge Eyewear Inc,EDGE EYEWEAR®,Edge Tactical®,XPAP418,Safety & Storage > Safety & PPE > Protective Equipment & Storage > Safety Gear & Jobsite Storage,"Edge Eyewear Inc Edge Eyewear, Edge Safety Glasses, Pumori Black Frame, Xpap418",EDGE SAFETY GLASSES - PUMORI BLACK FRAME,Edge Eyewear® Xpap418 Edge Safety Glasses - Pumori Black Frame,"EDGE EYEWEAR®, XPAP418 Edge Safety Glasses - Pumori Black Frame, Finish / Color: Black",Edge Eyewear® Xpap418 Edge Safety Glasses - Pumori Black Frame,"EDGE EYEWEAR®, XPAP418 Edge Safety Glasses - Pumori Black Frame, Finish / Color: Black",Finish / Color: Black,,,,,,Safety Gear & Jobsite Storage,Finish / Color,Black,,,,,,,,,,46181500,,1,EA,EDGEEYEWEAR_XPAP418.jpg,EDGEEYEWEAR_XPAP418_1.jpg,EDGEEYEWEAR_XPAP418_2.jpg,EDGEEYEWEAR_XPAP418_3.jpg,EDGEEYEWEAR_XPAP418_4.jpg,EDGEEYEWEAR_XPAP418_Specification_Sheet.pdf,No,Yes
,XDAP419,Safety & Storage,Safety & PPE,Protective Equipment & Storage,XDAP419,XDAP419,XDAP419 Edge Safety Glasses - Dawson Black Frame Red Lenses,,,Edge Eyewear Inc (EDGSA),Edge Eyewear Inc,EDGE EYEWEAR®,Edge Tactical®,XDAP419,Safety & Storage > Safety & PPE > Protective Equipment & Storage > Safety Gear & Jobsite Storage,"Edge Eyewear Inc Edge Eyewear, Edge Safety Glasses, Dawson Black Frame Red",EDGE SAFETY GLASSES - DAWSON BLACK,Edge Eyewear® Xdap419 Edge Safety Glasses - Dawson Black Frame Red Lenses,"EDGE EYEWEAR®, XDAP419 Edge Safety Glasses - Dawson Black Frame Red Lenses, Finish / Color: Black",Edge Eyewear® Xdap419 Edge Safety Glasses - Dawson Black Frame Red Lenses,"EDGE EYEWEAR®, XDAP419 Edge Safety Glasses - Dawson Black Frame Red Lenses, Finish / Color: Black",Finish / Color: Black,,,,,,Safety Gear & Jobsite Storage,Finish / Color,Black,,,,,,,,,,46181500,,1,EA,EDGEEYEWEAR_XDAP419.jpg,EDGEEYEWEAR_XDAP419_1.jpg,EDGEEYEWEAR_XDAP419_2.jpg,EDGEEYEWEAR_XDAP419_3.jpg,EDGEEYEWEAR_XDAP419_4.jpg,EDGEEYEWEAR_XDAP419_Specification_Sheet.pdf,No,Yes
,XB11PCVS,Safety & Storage,Safety & PPE,Protective Equipment & Storage,XB11PCVS,XB11PCVS,XB11PCVS Edge Safety Glasses - Photochromic Lense,,,Edge Eyewear Inc (EDGSA),Edge Eyewear Inc,EDGE EYEWEAR®,Edge Tactical®,XB11PCVS,Safety & Storage > Safety & PPE > Protective Equipment & Storage > Safety Gear & Jobsite Storage,"Edge Eyewear Inc Edge Eyewear, Edge Safety Glasses, Photochromic Lense, Xb11Pcvs",EDGE SAFETY GLASSES - PHOTOCHROMIC LENSE,Edge Eyewear® Xb11Pcvs Edge Safety Glasses - Photochromic Lense,"EDGE EYEWEAR®, XB11PCVS Edge Safety Glasses - Photochromic Lense",Edge Eyewear® Xb11Pcvs Edge Safety Glasses - Photochromic Lense,"EDGE EYEWEAR®, XB11PCVS Edge Safety Glasses - Photochromic Lense",,,,,,,Safety Gear & Jobsite Storage,,,,,,,,,,,,46181500,,1,EA,EDGEEYEWEAR_XB11PCVS.jpg,EDGEEYEWEAR_XB11PCVS_1.jpg,EDGEEYEWEAR_XB11PCVS_2.jpg,EDGEEYEWEAR_XB11PCVS_3.jpg,EDGEEYEWEAR_XB11PCVS_4.jpg,EDGEEYEWEAR_XB11PCVS_Specification_Sheet.pdf,No,Yes
,KB121VS,Safety & Storage,Safety & PPE,Protective Equipment & Storage,KB121VS,KB121VS,KB121VS Edge Safety Glasses - Kabru Black Frame,,,Edge Eyewear Inc (EDGSA),Edge Eyewear Inc,EDGE EYEWEAR®,Edge Tactical®,KB121VS,Safety & Storage > Safety & PPE > Protective Equipment & Storage > Safety Gear & Jobsite Storage,"Edge Eyewear Inc Edge Eyewear, Edge Safety Glasses, Kabru Black Frame, Kb121Vs",EDGE SAFETY GLASSES - KABRU BLACK FRAME,Edge Eyewear® Kb121Vs Edge Safety Glasses - Kabru Black Frame,"EDGE EYEWEAR®, KB121VS Edge Safety Glasses - Kabru Black Frame, Finish / Color: Black",Edge Eyewear® Kb121Vs Edge Safety Glasses - Kabru Black Frame,"EDGE EYEWEAR®, KB121VS Edge Safety Glasses - Kabru Black Frame, Finish / Color: Black",Finish / Color: Black,,,,,,Safety Gear & Jobsite Storage,Finish / Color,Black,,,,,,,,,,46181500,,1,EA,EDGEEYEWEAR_KB121VS.jpg,EDGEEYEWEAR_KB121VS_1.jpg,EDGEEYEWEAR_KB121VS_2.jpg,EDGEEYEWEAR_KB121VS_3.jpg,EDGEEYEWEAR_KB121VS_4.jpg,EDGEEYEWEAR_KB121VS_Specification_Sheet.pdf,No,Yes
,KB126VS,Safety & Storage,Safety & PPE,Protective Equipment & Storage,KB126VS,KB126VS,KB126VS Edge Safety Glasses - Kabru Black Frame,,,Edge Eyewear Inc (EDGSA),Edge Eyewear Inc,EDGE EYEWEAR®,Edge Tactical®,KB126VS,Safety & Storage > Safety & PPE > Protective Equipment & Storage > Safety Gear & Jobsite Storage,"Edge Eyewear Inc Edge Eyewear, Edge Safety Glasses, Kabru Black Frame, Kb126Vs",EDGE SAFETY GLASSES - KABRU BLACK FRAME,Edge Eyewear® Kb126Vs Edge Safety Glasses - Kabru Black Frame,"EDGE EYEWEAR®, KB126VS Edge Safety Glasses - Kabru Black Frame, Finish / Color: Black",Edge Eyewear® Kb126Vs Edge Safety Glasses - Kabru Black Frame,"EDGE EYEWEAR®, KB126VS Edge Safety Glasses - Kabru Black Frame, Finish / Color: Black",Finish / Color: Black,,,,,,Safety Gear & Jobsite Storage,Finish / Color,Black,,,,,,,,,,46181500,,1,EA,EDGEEYEWEAR_KB126VS.jpg,EDGEEYEWEAR_KB126VS_1.jpg,EDGEEYEWEAR_KB126VS_2.jpg,EDGEEYEWEAR_KB126VS_3.jpg,EDGEEYEWEAR_KB126VS_4.jpg,EDGEEYEWEAR_KB126VS_Specification_Sheet.pdf,No,Yes
,TC121VS,Safety & Storage,Safety & PPE,Protective Equipment & Storage,TC121VS,TC121VS,TC121VS Edge Safety Glasses - Tacana Black Frame,,,Edge Eyewear Inc (EDGSA),Edge Eyewear Inc,EDGE EYEWEAR®,Edge Tactical®,TC121VS,Safety & Storage > Safety & PPE > Protective Equipment & Storage > Safety Gear & Jobsite Storage,"Edge Eyewear Inc Edge Eyewear, Edge Safety Glasses, Tacana Black Frame, Tc121Vs",EDGE SAFETY GLASSES - TACANA BLACK FRAME,Edge Eyewear® Tc121Vs Edge Safety Glasses - Tacana Black Frame,"EDGE EYEWEAR®, TC121VS Edge Safety Glasses - Tacana Black Frame, Finish / Color: Black",Edge Eyewear® Tc121Vs Edge Safety Glasses - Tacana Black Frame,"EDGE EYEWEAR®, TC121VS Edge Safety Glasses - Tacana Black Frame, Finish / Color: Black",Finish / Color: Black,,,,,,Safety Gear & Jobsite Storage,Finish / Color,Black,,,,,,,,,,46181500,,1,EA,EDGEEYEWEAR_TC121VS.jpg,EDGEEYEWEAR_TC121VS_1.jpg,EDGEEYEWEAR_TC121VS_2.jpg,EDGEEYEWEAR_TC121VS_3.jpg,EDGEEYEWEAR_TC121VS_4.jpg,EDGEEYEWEAR_TC121VS_Specification_Sheet.pdf,No,Yes
,TC126VS,Safety & Storage,Safety & PPE,Protective Equipment & Storage,TC126VS,TC126VS,TC126VS Edge Safety Glasses - Tacana Black Frame,,,Edge Eyewear Inc (EDGSA),Edge Eyewear Inc,EDGE EYEWEAR®,Edge Tactical®,TC126VS,Safety & Storage > Safety & PPE > Protective Equipment & Storage > Safety Gear & Jobsite Storage,"Edge Eyewear Inc Edge Eyewear, Edge Safety Glasses, Tacana Black Frame, Tc126Vs",EDGE SAFETY GLASSES - TACANA BLACK FRAME,Edge Eyewear® Tc126Vs Edge Safety Glasses - Tacana Black Frame,"EDGE EYEWEAR®, TC126VS Edge Safety Glasses - Tacana Black Frame, Finish / Color: Black",Edge Eyewear® Tc126Vs Edge Safety Glasses - Tacana Black Frame,"EDGE EYEWEAR®, TC126VS Edge Safety Glasses - Tacana Black Frame, Finish / Color: Black",Finish / Color: Black,,,,,,Safety Gear & Jobsite Storage,Finish / Color,Black,,,,,,,,,,46181500,,1,EA,EDGEEYEWEAR_TC126VS.jpg,EDGEEYEWEAR_TC126VS_1.jpg,EDGEEYEWEAR_TC126VS_2.jpg,EDGEEYEWEAR_TC126VS_3.jpg,EDGEEYEWEAR_TC126VS_4.jpg,EDGEEYEWEAR_TC126VS_Specification_Sheet.pdf,No,Yes
,MK113MPAP,Safety & Storage,Safety & PPE,Protective Equipment & Storage,MK113MPAP,MK113MPAP,MK113MPAP Edge Safety Glasses - Makalu Black Frame Polarized,,,Edge Eyewear Inc (EDGSA),Edge Eyewear Inc,EDGE EYEWEAR®,Edge Tactical®,MK113MPAP,Safety & Storage > Safety & PPE > Protective Equipment & Storage > Safety Gear & Jobsite Storage,"Edge Eyewear Inc Edge Eyewear, Edge Safety Glasses, Makalu Black Frame",EDGE SAFETY GLASSES - MAKALU BLACK,Edge Eyewear® Mk113Mpap Edge Safety Glasses - Makalu Black Frame Polarized,"EDGE EYEWEAR®, MK113MPAP Edge Safety Glasses - Makalu Black Frame Polarized, Finish / Color: Black",Edge Eyewear® Mk113Mpap Edge Safety Glasses - Makalu Black Frame Polarized,"EDGE EYEWEAR®, MK113MPAP Edge Safety Glasses - Makalu Black Frame Polarized, Finish / Color: Black",Finish / Color: Black,,,,,,Safety Gear & Jobsite Storage,Finish / Color,Black,,,,,,,,,,46181500,,1,EA,EDGEEYEWEAR_MK113MPAP.jpg,EDGEEYEWEAR_MK113MPAP_1.jpg,EDGEEYEWEAR_MK113MPAP_2.jpg,EDGEEYEWEAR_MK113MPAP_3.jpg,EDGEEYEWEAR_MK113MPAP_4.jpg,EDGEEYEWEAR_MK113MPAP_Specification_Sheet.pdf,No,Yes
,LS117MPAP,Safety & Storage,Safety & PPE,Protective Equipment & Storage,LS117MPAP,LS117MPAP,LS117MPAP Edge Safety Glasses - Lassen Black Frame Polarized,,,Edge Eyewear Inc (EDGSA),Edge Eyewear Inc,EDGE EYEWEAR®,Edge Tactical®,LS117MPAP,Safety & Storage > Safety & PPE > Protective Equipment & Storage > Safety Gear & Jobsite Storage,"Edge Eyewear Inc Edge Eyewear, Edge Safety Glasses, Lassen Black Frame",EDGE SAFETY GLASSES - LASSEN BLACK,Edge Eyewear® Ls117Mpap Edge Safety Glasses - Lassen Black Frame Polarized,"EDGE EYEWEAR®, LS117MPAP Edge Safety Glasses - Lassen Black Frame Polarized, Finish / Color: Black",Edge Eyewear® Ls117Mpap Edge Safety Glasses - Lassen Black Frame Polarized,"EDGE EYEWEAR®, LS117MPAP Edge Safety Glasses - Lassen Black Frame Polarized, Finish / Color: Black",Finish / Color: Black,,,,,,Safety Gear & Jobsite Storage,Finish / Color,Black,,,,,,,,,,46181500,,1,EA,EDGEEYEWEAR_LS117MPAP.jpg,EDGEEYEWEAR_LS117MPAP_1.jpg,EDGEEYEWEAR_LS117MPAP_2.jpg,EDGEEYEWEAR_LS117MPAP_3.jpg,EDGEEYEWEAR_LS117MPAP_4.jpg,EDGEEYEWEAR_LS117MPAP_Specification_Sheet.pdf,No,Yes
,FE-EFX-6L,Safety & Storage,Safety & PPE,Protective Equipment & Storage,FE-EFX-6L,FE-EFX-6L,FEEFX6L Lith Fire Extinguisher,,,Ohio Firewatch Protection Inc (HOLFS),Ohio Firewatch Protection Inc,Ohio Firewatch Protection Inc,,FE-EFX-6L,Safety & Storage > Safety & PPE > Protective Equipment & Storage > Safety Gear & Jobsite Storage,"Ohio Firewatch Protection Inc, Feefx6L Lith Fire Extinguisher, Fe-Efx-6L",FEEFX6L LITH FIRE EXTINGUISHER,Ohio Firewatch Protection Inc Fe-Efx-6L Feefx6L Lith Fire Extinguisher,"Ohio Firewatch Protection Inc, FEEFX6L Lith Fire Extinguisher, Part Number: FE-EFX-6L",Ohio Firewatch Protection Inc Fe-Efx-6L Feefx6L Lith Fire Extinguisher,"Ohio Firewatch Protection Inc, FEEFX6L Lith Fire Extinguisher, Part Number: FE-EFX-6L",,,,,,,Safety Gear & Jobsite Storage,,,,,,,,,,,,46181500,,1,EA,OHIOFIREWATCHPROTECTIONINC_FE-EFX-6L.jpg,OHIOFIREWATCHPROTECTIONINC_FE-EFX-6L_1.jpg,OHIOFIREWATCHPROTECTIONINC_FE-EFX-6L_2.jpg,OHIOFIREWATCHPROTECTIONINC_FE-EFX-6L_3.jpg,OHIOFIREWATCHPROTECTIONINC_FE-EFX-6L_4.jpg,OHIOFIREWATCHPROTECTIONINC_FE-EFX-6L_Specification_Sheet.pdf,No,Yes
,FE-EFX-9L,Safety & Storage,Safety & PPE,Protective Equipment & Storage,FE-EFX-9L,FE-EFX-9L,FEEFX9L Lith Fire Extinguisher,,,Ohio Firewatch Protection Inc (HOLFS),Ohio Firewatch Protection Inc,Ohio Firewatch Protection Inc,,FE-EFX-9L,Safety & Storage > Safety & PPE > Protective Equipment & Storage > Safety Gear & Jobsite Storage,"Ohio Firewatch Protection Inc, Feefx9L Lith Fire Extinguisher, Fe-Efx-9L",FEEFX9L LITH FIRE EXTINGUISHER,Ohio Firewatch Protection Inc Fe-Efx-9L Feefx9L Lith Fire Extinguisher,"Ohio Firewatch Protection Inc, FEEFX9L Lith Fire Extinguisher, Part Number: FE-EFX-9L",Ohio Firewatch Protection Inc Fe-Efx-9L Feefx9L Lith Fire Extinguisher,"Ohio Firewatch Protection Inc, FEEFX9L Lith Fire Extinguisher, Part Number: FE-EFX-9L",,,,,,,Safety Gear & Jobsite Storage,,,,,,,,,,,,46181500,,1,EA,OHIOFIREWATCHPROTECTIONINC_FE-EFX-9L.jpg,OHIOFIREWATCHPROTECTIONINC_FE-EFX-9L_1.jpg,OHIOFIREWATCHPROTECTIONINC_FE-EFX-9L_2.jpg,OHIOFIREWATCHPROTECTIONINC_FE-EFX-9L_3.jpg,OHIOFIREWATCHPROTECTIONINC_FE-EFX-9L_4.jpg,OHIOFIREWATCHPROTECTIONINC_FE-EFX-9L_Specification_Sheet.pdf,No,Yes
,1046793,Safety & Storage,Safety & PPE,Protective Equipment & Storage,1046793,1046793,1046793 Smoke & CO Alarm,,First Alert,First Alert - B R K Brands (2754),First Alert,First Alert,,1046793,Safety & Storage > Safety & PPE > Protective Equipment & Storage > Safety Gear & Jobsite Storage,"First Alert, Smoke & Co Alarm, 1046793 - Part Number: 1046793",SMOKE & CO ALARM,First Alert 1046793 Smoke & Co Alarm,"First Alert, 1046793 Smoke & CO Alarm",First Alert 1046793 Smoke & Co Alarm,"First Alert, 1046793 Smoke & CO Alarm",,,,,,,Safety Gear & Jobsite Storage,,,,,,,,,,,,46181500,,1,EA,FIRSTALERT_1046793.jpg,FIRSTALERT_1046793_1.jpg,FIRSTALERT_1046793_2.jpg,FIRSTALERT_1046793_3.jpg,FIRSTALERT_1046793_4.jpg,FIRSTALERT_1046793_Specification_Sheet.pdf,No,Yes
,1046870,Safety & Storage,Safety & PPE,Protective Equipment & Storage,1046870,1046870,1046870 Smoke & CO Alarm,,BRK,First Alert - B R K Brands (2754),BRK,BRK,,1046870,Safety & Storage > Safety & PPE > Protective Equipment & Storage > Safety Gear & Jobsite Storage,"BRK, Brk, Smoke & Co Alarm, 1046870 - Part Number: 1046870  ",SMOKE & CO ALARM,Brk 1046870 Smoke & Co Alarm,"BRK, 1046870 Smoke & CO Alarm",Brk 1046870 Smoke & Co Alarm,"BRK, 1046870 Smoke & CO Alarm",,,,,,,Safety Gear & Jobsite Storage,,,,,,,,,,,,46181500,,1,EA,BRK_1046870.jpg,BRK_1046870_1.jpg,BRK_1046870_2.jpg,BRK_1046870_3.jpg,BRK_1046870_4.jpg,BRK_1046870_Specification_Sheet.pdf,No,Yes
https://www.milwaukeetool.com/Products/M701B-21L,M701B-21L,Industrial MRO,Hardware & Supplies,General Maintenance,M701B-21L,M701B-21L,M701B-21L Milw L Black Heated Work Glove Liners,,,Milwaukee Accessory (4031),Milwaukee Electric Tool Corp,MILWAUKEE®,Heavy Duty™,M701B-21L,Industrial MRO > Hardware & Supplies > General Maintenance > Industrial Supplies,"Milwaukee Electric Tool Corp Milwaukee, Milw L Black Heated Work Glove Liners,",MILW L BLACK HEATED WORK GLOVE LINERS,Milwaukee® M701B-21L Milw L Black Heated Work Glove Liners,"MILWAUKEE®, M701B-21L Milw L Black Heated Work Glove Liners, Finish / Color: Black",Milwaukee® M701B-21L Milw L Black Heated Work Glove Liners,"MILWAUKEE®, M701B-21L Milw L Black Heated Work Glove Liners, Finish / Color: Black",Finish / Color: Black,,,,,,Industrial Supplies,Finish / Color,Black,,,,,,,,,,31160000,,1,EA,MILWAUKEE_M701B-21L.jpg,MILWAUKEE_M701B-21L_1.jpg,MILWAUKEE_M701B-21L_2.jpg,MILWAUKEE_M701B-21L_3.jpg,MILWAUKEE_M701B-21L_4.jpg,MILWAUKEE_M701B-21L_Specification_Sheet.pdf,No,Yes
https://www.milwaukeetool.com/Products/M701B-21M,M701B-21M,Industrial MRO,Hardware & Supplies,General Maintenance,M701B-21M,M701B-21M,M701B-21M Milw M Black Heated Work Glove Liners,,,Milwaukee Accessory (4031),Milwaukee Electric Tool Corp,MILWAUKEE®,Heavy Duty™,M701B-21M,Industrial MRO > Hardware & Supplies > General Maintenance > Industrial Supplies,"Milwaukee Electric Tool Corp Milwaukee, Milw M Black Heated Work Glove Liners,",MILW M BLACK HEATED WORK GLOVE LINERS,Milwaukee® M701B-21M Milw M Black Heated Work Glove Liners,"MILWAUKEE®, M701B-21M Milw M Black Heated Work Glove Liners, Finish / Color: Black",Milwaukee® M701B-21M Milw M Black Heated Work Glove Liners,"MILWAUKEE®, M701B-21M Milw M Black Heated Work Glove Liners, Finish / Color: Black",Finish / Color: Black,,,,,,Industrial Supplies,Finish / Color,Black,,,,,,,,,,31160000,,1,EA,MILWAUKEE_M701B-21M.jpg,MILWAUKEE_M701B-21M_1.jpg,MILWAUKEE_M701B-21M_2.jpg,MILWAUKEE_M701B-21M_3.jpg,MILWAUKEE_M701B-21M_4.jpg,MILWAUKEE_M701B-21M_Specification_Sheet.pdf,No,Yes
https://www.milwaukeetool.com/Products/M701B-21S,M701B-21S,Industrial MRO,Hardware & Supplies,General Maintenance,M701B-21S,M701B-21S,M701B-21S Milw S Black Heated Work Glove Liners,,,Milwaukee Accessory (4031),Milwaukee Electric Tool Corp,MILWAUKEE®,Heavy Duty™,M701B-21S,Industrial MRO > Hardware & Supplies > General Maintenance > Industrial Supplies,"Milwaukee Electric Tool Corp Milwaukee, Milw S Black Heated Work Glove Liners,",MILW S BLACK HEATED WORK GLOVE LINERS,Milwaukee® M701B-21S Milw S Black Heated Work Glove Liners,"MILWAUKEE®, M701B-21S Milw S Black Heated Work Glove Liners, Finish / Color: Black",Milwaukee® M701B-21S Milw S Black Heated Work Glove Liners,"MILWAUKEE®, M701B-21S Milw S Black Heated Work Glove Liners, Finish / Color: Black",Finish / Color: Black,,,,,,Industrial Supplies,Finish / Color,Black,,,,,,,,,,31160000,,1,EA,MILWAUKEE_M701B-21S.jpg,MILWAUKEE_M701B-21S_1.jpg,MILWAUKEE_M701B-21S_2.jpg,MILWAUKEE_M701B-21S_3.jpg,MILWAUKEE_M701B-21S_4.jpg,MILWAUKEE_M701B-21S_Specification_Sheet.pdf,No,Yes
https://www.milwaukeetool.com/Products/M701B-21XL,M701B-21XL,Industrial MRO,Hardware & Supplies,General Maintenance,M701B-21XL,M701B-21XL,M701B-21XL Milw XL Black Heated Work Glove Liners,,,Milwaukee Accessory (4031),Milwaukee Electric Tool Corp,MILWAUKEE®,Heavy Duty™,M701B-21XL,Industrial MRO > Hardware & Supplies > General Maintenance > Industrial Supplies,"Milwaukee Electric Tool Corp Milwaukee, Milw Xl Black Heated Work Glove Liners,",MILW XL BLACK HEATED WORK GLOVE LINERS,Milwaukee® M701B-21Xl Milw Xl Black Heated Work Glove Liners,"MILWAUKEE®, M701B-21XL Milw XL Black Heated Work Glove Liners, Finish / Color: Black",Milwaukee® M701B-21Xl Milw Xl Black Heated Work Glove Liners,"MILWAUKEE®, M701B-21XL Milw XL Black Heated Work Glove Liners, Finish / Color: Black",Finish / Color: Black,,,,,,Industrial Supplies,Finish / Color,Black,,,,,,,,,,31160000,,1,EA,MILWAUKEE_M701B-21XL.jpg,MILWAUKEE_M701B-21XL_1.jpg,MILWAUKEE_M701B-21XL_2.jpg,MILWAUKEE_M701B-21XL_3.jpg,MILWAUKEE_M701B-21XL_4.jpg,MILWAUKEE_M701B-21XL_Specification_Sheet.pdf,No,Yes
,MWUG42010124,Safety & Storage,Safety & PPE,Protective Equipment & Storage,MWUG42010124,MWUG42010124,UTW Pro Heated Glove Blk XS,,,Tech Gear 5.7 Inc (TECGE),Tech Gear 5.7 Inc,Tech Gear 5.7 Inc,,MWUG42010124,Safety & Storage > Safety & PPE > Protective Equipment & Storage > Safety Gear & Jobsite Storage,"Tech Gear 5.7 Inc, Utw Pro Heated Glove Blk Xs, Mwug42010124",UTW PRO HEATED GLOVE BLK XS,Tech Gear 5.7 Inc Mwug42010124 Utw Pro Heated Glove Blk Xs,"Tech Gear 5.7 Inc, UTW Pro Heated Glove Blk XS, Part Number: MWUG42010124, Finish / Color: Black",Tech Gear 5.7 Inc Mwug42010124 Utw Pro Heated Glove Blk Xs,"Tech Gear 5.7 Inc, UTW Pro Heated Glove Blk XS, Part Number: MWUG42010124, Finish / Color: Black",Finish / Color: Black,,,,,,Safety Gear & Jobsite Storage,Finish / Color,Black,,,,,,,,,,46181500,,1,EA,TECHGEAR57INC_MWUG42010124.jpg,TECHGEAR57INC_MWUG42010124_1.jpg,TECHGEAR57INC_MWUG42010124_2.jpg,TECHGEAR57INC_MWUG42010124_3.jpg,TECHGEAR57INC_MWUG42010124_4.jpg,TECHGEAR57INC_MWUG42010124_Specification_Sheet.pdf,No,Yes
,MWUG42010224,Safety & Storage,Safety & PPE,Protective Equipment & Storage,MWUG42010224,MWUG42010224,UTW Pro Heated Glove Blk SM,,,Tech Gear 5.7 Inc (TECGE),Tech Gear 5.7 Inc,Tech Gear 5.7 Inc,,MWUG42010224,Safety & Storage > Safety & PPE > Protective Equipment & Storage > Safety Gear & Jobsite Storage,"Tech Gear 5.7 Inc, Utw Pro Heated Glove Blk Sm, Mwug42010224",UTW PRO HEATED GLOVE BLK SM,Tech Gear 5.7 Inc Mwug42010224 Utw Pro Heated Glove Blk Sm,"Tech Gear 5.7 Inc, UTW Pro Heated Glove Blk SM, Part Number: MWUG42010224, Finish / Color: Black",Tech Gear 5.7 Inc Mwug42010224 Utw Pro Heated Glove Blk Sm,"Tech Gear 5.7 Inc, UTW Pro Heated Glove Blk SM, Part Number: MWUG42010224, Finish / Color: Black",Finish / Color: Black,,,,,,Safety Gear & Jobsite Storage,Finish / Color,Black,,,,,,,,,,46181500,,1,EA,TECHGEAR57INC_MWUG42010224.jpg,TECHGEAR57INC_MWUG42010224_1.jpg,TECHGEAR57INC_MWUG42010224_2.jpg,TECHGEAR57INC_MWUG42010224_3.jpg,TECHGEAR57INC_MWUG42010224_4.jpg,TECHGEAR57INC_MWUG42010224_Specification_Sheet.pdf,No,Yes
,MWUG42010324,Safety & Storage,Safety & PPE,Protective Equipment & Storage,MWUG42010324,MWUG42010324,UTW Pro Heated Glove Blk MD,,,Tech Gear 5.7 Inc (TECGE),Tech Gear 5.7 Inc,Tech Gear 5.7 Inc,,MWUG42010324,Safety & Storage > Safety & PPE > Protective Equipment & Storage > Safety Gear & Jobsite Storage,"Tech Gear 5.7 Inc, Utw Pro Heated Glove Blk Md, Mwug42010324",UTW PRO HEATED GLOVE BLK MD,Tech Gear 5.7 Inc Mwug42010324 Utw Pro Heated Glove Blk Md,"Tech Gear 5.7 Inc, UTW Pro Heated Glove Blk MD, Part Number: MWUG42010324, Finish / Color: Black",Tech Gear 5.7 Inc Mwug42010324 Utw Pro Heated Glove Blk Md,"Tech Gear 5.7 Inc, UTW Pro Heated Glove Blk MD, Part Number: MWUG42010324, Finish / Color: Black",Finish / Color: Black,,,,,,Safety Gear & Jobsite Storage,Finish / Color,Black,,,,,,,,,,46181500,,1,EA,TECHGEAR57INC_MWUG42010324.jpg,TECHGEAR57INC_MWUG42010324_1.jpg,TECHGEAR57INC_MWUG42010324_2.jpg,TECHGEAR57INC_MWUG42010324_3.jpg,TECHGEAR57INC_MWUG42010324_4.jpg,TECHGEAR57INC_MWUG42010324_Specification_Sheet.pdf,No,Yes
,MWUG42010424,Safety & Storage,Safety & PPE,Protective Equipment & Storage,MWUG42010424,MWUG42010424,UTW Pro Heated Glove Blk LG,,,Tech Gear 5.7 Inc (TECGE),LG Electronics,LG®,ThinQ®,MWUG42010424,Safety & Storage > Safety & PPE > Protective Equipment & Storage > Safety Gear & Jobsite Storage,"Lg Electronics Lg, Utw Pro Heated Glove Blk Lg, Mwug42010424",UTW PRO HEATED GLOVE BLK LG,Lg® Mwug42010424 Utw Pro Heated Glove Blk Lg,"LG®, UTW Pro Heated Glove Blk LG, Part Number: MWUG42010424, Finish / Color: Black",Lg® Mwug42010424 Utw Pro Heated Glove Blk Lg,"LG®, UTW Pro Heated Glove Blk LG, Part Number: MWUG42010424, Finish / Color: Black",Finish / Color: Black,,,,,,Safety Gear & Jobsite Storage,Finish / Color,Black,,,,,,,,,,46181500,,1,EA,LG_MWUG42010424.jpg,LG_MWUG42010424_1.jpg,LG_MWUG42010424_2.jpg,LG_MWUG42010424_3.jpg,LG_MWUG42010424_4.jpg,LG_MWUG42010424_Specification_Sheet.pdf,No,Yes
,MWUG42010524,Safety & Storage,Safety & PPE,Protective Equipment & Storage,MWUG42010524,MWUG42010524,UTW Pro Heated Glove Blk XL,,,Tech Gear 5.7 Inc (TECGE),Tech Gear 5.7 Inc,Tech Gear 5.7 Inc,,MWUG42010524,Safety & Storage > Safety & PPE > Protective Equipment & Storage > Safety Gear & Jobsite Storage,"Tech Gear 5.7 Inc, Utw Pro Heated Glove Blk Xl, Mwug42010524",UTW PRO HEATED GLOVE BLK XL,Tech Gear 5.7 Inc Mwug42010524 Utw Pro Heated Glove Blk Xl,"Tech Gear 5.7 Inc, UTW Pro Heated Glove Blk XL, Part Number: MWUG42010524, Finish / Color: Black",Tech Gear 5.7 Inc Mwug42010524 Utw Pro Heated Glove Blk Xl,"Tech Gear 5.7 Inc, UTW Pro Heated Glove Blk XL, Part Number: MWUG42010524, Finish / Color: Black",Finish / Color: Black,,,,,,Safety Gear & Jobsite Storage,Finish / Color,Black,,,,,,,,,,46181500,,1,EA,TECHGEAR57INC_MWUG42010524.jpg,TECHGEAR57INC_MWUG42010524_1.jpg,TECHGEAR57INC_MWUG42010524_2.jpg,TECHGEAR57INC_MWUG42010524_3.jpg,TECHGEAR57INC_MWUG42010524_4.jpg,TECHGEAR57INC_MWUG42010524_Specification_Sheet.pdf,No,Yes
,MWUG42010624,Safety & Storage,Safety & PPE,Protective Equipment & Storage,MWUG42010624,MWUG42010624,UTW Pro Heated Glove Blk 2X,,,Tech Gear 5.7 Inc (TECGE),Tech Gear 5.7 Inc,Tech Gear 5.7 Inc,,MWUG42010624,Safety & Storage > Safety & PPE > Protective Equipment & Storage > Safety Gear & Jobsite Storage,"Tech Gear 5.7 Inc, Utw Pro Heated Glove Blk 2X, Mwug42010624",UTW PRO HEATED GLOVE BLK 2X,Tech Gear 5.7 Inc Mwug42010624 Utw Pro Heated Glove Blk 2X,"Tech Gear 5.7 Inc, UTW Pro Heated Glove Blk 2X, Part Number: MWUG42010624, Finish / Color: Black",Tech Gear 5.7 Inc Mwug42010624 Utw Pro Heated Glove Blk 2X,"Tech Gear 5.7 Inc, UTW Pro Heated Glove Blk 2X, Part Number: MWUG42010624, Finish / Color: Black",Finish / Color: Black,,,,,,Safety Gear & Jobsite Storage,Finish / Color,Black,,,,,,,,,,46181500,,1,EA,TECHGEAR57INC_MWUG42010624.jpg,TECHGEAR57INC_MWUG42010624_1.jpg,TECHGEAR57INC_MWUG42010624_2.jpg,TECHGEAR57INC_MWUG42010624_3.jpg,TECHGEAR57INC_MWUG42010624_4.jpg,TECHGEAR57INC_MWUG42010624_Specification_Sheet.pdf,No,Yes
,MWUG36010225,Safety & Storage,Safety & PPE,Protective Equipment & Storage,MWUG36010225,MWUG36010225,MWUG36010225 BLK SM Aerial Snow Heated Glove,,,Tech Gear 5.7 Inc (TECGE),Tech Gear 5.7 Inc,Tech Gear 5.7 Inc,,MWUG36010225,Safety & Storage > Safety & PPE > Protective Equipment & Storage > Safety Gear & Jobsite Storage,"Tech Gear 5.7 Inc, Blk Sm Aerial Snow Heated Glove, Mwug36010225",BLK SM AERIAL SNOW HEATED GLOVE,Tech Gear 5.7 Inc Mwug36010225 Blk Sm Aerial Snow Heated Glove,"Tech Gear 5.7 Inc, MWUG36010225 BLK SM Aerial Snow Heated Glove, Finish / Color: Black",Tech Gear 5.7 Inc Mwug36010225 Blk Sm Aerial Snow Heated Glove,"Tech Gear 5.7 Inc, MWUG36010225 BLK SM Aerial Snow Heated Glove, Finish / Color: Black",Finish / Color: Black,,,,,,Safety Gear & Jobsite Storage,Finish / Color,Black,,,,,,,,,,46181500,,1,EA,TECHGEAR57INC_MWUG36010225.jpg,TECHGEAR57INC_MWUG36010225_1.jpg,TECHGEAR57INC_MWUG36010225_2.jpg,TECHGEAR57INC_MWUG36010225_3.jpg,TECHGEAR57INC_MWUG36010225_4.jpg,TECHGEAR57INC_MWUG36010225_Specification_Sheet.pdf,No,Yes
,MWUG36010325,Safety & Storage,Safety & PPE,Protective Equipment & Storage,MWUG36010325,MWUG36010325,MWUG36010325 BLK MD Aerial Snow Heated Glove,,,Tech Gear 5.7 Inc (TECGE),Tech Gear 5.7 Inc,Tech Gear 5.7 Inc,,MWUG36010325,Safety & Storage > Safety & PPE > Protective Equipment & Storage > Safety Gear & Jobsite Storage,"Tech Gear 5.7 Inc, Blk Md Aerial Snow Heated Glove, Mwug36010325",BLK MD AERIAL SNOW HEATED GLOVE,Tech Gear 5.7 Inc Mwug36010325 Blk Md Aerial Snow Heated Glove,"Tech Gear 5.7 Inc, MWUG36010325 BLK MD Aerial Snow Heated Glove, Finish / Color: Black",Tech Gear 5.7 Inc Mwug36010325 Blk Md Aerial Snow Heated Glove,"Tech Gear 5.7 Inc, MWUG36010325 BLK MD Aerial Snow Heated Glove, Finish / Color: Black",Finish / Color: Black,,,,,,Safety Gear & Jobsite Storage,Finish / Color,Black,,,,,,,,,,46181500,,1,EA,TECHGEAR57INC_MWUG36010325.jpg,TECHGEAR57INC_MWUG36010325_1.jpg,TECHGEAR57INC_MWUG36010325_2.jpg,TECHGEAR57INC_MWUG36010325_3.jpg,TECHGEAR57INC_MWUG36010325_4.jpg,TECHGEAR57INC_MWUG36010325_Specification_Sheet.pdf,No,Yes
,MWUG36010425,Safety & Storage,Safety & PPE,Protective Equipment & Storage,MWUG36010425,MWUG36010425,MWUG36010425 BLK LG Aerial Snow Heated Glove,,,Tech Gear 5.7 Inc (TECGE),LG Electronics,LG®,ThinQ®,MWUG36010425,Safety & Storage > Safety & PPE > Protective Equipment & Storage > Safety Gear & Jobsite Storage,"Lg Electronics Lg, Blk Lg Aerial Snow Heated Glove, Mwug36010425",BLK LG AERIAL SNOW HEATED GLOVE,Lg® Mwug36010425 Blk Lg Aerial Snow Heated Glove,"LG®, MWUG36010425 BLK LG Aerial Snow Heated Glove, Finish / Color: Black",Lg® Mwug36010425 Blk Lg Aerial Snow Heated Glove,"LG®, MWUG36010425 BLK LG Aerial Snow Heated Glove, Finish / Color: Black",Finish / Color: Black,,,,,,Safety Gear & Jobsite Storage,Finish / Color,Black,,,,,,,,,,46181500,,1,EA,LG_MWUG36010425.jpg,LG_MWUG36010425_1.jpg,LG_MWUG36010425_2.jpg,LG_MWUG36010425_3.jpg,LG_MWUG36010425_4.jpg,LG_MWUG36010425_Specification_Sheet.pdf,No,Yes
,MWUG36010525,Safety & Storage,Safety & PPE,Protective Equipment & Storage,MWUG36010525,MWUG36010525,MWUG36010525 BLK XL Aerial Snow Heated Glove,,,Tech Gear 5.7 Inc (TECGE),Tech Gear 5.7 Inc,Tech Gear 5.7 Inc,,MWUG36010525,Safety & Storage > Safety & PPE > Protective Equipment & Storage > Safety Gear & Jobsite Storage,"Tech Gear 5.7 Inc, Blk Xl Aerial Snow Heated Glove, Mwug36010525",BLK XL AERIAL SNOW HEATED GLOVE,Tech Gear 5.7 Inc Mwug36010525 Blk Xl Aerial Snow Heated Glove,"Tech Gear 5.7 Inc, MWUG36010525 BLK XL Aerial Snow Heated Glove, Finish / Color: Black",Tech Gear 5.7 Inc Mwug36010525 Blk Xl Aerial Snow Heated Glove,"Tech Gear 5.7 Inc, MWUG36010525 BLK XL Aerial Snow Heated Glove, Finish / Color: Black",Finish / Color: Black,,,,,,Safety Gear & Jobsite Storage,Finish / Color,Black,,,,,,,,,,46181500,,1,EA,TECHGEAR57INC_MWUG36010525.jpg,TECHGEAR57INC_MWUG36010525_1.jpg,TECHGEAR57INC_MWUG36010525_2.jpg,TECHGEAR57INC_MWUG36010525_3.jpg,TECHGEAR57INC_MWUG36010525_4.jpg,TECHGEAR57INC_MWUG36010525_Specification_Sheet.pdf,No,Yes
,MWUG36010625,Safety & Storage,Safety & PPE,Protective Equipment & Storage,MWUG36010625,MWUG36010625,MWUG36010625 BLK 2X Aerial Snow Heated Glove,,,Tech Gear 5.7 Inc (TECGE),Tech Gear 5.7 Inc,Tech Gear 5.7 Inc,,MWUG36010625,Safety & Storage > Safety & PPE > Protective Equipment & Storage > Safety Gear & Jobsite Storage,"Tech Gear 5.7 Inc, Blk 2X Aerial Snow Heated Glove, Mwug36010625",BLK 2X AERIAL SNOW HEATED GLOVE,Tech Gear 5.7 Inc Mwug36010625 Blk 2X Aerial Snow Heated Glove,"Tech Gear 5.7 Inc, MWUG36010625 BLK 2X Aerial Snow Heated Glove, Finish / Color: Black",Tech Gear 5.7 Inc Mwug36010625 Blk 2X Aerial Snow Heated Glove,"Tech Gear 5.7 Inc, MWUG36010625 BLK 2X Aerial Snow Heated Glove, Finish / Color: Black",Finish / Color: Black,,,,,,Safety Gear & Jobsite Storage,Finish / Color,Black,,,,,,,,,,46181500,,1,EA,TECHGEAR57INC_MWUG36010625.jpg,TECHGEAR57INC_MWUG36010625_1.jpg,TECHGEAR57INC_MWUG36010625_2.jpg,TECHGEAR57INC_MWUG36010625_3.jpg,TECHGEAR57INC_MWUG36010625_4.jpg,TECHGEAR57INC_MWUG36010625_Specification_Sheet.pdf,No,Yes
https://www.dewalt.com/product/DPG15,DPG15,Safety & Storage,Safety & PPE,Protective Equipment & Storage,DPG15,DPG15,DPG15 Dewalt AM/FM Hearing Protector,,,Radians (7363),Stanley Black & Decker,DEWALT®,Guaranteed Tough®,DPG15,Safety & Storage > Safety & PPE > Protective Equipment & Storage > Safety Gear & Jobsite Storage,"Stanley Black & Decker Dewalt, Dewalt Am/Fm Hearing Protector, Dpg15",DEWALT AM/FM HEARING PROTECTOR,Dewalt® Dpg15 Dewalt Am/Fm Hearing Protector,"DEWALT®, DPG15 Dewalt AM/FM Hearing Protector",Dewalt® Dpg15 Dewalt Am/Fm Hearing Protector,"DEWALT®, DPG15 Dewalt AM/FM Hearing Protector",,,,,,,Safety Gear & Jobsite Storage,,,,,,,,,,,,46181500,,1,EA,DEWALT_DPG15.jpg,DEWALT_DPG15_1.jpg,DEWALT_DPG15_2.jpg,DEWALT_DPG15_3.jpg,DEWALT_DPG15_4.jpg,DEWALT_DPG15_Specification_Sheet.pdf,No,Yes
https://www.milwaukeetool.com/Products/F200B-21L,F200B-21L,Safety & Storage,Safety & PPE,Protective Equipment & Storage,F200B-21L,F200B-21L,F200B-21L Milw M12 Womens - BLK Heated Hoodie Kit L,,,Milwaukee Accessory (4031),Milwaukee Electric Tool Corp,MILWAUKEE®,Heavy Duty™,F200B-21L,Safety & Storage > Safety & PPE > Protective Equipment & Storage > Safety Gear & Jobsite Storage,"Milwaukee Electric Tool Corp Milwaukee, Milw M12 Womens, Blk Heated Hoodie Kit",MILW M12 WOMENS - BLK HEATED HOODIE KIT,Milwaukee® F200B-21L Milw M12 Womens - Blk Heated Hoodie Kit L,"MILWAUKEE®, F200B-21L Milw M12 Womens - BLK Heated Hoodie Kit L, Finish / Color: Black",Milwaukee® F200B-21L Milw M12 Womens - Blk Heated Hoodie Kit L,"MILWAUKEE®, F200B-21L Milw M12 Womens - BLK Heated Hoodie Kit L, Finish / Color: Black",Finish / Color: Black,,,,,,Safety Gear & Jobsite Storage,Finish / Color,Black,,,,,,,,,,46181500,,1,EA,MILWAUKEE_F200B-21L.jpg,MILWAUKEE_F200B-21L_1.jpg,MILWAUKEE_F200B-21L_2.jpg,MILWAUKEE_F200B-21L_3.jpg,MILWAUKEE_F200B-21L_4.jpg,MILWAUKEE_F200B-21L_Specification_Sheet.pdf,No,Yes
https://www.milwaukeetool.com/Products/F200B-21M,F200B-21M,Safety & Storage,Safety & PPE,Protective Equipment & Storage,F200B-21M,F200B-21M,F200B-21M Milw M12 Womens - BLK Heated Hoodie Kit M,,,Milwaukee Accessory (4031),Milwaukee Electric Tool Corp,MILWAUKEE®,Heavy Duty™,F200B-21M,Safety & Storage > Safety & PPE > Protective Equipment & Storage > Safety Gear & Jobsite Storage,"Milwaukee Electric Tool Corp Milwaukee, Milw M12 Womens, Blk Heated Hoodie Kit",MILW M12 WOMENS - BLK HEATED HOODIE KIT,Milwaukee® F200B-21M Milw M12 Womens - Blk Heated Hoodie Kit M,"MILWAUKEE®, F200B-21M Milw M12 Womens - BLK Heated Hoodie Kit M, Finish / Color: Black",Milwaukee® F200B-21M Milw M12 Womens - Blk Heated Hoodie Kit M,"MILWAUKEE®, F200B-21M Milw M12 Womens - BLK Heated Hoodie Kit M, Finish / Color: Black",Finish / Color: Black,,,,,,Safety Gear & Jobsite Storage,Finish / Color,Black,,,,,,,,,,46181500,,1,EA,MILWAUKEE_F200B-21M.jpg,MILWAUKEE_F200B-21M_1.jpg,MILWAUKEE_F200B-21M_2.jpg,MILWAUKEE_F200B-21M_3.jpg,MILWAUKEE_F200B-21M_4.jpg,MILWAUKEE_F200B-21M_Specification_Sheet.pdf,No,Yes
https://www.milwaukeetool.com/Products/M200B-21L,M200B-21L,Safety & Storage,Safety & PPE,Protective Equipment & Storage,M200B-21L,M200B-21L,M200B-21L Milw M12 BLK - Heated Hoodie Kit L,,,Milwaukee Accessory (4031),Milwaukee Electric Tool Corp,MILWAUKEE®,Heavy Duty™,M200B-21L,Safety & Storage > Safety & PPE > Protective Equipment & Storage > Safety Gear & Jobsite Storage,"Milwaukee Electric Tool Corp Milwaukee, Milw M12 Blk, Heated Hoodie Kit L,",MILW M12 BLK - HEATED HOODIE KIT L,Milwaukee® M200B-21L Milw M12 Blk - Heated Hoodie Kit L,"MILWAUKEE®, M200B-21L Milw M12 BLK - Heated Hoodie Kit L, Finish / Color: Black",Milwaukee® M200B-21L Milw M12 Blk - Heated Hoodie Kit L,"MILWAUKEE®, M200B-21L Milw M12 BLK - Heated Hoodie Kit L, Finish / Color: Black",Finish / Color: Black,,,,,,Safety Gear & Jobsite Storage,Finish / Color,Black,,,,,,,,,,46181500,,1,EA,MILWAUKEE_M200B-21L.jpg,MILWAUKEE_M200B-21L_1.jpg,MILWAUKEE_M200B-21L_2.jpg,MILWAUKEE_M200B-21L_3.jpg,MILWAUKEE_M200B-21L_4.jpg,MILWAUKEE_M200B-21L_Specification_Sheet.pdf,No,Yes
https://www.milwaukeetool.com/Products/M200B-21M,M200B-21M,Safety & Storage,Safety & PPE,Protective Equipment & Storage,M200B-21M,M200B-21M,M200B-21M Milw M12 BLK - Heated Hoodie Kit M,,,Milwaukee Accessory (4031),Milwaukee Electric Tool Corp,MILWAUKEE®,Heavy Duty™,M200B-21M,Safety & Storage > Safety & PPE > Protective Equipment & Storage > Safety Gear & Jobsite Storage,"Milwaukee Electric Tool Corp Milwaukee, Milw M12 Blk, Heated Hoodie Kit M,",MILW M12 BLK - HEATED HOODIE KIT M,Milwaukee® M200B-21M Milw M12 Blk - Heated Hoodie Kit M,"MILWAUKEE®, M200B-21M Milw M12 BLK - Heated Hoodie Kit M, Finish / Color: Black",Milwaukee® M200B-21M Milw M12 Blk - Heated Hoodie Kit M,"MILWAUKEE®, M200B-21M Milw M12 BLK - Heated Hoodie Kit M, Finish / Color: Black",Finish / Color: Black,,,,,,Safety Gear & Jobsite Storage,Finish / Color,Black,,,,,,,,,,46181500,,1,EA,MILWAUKEE_M200B-21M.jpg,MILWAUKEE_M200B-21M_1.jpg,MILWAUKEE_M200B-21M_2.jpg,MILWAUKEE_M200B-21M_3.jpg,MILWAUKEE_M200B-21M_4.jpg,MILWAUKEE_M200B-21M_Specification_Sheet.pdf,No,Yes
https://www.milwaukeetool.com/Products/M200B-21XL,M200B-21XL,Safety & Storage,Safety & PPE,Protective Equipment & Storage,M200B-21XL,M200B-21XL,M200B-21XL Milw M12 BLK - Heated Hoodie Kit XL,,,Milwaukee Accessory (4031),Milwaukee Electric Tool Corp,MILWAUKEE®,Heavy Duty™,M200B-21XL,Safety & Storage > Safety & PPE > Protective Equipment & Storage > Safety Gear & Jobsite Storage,"Milwaukee Electric Tool Corp Milwaukee, Milw M12 Blk, Heated Hoodie Kit Xl,",MILW M12 BLK - HEATED HOODIE KIT XL,Milwaukee® M200B-21Xl Milw M12 Blk - Heated Hoodie Kit Xl,"MILWAUKEE®, M200B-21XL Milw M12 BLK - Heated Hoodie Kit XL, Finish / Color: Black",Milwaukee® M200B-21Xl Milw M12 Blk - Heated Hoodie Kit Xl,"MILWAUKEE®, M200B-21XL Milw M12 BLK - Heated Hoodie Kit XL, Finish / Color: Black",Finish / Color: Black,,,,,,Safety Gear & Jobsite Storage,Finish / Color,Black,,,,,,,,,,46181500,,1,EA,MILWAUKEE_M200B-21XL.jpg,MILWAUKEE_M200B-21XL_1.jpg,MILWAUKEE_M200B-21XL_2.jpg,MILWAUKEE_M200B-21XL_3.jpg,MILWAUKEE_M200B-21XL_4.jpg,MILWAUKEE_M200B-21XL_Specification_Sheet.pdf,No,Yes
https://www.milwaukeetool.com/Products/M200G-21L,M200G-21L,Safety & Storage,Safety & PPE,Protective Equipment & Storage,M200G-21L,M200G-21L,M200G-21L Milw M12 Gray - Heated Hoodie Kit L,,,Milwaukee Accessory (4031),Milwaukee Electric Tool Corp,MILWAUKEE®,Heavy Duty™,M200G-21L,Safety & Storage > Safety & PPE > Protective Equipment & Storage > Safety Gear & Jobsite Storage,"Milwaukee Electric Tool Corp Milwaukee, Milw M12 Gray, Heated Hoodie Kit L,",MILW M12 GRAY - HEATED HOODIE KIT L,Milwaukee® M200G-21L Milw M12 Gray - Heated Hoodie Kit L,"MILWAUKEE®, M200G-21L Milw M12 Gray - Heated Hoodie Kit L, Finish / Color: Gray",Milwaukee® M200G-21L Milw M12 Gray - Heated Hoodie Kit L,"MILWAUKEE®, M200G-21L Milw M12 Gray - Heated Hoodie Kit L, Finish / Color: Gray",Finish / Color: Gray,,,,,,Safety Gear & Jobsite Storage,Finish / Color,Gray,,,,,,,,,,46181500,,1,EA,MILWAUKEE_M200G-21L.jpg,MILWAUKEE_M200G-21L_1.jpg,MILWAUKEE_M200G-21L_2.jpg,MILWAUKEE_M200G-21L_3.jpg,MILWAUKEE_M200G-21L_4.jpg,MILWAUKEE_M200G-21L_Specification_Sheet.pdf,No,Yes
https://www.milwaukeetool.com/Products/M200G-21M,M200G-21M,Safety & Storage,Safety & PPE,Protective Equipment & Storage,M200G-21M,M200G-21M,M200G-21M Milw M12 Gray - Heated Hoodie Kit M,,,Milwaukee Accessory (4031),Milwaukee Electric Tool Corp,MILWAUKEE®,Heavy Duty™,M200G-21M,Safety & Storage > Safety & PPE > Protective Equipment & Storage > Safety Gear & Jobsite Storage,"Milwaukee Electric Tool Corp Milwaukee, Milw M12 Gray, Heated Hoodie Kit M,",MILW M12 GRAY - HEATED HOODIE KIT M,Milwaukee® M200G-21M Milw M12 Gray - Heated Hoodie Kit M,"MILWAUKEE®, M200G-21M Milw M12 Gray - Heated Hoodie Kit M, Finish / Color: Gray",Milwaukee® M200G-21M Milw M12 Gray - Heated Hoodie Kit M,"MILWAUKEE®, M200G-21M Milw M12 Gray - Heated Hoodie Kit M, Finish / Color: Gray",Finish / Color: Gray,,,,,,Safety Gear & Jobsite Storage,Finish / Color,Gray,,,,,,,,,,46181500,,1,EA,MILWAUKEE_M200G-21M.jpg,MILWAUKEE_M200G-21M_1.jpg,MILWAUKEE_M200G-21M_2.jpg,MILWAUKEE_M200G-21M_3.jpg,MILWAUKEE_M200G-21M_4.jpg,MILWAUKEE_M200G-21M_Specification_Sheet.pdf,No,Yes
https://www.milwaukeetool.com/Products/M200G-21XL,M200G-21XL,Safety & Storage,Safety & PPE,Protective Equipment & Storage,M200G-21XL,M200G-21XL,M200G-21XL Milw M12 Gray - Heated Hoodie Kit XL,,,Milwaukee Accessory (4031),Milwaukee Electric Tool Corp,MILWAUKEE®,Heavy Duty™,M200G-21XL,Safety & Storage > Safety & PPE > Protective Equipment & Storage > Safety Gear & Jobsite Storage,"Milwaukee Electric Tool Corp Milwaukee, Milw M12 Gray, Heated Hoodie Kit Xl,",MILW M12 GRAY - HEATED HOODIE KIT XL,Milwaukee® M200G-21Xl Milw M12 Gray - Heated Hoodie Kit Xl,"MILWAUKEE®, M200G-21XL Milw M12 Gray - Heated Hoodie Kit XL, Finish / Color: Gray",Milwaukee® M200G-21Xl Milw M12 Gray - Heated Hoodie Kit Xl,"MILWAUKEE®, M200G-21XL Milw M12 Gray - Heated Hoodie Kit XL, Finish / Color: Gray",Finish / Color: Gray,,,,,,Safety Gear & Jobsite Storage,Finish / Color,Gray,,,,,,,,,,46181500,,1,EA,MILWAUKEE_M200G-21XL.jpg,MILWAUKEE_M200G-21XL_1.jpg,MILWAUKEE_M200G-21XL_2.jpg,MILWAUKEE_M200G-21XL_3.jpg,MILWAUKEE_M200G-21XL_4.jpg,MILWAUKEE_M200G-21XL_Specification_Sheet.pdf,No,Yes
https://www.milwaukeetool.com/Products/48-11-2330,48-11-2330,Tools & Hardware,Tool Accessories,Batteries & Chargers,48-11-2330,48-11-2330,48-11-2330 Milw Heated Gear Power Source,,,Milwaukee Accessory (4031),Milwaukee Electric Tool Corp,MILWAUKEE®,Heavy Duty™,48-11-2330,Tools & Hardware > Tool Accessories > Batteries & Chargers > Power Tool Batteries & Chargers,"Milwaukee Electric Tool Corp Milwaukee, Milw Heated Gear Power Source,",MILW HEATED GEAR POWER SOURCE,Milwaukee® 48-11-2330 Milw Heated Gear Power Source,"MILWAUKEE®, 48-11-2330 Milw Heated Gear Power Source",Milwaukee® 48-11-2330 Milw Heated Gear Power Source,"MILWAUKEE®, 48-11-2330 Milw Heated Gear Power Source",,,,,,,Power Tool Batteries & Chargers,,,,,,,,,,,,26111700,,1,EA,MILWAUKEE_48-11-2330.jpg,MILWAUKEE_48-11-2330_1.jpg,MILWAUKEE_48-11-2330_2.jpg,MILWAUKEE_48-11-2330_3.jpg,MILWAUKEE_48-11-2330_4.jpg,MILWAUKEE_48-11-2330_Specification_Sheet.pdf,No,Yes
https://www.dewalt.com/product/DCBP250C,DCBP250C,Tools & Hardware,Tool Accessories,Batteries & Chargers,DCBP250C,DCBP250C,DCBP520C Dewalt Starter Kit,,DEWALT,Black & Decker/dewlt (2585),Stanley Black & Decker,DEWALT®,Guaranteed Tough®,DCBP250C,Tools & Hardware > Tool Accessories > Batteries & Chargers > Power Tool Batteries & Chargers,"Stanley Black & Decker Dewalt, Dcbp520C Dewalt Starter Kit, Dcbp250C",DCBP520C DEWALT STARTER KIT,Dewalt® Dcbp250C Dcbp520C Dewalt Starter Kit,"DEWALT®, DCBP520C Dewalt Starter Kit, Part Number: DCBP250C",Dewalt® Dcbp250C Dcbp520C Dewalt Starter Kit,"DEWALT®, DCBP520C Dewalt Starter Kit, Part Number: DCBP250C",,,,,,,Power Tool Batteries & Chargers,,,,,,,,,,,,26111700,,1,EA,DEWALT_DCBP250C.jpg,DEWALT_DCBP250C_1.jpg,DEWALT_DCBP250C_2.jpg,DEWALT_DCBP250C_3.jpg,DEWALT_DCBP250C_4.jpg,DEWALT_DCBP250C_Specification_Sheet.pdf,No,Yes
,5328,Safety & Storage,Safety & PPE,Protective Equipment & Storage,5328,5328,5328 Lg. Leather Phone Holster - Clip-on,,,-,Generic Manufacturer,-- Unbranded --,,5328,Safety & Storage > Safety & PPE > Protective Equipment & Storage > Safety Gear & Jobsite Storage,"Generic Manufacturer -- Unbranded --, Lg. Leather Phone Holster, Clip, On, 5328",LG. LEATHER PHONE HOLSTER - CLIP-ON,-- Unbranded -- 5328 Lg. Leather Phone Holster - Clip-On,"-- Unbranded --, 5328 Lg. Leather Phone Holster - Clip-on",-- Unbranded -- 5328 Lg. Leather Phone Holster - Clip-On,"-- Unbranded --, 5328 Lg. Leather Phone Holster - Clip-on",,,,,,,Safety Gear & Jobsite Storage,,,,,,,,,,,,46181500,,1,EA,UNBRANDED_5328.jpg,UNBRANDED_5328_1.jpg,UNBRANDED_5328_2.jpg,UNBRANDED_5328_3.jpg,UNBRANDED_5328_4.jpg,UNBRANDED_5328_Specification_Sheet.pdf,No,Yes
https://www.milwaukeetool.com/Products/3200-20,3200-20,Tools & Hardware,Measuring & Layout,Layout & Marking Tools,3200-20,3200-20,3200-20 Milw Voltage Detector,,,Milwaukee Accessory (4031),Milwaukee Electric Tool Corp,MILWAUKEE®,Heavy Duty™,3200-20,Tools & Hardware > Measuring & Layout > Layout & Marking Tools > Levels & Measuring Tools,"Milwaukee Electric Tool Corp Milwaukee, Milw Voltage Detector, 3200-20",MILW VOLTAGE DETECTOR,Milwaukee® 3200-20 Milw Voltage Detector,"MILWAUKEE®, 3200-20 Milw Voltage Detector",Milwaukee® 3200-20 Milw Voltage Detector,"MILWAUKEE®, 3200-20 Milw Voltage Detector",,,,,,,Levels & Measuring Tools,,,,,,,,,,,,27111800,,1,EA,MILWAUKEE_3200-20.jpg,MILWAUKEE_3200-20_1.jpg,MILWAUKEE_3200-20_2.jpg,MILWAUKEE_3200-20_3.jpg,MILWAUKEE_3200-20_4.jpg,MILWAUKEE_3200-20_Specification_Sheet.pdf,No,Yes
https://www.milwaukeetool.com/Products/3202-20,3202-20,Tools & Hardware,Measuring & Layout,Layout & Marking Tools,3202-20,3202-20,3202-20 Milw Voltage Detector w/ LED,,,Milwaukee Accessory (4031),Milwaukee Electric Tool Corp,MILWAUKEE®,Heavy Duty™,3202-20,Tools & Hardware > Measuring & Layout > Layout & Marking Tools > Levels & Measuring Tools,"Milwaukee Electric Tool Corp Milwaukee, Milw Voltage Detector W/ Led, 3202-20",MILW VOLTAGE DETECTOR W/ LED,Milwaukee® 3202-20 Milw Voltage Detector W/ Led,"MILWAUKEE®, 3202-20 Milw Voltage Detector w/ LED",Milwaukee® 3202-20 Milw Voltage Detector W/ Led,"MILWAUKEE®, 3202-20 Milw Voltage Detector w/ LED",,,,,,,Levels & Measuring Tools,,,,,,,,,,,,27111800,,1,EA,MILWAUKEE_3202-20.jpg,MILWAUKEE_3202-20_1.jpg,MILWAUKEE_3202-20_2.jpg,MILWAUKEE_3202-20_3.jpg,MILWAUKEE_3202-20_4.jpg,MILWAUKEE_3202-20_Specification_Sheet.pdf,No,Yes
https://www.milwaukeetool.com/Products/3203-20,3203-20,Appliances,Kitchen Appliances,Cooking Equipment,3203-20,3203-20,3203-20 Milw Dual Range Voltage Detector w/ LED,,,Milwaukee Accessory (4031),Milwaukee Electric Tool Corp,MILWAUKEE®,Heavy Duty™,3203-20,Appliances > Kitchen Appliances > Cooking Equipment > Ranges & Ovens,"Milwaukee Electric Tool Corp Milwaukee, Milw Dual Range Voltage Detector W/",MILW DUAL RANGE VOLTAGE DETECTOR W/ LED,Milwaukee® 3203-20 Milw Dual Range Voltage Detector W/ Led,"MILWAUKEE®, 3203-20 Milw Dual Range Voltage Detector w/ LED",Milwaukee® 3203-20 Milw Dual Range Voltage Detector W/ Led,"MILWAUKEE®, 3203-20 Milw Dual Range Voltage Detector w/ LED",,,,,,,Ranges & Ovens,,,,,,,,,,,,52141543,1 Year Manufacturer Warranty,1,EA,MILWAUKEE_3203-20.jpg,MILWAUKEE_3203-20_1.jpg,MILWAUKEE_3203-20_2.jpg,MILWAUKEE_3203-20_3.jpg,MILWAUKEE_3203-20_4.jpg,MILWAUKEE_3203-20_Specification_Sheet.pdf,No,Yes
,BC-12300,Tools & Hardware,Measuring & Layout,Layout & Marking Tools,BC-12300,BC-12300,"BC-12300 BigCal 12""/300mm",,,Woodpeckers Inc (WOODP),Woodpeckers Inc,Woodpeckers Inc,,BC-12300,Tools & Hardware > Measuring & Layout > Layout & Marking Tools > Levels & Measuring Tools,"Woodpeckers Inc, Bigcal 12""/300Mm, Bc-12300 - Part Number: BC-12300","BIGCAL 12""/300MM","Woodpeckers Inc Bc-12300 Bigcal 12""/300Mm","Woodpeckers Inc, BC-12300 BigCal 12""/300mm","Woodpeckers Inc Bc-12300 Bigcal 12""/300Mm","Woodpeckers Inc, BC-12300 BigCal 12""/300mm",,,,,,,Levels & Measuring Tools,,,,,,,,,,,,27111800,,1,EA,WOODPECKERSINC_BC-12300.jpg,WOODPECKERSINC_BC-12300_1.jpg,WOODPECKERSINC_BC-12300_2.jpg,WOODPECKERSINC_BC-12300_3.jpg,WOODPECKERSINC_BC-12300_4.jpg,WOODPECKERSINC_BC-12300_Specification_Sheet.pdf,No,Yes
,BC-24600,Tools & Hardware,Measuring & Layout,Layout & Marking Tools,BC-24600,BC-24600,"BC-24600 BigCal 24""/600mm",,,Woodpeckers Inc (WOODP),Woodpeckers Inc,Woodpeckers Inc,,BC-24600,Tools & Hardware > Measuring & Layout > Layout & Marking Tools > Levels & Measuring Tools,"Woodpeckers Inc, Bigcal 24""/600Mm, Bc-24600 - Part Number: BC-24600","BIGCAL 24""/600MM","Woodpeckers Inc Bc-24600 Bigcal 24""/600Mm","Woodpeckers Inc, BC-24600 BigCal 24""/600mm","Woodpeckers Inc Bc-24600 Bigcal 24""/600Mm","Woodpeckers Inc, BC-24600 BigCal 24""/600mm",,,,,,,Levels & Measuring Tools,,,,,,,,,,,,27111800,,1,EA,WOODPECKERSINC_BC-24600.jpg,WOODPECKERSINC_BC-24600_1.jpg,WOODPECKERSINC_BC-24600_2.jpg,WOODPECKERSINC_BC-24600_3.jpg,WOODPECKERSINC_BC-24600_4.jpg,WOODPECKERSINC_BC-24600_Specification_Sheet.pdf,No,Yes
https://www.dewalt.com/product/DW08302CG,DW08302CG,Tools & Hardware,Measuring & Layout,Layout & Marking Tools,DW08302CG,DW08302CG,DW08302CG Dewalt Laser - Green 3 Spot,,DEWALT,Black & Decker/dewlt (2585),Stanley Black & Decker,DEWALT®,Guaranteed Tough®,DW08302CG,Tools & Hardware > Measuring & Layout > Layout & Marking Tools > Levels & Measuring Tools,"Stanley Black & Decker Dewalt, Dewalt Laser, Green 3 Spot, Dw08302Cg",DEWALT LASER - GREEN 3 SPOT,Dewalt® Dw08302Cg Dewalt Laser - Green 3 Spot,"DEWALT®, DW08302CG Dewalt Laser - Green 3 Spot",Dewalt® Dw08302Cg Dewalt Laser - Green 3 Spot,"DEWALT®, DW08302CG Dewalt Laser - Green 3 Spot",,,,,,,Levels & Measuring Tools,,,,,,,,,,,,27111800,,1,EA,DEWALT_DW08302CG.jpg,DEWALT_DW08302CG_1.jpg,DEWALT_DW08302CG_2.jpg,DEWALT_DW08302CG_3.jpg,DEWALT_DW08302CG_4.jpg,DEWALT_DW08302CG_Specification_Sheet.pdf,No,Yes
,GCL165-42GL,Tools & Hardware,Measuring & Layout,Layout & Marking Tools,GCL165-42GL,GCL165-42GL,GCL165--42GL Cross Line Laser,,,Robt Bosch Tool Corp (6564),Robt Bosch Tool Corp,Robt Bosch Tool Corp,,GCL165-42GL,Tools & Hardware > Measuring & Layout > Layout & Marking Tools > Levels & Measuring Tools,"Robt Bosch Tool Corp, Gcl165, , 42Gl Cross Line Laser, Gcl165-42Gl",GCL165--42GL CROSS LINE LASER,Robt Bosch Tool Corp Gcl165-42Gl Gcl165--42Gl Cross Line Laser,"Robt Bosch Tool Corp, GCL165--42GL Cross Line Laser, Part Number: GCL165-42GL",Robt Bosch Tool Corp Gcl165-42Gl Gcl165--42Gl Cross Line Laser,"Robt Bosch Tool Corp, GCL165--42GL Cross Line Laser, Part Number: GCL165-42GL",,,,,,,Levels & Measuring Tools,,,,,,,,,,,,27111800,,1,EA,ROBTBOSCHTOOLCORP_GCL165-42GL.jpg,ROBTBOSCHTOOLCORP_GCL165-42GL_1.jpg,ROBTBOSCHTOOLCORP_GCL165-42GL_2.jpg,ROBTBOSCHTOOLCORP_GCL165-42GL_3.jpg,ROBTBOSCHTOOLCORP_GCL165-42GL_4.jpg,ROBTBOSCHTOOLCORP_GCL165-42GL_Specification_Sheet.pdf,No,Yes
https://www.dewalt.com/product/DW08802CG,DW08802CG,Tools & Hardware,Measuring & Layout,Layout & Marking Tools,DW08802CG,DW08802CG,DW08802CG Dewalt Laser Green - Self-Level Cross Line,,DEWALT,Black & Decker/dewlt (2585),Stanley Black & Decker,DEWALT®,Guaranteed Tough®,DW08802CG,Tools & Hardware > Measuring & Layout > Layout & Marking Tools > Levels & Measuring Tools,"Stanley Black & Decker Dewalt, Dewalt Laser Green, Self, Level Cross Line,",DEWALT LASER GREEN - SELF-LEVEL CROSS,Dewalt® Dw08802Cg Dewalt Laser Green - Self-Level Cross Line,"DEWALT®, DW08802CG Dewalt Laser Green - Self-Level Cross Line",Dewalt® Dw08802Cg Dewalt Laser Green - Self-Level Cross Line,"DEWALT®, DW08802CG Dewalt Laser Green - Self-Level Cross Line",,,,,,,Levels & Measuring Tools,,,,,,,,,,,,27111800,,1,EA,DEWALT_DW08802CG.jpg,DEWALT_DW08802CG_1.jpg,DEWALT_DW08802CG_2.jpg,DEWALT_DW08802CG_3.jpg,DEWALT_DW08802CG_4.jpg,DEWALT_DW08802CG_Specification_Sheet.pdf,No,Yes
https://www.dewalt.com/product/DW088CG,DW088CG,Tools & Hardware,Measuring & Layout,Layout & Marking Tools,DW088CG,DW088CG,DW088CG Dewalt Laser - Green Cross Line,,DEWALT,Black & Decker/dewlt (2585),Stanley Black & Decker,DEWALT®,Guaranteed Tough®,DW088CG,Tools & Hardware > Measuring & Layout > Layout & Marking Tools > Levels & Measuring Tools,"Stanley Black & Decker Dewalt, Dewalt Laser, Green Cross Line, Dw088Cg",DEWALT LASER - GREEN CROSS LINE,Dewalt® Dw088Cg Dewalt Laser - Green Cross Line,"DEWALT®, DW088CG Dewalt Laser - Green Cross Line",Dewalt® Dw088Cg Dewalt Laser - Green Cross Line,"DEWALT®, DW088CG Dewalt Laser - Green Cross Line",,,,,,,Levels & Measuring Tools,,,,,,,,,,,,27111800,,1,EA,DEWALT_DW088CG.jpg,DEWALT_DW088CG_1.jpg,DEWALT_DW088CG_2.jpg,DEWALT_DW088CG_3.jpg,DEWALT_DW088CG_4.jpg,DEWALT_DW088CG_Specification_Sheet.pdf,No,Yes
https://www.dewalt.com/product/DW089CG,DW089CG,Appliances,Kitchen Appliances,Cooking Equipment,DW089CG,DW089CG,DW089CG Dewalt Laser Level - 3 Line 30ft Range,,DEWALT,Black & Decker/dewlt (2585),Stanley Black & Decker,DEWALT®,Guaranteed Tough®,DW089CG,Appliances > Kitchen Appliances > Cooking Equipment > Ranges & Ovens,"Stanley Black & Decker Dewalt, Dewalt Laser Level, 3 Line 30Ft Range, Dw089Cg",DEWALT LASER LEVEL - 3 LINE 30FT RANGE,Dewalt® Dw089Cg Dewalt Laser Level - 3 Line 30Ft Range,"DEWALT®, DW089CG Dewalt Laser Level - 3 Line 30ft Range, Length: 30 ft",Dewalt® Dw089Cg Dewalt Laser Level - 3 Line 30Ft Range,"DEWALT®, DW089CG Dewalt Laser Level - 3 Line 30ft Range, Length: 30 ft",Length: 30 ft,,,,,,Ranges & Ovens,Length,30,ft,,,,,,,,,52141543,1 Year Manufacturer Warranty,1,EA,DEWALT_DW089CG.jpg,DEWALT_DW089CG_1.jpg,DEWALT_DW089CG_2.jpg,DEWALT_DW089CG_3.jpg,DEWALT_DW089CG_4.jpg,DEWALT_DW089CG_Specification_Sheet.pdf,No,Yes
https://www.dewalt.com/product/DCLE34520GB,DCLE34520GB,Tools & Hardware,Measuring & Layout,Layout & Marking Tools,DCLE34520GB,DCLE34520GB,DCLE34520GB Dewalt Laser 20V - Cross Line 5 Spot (Bare),,DEWALT,Black & Decker/dewlt (2585),Stanley Black & Decker,DEWALT®,Guaranteed Tough®,DCLE34520GB,Tools & Hardware > Measuring & Layout > Layout & Marking Tools > Levels & Measuring Tools,"Stanley Black & Decker Dewalt, Dewalt Laser 20V, Cross Line 5 Spot (Bare),",DEWALT LASER 20V - CROSS LINE 5 SPOT,Dewalt® Dcle34520Gb Dewalt Laser 20V - Cross Line 5 Spot (Bare),"DEWALT®, DCLE34520GB Dewalt Laser 20V - Cross Line 5 Spot (Bare), Voltage: 20 V",Dewalt® Dcle34520Gb Dewalt Laser 20V - Cross Line 5 Spot (Bare),"DEWALT®, DCLE34520GB Dewalt Laser 20V - Cross Line 5 Spot (Bare), Voltage: 20 V",Voltage: 20 V,,,,,,Levels & Measuring Tools,Voltage,20,V,,,,,,,,,27111800,,1,EA,DEWALT_DCLE34520GB.jpg,DEWALT_DCLE34520GB_1.jpg,DEWALT_DCLE34520GB_2.jpg,DEWALT_DCLE34520GB_3.jpg,DEWALT_DCLE34520GB_4.jpg,DEWALT_DCLE34520GB_Specification_Sheet.pdf,No,Yes
https://www.dewalt.com/product/DCLE34031B,DCLE34031B,Tools & Hardware,Measuring & Layout,Layout & Marking Tools,DCLE34031B,DCLE34031B,DCLE34031B Dewalt Line Laser - 20V Self-Leveling (Bare),,DEWALT,Black & Decker/dewlt (2585),Stanley Black & Decker,DEWALT®,Guaranteed Tough®,DCLE34031B,Tools & Hardware > Measuring & Layout > Layout & Marking Tools > Levels & Measuring Tools,"Stanley Black & Decker Dewalt, Dewalt Line Laser, 20V Self, Leveling (Bare),",DEWALT LINE LASER - 20V SELF-LEVELING,Dewalt® Dcle34031B Dewalt Line Laser - 20V Self-Leveling (Bare),"DEWALT®, DCLE34031B Dewalt Line Laser - 20V Self-Leveling (Bare), Voltage: 20 V",Dewalt® Dcle34031B Dewalt Line Laser - 20V Self-Leveling (Bare),"DEWALT®, DCLE34031B Dewalt Line Laser - 20V Self-Leveling (Bare), Voltage: 20 V",Voltage: 20 V,,,,,,Levels & Measuring Tools,Voltage,20,V,,,,,,,,,27111800,,1,EA,DEWALT_DCLE34031B.jpg,DEWALT_DCLE34031B_1.jpg,DEWALT_DCLE34031B_2.jpg,DEWALT_DCLE34031B_3.jpg,DEWALT_DCLE34031B_4.jpg,DEWALT_DCLE34031B_Specification_Sheet.pdf,No,Yes
https://www.dewalt.com/product/DW0822CG,DW0822CG,Tools & Hardware,Measuring & Layout,Layout & Marking Tools,DW0822CG,DW0822CG,DW0822CG Dewalt Cross Line - Plumb Spots Laser-Green,,DEWALT,Black & Decker/dewlt (2585),Stanley Black & Decker,DEWALT®,Guaranteed Tough®,DW0822CG,Tools & Hardware > Measuring & Layout > Layout & Marking Tools > Levels & Measuring Tools,"Stanley Black & Decker Dewalt, Dewalt Cross Line, Plumb Spots Laser, Green,",DEWALT CROSS LINE - PLUMB SPOTS,Dewalt® Dw0822Cg Dewalt Cross Line - Plumb Spots Laser-Green,"DEWALT®, DW0822CG Dewalt Cross Line - Plumb Spots Laser-Green",Dewalt® Dw0822Cg Dewalt Cross Line - Plumb Spots Laser-Green,"DEWALT®, DW0822CG Dewalt Cross Line - Plumb Spots Laser-Green",,,,,,,Levels & Measuring Tools,,,,,,,,,,,,27111800,,1,EA,DEWALT_DW0822CG.jpg,DEWALT_DW0822CG_1.jpg,DEWALT_DW0822CG_2.jpg,DEWALT_DW0822CG_3.jpg,DEWALT_DW0822CG_4.jpg,DEWALT_DW0822CG_Specification_Sheet.pdf,No,Yes
,25459,Electrical & Hardware,Adhesives & Tapes,Electrical & Construction Tapes,25459,25459,25459 Mason Line Brd Orange - 500',,,U S Tape Company (6694),U S Tape Company,U S TAPE®,DuraWheel®,25459,Electrical & Hardware > Adhesives & Tapes > Electrical & Construction Tapes > Electrical & Sealing Tapes,"U S Tape Company U S Tape, Mason Line Brd Orange, 500', 25459",MASON LINE BRD ORANGE - 500',U S Tape® 25459 Mason Line Brd Orange - 500',"U S TAPE®, 25459 Mason Line Brd Orange - 500'",U S Tape® 25459 Mason Line Brd Orange - 500',"U S TAPE®, 25459 Mason Line Brd Orange - 500'",,,,,,,Electrical & Sealing Tapes,,,,,,,,,,,,31201502,,1,EA,USTAPE_25459.jpg,USTAPE_25459_1.jpg,USTAPE_25459_2.jpg,USTAPE_25459_3.jpg,USTAPE_25459_4.jpg,USTAPE_25459_Specification_Sheet.pdf,No,Yes
,35459,Electrical & Hardware,Adhesives & Tapes,Electrical & Construction Tapes,35459,35459,35459 Mason Line Brd Orange - 500' Replacement,,,U S Tape Company (6694),U S Tape Company,U S TAPE®,DuraWheel®,35459,Electrical & Hardware > Adhesives & Tapes > Electrical & Construction Tapes > Electrical & Sealing Tapes,"U S Tape Company U S Tape, Mason Line Brd Orange, 500' Replacement, 35459",MASON LINE BRD ORANGE - 500' REPLACEMENT,U S Tape® 35459 Mason Line Brd Orange - 500' Replacement,"U S TAPE®, 35459 Mason Line Brd Orange - 500' Replacement",U S Tape® 35459 Mason Line Brd Orange - 500' Replacement,"U S TAPE®, 35459 Mason Line Brd Orange - 500' Replacement",,,,,,,Electrical & Sealing Tapes,,,,,,,,,,,,31201502,,1,EA,USTAPE_35459.jpg,USTAPE_35459_1.jpg,USTAPE_35459_2.jpg,USTAPE_35459_3.jpg,USTAPE_35459_4.jpg,USTAPE_35459_Specification_Sheet.pdf,No,Yes
,25759,Electrical & Hardware,Adhesives & Tapes,Electrical & Construction Tapes,25759,25759,25759 Mason Line Brd Orange - 1000',,,U S Tape Company (6694),U S Tape Company,U S TAPE®,DuraWheel®,25759,Electrical & Hardware > Adhesives & Tapes > Electrical & Construction Tapes > Electrical & Sealing Tapes,"U S Tape Company U S Tape, Mason Line Brd Orange, 1000', 25759",MASON LINE BRD ORANGE - 1000',U S Tape® 25759 Mason Line Brd Orange - 1000',"U S TAPE®, 25759 Mason Line Brd Orange - 1000'",U S Tape® 25759 Mason Line Brd Orange - 1000',"U S TAPE®, 25759 Mason Line Brd Orange - 1000'",,,,,,,Electrical & Sealing Tapes,,,,,,,,,,,,31201502,,1,EA,USTAPE_25759.jpg,USTAPE_25759_1.jpg,USTAPE_25759_2.jpg,USTAPE_25759_3.jpg,USTAPE_25759_4.jpg,USTAPE_25759_Specification_Sheet.pdf,No,Yes
,35112,Electrical & Hardware,Adhesives & Tapes,Electrical & Construction Tapes,35112,35112,35112 Mason Line Twist Yellow - 270',,,U S Tape Company (6694),U S Tape Company,U S TAPE®,DuraWheel®,35112,Electrical & Hardware > Adhesives & Tapes > Electrical & Construction Tapes > Electrical & Sealing Tapes,"U S Tape Company U S Tape, Mason Line Twist Yellow, 270', 35112",MASON LINE TWIST YELLOW - 270',U S Tape® 35112 Mason Line Twist Yellow - 270',"U S TAPE®, 35112 Mason Line Twist Yellow - 270'",U S Tape® 35112 Mason Line Twist Yellow - 270',"U S TAPE®, 35112 Mason Line Twist Yellow - 270'",,,,,,,Electrical & Sealing Tapes,,,,,,,,,,,,31201502,,1,EA,USTAPE_35112.jpg,USTAPE_35112_1.jpg,USTAPE_35112_2.jpg,USTAPE_35112_3.jpg,USTAPE_35112_4.jpg,USTAPE_35112_Specification_Sheet.pdf,No,Yes
,35115,Electrical & Hardware,Adhesives & Tapes,Electrical & Construction Tapes,35115,35115,35115 Mason Line Twist Green - 270',,,U S Tape Company (6694),U S Tape Company,U S TAPE®,DuraWheel®,35115,Electrical & Hardware > Adhesives & Tapes > Electrical & Construction Tapes > Electrical & Sealing Tapes,"U S Tape Company U S Tape, Mason Line Twist Green, 270', 35115",MASON LINE TWIST GREEN - 270',U S Tape® 35115 Mason Line Twist Green - 270',"U S TAPE®, 35115 Mason Line Twist Green - 270'",U S Tape® 35115 Mason Line Twist Green - 270',"U S TAPE®, 35115 Mason Line Twist Green - 270'",,,,,,,Electrical & Sealing Tapes,,,,,,,,,,,,31201502,,1,EA,USTAPE_35115.jpg,USTAPE_35115_1.jpg,USTAPE_35115_2.jpg,USTAPE_35115_3.jpg,USTAPE_35115_4.jpg,USTAPE_35115_Specification_Sheet.pdf,No,Yes
,25168,Electrical & Hardware,Adhesives & Tapes,Electrical & Construction Tapes,25168,25168,25168 Mason Line Brd Green - 250',CENTURY COMPONENTS,,U S Tape Company (6694),U S Tape Company,U S TAPE®,DuraWheel®,25168,Electrical & Hardware > Adhesives & Tapes > Electrical & Construction Tapes > Electrical & Sealing Tapes,"U S Tape Company U S Tape, Mason Line Brd Green, 250', 25168",MASON LINE BRD GREEN - 250',U S Tape® 25168 Mason Line Brd Green - 250',"U S TAPE®, 25168 Mason Line Brd Green - 250'",U S Tape® 25168 Mason Line Brd Green - 250',"U S TAPE®, 25168 Mason Line Brd Green - 250'",,,,,,,Electrical & Sealing Tapes,,,,,,,,,,,,31201502,,1,EA,USTAPE_25168.jpg,USTAPE_25168_1.jpg,USTAPE_25168_2.jpg,USTAPE_25168_3.jpg,USTAPE_25168_4.jpg,USTAPE_25168_Specification_Sheet.pdf,No,Yes
,35468,Electrical & Hardware,Adhesives & Tapes,Electrical & Construction Tapes,35468,35468,35468 Mason Line Brd Green - 500' Replacement,,,U S Tape Company (6694),U S Tape Company,U S TAPE®,DuraWheel®,35468,Electrical & Hardware > Adhesives & Tapes > Electrical & Construction Tapes > Electrical & Sealing Tapes,"U S Tape Company U S Tape, Mason Line Brd Green, 500' Replacement, 35468",MASON LINE BRD GREEN - 500' REPLACEMENT,U S Tape® 35468 Mason Line Brd Green - 500' Replacement,"U S TAPE®, 35468 Mason Line Brd Green - 500' Replacement",U S Tape® 35468 Mason Line Brd Green - 500' Replacement,"U S TAPE®, 35468 Mason Line Brd Green - 500' Replacement",,,,,,,Electrical & Sealing Tapes,,,,,,,,,,,,31201502,,1,EA,USTAPE_35468.jpg,USTAPE_35468_1.jpg,USTAPE_35468_2.jpg,USTAPE_35468_3.jpg,USTAPE_35468_4.jpg,USTAPE_35468_Specification_Sheet.pdf,No,Yes
,35494,Electrical & Hardware,Adhesives & Tapes,Electrical & Construction Tapes,35494,35494,35494 Mason Line Brd Blk/Yellw - 500' Replacement,,,U S Tape Company (6694),U S Tape Company,U S TAPE®,DuraWheel®,35494,Electrical & Hardware > Adhesives & Tapes > Electrical & Construction Tapes > Electrical & Sealing Tapes,"U S Tape Company U S Tape, Mason Line Brd Blk/Yellw, 500' Replacement, 35494",MASON LINE BRD BLK/YELLW - 500',U S Tape® 35494 Mason Line Brd Blk/Yellw - 500' Replacement,"U S TAPE®, 35494 Mason Line Brd Blk/Yellw - 500' Replacement, Finish / Color: Black",U S Tape® 35494 Mason Line Brd Blk/Yellw - 500' Replacement,"U S TAPE®, 35494 Mason Line Brd Blk/Yellw - 500' Replacement, Finish / Color: Black",Finish / Color: Black,,,,,,Electrical & Sealing Tapes,Finish / Color,Black,,,,,,,,,,31201502,,1,EA,USTAPE_35494.jpg,USTAPE_35494_1.jpg,USTAPE_35494_2.jpg,USTAPE_35494_3.jpg,USTAPE_35494_4.jpg,USTAPE_35494_Specification_Sheet.pdf,No,Yes
https://www.milwaukeetool.com/Products/MLSQ0120,MLSQ0120,Industrial MRO,Hardware & Supplies,General Maintenance,MLSQ0120,MLSQ0120,"MLSQ0120 Milw 12"" RafterSquare",,,Milwaukee Accessory (4031),Milwaukee Electric Tool Corp,MILWAUKEE®,Heavy Duty™,MLSQ0120,Industrial MRO > Hardware & Supplies > General Maintenance > Industrial Supplies,"Milwaukee Electric Tool Corp Milwaukee, Milw 12"" Raftersquare, Mlsq0120","MILW 12"" RAFTERSQUARE","Milwaukee® Mlsq0120 Milw 12"" Raftersquare","MILWAUKEE®, MLSQ0120 Milw 12"" RafterSquare","Milwaukee® Mlsq0120 Milw 12"" Raftersquare","MILWAUKEE®, MLSQ0120 Milw 12"" RafterSquare",,,,,,,Industrial Supplies,,,,,,,,,,,,31160000,,1,EA,MILWAUKEE_MLSQ0120.jpg,MILWAUKEE_MLSQ0120_1.jpg,MILWAUKEE_MLSQ0120_2.jpg,MILWAUKEE_MLSQ0120_3.jpg,MILWAUKEE_MLSQ0120_4.jpg,MILWAUKEE_MLSQ0120_Specification_Sheet.pdf,No,Yes
https://www.milwaukeetool.com/Products/MLSQ1120,MLSQ1120,Industrial MRO,Hardware & Supplies,General Maintenance,MLSQ1120,MLSQ1120,MLSQ1120 Milw 300mm Rafter - Square (Metric),,,Milwaukee Accessory (4031),Milwaukee Electric Tool Corp,MILWAUKEE®,Heavy Duty™,MLSQ1120,Industrial MRO > Hardware & Supplies > General Maintenance > Industrial Supplies,"Milwaukee Electric Tool Corp Milwaukee, Milw 300Mm Rafter, Square (Metric),",MILW 300MM RAFTER - SQUARE (METRIC),Milwaukee® Mlsq1120 Milw 300Mm Rafter - Square (Metric),"MILWAUKEE®, MLSQ1120 Milw 300mm Rafter - Square (Metric)",Milwaukee® Mlsq1120 Milw 300Mm Rafter - Square (Metric),"MILWAUKEE®, MLSQ1120 Milw 300mm Rafter - Square (Metric)",,,,,,,Industrial Supplies,,,,,,,,,,,,31160000,,1,EA,MILWAUKEE_MLSQ1120.jpg,MILWAUKEE_MLSQ1120_1.jpg,MILWAUKEE_MLSQ1120_2.jpg,MILWAUKEE_MLSQ1120_3.jpg,MILWAUKEE_MLSQ1120_4.jpg,MILWAUKEE_MLSQ1120_Specification_Sheet.pdf,No,Yes
,55227,Tools & Hardware,Power Tools,Cordless & Corded Power Tools,55227,55227,"55227 Amana Countersink/Stop 1/8"" Drill TB",,,Amana Tool Corp (AMATO),Amana Tool Corp,Amana Tool Corp,,55227,Tools & Hardware > Power Tools > Cordless & Corded Power Tools > Power Tools,"Amana Tool Corp, Amana Countersink/Stop 1/8"" Drill Tb, 55227","AMANA COUNTERSINK/STOP 1/8"" DRILL TB","Amana Tool Corp 55227 Amana Countersink/Stop 1/8"" Drill Tb","Amana Tool Corp, 55227 Amana Countersink/Stop 1/8"" Drill TB","Amana Tool Corp 55227 Amana Countersink/Stop 1/8"" Drill Tb","Amana Tool Corp, 55227 Amana Countersink/Stop 1/8"" Drill TB",,,,,,,Power Tools,,,,,,,,,,,,27112700,,1,EA,AMANATOOLCORP_55227.jpg,AMANATOOLCORP_55227_1.jpg,AMANATOOLCORP_55227_2.jpg,AMANATOOLCORP_55227_3.jpg,AMANATOOLCORP_55227_4.jpg,AMANATOOLCORP_55227_Specification_Sheet.pdf,No,Yes
,37300952,Tools & Hardware,Hand Tools & Accessories,Screwdriving & Fastening,37300952,37300952,"095842 Fisch Plug Cutter 3/8""",,,-,Generic Manufacturer,-- Unbranded --,,37300952,"Tools & Hardware > Hand Tools & Accessories > Screwdriving & Fastening > Bits, Sockets & Hand Tools","Generic Manufacturer -- Unbranded --, 095842 Fisch Plug Cutter 3/8"", 37300952","095842 FISCH PLUG CUTTER 3/8""","-- Unbranded -- 37300952 095842 Fisch Plug Cutter 3/8""","-- Unbranded --, 095842 Fisch Plug Cutter 3/8"", Part Number: 37300952","-- Unbranded -- 37300952 095842 Fisch Plug Cutter 3/8""","-- Unbranded --, 095842 Fisch Plug Cutter 3/8"", Part Number: 37300952",,,,,,,"Bits, Sockets & Hand Tools",,,,,,,,,,,,27111700,,1,EA,UNBRANDED_37300952.jpg,UNBRANDED_37300952_1.jpg,UNBRANDED_37300952_2.jpg,UNBRANDED_37300952_3.jpg,UNBRANDED_37300952_4.jpg,UNBRANDED_37300952_Specification_Sheet.pdf,No,Yes
,6008,Tools & Hardware,Power Tools,Cordless & Corded Power Tools,6008,6008,6008 Whiteside Router Bit,,,Whiteside Machine & Repair Co (WHIMA),Whiteside Machine & Repair Co,Whiteside Machine & Repair Co,,6008,Tools & Hardware > Power Tools > Cordless & Corded Power Tools > Power Tools,"Whiteside Machine & Repair Co, Whiteside Router Bit, 6008 - Part Number: 6008",WHITESIDE ROUTER BIT,Whiteside Machine & Repair Co 6008 Whiteside Router Bit,"Whiteside Machine & Repair Co, 6008 Whiteside Router Bit",Whiteside Machine & Repair Co 6008 Whiteside Router Bit,"Whiteside Machine & Repair Co, 6008 Whiteside Router Bit",,,,,,,Power Tools,,,,,,,,,,,,27112700,,1,EA,WHITESIDEMACHINEREPAIRCO_6008.jpg,WHITESIDEMACHINEREPAIRCO_6008_1.jpg,WHITESIDEMACHINEREPAIRCO_6008_2.jpg,WHITESIDEMACHINEREPAIRCO_6008_3.jpg,WHITESIDEMACHINEREPAIRCO_6008_4.jpg,WHITESIDEMACHINEREPAIRCO_6008_Specification_Sheet.pdf,No,Yes
,6009,Tools & Hardware,Power Tools,Cordless & Corded Power Tools,6009,6009,6009 Whiteside Router Bit,,,Whiteside Machine & Repair Co (WHIMA),Whiteside Machine & Repair Co,Whiteside Machine & Repair Co,,6009,Tools & Hardware > Power Tools > Cordless & Corded Power Tools > Power Tools,"Whiteside Machine & Repair Co, Whiteside Router Bit, 6009 - Part Number: 6009",WHITESIDE ROUTER BIT,Whiteside Machine & Repair Co 6009 Whiteside Router Bit,"Whiteside Machine & Repair Co, 6009 Whiteside Router Bit",Whiteside Machine & Repair Co 6009 Whiteside Router Bit,"Whiteside Machine & Repair Co, 6009 Whiteside Router Bit",,,,,,,Power Tools,,,,,,,,,,,,27112700,,1,EA,WHITESIDEMACHINEREPAIRCO_6009.jpg,WHITESIDEMACHINEREPAIRCO_6009_1.jpg,WHITESIDEMACHINEREPAIRCO_6009_2.jpg,WHITESIDEMACHINEREPAIRCO_6009_3.jpg,WHITESIDEMACHINEREPAIRCO_6009_4.jpg,WHITESIDEMACHINEREPAIRCO_6009_Specification_Sheet.pdf,No,Yes
,3000A,Tools & Hardware,Power Tools,Cordless & Corded Power Tools,3000A,3000A,3000A Whiteside Router Bit,,,Whiteside Machine & Repair Co (WHIMA),Whiteside Machine & Repair Co,Whiteside Machine & Repair Co,,3000A,Tools & Hardware > Power Tools > Cordless & Corded Power Tools > Power Tools,"Whiteside Machine & Repair Co, Whiteside Router Bit, 3000A - Part Number: 3000",WHITESIDE ROUTER BIT,Whiteside Machine & Repair Co 3000A Whiteside Router Bit,"Whiteside Machine & Repair Co, 3000A Whiteside Router Bit",Whiteside Machine & Repair Co 3000A Whiteside Router Bit,"Whiteside Machine & Repair Co, 3000A Whiteside Router Bit",,,,,,,Power Tools,,,,,,,,,,,,27112700,,1,EA,WHITESIDEMACHINEREPAIRCO_3000A.jpg,WHITESIDEMACHINEREPAIRCO_3000A_1.jpg,WHITESIDEMACHINEREPAIRCO_3000A_2.jpg,WHITESIDEMACHINEREPAIRCO_3000A_3.jpg,WHITESIDEMACHINEREPAIRCO_3000A_4.jpg,WHITESIDEMACHINEREPAIRCO_3000A_Specification_Sheet.pdf,No,Yes
,MID6630201US,Tools & Abrasives,Abrasives,Sanding Belts & Sheets,MID6630201US,MID6630201US,MID6630201US Deos663XCV Sander,,,Mirka Abrasives Inc (MIRUS),Mirka Abrasives Inc,MIRKA®,Abranet®,MID6630201US,Tools & Abrasives > Abrasives > Sanding Belts & Sheets > Sanding Belts,"Mirka Abrasives Inc Mirka, Deos663Xcv Sander, Mid6630201Us - Part Number: MID6",DEOS663XCV SANDER,Mirka® Mid6630201Us Deos663Xcv Sander,"MIRKA®, MID6630201US Deos663XCV Sander",Mirka® Mid6630201Us Deos663Xcv Sander,"MIRKA®, MID6630201US Deos663XCV Sander",,,,,,,Sanding Belts,,,,,,,,,,,,31191501,,1,EA,MIRKA_MID6630201US.jpg,MIRKA_MID6630201US_1.jpg,MIRKA_MID6630201US_2.jpg,MIRKA_MID6630201US_3.jpg,MIRKA_MID6630201US_4.jpg,MIRKA_MID6630201US_Specification_Sheet.pdf,No,Yes
https://www.dewalt.com/product/DCF6202,DCF6202,Industrial MRO,Hardware & Supplies,General Maintenance,DCF6202,DCF6202,DCF6202 Dewalt Collated Attach,,DEWALT,Black & Decker/dewlt (2585),Stanley Black & Decker,DEWALT®,Guaranteed Tough®,DCF6202,Industrial MRO > Hardware & Supplies > General Maintenance > Industrial Supplies,"Stanley Black & Decker Dewalt, Dewalt Collated Attach, Dcf6202",DEWALT COLLATED ATTACH,Dewalt® Dcf6202 Dewalt Collated Attach,"DEWALT®, DCF6202 Dewalt Collated Attach",Dewalt® Dcf6202 Dewalt Collated Attach,"DEWALT®, DCF6202 Dewalt Collated Attach",,,,,,,Industrial Supplies,,,,,,,,,,,,31160000,,1,EA,DEWALT_DCF6202.jpg,DEWALT_DCF6202_1.jpg,DEWALT_DCF6202_2.jpg,DEWALT_DCF6202_3.jpg,DEWALT_DCF6202_4.jpg,DEWALT_DCF6202_Specification_Sheet.pdf,No,Yes
,25468,Electrical & Hardware,Adhesives & Tapes,Electrical & Construction Tapes,25468,25468,25468 Mason Line Brd Green - 500',,,U S Tape Company (6694),U S Tape Company,U S TAPE®,DuraWheel®,25468,Electrical & Hardware > Adhesives & Tapes > Electrical & Construction Tapes > Electrical & Sealing Tapes,"U S Tape Company U S Tape, Mason Line Brd Green, 500', 25468",MASON LINE BRD GREEN - 500',U S Tape® 25468 Mason Line Brd Green - 500',"U S TAPE®, 25468 Mason Line Brd Green - 500'",U S Tape® 25468 Mason Line Brd Green - 500',"U S TAPE®, 25468 Mason Line Brd Green - 500'",,,,,,,Electrical & Sealing Tapes,,,,,,,,,,,,31201502,,1,EA,USTAPE_25468.jpg,USTAPE_25468_1.jpg,USTAPE_25468_2.jpg,USTAPE_25468_3.jpg,USTAPE_25468_4.jpg,USTAPE_25468_Specification_Sheet.pdf,No,Yes
,25762,Electrical & Hardware,Adhesives & Tapes,Electrical & Construction Tapes,25762,25762,25762 Mason Line Brd Pink - 1000',,,U S Tape Company (6694),U S Tape Company,U S TAPE®,DuraWheel®,25762,Electrical & Hardware > Adhesives & Tapes > Electrical & Construction Tapes > Electrical & Sealing Tapes,"U S Tape Company U S Tape, Mason Line Brd Pink, 1000', 25762",MASON LINE BRD PINK - 1000',U S Tape® 25762 Mason Line Brd Pink - 1000',"U S TAPE®, 25762 Mason Line Brd Pink - 1000'",U S Tape® 25762 Mason Line Brd Pink - 1000',"U S TAPE®, 25762 Mason Line Brd Pink - 1000'",,,,,,,Electrical & Sealing Tapes,,,,,,,,,,,,31201502,,1,EA,USTAPE_25762.jpg,USTAPE_25762_1.jpg,USTAPE_25762_2.jpg,USTAPE_25762_3.jpg,USTAPE_25762_4.jpg,USTAPE_25762_Specification_Sheet.pdf,No,Yes
,21839NN,Tools & Hardware,Hand Tools & Accessories,Screwdriving & Fastening,21839NN,21839NN,"21839NN File Bstd Mill 10""",,Nicholson,-,Nicholson,Nicholson,,21839NN,"Tools & Hardware > Hand Tools & Accessories > Screwdriving & Fastening > Bits, Sockets & Hand Tools","Nicholson, File Bstd Mill 10"", 21839Nn - Part Number: 21839NN","FILE BSTD MILL 10""","Nicholson 21839Nn File Bstd Mill 10""","Nicholson, 21839NN File Bstd Mill 10""","Nicholson 21839Nn File Bstd Mill 10""","Nicholson, 21839NN File Bstd Mill 10""",,,,,,,"Bits, Sockets & Hand Tools",,,,,,,,,,,,27111700,,1,EA,NICHOLSON_21839NN.jpg,NICHOLSON_21839NN_1.jpg,NICHOLSON_21839NN_2.jpg,NICHOLSON_21839NN_3.jpg,NICHOLSON_21839NN_4.jpg,NICHOLSON_21839NN_Specification_Sheet.pdf,No,Yes
,VN56920,Tools & Abrasives,Abrasives,Cutting & Grinding Wheels,VN56920,VN56920,"VN56920 10 1/2"" Saw Blade",,,Marshalltown Trowel (5155),Marshalltown Trowel,Marshalltown Trowel,,VN56920,Tools & Abrasives > Abrasives > Cutting & Grinding Wheels > Cut-Off Wheels & Blades,"Marshalltown Trowel, 10 1/2"" Saw Blade, Vn56920 - Part Number: VN56920","10 1/2"" SAW BLADE","Marshalltown Trowel Vn56920 10 1/2"" Saw Blade","Marshalltown Trowel, VN56920 10 1/2"" Saw Blade","Marshalltown Trowel Vn56920 10 1/2"" Saw Blade","Marshalltown Trowel, VN56920 10 1/2"" Saw Blade",,,,,,,Cut-Off Wheels & Blades,,,,,,,,,,,,31191600,,1,EA,MARSHALLTOWNTROWEL_VN56920.jpg,MARSHALLTOWNTROWEL_VN56920_1.jpg,MARSHALLTOWNTROWEL_VN56920_2.jpg,MARSHALLTOWNTROWEL_VN56920_3.jpg,MARSHALLTOWNTROWEL_VN56920_4.jpg,MARSHALLTOWNTROWEL_VN56920_Specification_Sheet.pdf,No,Yes
,133164,Industrial MRO,Hardware & Supplies,General Maintenance,133164,133164,133164 950/9 Hex Plus Spks - Multicolor,,,Wera Tools NA Inc (WERTO),Wera Tools,WERA®,Kraftform Kompakt®,133164,Industrial MRO > Hardware & Supplies > General Maintenance > Industrial Supplies,"Wera Tools Wera, 950/9 Hex Plus Spks, Multicolor, 133164 - Part Number: 133164",950/9 HEX PLUS SPKS - MULTICOLOR,Wera® 133164 950/9 Hex Plus Spks - Multicolor,"WERA®, 133164 950/9 Hex Plus Spks - Multicolor",Wera® 133164 950/9 Hex Plus Spks - Multicolor,"WERA®, 133164 950/9 Hex Plus Spks - Multicolor",,,,,,,Industrial Supplies,,,,,,,,,,,,31160000,,1,EA,WERA_133164.jpg,WERA_133164_1.jpg,WERA_133164_2.jpg,WERA_133164_3.jpg,WERA_133164_4.jpg,WERA_133164_Specification_Sheet.pdf,No,Yes
https://www.dewalt.com/product/DWHT10993,DWHT10993,Tools & Hardware,Hand Tools & Accessories,Screwdriving & Fastening,DWHT10993,DWHT10993,DWHT10993 Folding Knife,,DEWALT,Black & Decker/dewlt (2585),Stanley Black & Decker,DEWALT®,Guaranteed Tough®,DWHT10993,"Tools & Hardware > Hand Tools & Accessories > Screwdriving & Fastening > Bits, Sockets & Hand Tools","Stanley Black & Decker Dewalt, Folding Knife, Dwht10993 - Part Number: DWHT109",FOLDING KNIFE,Dewalt® Dwht10993 Folding Knife,"DEWALT®, DWHT10993 Folding Knife",Dewalt® Dwht10993 Folding Knife,"DEWALT®, DWHT10993 Folding Knife",,,,,,,"Bits, Sockets & Hand Tools",,,,,,,,,,,,27111700,,1,EA,DEWALT_DWHT10993.jpg,DEWALT_DWHT10993_1.jpg,DEWALT_DWHT10993_2.jpg,DEWALT_DWHT10993_3.jpg,DEWALT_DWHT10993_4.jpg,DEWALT_DWHT10993_Specification_Sheet.pdf,No,Yes
https://www.dewalt.com/product/DWHT10994,DWHT10994,Tools & Hardware,Hand Tools & Accessories,Screwdriving & Fastening,DWHT10994,DWHT10994,DWHT10994 Folding Knife,,DEWALT,Black & Decker/dewlt (2585),Stanley Black & Decker,DEWALT®,Guaranteed Tough®,DWHT10994,"Tools & Hardware > Hand Tools & Accessories > Screwdriving & Fastening > Bits, Sockets & Hand Tools","Stanley Black & Decker Dewalt, Folding Knife, Dwht10994 - Part Number: DWHT109",FOLDING KNIFE,Dewalt® Dwht10994 Folding Knife,"DEWALT®, DWHT10994 Folding Knife",Dewalt® Dwht10994 Folding Knife,"DEWALT®, DWHT10994 Folding Knife",,,,,,,"Bits, Sockets & Hand Tools",,,,,,,,,,,,27111700,,1,EA,DEWALT_DWHT10994.jpg,DEWALT_DWHT10994_1.jpg,DEWALT_DWHT10994_2.jpg,DEWALT_DWHT10994_3.jpg,DEWALT_DWHT10994_4.jpg,DEWALT_DWHT10994_Specification_Sheet.pdf,No,Yes
,QB22RU,Tools & Hardware,Hand Tools & Accessories,Screwdriving & Fastening,QB22RU,QB22RU,QB22RU Vessel Carrying Bit Holder (Red),,,Vessel Tools USA Inc (VESTO),Vessel Tools USA Inc,Vessel Tools USA Inc,,QB22RU,"Tools & Hardware > Hand Tools & Accessories > Screwdriving & Fastening > Bits, Sockets & Hand Tools","Vessel Tools Usa Inc, Vessel Carrying Bit Holder (Red), Qb22Ru",VESSEL CARRYING BIT HOLDER (RED),Vessel Tools Usa Inc Qb22Ru Vessel Carrying Bit Holder (Red),"Vessel Tools USA Inc, QB22RU Vessel Carrying Bit Holder (Red)",Vessel Tools Usa Inc Qb22Ru Vessel Carrying Bit Holder (Red),"Vessel Tools USA Inc, QB22RU Vessel Carrying Bit Holder (Red)",,,,,,,"Bits, Sockets & Hand Tools",,,,,,,,,,,,27111700,,1,EA,VESSELTOOLSUSAINC_QB22RU.jpg,VESSELTOOLSUSAINC_QB22RU_1.jpg,VESSELTOOLSUSAINC_QB22RU_2.jpg,VESSELTOOLSUSAINC_QB22RU_3.jpg,VESSELTOOLSUSAINC_QB22RU_4.jpg,VESSELTOOLSUSAINC_QB22RU_Specification_Sheet.pdf,No,Yes
,QB22KU,Tools & Hardware,Hand Tools & Accessories,Screwdriving & Fastening,QB22KU,QB22KU,QB22KU Vessel Carrying Bit Holder (Black),,,Vessel Tools USA Inc (VESTO),Vessel Tools USA Inc,Vessel Tools USA Inc,,QB22KU,"Tools & Hardware > Hand Tools & Accessories > Screwdriving & Fastening > Bits, Sockets & Hand Tools","Vessel Tools Usa Inc, Vessel Carrying Bit Holder (Black), Qb22Ku",VESSEL CARRYING BIT HOLDER (BLACK),Vessel Tools Usa Inc Qb22Ku Vessel Carrying Bit Holder (Black),"Vessel Tools USA Inc, QB22KU Vessel Carrying Bit Holder (Black), Finish / Color: Black",Vessel Tools Usa Inc Qb22Ku Vessel Carrying Bit Holder (Black),"Vessel Tools USA Inc, QB22KU Vessel Carrying Bit Holder (Black), Finish / Color: Black",Finish / Color: Black,,,,,,"Bits, Sockets & Hand Tools",Finish / Color,Black,,,,,,,,,,27111700,,1,EA,VESSELTOOLSUSAINC_QB22KU.jpg,VESSELTOOLSUSAINC_QB22KU_1.jpg,VESSELTOOLSUSAINC_QB22KU_2.jpg,VESSELTOOLSUSAINC_QB22KU_3.jpg,VESSELTOOLSUSAINC_QB22KU_4.jpg,VESSELTOOLSUSAINC_QB22KU_Specification_Sheet.pdf,No,Yes
,AVM6EV,Tools & Hardware,Hand Tools & Accessories,Screwdriving & Fastening,AVM6EV,AVM6EV,AVM6 EV Mini Snip Red,,,Malco Prod (2370),Malco Prod,Malco Prod,,AVM6EV,"Tools & Hardware > Hand Tools & Accessories > Screwdriving & Fastening > Bits, Sockets & Hand Tools","Malco Prod, Avm6 Ev Mini Snip Red, Avm6Ev - Part Number: AVM6EV",AVM6 EV MINI SNIP RED,Malco Prod Avm6Ev Avm6 Ev Mini Snip Red,"Malco Prod, AVM6 EV Mini Snip Red, Part Number: AVM6EV",Malco Prod Avm6Ev Avm6 Ev Mini Snip Red,"Malco Prod, AVM6 EV Mini Snip Red, Part Number: AVM6EV",,,,,,,"Bits, Sockets & Hand Tools",,,,,,,,,,,,27111700,,1,EA,MALCOPROD_AVM6EV.jpg,MALCOPROD_AVM6EV_1.jpg,MALCOPROD_AVM6EV_2.jpg,MALCOPROD_AVM6EV_3.jpg,MALCOPROD_AVM6EV_4.jpg,MALCOPROD_AVM6EV_Specification_Sheet.pdf,No,Yes
,AVM6EV,Tools & Hardware,Hand Tools & Accessories,Screwdriving & Fastening,AVM6EV,AVM6EV,AVM7 EV Mini Snip Green,,,Malco Prod (2370),Malco Prod,Malco Prod,,AVM6EV,"Tools & Hardware > Hand Tools & Accessories > Screwdriving & Fastening > Bits, Sockets & Hand Tools","Malco Prod, Avm7 Ev Mini Snip Green, Avm6Ev - Part Number: AVM6EV",AVM7 EV MINI SNIP GREEN,Malco Prod Avm6Ev Avm7 Ev Mini Snip Green,"Malco Prod, AVM7 EV Mini Snip Green, Part Number: AVM6EV",Malco Prod Avm6Ev Avm7 Ev Mini Snip Green,"Malco Prod, AVM7 EV Mini Snip Green, Part Number: AVM6EV",,,,,,,"Bits, Sockets & Hand Tools",,,,,,,,,,,,27111700,,1,EA,MALCOPROD_AVM6EV.jpg,MALCOPROD_AVM6EV_1.jpg,MALCOPROD_AVM6EV_2.jpg,MALCOPROD_AVM6EV_3.jpg,MALCOPROD_AVM6EV_4.jpg,MALCOPROD_AVM6EV_Specification_Sheet.pdf,No,Yes
,DSA0250B,Tools & Hardware,Hand Tools & Accessories,Screwdriving & Fastening,DSA0250B,DSA0250B,"DSA0250B 1/4"" Square x1/4"" Hex - Socket Adapter",,Diablo,Freud Inc (2435),Freud Inc,DIABLO®,Steel Demon™,DSA0250B,"Tools & Hardware > Hand Tools & Accessories > Screwdriving & Fastening > Bits, Sockets & Hand Tools","Freud Inc Diablo, 1/4"" Square X1/4"" Hex, Socket Adapter, Dsa0250B","1/4"" SQUARE X1/4"" HEX - SOCKET ADPT","Diablo® Dsa0250B 1/4"" Square X1/4"" Hex - Socket Adapter","DIABLO®, DSA0250B 1/4"" Square x1/4"" Hex - Socket Adapter","Diablo® Dsa0250B 1/4"" Square X1/4"" Hex - Socket Adapter","DIABLO®, DSA0250B 1/4"" Square x1/4"" Hex - Socket Adapter",,,,,,,"Bits, Sockets & Hand Tools",,,,,,,,,,,,27111700,,1,EA,DIABLO_DSA0250B.jpg,DIABLO_DSA0250B_1.jpg,DIABLO_DSA0250B_2.jpg,DIABLO_DSA0250B_3.jpg,DIABLO_DSA0250B_4.jpg,DIABLO_DSA0250B_Specification_Sheet.pdf,No,Yes
,DSA0375B,Tools & Hardware,Hand Tools & Accessories,Screwdriving & Fastening,DSA0375B,DSA0375B,"DSA0375B 3/8"" Square x1/4"" Hex - Socket Adapter",,Diablo,Freud Inc (2435),Freud Inc,DIABLO®,Steel Demon™,DSA0375B,"Tools & Hardware > Hand Tools & Accessories > Screwdriving & Fastening > Bits, Sockets & Hand Tools","Freud Inc Diablo, 3/8"" Square X1/4"" Hex, Socket Adapter, Dsa0375B","3/8"" SQUARE X1/4"" HEX - SOCKET ADPT","Diablo® Dsa0375B 3/8"" Square X1/4"" Hex - Socket Adapter","DIABLO®, DSA0375B 3/8"" Square x1/4"" Hex - Socket Adapter","Diablo® Dsa0375B 3/8"" Square X1/4"" Hex - Socket Adapter","DIABLO®, DSA0375B 3/8"" Square x1/4"" Hex - Socket Adapter",,,,,,,"Bits, Sockets & Hand Tools",,,,,,,,,,,,27111700,,1,EA,DIABLO_DSA0375B.jpg,DIABLO_DSA0375B_1.jpg,DIABLO_DSA0375B_2.jpg,DIABLO_DSA0375B_3.jpg,DIABLO_DSA0375B_4.jpg,DIABLO_DSA0375B_Specification_Sheet.pdf,No,Yes
,DSA0500B,Tools & Hardware,Hand Tools & Accessories,Screwdriving & Fastening,DSA0500B,DSA0500B,"DSA0500B 1/2"" Square x1/4"" Hex - Socket Adapter",,Diablo,Freud Inc (2435),Freud Inc,DIABLO®,Steel Demon™,DSA0500B,"Tools & Hardware > Hand Tools & Accessories > Screwdriving & Fastening > Bits, Sockets & Hand Tools","Freud Inc Diablo, 1/2"" Square X1/4"" Hex, Socket Adapter, Dsa0500B","1/2"" SQUARE X1/4"" HEX - SOCKET ADPT","Diablo® Dsa0500B 1/2"" Square X1/4"" Hex - Socket Adapter","DIABLO®, DSA0500B 1/2"" Square x1/4"" Hex - Socket Adapter","Diablo® Dsa0500B 1/2"" Square X1/4"" Hex - Socket Adapter","DIABLO®, DSA0500B 1/2"" Square x1/4"" Hex - Socket Adapter",,,,,,,"Bits, Sockets & Hand Tools",,,,,,,,,,,,27111700,,1,EA,DIABLO_DSA0500B.jpg,DIABLO_DSA0500B_1.jpg,DIABLO_DSA0500B_2.jpg,DIABLO_DSA0500B_3.jpg,DIABLO_DSA0500B_4.jpg,DIABLO_DSA0500B_Specification_Sheet.pdf,No,Yes
https://www.milwaukeetool.com/Products/42-04-9107,42-04-9107,Industrial MRO,Hardware & Supplies,General Maintenance,42-04-9107,42-04-9107,"42-04-9107 Milw 3/8"" Drive Universal Joint",,,Milwaukee Accessory (4031),Milwaukee Electric Tool Corp,MILWAUKEE®,Heavy Duty™,42-04-9107,Industrial MRO > Hardware & Supplies > General Maintenance > Industrial Supplies,"Milwaukee Electric Tool Corp Milwaukee, Milw 3/8"" Drive Universal Joint,","MILW 3/8"" DRIVE UNIVERSAL JOINT","Milwaukee® 42-04-9107 Milw 3/8"" Drive Universal Joint","MILWAUKEE®, 42-04-9107 Milw 3/8"" Drive Universal Joint","Milwaukee® 42-04-9107 Milw 3/8"" Drive Universal Joint","MILWAUKEE®, 42-04-9107 Milw 3/8"" Drive Universal Joint",,,,,,,Industrial Supplies,,,,,,,,,,,,31160000,,1,EA,MILWAUKEE_42-04-9107.jpg,MILWAUKEE_42-04-9107_1.jpg,MILWAUKEE_42-04-9107_2.jpg,MILWAUKEE_42-04-9107_3.jpg,MILWAUKEE_42-04-9107_4.jpg,MILWAUKEE_42-04-9107_Specification_Sheet.pdf,No,Yes
https://www.milwaukeetool.com/Products/48-22-9491,48-22-9491,Tools & Hardware,Power Tools,Cordless & Corded Power Tools,48-22-9491,48-22-9491,48-22-9491 Milw 242pc Ratchet & Socket Set 4-Drawer Tool Box,,,Milwaukee Accessory (4031),Milwaukee Electric Tool Corp,MILWAUKEE®,Heavy Duty™,48-22-9491,Tools & Hardware > Power Tools > Cordless & Corded Power Tools > Power Tools,"Milwaukee Electric Tool Corp Milwaukee, Milw 242Pc Ratchet & Socket Set 4,",MILW 242PC RATCHET & SOCKET SET,Milwaukee® 48-22-9491 Milw 242Pc Ratchet & Socket Set 4-Drawer Tool Box,"MILWAUKEE®, 48-22-9491 Milw 242pc Ratchet & Socket Set 4-Drawer Tool Box, Package Quantity: 242 pc",Milwaukee® 48-22-9491 Milw 242Pc Ratchet & Socket Set 4-Drawer Tool Box,"MILWAUKEE®, 48-22-9491 Milw 242pc Ratchet & Socket Set 4-Drawer Tool Box, Package Quantity: 242 pc",Package Quantity: 242 pc,,,,,,Power Tools,Package Quantity,242,pc,,,,,,,,,27112700,,1,EA,MILWAUKEE_48-22-9491.jpg,MILWAUKEE_48-22-9491_1.jpg,MILWAUKEE_48-22-9491_2.jpg,MILWAUKEE_48-22-9491_3.jpg,MILWAUKEE_48-22-9491_4.jpg,MILWAUKEE_48-22-9491_Specification_Sheet.pdf,No,Yes
https://www.dewalt.com/product/DWMT45422,DWMT45422,Tools & Hardware,Hand Tools & Accessories,Screwdriving & Fastening,DWMT45422,DWMT45422,"DWMT45422 Dewalt 1/4"" Drive - 50pc Mechanics Set",,,Black & Decker/dewlt (2585),Stanley Black & Decker,DEWALT®,Guaranteed Tough®,DWMT45422,"Tools & Hardware > Hand Tools & Accessories > Screwdriving & Fastening > Bits, Sockets & Hand Tools","Stanley Black & Decker Dewalt, Dewalt 1/4"" Drive, 50Pc Mechanics Set, Dwmt45422","DEWALT 1/4"" DRIVE - 50PC MECHANICS SET","Dewalt® Dwmt45422 Dewalt 1/4"" Drive - 50Pc Mechanics Set","DEWALT®, DWMT45422 Dewalt 1/4"" Drive - 50pc Mechanics Set, Package Quantity: 50 pc","Dewalt® Dwmt45422 Dewalt 1/4"" Drive - 50Pc Mechanics Set","DEWALT®, DWMT45422 Dewalt 1/4"" Drive - 50pc Mechanics Set, Package Quantity: 50 pc",Package Quantity: 50 pc,,,,,,"Bits, Sockets & Hand Tools",Package Quantity,50,pc,,,,,,,,,27111700,,1,EA,DEWALT_DWMT45422.jpg,DEWALT_DWMT45422_1.jpg,DEWALT_DWMT45422_2.jpg,DEWALT_DWMT45422_3.jpg,DEWALT_DWMT45422_4.jpg,DEWALT_DWMT45422_Specification_Sheet.pdf,No,Yes
https://www.dewalt.com/product/DWMT45424,DWMT45424,Tools & Hardware,Hand Tools & Accessories,Screwdriving & Fastening,DWMT45424,DWMT45424,"DWMT45424 Dewalt 3/8"" Drive - 84pc Mechanics Set",,,Black & Decker/dewlt (2585),Stanley Black & Decker,DEWALT®,Guaranteed Tough®,DWMT45424,"Tools & Hardware > Hand Tools & Accessories > Screwdriving & Fastening > Bits, Sockets & Hand Tools","Stanley Black & Decker Dewalt, Dewalt 3/8"" Drive, 84Pc Mechanics Set, Dwmt45424","DEWALT 3/8"" DRIVE - 84PC MECHANICS SET","Dewalt® Dwmt45424 Dewalt 3/8"" Drive - 84Pc Mechanics Set","DEWALT®, DWMT45424 Dewalt 3/8"" Drive - 84pc Mechanics Set, Package Quantity: 84 pc","Dewalt® Dwmt45424 Dewalt 3/8"" Drive - 84Pc Mechanics Set","DEWALT®, DWMT45424 Dewalt 3/8"" Drive - 84pc Mechanics Set, Package Quantity: 84 pc",Package Quantity: 84 pc,,,,,,"Bits, Sockets & Hand Tools",Package Quantity,84,pc,,,,,,,,,27111700,,1,EA,DEWALT_DWMT45424.jpg,DEWALT_DWMT45424_1.jpg,DEWALT_DWMT45424_2.jpg,DEWALT_DWMT45424_3.jpg,DEWALT_DWMT45424_4.jpg,DEWALT_DWMT45424_Specification_Sheet.pdf,No,Yes
https://www.milwaukeetool.com/Products/48-22-9483,48-22-9483,Tools & Hardware,Hand Tools & Accessories,Screwdriving & Fastening,48-22-9483,48-22-9483,48-22-9483 Milw Packout 15pc - Metric Wrench Set,,,Milwaukee Accessory (4031),Milwaukee Electric Tool Corp,MILWAUKEE®,Heavy Duty™,48-22-9483,"Tools & Hardware > Hand Tools & Accessories > Screwdriving & Fastening > Bits, Sockets & Hand Tools","Milwaukee Electric Tool Corp Milwaukee, Milw Packout 15Pc, Metric Wrench Set,",MILW PACKOUT 15PC - METRIC WRENCH SET,Milwaukee® 48-22-9483 Milw Packout 15Pc - Metric Wrench Set,"MILWAUKEE®, 48-22-9483 Milw Packout 15pc - Metric Wrench Set, Package Quantity: 15 pc, Product Line / Series: Packout",Milwaukee® 48-22-9483 Milw Packout 15Pc - Metric Wrench Set,"MILWAUKEE®, 48-22-9483 Milw Packout 15pc - Metric Wrench Set, Package Quantity: 15 pc, Product Line / Series: Packout",Package Quantity: 15 pc,Product Line / Series: Packout,,,,,"Bits, Sockets & Hand Tools",Package Quantity,15,pc,Product Line / Series,Packout,,,,,,,27111700,,1,EA,MILWAUKEE_48-22-9483.jpg,MILWAUKEE_48-22-9483_1.jpg,MILWAUKEE_48-22-9483_2.jpg,MILWAUKEE_48-22-9483_3.jpg,MILWAUKEE_48-22-9483_4.jpg,MILWAUKEE_48-22-9483_Specification_Sheet.pdf,No,Yes
https://www.milwaukeetool.com/Products/48-22-9484,48-22-9484,Tools & Hardware,Hand Tools & Accessories,Screwdriving & Fastening,48-22-9484,48-22-9484,48-22-9484 Milw Packout 15pc - SAE Wrench Set,,,Milwaukee Accessory (4031),Milwaukee Electric Tool Corp,MILWAUKEE®,Heavy Duty™,48-22-9484,"Tools & Hardware > Hand Tools & Accessories > Screwdriving & Fastening > Bits, Sockets & Hand Tools","Milwaukee Electric Tool Corp Milwaukee, Milw Packout 15Pc, Sae Wrench Set,",MILW PACKOUT 15PC - SAE WRENCH SET,Milwaukee® 48-22-9484 Milw Packout 15Pc - Sae Wrench Set,"MILWAUKEE®, 48-22-9484 Milw Packout 15pc - SAE Wrench Set, Package Quantity: 15 pc, Product Line / Series: Packout",Milwaukee® 48-22-9484 Milw Packout 15Pc - Sae Wrench Set,"MILWAUKEE®, 48-22-9484 Milw Packout 15pc - SAE Wrench Set, Package Quantity: 15 pc, Product Line / Series: Packout",Package Quantity: 15 pc,Product Line / Series: Packout,,,,,"Bits, Sockets & Hand Tools",Package Quantity,15,pc,Product Line / Series,Packout,,,,,,,27111700,,1,EA,MILWAUKEE_48-22-9484.jpg,MILWAUKEE_48-22-9484_1.jpg,MILWAUKEE_48-22-9484_2.jpg,MILWAUKEE_48-22-9484_3.jpg,MILWAUKEE_48-22-9484_4.jpg,MILWAUKEE_48-22-9484_Specification_Sheet.pdf,No,Yes
https://www.milwaukeetool.com/Products/48-22-9485,48-22-9485,Tools & Hardware,Hand Tools & Accessories,Screwdriving & Fastening,48-22-9485,48-22-9485,48-22-9485 Milw Packout 30pc - Metric & SAE Wrench Set,,,Milwaukee Accessory (4031),Milwaukee Electric Tool Corp,MILWAUKEE®,Heavy Duty™,48-22-9485,"Tools & Hardware > Hand Tools & Accessories > Screwdriving & Fastening > Bits, Sockets & Hand Tools","Milwaukee Electric Tool Corp Milwaukee, Milw Packout 30Pc, Metric & Sae Wrench",MILW PACKOUT 30PC - METRIC & SAE WRENCH,Milwaukee® 48-22-9485 Milw Packout 30Pc - Metric & Sae Wrench Set,"MILWAUKEE®, 48-22-9485 Milw Packout 30pc - Metric & SAE Wrench Set, Package Quantity: 30 pc, Product Line / Series: Packout",Milwaukee® 48-22-9485 Milw Packout 30Pc - Metric & Sae Wrench Set,"MILWAUKEE®, 48-22-9485 Milw Packout 30pc - Metric & SAE Wrench Set, Package Quantity: 30 pc, Product Line / Series: Packout",Package Quantity: 30 pc,Product Line / Series: Packout,,,,,"Bits, Sockets & Hand Tools",Package Quantity,30,pc,Product Line / Series,Packout,,,,,,,27111700,,1,EA,MILWAUKEE_48-22-9485.jpg,MILWAUKEE_48-22-9485_1.jpg,MILWAUKEE_48-22-9485_2.jpg,MILWAUKEE_48-22-9485_3.jpg,MILWAUKEE_48-22-9485_4.jpg,MILWAUKEE_48-22-9485_Specification_Sheet.pdf,No,Yes
https://www.milwaukeetool.com/Products/48-44-2770,48-44-2770,Industrial MRO,Hardware & Supplies,General Maintenance,48-44-2770,48-44-2770,48-44-2770 Milw Pole Pruning - Shears Replacement Blade,,,Milwaukee Accessory (4031),Milwaukee Electric Tool Corp,MILWAUKEE®,Heavy Duty™,48-44-2770,Industrial MRO > Hardware & Supplies > General Maintenance > Industrial Supplies,"Milwaukee Electric Tool Corp Milwaukee, Milw Pole Pruning, Shears Replacement",MILW POLE PRUNING - SHEARS REPLACEMENT,Milwaukee® 48-44-2770 Milw Pole Pruning - Shears Replacement Blade,"MILWAUKEE®, 48-44-2770 Milw Pole Pruning - Shears Replacement Blade",Milwaukee® 48-44-2770 Milw Pole Pruning - Shears Replacement Blade,"MILWAUKEE®, 48-44-2770 Milw Pole Pruning - Shears Replacement Blade",,,,,,,Industrial Supplies,,,,,,,,,,,,31160000,,1,EA,MILWAUKEE_48-44-2770.jpg,MILWAUKEE_48-44-2770_1.jpg,MILWAUKEE_48-44-2770_2.jpg,MILWAUKEE_48-44-2770_3.jpg,MILWAUKEE_48-44-2770_4.jpg,MILWAUKEE_48-44-2770_Specification_Sheet.pdf,No,Yes
,IWHT48441RC,Tools & Hardware,Measuring & Layout,Layout & Marking Tools,IWHT48441RC,IWHT48441RC,IWHT48441RC Irwin 100ft - Red Chalk & Reel Set,,Irwin,Irwin Industrial Tools (5863),Irwin,Irwin,,IWHT48441RC,Tools & Hardware > Measuring & Layout > Layout & Marking Tools > Levels & Measuring Tools,"Irwin, Irwin 100Ft, Red Chalk & Reel Set, Iwht48441Rc - Part Number: IWHT48441",IRWIN 100FT - RED CHALK & REEL SET,Irwin Iwht48441Rc Irwin 100Ft - Red Chalk & Reel Set,"Irwin, IWHT48441RC Irwin 100ft - Red Chalk & Reel Set, Length: 100 ft",Irwin Iwht48441Rc Irwin 100Ft - Red Chalk & Reel Set,"Irwin, IWHT48441RC Irwin 100ft - Red Chalk & Reel Set, Length: 100 ft",Length: 100 ft,,,,,,Levels & Measuring Tools,Length,100,ft,,,,,,,,,27111800,,1,EA,IRWIN_IWHT48441RC.jpg,IRWIN_IWHT48441RC_1.jpg,IRWIN_IWHT48441RC_2.jpg,IRWIN_IWHT48441RC_3.jpg,IRWIN_IWHT48441RC_4.jpg,IRWIN_IWHT48441RC_Specification_Sheet.pdf,No,Yes
,XRU23SM1,Industrial MRO,Hardware & Supplies,General Maintenance,XRU23SM1,XRU23SM1,"XRU23SM1 Makita 18V 13"" - String Trimmer Kit",,,Makita Usa Inc (5142),Makita USA Inc,MAKITA®,LXT®,XRU23SM1,Industrial MRO > Hardware & Supplies > General Maintenance > Industrial Supplies,"Makita Usa Inc Makita, Makita 18V 13"", String Trimmer Kit, Xru23Sm1","MAKITA 18V 13"" - STRING TRIMMER KIT","Makita® Xru23Sm1 Makita 18V 13"" - String Trimmer Kit","MAKITA®, XRU23SM1 Makita 18V 13"" - String Trimmer Kit, Voltage: 18 V","Makita® Xru23Sm1 Makita 18V 13"" - String Trimmer Kit","MAKITA®, XRU23SM1 Makita 18V 13"" - String Trimmer Kit, Voltage: 18 V",Voltage: 18 V,,,,,,Industrial Supplies,Voltage,18,V,,,,,,,,,31160000,,1,EA,MAKITA_XRU23SM1.jpg,MAKITA_XRU23SM1_1.jpg,MAKITA_XRU23SM1_2.jpg,MAKITA_XRU23SM1_3.jpg,MAKITA_XRU23SM1_4.jpg,MAKITA_XRU23SM1_Specification_Sheet.pdf,No,Yes
,XRU15PT1,Industrial MRO,Hardware & Supplies,General Maintenance,XRU15PT1,XRU15PT1,XRU15PT1 Makita String Trimmer,,,Makita Usa Inc (5142),Makita USA Inc,MAKITA®,LXT®,XRU15PT1,Industrial MRO > Hardware & Supplies > General Maintenance > Industrial Supplies,"Makita USA Inc, Makita Usa Inc Makita, Makita String Trimmer, Xru15Pt1",MAKITA STRING TRIMMER,Makita® Xru15Pt1 Makita String Trimmer,"MAKITA®, XRU15PT1 Makita String Trimmer",Makita® Xru15Pt1 Makita String Trimmer,"MAKITA®, XRU15PT1 Makita String Trimmer",,,,,,,Industrial Supplies,,,,,,,,,,,,31160000,,1,EA,MAKITA_XRU15PT1.jpg,MAKITA_XRU15PT1_1.jpg,MAKITA_XRU15PT1_2.jpg,MAKITA_XRU15PT1_3.jpg,MAKITA_XRU15PT1_4.jpg,MAKITA_XRU15PT1_Specification_Sheet.pdf,No,Yes
,XRU23Z,Industrial MRO,Hardware & Supplies,General Maintenance,XRU23Z,XRU23Z,XRU23Z Makita 18V Trimmer Tool - Only,,,Makita Usa Inc (5142),Makita USA Inc,MAKITA®,LXT®,XRU23Z,Industrial MRO > Hardware & Supplies > General Maintenance > Industrial Supplies,"Makita Usa Inc Makita, Makita 18V Trimmer Tool, Only, Xru23Z",MAKITA 18V TRIMMER TOOL - ONLY,Makita® Xru23Z Makita 18V Trimmer Tool - Only,"MAKITA®, XRU23Z Makita 18V Trimmer Tool - Only, Voltage: 18 V",Makita® Xru23Z Makita 18V Trimmer Tool - Only,"MAKITA®, XRU23Z Makita 18V Trimmer Tool - Only, Voltage: 18 V",Voltage: 18 V,,,,,,Industrial Supplies,Voltage,18,V,,,,,,,,,31160000,,1,EA,MAKITA_XRU23Z.jpg,MAKITA_XRU23Z_1.jpg,MAKITA_XRU23Z_2.jpg,MAKITA_XRU23Z_3.jpg,MAKITA_XRU23Z_4.jpg,MAKITA_XRU23Z_Specification_Sheet.pdf,No,Yes
https://www.milwaukeetool.com/Products/0887-20,0887-20,Tools & Hardware,Power Tools,Cordless & Corded Power Tools,0887-20,0887-20,0887-20 Milw M18 Brushless Precision Blower,,,Milwaukee Accessory (4031),Milwaukee Electric Tool Corp,MILWAUKEE®,Heavy Duty™,0887-20,Tools & Hardware > Power Tools > Cordless & Corded Power Tools > Power Tools,"Milwaukee Electric Tool Corp Milwaukee, Milw M18 Brushless Precision Blower,",MILW M18 BRUSHLESS PRECISION BLOWER,Milwaukee® 0887-20 Milw M18 Brushless Precision Blower,"MILWAUKEE®, 0887-20 Milw M18 Brushless Precision Blower",Milwaukee® 0887-20 Milw M18 Brushless Precision Blower,"MILWAUKEE®, 0887-20 Milw M18 Brushless Precision Blower",,,,,,,Power Tools,,,,,,,,,,,,27112700,,1,EA,MILWAUKEE_0887-20.jpg,MILWAUKEE_0887-20_1.jpg,MILWAUKEE_0887-20_2.jpg,MILWAUKEE_0887-20_3.jpg,MILWAUKEE_0887-20_4.jpg,MILWAUKEE_0887-20_Specification_Sheet.pdf,No,Yes
https://www.dewalt.com/product/DCBL724B,DCBL724B,Tools & Hardware,Power Tools,Cordless & Corded Power Tools,DCBL724B,DCBL724B,DCBL724B Dewalt 20V Max XR Blower (Bare),,,Black & Decker/dewlt (2585),Stanley Black & Decker,DEWALT®,Guaranteed Tough®,DCBL724B,Tools & Hardware > Power Tools > Cordless & Corded Power Tools > Power Tools,"Stanley Black & Decker Dewalt, Dewalt 20V Max Xr Blower (Bare), Dcbl724B",DEWALT 20V MAX XR BLOWER (BARE),Dewalt® Dcbl724B Dewalt 20V Max Xr Blower (Bare),"DEWALT®, DCBL724B Dewalt 20V Max XR Blower (Bare), Voltage: 20 V",Dewalt® Dcbl724B Dewalt 20V Max Xr Blower (Bare),"DEWALT®, DCBL724B Dewalt 20V Max XR Blower (Bare), Voltage: 20 V",Voltage: 20 V,,,,,,Power Tools,Voltage,20,V,,,,,,,,,27112700,,1,EA,DEWALT_DCBL724B.jpg,DEWALT_DCBL724B_1.jpg,DEWALT_DCBL724B_2.jpg,DEWALT_DCBL724B_3.jpg,DEWALT_DCBL724B_4.jpg,DEWALT_DCBL724B_Specification_Sheet.pdf,No,Yes
https://www.milwaukeetool.com/Products/2954-20,2954-20,Tools & Hardware,Power Tools,Cordless & Corded Power Tools,2954-20,2954-20,2954-20 Milw M18 Bluetooth Jobsite Speaker,,,Milwaukee Accessory (4031),Milwaukee Electric Tool Corp,MILWAUKEE®,Heavy Duty™,2954-20,Tools & Hardware > Power Tools > Cordless & Corded Power Tools > Power Tools,"Milwaukee Electric Tool Corp Milwaukee, Milw M18 Bluetooth Jobsite Speaker,",MILW M18 BLUETOOTH JOBSITE SPEAKER,Milwaukee® 2954-20 Milw M18 Bluetooth Jobsite Speaker,"MILWAUKEE®, 2954-20 Milw M18 Bluetooth Jobsite Speaker",Milwaukee® 2954-20 Milw M18 Bluetooth Jobsite Speaker,"MILWAUKEE®, 2954-20 Milw M18 Bluetooth Jobsite Speaker",,,,,,,Power Tools,,,,,,,,,,,,27112700,,1,EA,MILWAUKEE_2954-20.jpg,MILWAUKEE_2954-20_1.jpg,MILWAUKEE_2954-20_2.jpg,MILWAUKEE_2954-20_3.jpg,MILWAUKEE_2954-20_4.jpg,MILWAUKEE_2954-20_Specification_Sheet.pdf,No,Yes
https://www.milwaukeetool.com/Products/2955-20,2955-20,Tools & Hardware,Power Tools,Cordless & Corded Power Tools,2955-20,2955-20,2955-20 Milw M12 Bluetooth - Jobsite Speaker w/Packout,,,Milwaukee Accessory (4031),Milwaukee Electric Tool Corp,MILWAUKEE®,Heavy Duty™,2955-20,Tools & Hardware > Power Tools > Cordless & Corded Power Tools > Power Tools,"Milwaukee Electric Tool Corp Milwaukee, Milw M12 Bluetooth, Jobsite Speaker",MILW M12 BLUETOOTH - JOBSITE SPEAKER,Milwaukee® 2955-20 Milw M12 Bluetooth - Jobsite Speaker W/Packout,"MILWAUKEE®, 2955-20 Milw M12 Bluetooth - Jobsite Speaker w/Packout, Product Line / Series: Packout",Milwaukee® 2955-20 Milw M12 Bluetooth - Jobsite Speaker W/Packout,"MILWAUKEE®, 2955-20 Milw M12 Bluetooth - Jobsite Speaker w/Packout, Product Line / Series: Packout",Product Line / Series: Packout,,,,,,Power Tools,Product Line / Series,Packout,,,,,,,,,,27112700,,1,EA,MILWAUKEE_2955-20.jpg,MILWAUKEE_2955-20_1.jpg,MILWAUKEE_2955-20_2.jpg,MILWAUKEE_2955-20_3.jpg,MILWAUKEE_2955-20_4.jpg,MILWAUKEE_2955-20_Specification_Sheet.pdf,No,Yes
,9A-219-180,Tools & Abrasives,Abrasives,Sanding Belts & Sheets,9A-219-180,9A-219-180,9A-219-180 Abranet 4x6x6,,,Mirka Abrasives Inc (MIRUS),Mirka Abrasives Inc,MIRKA®,Abranet®,9A-219-180,Tools & Abrasives > Abrasives > Sanding Belts & Sheets > Sanding Belts,"Mirka Abrasives Inc Mirka, Abranet 4X6X6, 9A-219-180 - Part Number: 9A-219-180",ABRANET 4X6X6,Mirka® 9A-219-180 Abranet 4X6X6,"MIRKA®, 9A-219-180 Abranet 4x6x6, Amperage: 9 A, Dimensions: 4 in x 6 in x 6 in",Mirka® 9A-219-180 Abranet 4X6X6,"MIRKA®, 9A-219-180 Abranet 4x6x6, Amperage: 9 A, Dimensions: 4 in x 6 in x 6 in",Amperage: 9 A,Dimensions: 4 in x 6 in x 6 in,,,,,Sanding Belts,Amperage,9,A,Dimensions,4 in x 6 in x 6 in,,,,,,,31191501,,1,EA,MIRKA_9A-219-180.jpg,MIRKA_9A-219-180_1.jpg,MIRKA_9A-219-180_2.jpg,MIRKA_9A-219-180_3.jpg,MIRKA_9A-219-180_4.jpg,MIRKA_9A-219-180_Specification_Sheet.pdf,No,Yes
,9A-219-120RP,Tools & Abrasives,Abrasives,Sanding Belts & Sheets,9A-219-120RP,9A-219-120RP,9A-219-120RP Abranet 4x6x6,,,Mirka Abrasives Inc (MIRUS),Mirka Abrasives Inc,MIRKA®,Abranet®,9A-219-120RP,Tools & Abrasives > Abrasives > Sanding Belts & Sheets > Sanding Belts,"Mirka Abrasives Inc Mirka, Abranet 4X6X6, 9A-219-120Rp - Part Number: 9A-219-1",ABRANET 4X6X6,Mirka® 9A-219-120Rp Abranet 4X6X6,"MIRKA®, 9A-219-120RP Abranet 4x6x6, Amperage: 9 A, Dimensions: 4 in x 6 in x 6 in",Mirka® 9A-219-120Rp Abranet 4X6X6,"MIRKA®, 9A-219-120RP Abranet 4x6x6, Amperage: 9 A, Dimensions: 4 in x 6 in x 6 in",Amperage: 9 A,Dimensions: 4 in x 6 in x 6 in,,,,,Sanding Belts,Amperage,9,A,Dimensions,4 in x 6 in x 6 in,,,,,,,31191501,,1,EA,MIRKA_9A-219-120RP.jpg,MIRKA_9A-219-120RP_1.jpg,MIRKA_9A-219-120RP_2.jpg,MIRKA_9A-219-120RP_3.jpg,MIRKA_9A-219-120RP_4.jpg,MIRKA_9A-219-120RP_Specification_Sheet.pdf,No,Yes
https://www.milwaukeetool.com/Products/3033-20,3033-20,Industrial MRO,Hardware & Supplies,General Maintenance,3033-20,3033-20,"3033-20 Milw M18 24"" - Hedge Trimmer",,Milwaukee,Milwaukee Accessory (4031),Milwaukee Electric Tool Corp,MILWAUKEE®,Heavy Duty™,3033-20,Industrial MRO > Hardware & Supplies > General Maintenance > Industrial Supplies,"Milwaukee Electric Tool Corp Milwaukee, Milw M18 24"", Hedge Trimmer, 3033-20","MILW M18 24"" - HEDGE TRIMMER","Milwaukee® 3033-20 Milw M18 24"" - Hedge Trimmer","MILWAUKEE®, 3033-20 Milw M18 24"" - Hedge Trimmer","Milwaukee® 3033-20 Milw M18 24"" - Hedge Trimmer","MILWAUKEE®, 3033-20 Milw M18 24"" - Hedge Trimmer",,,,,,,Industrial Supplies,,,,,,,,,,,,31160000,,1,EA,MILWAUKEE_3033-20.jpg,MILWAUKEE_3033-20_1.jpg,MILWAUKEE_3033-20_2.jpg,MILWAUKEE_3033-20_3.jpg,MILWAUKEE_3033-20_4.jpg,MILWAUKEE_3033-20_Specification_Sheet.pdf,No,Yes
https://www.milwaukeetool.com/Products/3033-21,3033-21,Industrial MRO,Hardware & Supplies,General Maintenance,3033-21,3033-21,"3033-21 Milw M18 24"" - Hedge Trimmer Kit",,,Milwaukee Accessory (4031),Milwaukee Electric Tool Corp,MILWAUKEE®,Heavy Duty™,3033-21,Industrial MRO > Hardware & Supplies > General Maintenance > Industrial Supplies,"Milwaukee Electric Tool Corp Milwaukee, Milw M18 24"", Hedge Trimmer Kit, 3033-21","MILW M18 24"" - HEDGE TRIMMER KIT","Milwaukee® 3033-21 Milw M18 24"" - Hedge Trimmer Kit","MILWAUKEE®, 3033-21 Milw M18 24"" - Hedge Trimmer Kit","Milwaukee® 3033-21 Milw M18 24"" - Hedge Trimmer Kit","MILWAUKEE®, 3033-21 Milw M18 24"" - Hedge Trimmer Kit",,,,,,,Industrial Supplies,,,,,,,,,,,,31160000,,1,EA,MILWAUKEE_3033-21.jpg,MILWAUKEE_3033-21_1.jpg,MILWAUKEE_3033-21_2.jpg,MILWAUKEE_3033-21_3.jpg,MILWAUKEE_3033-21_4.jpg,MILWAUKEE_3033-21_Specification_Sheet.pdf,No,Yes
https://www.milwaukeetool.com/Products/3034-20,3034-20,Industrial MRO,Hardware & Supplies,General Maintenance,3034-20,3034-20,"3034-20 Milw M18 30"" - Hedge Trimmer",,Milwaukee,Milwaukee Accessory (4031),Milwaukee Electric Tool Corp,MILWAUKEE®,Heavy Duty™,3034-20,Industrial MRO > Hardware & Supplies > General Maintenance > Industrial Supplies,"Milwaukee Electric Tool Corp Milwaukee, Milw M18 30"", Hedge Trimmer, 3034-20","MILW M18 30"" - HEDGE TRIMMER","Milwaukee® 3034-20 Milw M18 30"" - Hedge Trimmer","MILWAUKEE®, 3034-20 Milw M18 30"" - Hedge Trimmer","Milwaukee® 3034-20 Milw M18 30"" - Hedge Trimmer","MILWAUKEE®, 3034-20 Milw M18 30"" - Hedge Trimmer",,,,,,,Industrial Supplies,,,,,,,,,,,,31160000,,1,EA,MILWAUKEE_3034-20.jpg,MILWAUKEE_3034-20_1.jpg,MILWAUKEE_3034-20_2.jpg,MILWAUKEE_3034-20_3.jpg,MILWAUKEE_3034-20_4.jpg,MILWAUKEE_3034-20_Specification_Sheet.pdf,No,Yes
https://www.dewalt.com/product/D25333K,D25333K,Tools & Hardware,Power Tools,Cordless & Corded Power Tools,D25333K,D25333K,D25333K Dewalt Hammer Drill,,,Black & Decker/dewlt (2585),Stanley Black & Decker,DEWALT®,Guaranteed Tough®,D25333K,Tools & Hardware > Power Tools > Cordless & Corded Power Tools > Power Tools,"Stanley Black & Decker Dewalt, Dewalt Hammer Drill, D25333K - Part Number: D25",DEWALT HAMMER DRILL,Dewalt® D25333K Dewalt Hammer Drill,"DEWALT®, D25333K Dewalt Hammer Drill",Dewalt® D25333K Dewalt Hammer Drill,"DEWALT®, D25333K Dewalt Hammer Drill",,,,,,,Power Tools,,,,,,,,,,,,27112700,,1,EA,DEWALT_D25333K.jpg,DEWALT_D25333K_1.jpg,DEWALT_D25333K_2.jpg,DEWALT_D25333K_3.jpg,DEWALT_D25333K_4.jpg,DEWALT_D25333K_Specification_Sheet.pdf,No,Yes
https://www.dewalt.com/product/DCD803B,DCD803B,Tools & Hardware,Power Tools,Cordless & Corded Power Tools,DCD803B,DCD803B,DCD803B Dewalt Multi-Head Drill Driver,,,Black & Decker/dewlt (2585),Stanley Black & Decker,DEWALT®,Guaranteed Tough®,DCD803B,Tools & Hardware > Power Tools > Cordless & Corded Power Tools > Power Tools,"Stanley Black & Decker Dewalt, Dewalt Multi, Head Drill Driver, Dcd803B",DEWALT MULTI-HEAD DRILL DRIVER,Dewalt® Dcd803B Dewalt Multi-Head Drill Driver,"DEWALT®, DCD803B Dewalt Multi-Head Drill Driver",Dewalt® Dcd803B Dewalt Multi-Head Drill Driver,"DEWALT®, DCD803B Dewalt Multi-Head Drill Driver",,,,,,,Power Tools,,,,,,,,,,,,27112700,,1,EA,DEWALT_DCD803B.jpg,DEWALT_DCD803B_1.jpg,DEWALT_DCD803B_2.jpg,DEWALT_DCD803B_3.jpg,DEWALT_DCD803B_4.jpg,DEWALT_DCD803B_Specification_Sheet.pdf,No,Yes
https://www.dewalt.com/product/DCF860B,DCF860B,Tools & Hardware,Power Tools,Cordless & Corded Power Tools,DCF860B,DCF860B,DCF860B Dewalt 20V Impact - Driver Drill,,,Black & Decker/dewlt (2585),Stanley Black & Decker,DEWALT®,Guaranteed Tough®,DCF860B,Tools & Hardware > Power Tools > Cordless & Corded Power Tools > Power Tools,"Stanley Black & Decker Dewalt, Dewalt 20V Impact, Driver Drill, Dcf860B",DEWALT 20V IMPACT - DRIVER DRILL,Dewalt® Dcf860B Dewalt 20V Impact - Driver Drill,"DEWALT®, DCF860B Dewalt 20V Impact - Driver Drill, Voltage: 20 V",Dewalt® Dcf860B Dewalt 20V Impact - Driver Drill,"DEWALT®, DCF860B Dewalt 20V Impact - Driver Drill, Voltage: 20 V",Voltage: 20 V,,,,,,Power Tools,Voltage,20,V,,,,,,,,,27112700,,1,EA,DEWALT_DCF860B.jpg,DEWALT_DCF860B_1.jpg,DEWALT_DCF860B_2.jpg,DEWALT_DCF860B_3.jpg,DEWALT_DCF860B_4.jpg,DEWALT_DCF860B_Specification_Sheet.pdf,No,Yes
https://www.milwaukeetool.com/Products/3401-20,3401-20,Tools & Hardware,Power Tools,Cordless & Corded Power Tools,3401-20,3401-20,3401-20 Milw M12 Drill Driver - Brushless Compact (Bare),,,Milwaukee Accessory (4031),Milwaukee Electric Tool Corp,MILWAUKEE®,Heavy Duty™,3401-20,Tools & Hardware > Power Tools > Cordless & Corded Power Tools > Power Tools,"Milwaukee Electric Tool Corp Milwaukee, Milw M12 Drill Driver, Brushless",MILW M12 DRILL DRIVER - BRUSHLESS,Milwaukee® 3401-20 Milw M12 Drill Driver - Brushless Compact (Bare),"MILWAUKEE®, 3401-20 Milw M12 Drill Driver - Brushless Compact (Bare)",Milwaukee® 3401-20 Milw M12 Drill Driver - Brushless Compact (Bare),"MILWAUKEE®, 3401-20 Milw M12 Drill Driver - Brushless Compact (Bare)",,,,,,,Power Tools,,,,,,,,,,,,27112700,,1,EA,MILWAUKEE_3401-20.jpg,MILWAUKEE_3401-20_1.jpg,MILWAUKEE_3401-20_2.jpg,MILWAUKEE_3401-20_3.jpg,MILWAUKEE_3401-20_4.jpg,MILWAUKEE_3401-20_Specification_Sheet.pdf,No,Yes
,KPTDR050A,Tools & Hardware,Power Tools,Cordless & Corded Power Tools,KPTDR050A,KPTDR050A,KPTDR050A Kreg 20V Ionic Compact Drill,,,Kreg Tool Company (KRETO),Kreg Tool Company,KREG®,Kreg®,KPTDR050A,Tools & Hardware > Power Tools > Cordless & Corded Power Tools > Power Tools,"Kreg Tool Company Kreg, Kreg 20V Ionic Compact Drill, Kptdr050A",KREG 20V IONIC COMPACT DRILL,Kreg® Kptdr050A Kreg 20V Ionic Compact Drill,"KREG®, KPTDR050A Kreg 20V Ionic Compact Drill, Voltage: 20 V",Kreg® Kptdr050A Kreg 20V Ionic Compact Drill,"KREG®, KPTDR050A Kreg 20V Ionic Compact Drill, Voltage: 20 V",Voltage: 20 V,,,,,,Power Tools,Voltage,20,V,,,,,,,,,27112700,,1,EA,KREG_KPTDR050A.jpg,KREG_KPTDR050A_1.jpg,KREG_KPTDR050A_2.jpg,KREG_KPTDR050A_3.jpg,KREG_KPTDR050A_4.jpg,KREG_KPTDR050A_Specification_Sheet.pdf,No,Yes
https://www.dewalt.com/product/DCD1007B,DCD1007B,Tools & Hardware,Power Tools,Cordless & Corded Power Tools,DCD1007B,DCD1007B,"DCD1007B Dewalt 20V Cordless - 1/2"" Hammer Drill (Bare)",,DEWALT,Black & Decker/dewlt (2585),Stanley Black & Decker,DEWALT®,Guaranteed Tough®,DCD1007B,Tools & Hardware > Power Tools > Cordless & Corded Power Tools > Power Tools,"Stanley Black & Decker Dewalt, Dewalt 20V Cordless, 1/2"" Hammer Drill (Bare),","DEWALT 20V CORDLESS - 1/2"" HAMMER DRILL","Dewalt® Dcd1007B Dewalt 20V Cordless - 1/2"" Hammer Drill (Bare)","DEWALT®, DCD1007B Dewalt 20V Cordless - 1/2"" Hammer Drill (Bare), Voltage: 20 V","Dewalt® Dcd1007B Dewalt 20V Cordless - 1/2"" Hammer Drill (Bare)","DEWALT®, DCD1007B Dewalt 20V Cordless - 1/2"" Hammer Drill (Bare), Voltage: 20 V",Voltage: 20 V,,,,,,Power Tools,Voltage,20,V,,,,,,,,,27112700,,1,EA,DEWALT_DCD1007B.jpg,DEWALT_DCD1007B_1.jpg,DEWALT_DCD1007B_2.jpg,DEWALT_DCD1007B_3.jpg,DEWALT_DCD1007B_4.jpg,DEWALT_DCD1007B_Specification_Sheet.pdf,No,Yes
https://www.dewalt.com/product/DCD799B,DCD799B,Tools & Hardware,Power Tools,Cordless & Corded Power Tools,DCD799B,DCD799B,DCD799B Dewalt Drill,,,Black & Decker/dewlt (2585),Stanley Black & Decker,DEWALT®,Guaranteed Tough®,DCD799B,Tools & Hardware > Power Tools > Cordless & Corded Power Tools > Power Tools,"Stanley Black & Decker Dewalt, Dewalt Drill, Dcd799B - Part Number: DCD799B",DEWALT DRILL,Dewalt® Dcd799B Dewalt Drill,"DEWALT®, DCD799B Dewalt Drill",Dewalt® Dcd799B Dewalt Drill,"DEWALT®, DCD799B Dewalt Drill",,,,,,,Power Tools,,,,,,,,,,,,27112700,,1,EA,DEWALT_DCD799B.jpg,DEWALT_DCD799B_1.jpg,DEWALT_DCD799B_2.jpg,DEWALT_DCD799B_3.jpg,DEWALT_DCD799B_4.jpg,DEWALT_DCD799B_Specification_Sheet.pdf,No,Yes
,58006,Tools & Hardware,Power Tools,Cordless & Corded Power Tools,58006,58006,58006 Voyager Drill Press,,,King Canada Inc (KINCA),King Canada Inc,King Canada Inc,,58006,Tools & Hardware > Power Tools > Cordless & Corded Power Tools > Power Tools,"King Canada Inc, Voyager Drill Press, 58006 - Part Number: 58006",VOYAGER DRILL PRESS,King Canada Inc 58006 Voyager Drill Press,"King Canada Inc, 58006 Voyager Drill Press",King Canada Inc 58006 Voyager Drill Press,"King Canada Inc, 58006 Voyager Drill Press",,,,,,,Power Tools,,,,,,,,,,,,27112700,,1,EA,KINGCANADAINC_58006.jpg,KINGCANADAINC_58006_1.jpg,KINGCANADAINC_58006_2.jpg,KINGCANADAINC_58006_3.jpg,KINGCANADAINC_58006_4.jpg,KINGCANADAINC_58006_Specification_Sheet.pdf,No,Yes
https://www.milwaukeetool.com/Products/2909-20,2909-20,Tools & Hardware,Fastening Tools,Nailers & Staplers,2909-20,2909-20,2909-20 Milw Roofing Nailer - M18,,Milwaukee,Milwaukee Accessory (4031),Milwaukee Electric Tool Corp,MILWAUKEE®,Heavy Duty™,2909-20,Tools & Hardware > Fastening Tools > Nailers & Staplers > Pneumatic & Cordless Fastening,"Milwaukee Electric Tool Corp Milwaukee, Milw Roofing Nailer, M18, 2909-20",MILW ROOFING NAILER - M18,Milwaukee® 2909-20 Milw Roofing Nailer - M18,"MILWAUKEE®, 2909-20 Milw Roofing Nailer - M18",Milwaukee® 2909-20 Milw Roofing Nailer - M18,"MILWAUKEE®, 2909-20 Milw Roofing Nailer - M18",,,,,,,Pneumatic & Cordless Fastening,,,,,,,,,,,,27112713,,1,EA,MILWAUKEE_2909-20.jpg,MILWAUKEE_2909-20_1.jpg,MILWAUKEE_2909-20_2.jpg,MILWAUKEE_2909-20_3.jpg,MILWAUKEE_2909-20_4.jpg,MILWAUKEE_2909-20_Specification_Sheet.pdf,No,Yes
https://www.milwaukeetool.com/Products/2909-21,2909-21,Tools & Hardware,Fastening Tools,Nailers & Staplers,2909-21,2909-21,2909-21 Milw M18 Coil Roofing - Nailer Kit,,Milwaukee,Milwaukee Accessory (4031),Milwaukee Electric Tool Corp,MILWAUKEE®,Heavy Duty™,2909-21,Tools & Hardware > Fastening Tools > Nailers & Staplers > Pneumatic & Cordless Fastening,"Milwaukee Electric Tool Corp Milwaukee, Milw M18 Coil Roofing, Nailer Kit,",MILW M18 COIL ROOFING - NAILER KIT,Milwaukee® 2909-21 Milw M18 Coil Roofing - Nailer Kit,"MILWAUKEE®, 2909-21 Milw M18 Coil Roofing - Nailer Kit",Milwaukee® 2909-21 Milw M18 Coil Roofing - Nailer Kit,"MILWAUKEE®, 2909-21 Milw M18 Coil Roofing - Nailer Kit",,,,,,,Pneumatic & Cordless Fastening,,,,,,,,,,,,27112713,,1,EA,MILWAUKEE_2909-21.jpg,MILWAUKEE_2909-21_1.jpg,MILWAUKEE_2909-21_2.jpg,MILWAUKEE_2909-21_3.jpg,MILWAUKEE_2909-21_4.jpg,MILWAUKEE_2909-21_Specification_Sheet.pdf,No,Yes
,918200,Tools & Hardware,Fastening Tools,Nailers & Staplers,918200,918200,918200 Paslode CT200S24 18Ga ST Brad Nailer,,,National Nail Corp (7439),National Nail Corp,National Nail Corp,,918200,Tools & Hardware > Fastening Tools > Nailers & Staplers > Pneumatic & Cordless Fastening,"National Nail Corp, Paslode Ct200S24 18Ga St Brad Nailer, 918200",PASLODE CT200S24 18GA ST BRAD NAILER,National Nail Corp 918200 Paslode Ct200S24 18Ga St Brad Nailer,"National Nail Corp, 918200 Paslode CT200S24 18Ga ST Brad Nailer",National Nail Corp 918200 Paslode Ct200S24 18Ga St Brad Nailer,"National Nail Corp, 918200 Paslode CT200S24 18Ga ST Brad Nailer",,,,,,,Pneumatic & Cordless Fastening,,,,,,,,,,,,27112713,,1,EA,NATIONALNAILCORP_918200.jpg,NATIONALNAILCORP_918200_1.jpg,NATIONALNAILCORP_918200_2.jpg,NATIONALNAILCORP_918200_3.jpg,NATIONALNAILCORP_918200_4.jpg,NATIONALNAILCORP_918200_Specification_Sheet.pdf,No,Yes
https://www.milwaukeetool.com/Products/2541-20,2541-20,Tools & Hardware,Fastening Tools,Nailers & Staplers,2541-20,2541-20,2541-20 Milw M12 - Compact Brad Nailer (Bare),,,Milwaukee Accessory (4031),Milwaukee Electric Tool Corp,MILWAUKEE®,Heavy Duty™,2541-20,Tools & Hardware > Fastening Tools > Nailers & Staplers > Pneumatic & Cordless Fastening,"Milwaukee Electric Tool Corp Milwaukee, Milw M12, Compact Brad Nailer (Bare),",MILW M12 - COMPACT BRAD NAILER (BARE),Milwaukee® 2541-20 Milw M12 - Compact Brad Nailer (Bare),"MILWAUKEE®, 2541-20 Milw M12 - Compact Brad Nailer (Bare)",Milwaukee® 2541-20 Milw M12 - Compact Brad Nailer (Bare),"MILWAUKEE®, 2541-20 Milw M12 - Compact Brad Nailer (Bare)",,,,,,,Pneumatic & Cordless Fastening,,,,,,,,,,,,27112713,,1,EA,MILWAUKEE_2541-20.jpg,MILWAUKEE_2541-20_1.jpg,MILWAUKEE_2541-20_2.jpg,MILWAUKEE_2541-20_3.jpg,MILWAUKEE_2541-20_4.jpg,MILWAUKEE_2541-20_Specification_Sheet.pdf,No,Yes
https://www.dewalt.com/product/DCN930B,DCN930B,Tools & Hardware,Fastening Tools,Nailers & Staplers,DCN930B,DCN930B,DCN930B Dewalt 20V 30 Degree - Framing Nailer,,DEWALT,Black & Decker/dewlt (2585),Stanley Black & Decker,DEWALT®,Guaranteed Tough®,DCN930B,Tools & Hardware > Fastening Tools > Nailers & Staplers > Pneumatic & Cordless Fastening,"Stanley Black & Decker Dewalt, Dewalt 20V 30 Degree, Framing Nailer, Dcn930B",DEWALT 20V 30 DEGREE - FRAMING NAILER,Dewalt® Dcn930B Dewalt 20V 30 Degree - Framing Nailer,"DEWALT®, DCN930B Dewalt 20V 30 Degree - Framing Nailer, Voltage: 20 V",Dewalt® Dcn930B Dewalt 20V 30 Degree - Framing Nailer,"DEWALT®, DCN930B Dewalt 20V 30 Degree - Framing Nailer, Voltage: 20 V",Voltage: 20 V,,,,,,Pneumatic & Cordless Fastening,Voltage,20,V,,,,,,,,,27112713,,1,EA,DEWALT_DCN930B.jpg,DEWALT_DCN930B_1.jpg,DEWALT_DCN930B_2.jpg,DEWALT_DCN930B_3.jpg,DEWALT_DCN930B_4.jpg,DEWALT_DCN930B_Specification_Sheet.pdf,No,Yes
https://www.dewalt.com/product/DCN930P1,DCN930P1,Tools & Hardware,Fastening Tools,Nailers & Staplers,DCN930P1,DCN930P1,DCN930P1 Dewalt 20V 30 Degree - Framing Nailer Kit,,DEWALT,Black & Decker/dewlt (2585),Stanley Black & Decker,DEWALT®,Guaranteed Tough®,DCN930P1,Tools & Hardware > Fastening Tools > Nailers & Staplers > Pneumatic & Cordless Fastening,"Stanley Black & Decker Dewalt, Dewalt 20V 30 Degree, Framing Nailer Kit,",DEWALT 20V 30 DEGREE - FRAMING NAILER,Dewalt® Dcn930P1 Dewalt 20V 30 Degree - Framing Nailer Kit,"DEWALT®, DCN930P1 Dewalt 20V 30 Degree - Framing Nailer Kit, Voltage: 20 V",Dewalt® Dcn930P1 Dewalt 20V 30 Degree - Framing Nailer Kit,"DEWALT®, DCN930P1 Dewalt 20V 30 Degree - Framing Nailer Kit, Voltage: 20 V",Voltage: 20 V,,,,,,Pneumatic & Cordless Fastening,Voltage,20,V,,,,,,,,,27112713,,1,EA,DEWALT_DCN930P1.jpg,DEWALT_DCN930P1_1.jpg,DEWALT_DCN930P1_2.jpg,DEWALT_DCN930P1_3.jpg,DEWALT_DCN930P1_4.jpg,DEWALT_DCN930P1_Specification_Sheet.pdf,No,Yes
,XNB04Z,Tools & Hardware,Fastening Tools,Nailers & Staplers,XNB04Z,XNB04Z,"XNB04Z Makita 18V 2"" Brad Nailer 18GA (Bare)",,,Makita Usa Inc (5142),Makita USA Inc,MAKITA®,LXT®,XNB04Z,Tools & Hardware > Fastening Tools > Nailers & Staplers > Pneumatic & Cordless Fastening,"Makita Usa Inc Makita, Makita 18V 2"" Brad Nailer 18Ga (Bare), Xnb04Z","MAKITA 18V 2"" BRAD NAILER 18GA (BARE)","Makita® Xnb04Z Makita 18V 2"" Brad Nailer 18Ga (Bare)","MAKITA®, XNB04Z Makita 18V 2"" Brad Nailer 18GA (Bare), Voltage: 18 V","Makita® Xnb04Z Makita 18V 2"" Brad Nailer 18Ga (Bare)","MAKITA®, XNB04Z Makita 18V 2"" Brad Nailer 18GA (Bare), Voltage: 18 V",Voltage: 18 V,,,,,,Pneumatic & Cordless Fastening,Voltage,18,V,,,,,,,,,27112713,,1,EA,MAKITA_XNB04Z.jpg,MAKITA_XNB04Z_1.jpg,MAKITA_XNB04Z_2.jpg,MAKITA_XNB04Z_3.jpg,MAKITA_XNB04Z_4.jpg,MAKITA_XNB04Z_Specification_Sheet.pdf,No,Yes
,XNB05Z,Tools & Hardware,Fastening Tools,Nailers & Staplers,XNB05Z,XNB05Z,"XNB05Z Makita 18V 2-1/2"" Straight Finish Nailer 16GA",,,Makita Usa Inc (5142),Makita USA Inc,MAKITA®,LXT®,XNB05Z,Tools & Hardware > Fastening Tools > Nailers & Staplers > Pneumatic & Cordless Fastening,"Makita Usa Inc Makita, Makita 18V 2, 1/2"" Straight Finish Nailer 16Ga, Xnb05Z","MAKITA 18V 2-1/2"" STRAIGHT FINISH","Makita® Xnb05Z Makita 18V 2-1/2"" Straight Finish Nailer 16Ga","MAKITA®, XNB05Z Makita 18V 2-1/2"" Straight Finish Nailer 16GA, Voltage: 18 V","Makita® Xnb05Z Makita 18V 2-1/2"" Straight Finish Nailer 16Ga","MAKITA®, XNB05Z Makita 18V 2-1/2"" Straight Finish Nailer 16GA, Voltage: 18 V",Voltage: 18 V,,,,,,Pneumatic & Cordless Fastening,Voltage,18,V,,,,,,,,,27112713,,1,EA,MAKITA_XNB05Z.jpg,MAKITA_XNB05Z_1.jpg,MAKITA_XNB05Z_2.jpg,MAKITA_XNB05Z_3.jpg,MAKITA_XNB05Z_4.jpg,MAKITA_XNB05Z_Specification_Sheet.pdf,No,Yes
,XNB06Z,Tools & Hardware,Fastening Tools,Nailers & Staplers,XNB06Z,XNB06Z,"XNB06Z Makita 18V 2-1/2"" Angled Finish Nailer 16GA",,,Makita Usa Inc (5142),Makita USA Inc,MAKITA®,LXT®,XNB06Z,Tools & Hardware > Fastening Tools > Nailers & Staplers > Pneumatic & Cordless Fastening,"Makita Usa Inc Makita, Makita 18V 2, 1/2"" Angled Finish Nailer 16Ga, Xnb06Z","MAKITA 18V 2-1/2"" ANGLED FINISH NAILER","Makita® Xnb06Z Makita 18V 2-1/2"" Angled Finish Nailer 16Ga","MAKITA®, XNB06Z Makita 18V 2-1/2"" Angled Finish Nailer 16GA, Voltage: 18 V","Makita® Xnb06Z Makita 18V 2-1/2"" Angled Finish Nailer 16Ga","MAKITA®, XNB06Z Makita 18V 2-1/2"" Angled Finish Nailer 16GA, Voltage: 18 V",Voltage: 18 V,,,,,,Pneumatic & Cordless Fastening,Voltage,18,V,,,,,,,,,27112713,,1,EA,MAKITA_XNB06Z.jpg,MAKITA_XNB06Z_1.jpg,MAKITA_XNB06Z_2.jpg,MAKITA_XNB06Z_3.jpg,MAKITA_XNB06Z_4.jpg,MAKITA_XNB06Z_Specification_Sheet.pdf,No,Yes
,XNB07Z,Tools & Hardware,Fastening Tools,Nailers & Staplers,XNB07Z,XNB07Z,XNB07Z Makita 18V LXT BL 30 Nailer (Bare),,,Makita Usa Inc (5142),Makita USA Inc,MAKITA®,LXT®,XNB07Z,Tools & Hardware > Fastening Tools > Nailers & Staplers > Pneumatic & Cordless Fastening,"Makita Usa Inc Makita, Makita 18V Lxt Bl 30 Nailer (Bare), Xnb07Z",MAKITA 18V LXT BL 30 NAILER (BARE),Makita® Xnb07Z Makita 18V Lxt Bl 30 Nailer (Bare),"MAKITA®, XNB07Z Makita 18V LXT BL 30 Nailer (Bare), Voltage: 18 V",Makita® Xnb07Z Makita 18V Lxt Bl 30 Nailer (Bare),"MAKITA®, XNB07Z Makita 18V LXT BL 30 Nailer (Bare), Voltage: 18 V",Voltage: 18 V,,,,,,Pneumatic & Cordless Fastening,Voltage,18,V,,,,,,,,,27112713,,1,EA,MAKITA_XNB07Z.jpg,MAKITA_XNB07Z_1.jpg,MAKITA_XNB07Z_2.jpg,MAKITA_XNB07Z_3.jpg,MAKITA_XNB07Z_4.jpg,MAKITA_XNB07Z_Specification_Sheet.pdf,No,Yes
https://www.dewalt.com/product/DZN930,DZN930,Industrial MRO,Hardware & Supplies,General Maintenance,DZN930,DZN930,DZN930 Dewalt 30 Degree - Framing Magazine,,,Black & Decker/dewlt (2585),Stanley Black & Decker,DEWALT®,Guaranteed Tough®,DZN930,Industrial MRO > Hardware & Supplies > General Maintenance > Industrial Supplies,"Stanley Black & Decker Dewalt, Dewalt 30 Degree, Framing Magazine, Dzn930",DEWALT 30 DEGREE - FRAMING MAGAZINE,Dewalt® Dzn930 Dewalt 30 Degree - Framing Magazine,"DEWALT®, DZN930 Dewalt 30 Degree - Framing Magazine",Dewalt® Dzn930 Dewalt 30 Degree - Framing Magazine,"DEWALT®, DZN930 Dewalt 30 Degree - Framing Magazine",,,,,,,Industrial Supplies,,,,,,,,,,,,31160000,,1,EA,DEWALT_DZN930.jpg,DEWALT_DZN930_1.jpg,DEWALT_DZN930_2.jpg,DEWALT_DZN930_3.jpg,DEWALT_DZN930_4.jpg,DEWALT_DZN930_Specification_Sheet.pdf,No,Yes
,220USB25U,Tools & Hardware,Hand Tools & Accessories,Screwdriving & Fastening,220USB25U,220USB25U,220USB25U Vessel Screwdriver w/25pc Bit Set,,,Vessel Tools USA Inc (VESTO),Vessel Tools USA Inc,Vessel Tools USA Inc,,220USB25U,"Tools & Hardware > Hand Tools & Accessories > Screwdriving & Fastening > Bits, Sockets & Hand Tools","Vessel Tools Usa Inc, Vessel Screwdriver W/25Pc Bit Set, 220Usb25U",VESSEL SCREWDRIVER W/25PC BIT SET,Vessel Tools Usa Inc 220Usb25U Vessel Screwdriver W/25Pc Bit Set,"Vessel Tools USA Inc, 220USB25U Vessel Screwdriver w/25pc Bit Set, Package Quantity: 25 pc",Vessel Tools Usa Inc 220Usb25U Vessel Screwdriver W/25Pc Bit Set,"Vessel Tools USA Inc, 220USB25U Vessel Screwdriver w/25pc Bit Set, Package Quantity: 25 pc",Package Quantity: 25 pc,,,,,,"Bits, Sockets & Hand Tools",Package Quantity,25,pc,,,,,,,,,27111700,,1,EA,VESSELTOOLSUSAINC_220USB25U.jpg,VESSELTOOLSUSAINC_220USB25U_1.jpg,VESSELTOOLSUSAINC_220USB25U_2.jpg,VESSELTOOLSUSAINC_220USB25U_3.jpg,VESSELTOOLSUSAINC_220USB25U_4.jpg,VESSELTOOLSUSAINC_220USB25U_Specification_Sheet.pdf,No,Yes
,XRF03Z,Industrial MRO,Hardware & Supplies,General Maintenance,XRF03Z,XRF03Z,XRF03Z Makita 18V Screwdriver - Autofeed,,,Makita Usa Inc (5142),Makita USA Inc,MAKITA®,LXT®,XRF03Z,Industrial MRO > Hardware & Supplies > General Maintenance > Industrial Supplies,"Makita Usa Inc Makita, Makita 18V Screwdriver, Autofeed, Xrf03Z",MAKITA 18V SCREWDRIVER - AUTOFEED,Makita® Xrf03Z Makita 18V Screwdriver - Autofeed,"MAKITA®, XRF03Z Makita 18V Screwdriver - Autofeed, Voltage: 18 V",Makita® Xrf03Z Makita 18V Screwdriver - Autofeed,"MAKITA®, XRF03Z Makita 18V Screwdriver - Autofeed, Voltage: 18 V",Voltage: 18 V,,,,,,Industrial Supplies,Voltage,18,V,,,,,,,,,31160000,,1,EA,MAKITA_XRF03Z.jpg,MAKITA_XRF03Z_1.jpg,MAKITA_XRF03Z_2.jpg,MAKITA_XRF03Z_3.jpg,MAKITA_XRF03Z_4.jpg,MAKITA_XRF03Z_Specification_Sheet.pdf,No,Yes
,220USBP5U,Tools & Hardware,Hand Tools & Accessories,Screwdriving & Fastening,220USBP5U,220USBP5U,220USBP5U Vessel Screwdriver Plus w/5pc Bit Set,,,Vessel Tools USA Inc (VESTO),Vessel Tools USA Inc,Vessel Tools USA Inc,,220USBP5U,"Tools & Hardware > Hand Tools & Accessories > Screwdriving & Fastening > Bits, Sockets & Hand Tools","Vessel Tools Usa Inc, Vessel Screwdriver Plus W/5Pc Bit Set, 220Usbp5U",VESSEL SCREWDRIVER PLUS W/5PC BIT SET,Vessel Tools Usa Inc 220Usbp5U Vessel Screwdriver Plus W/5Pc Bit Set,"Vessel Tools USA Inc, 220USBP5U Vessel Screwdriver Plus w/5pc Bit Set, Package Quantity: 5 pc",Vessel Tools Usa Inc 220Usbp5U Vessel Screwdriver Plus W/5Pc Bit Set,"Vessel Tools USA Inc, 220USBP5U Vessel Screwdriver Plus w/5pc Bit Set, Package Quantity: 5 pc",Package Quantity: 5 pc,,,,,,"Bits, Sockets & Hand Tools",Package Quantity,5,pc,,,,,,,,,27111700,,1,EA,VESSELTOOLSUSAINC_220USBP5U.jpg,VESSELTOOLSUSAINC_220USBP5U_1.jpg,VESSELTOOLSUSAINC_220USBP5U_2.jpg,VESSELTOOLSUSAINC_220USBP5U_3.jpg,VESSELTOOLSUSAINC_220USBP5U_4.jpg,VESSELTOOLSUSAINC_220USBP5U_Specification_Sheet.pdf,No,Yes
https://www.milwaukeetool.com/Products/49-66-4567,49-66-4567,Tools & Hardware,Power Tools,Cordless & Corded Power Tools,49-66-4567,49-66-4567,"49-66-4567 Milw 6"" Magnetic - Impact Driver Set 6pc",,,Milwaukee Accessory (4031),Milwaukee Electric Tool Corp,MILWAUKEE®,Heavy Duty™,49-66-4567,Tools & Hardware > Power Tools > Cordless & Corded Power Tools > Power Tools,"Milwaukee Electric Tool Corp Milwaukee, Milw 6"" Magnetic, Impact Driver Set","MILW 6"" MAGNETIC - IMPACT DRIVER SET 6PC","Milwaukee® 49-66-4567 Milw 6"" Magnetic - Impact Driver Set 6Pc","MILWAUKEE®, 49-66-4567 Milw 6"" Magnetic - Impact Driver Set 6pc, Package Quantity: 6 pc","Milwaukee® 49-66-4567 Milw 6"" Magnetic - Impact Driver Set 6Pc","MILWAUKEE®, 49-66-4567 Milw 6"" Magnetic - Impact Driver Set 6pc, Package Quantity: 6 pc",Package Quantity: 6 pc,,,,,,Power Tools,Package Quantity,6,pc,,,,,,,,,27112700,,1,EA,MILWAUKEE_49-66-4567.jpg,MILWAUKEE_49-66-4567_1.jpg,MILWAUKEE_49-66-4567_2.jpg,MILWAUKEE_49-66-4567_3.jpg,MILWAUKEE_49-66-4567_4.jpg,MILWAUKEE_49-66-4567_Specification_Sheet.pdf,No,Yes
,IBMG90K003,Industrial MRO,Hardware & Supplies,General Maintenance,IBMG90K003,IBMG90K003,"IBMG90K003 Vessel Impact Ball Torsion Bit Assort 5pc 3.5""",,,Vessel Tools USA Inc (VESTO),Vessel Tools USA Inc,Vessel Tools USA Inc,,IBMG90K003,Industrial MRO > Hardware & Supplies > General Maintenance > Industrial Supplies,"Vessel Tools Usa Inc, Vessel Impact Ball Torsion Bit Assort 5Pc 3.5"", Ibmg90K003",VESSEL IMPACT BALL TORSION BIT ASSORT,"Vessel Tools Usa Inc Ibmg90K003 Vessel Impact Ball Torsion Bit Assort 5Pc 3.5""","Vessel Tools USA Inc, IBMG90K003 Vessel Impact Ball Torsion Bit Assort 5pc 3.5"", Package Quantity: 5 pc","Vessel Tools Usa Inc Ibmg90K003 Vessel Impact Ball Torsion Bit Assort 5Pc 3.5""","Vessel Tools USA Inc, IBMG90K003 Vessel Impact Ball Torsion Bit Assort 5pc 3.5"", Package Quantity: 5 pc",Package Quantity: 5 pc,,,,,,Industrial Supplies,Package Quantity,5,pc,,,,,,,,,31160000,,1,EA,VESSELTOOLSUSAINC_IBMG90K003.jpg,VESSELTOOLSUSAINC_IBMG90K003_1.jpg,VESSELTOOLSUSAINC_IBMG90K003_2.jpg,VESSELTOOLSUSAINC_IBMG90K003_3.jpg,VESSELTOOLSUSAINC_IBMG90K003_4.jpg,VESSELTOOLSUSAINC_IBMG90K003_Specification_Sheet.pdf,No,Yes
,IBPH250P15T,Industrial MRO,Hardware & Supplies,General Maintenance,IBPH250P15T,IBPH250P15T,"IBPH250P15T Vessel Torsion Bit 2"" 15pc",,,Vessel Tools USA Inc (VESTO),Vessel Tools USA Inc,Vessel Tools USA Inc,,IBPH250P15T,Industrial MRO > Hardware & Supplies > General Maintenance > Industrial Supplies,"Vessel Tools Usa Inc, Vessel Torsion Bit 2"" 15Pc, Ibph250P15T","VESSEL TORSION BIT 2"" 15PC","Vessel Tools Usa Inc Ibph250P15T Vessel Torsion Bit 2"" 15Pc","Vessel Tools USA Inc, IBPH250P15T Vessel Torsion Bit 2"" 15pc, Package Quantity: 15 pc","Vessel Tools Usa Inc Ibph250P15T Vessel Torsion Bit 2"" 15Pc","Vessel Tools USA Inc, IBPH250P15T Vessel Torsion Bit 2"" 15pc, Package Quantity: 15 pc",Package Quantity: 15 pc,,,,,,Industrial Supplies,Package Quantity,15,pc,,,,,,,,,31160000,,1,EA,VESSELTOOLSUSAINC_IBPH250P15T.jpg,VESSELTOOLSUSAINC_IBPH250P15T_1.jpg,VESSELTOOLSUSAINC_IBPH250P15T_2.jpg,VESSELTOOLSUSAINC_IBPH250P15T_3.jpg,VESSELTOOLSUSAINC_IBPH250P15T_4.jpg,VESSELTOOLSUSAINC_IBPH250P15T_Specification_Sheet.pdf,No,Yes
,DPH12B,Tools & Hardware,Hand Tools & Accessories,Screwdriving & Fastening,DPH12B,DPH12B,"DPH12B 2"" #1 Phillips Drive - Bit",,Diablo,Freud Inc (2435),Freud Inc,DIABLO®,Steel Demon™,DPH12B,"Tools & Hardware > Hand Tools & Accessories > Screwdriving & Fastening > Bits, Sockets & Hand Tools","Freud Inc Diablo, 2"" #1 Phillips Drive, Bit, Dph12B - Part Number: DPH12B","2"" #1 PHILLIPS DRIVE - BIT","Diablo® Dph12B 2"" #1 Phillips Drive - Bit","DIABLO®, DPH12B 2"" #1 Phillips Drive - Bit","Diablo® Dph12B 2"" #1 Phillips Drive - Bit","DIABLO®, DPH12B 2"" #1 Phillips Drive - Bit",,,,,,,"Bits, Sockets & Hand Tools",,,,,,,,,,,,27111700,,1,EA,DIABLO_DPH12B.jpg,DIABLO_DPH12B_1.jpg,DIABLO_DPH12B_2.jpg,DIABLO_DPH12B_3.jpg,DIABLO_DPH12B_4.jpg,DIABLO_DPH12B_Specification_Sheet.pdf,No,Yes
,DPH135B,Tools & Hardware,Hand Tools & Accessories,Screwdriving & Fastening,DPH135B,DPH135B,"DPH135B 3-1/2"" #1 Phillips - Drive Bit",,Diablo,Freud Inc (2435),Freud Inc,DIABLO®,Steel Demon™,DPH135B,"Tools & Hardware > Hand Tools & Accessories > Screwdriving & Fastening > Bits, Sockets & Hand Tools","Freud Inc Diablo, 3, 1/2"" #1 Phillips, Drive Bit, Dph135B - Part Number: DPH13","3-1/2"" #1 PHILLIPS - DRIVE BIT","Diablo® Dph135B 3-1/2"" #1 Phillips - Drive Bit","DIABLO®, DPH135B 3-1/2"" #1 Phillips - Drive Bit","Diablo® Dph135B 3-1/2"" #1 Phillips - Drive Bit","DIABLO®, DPH135B 3-1/2"" #1 Phillips - Drive Bit",,,,,,,"Bits, Sockets & Hand Tools",,,,,,,,,,,,27111700,,1,EA,DIABLO_DPH135B.jpg,DIABLO_DPH135B_1.jpg,DIABLO_DPH135B_2.jpg,DIABLO_DPH135B_3.jpg,DIABLO_DPH135B_4.jpg,DIABLO_DPH135B_Specification_Sheet.pdf,No,Yes
,DPH21B,Tools & Hardware,Hand Tools & Accessories,Screwdriving & Fastening,DPH21B,DPH21B,"DPH21B 1"" #2 Phillips Drive - Bit",,Diablo,Freud Inc (2435),Freud Inc,DIABLO®,Steel Demon™,DPH21B,"Tools & Hardware > Hand Tools & Accessories > Screwdriving & Fastening > Bits, Sockets & Hand Tools","Freud Inc Diablo, 1"" #2 Phillips Drive, Bit, Dph21B - Part Number: DPH21B","1"" #2 PHILLIPS DRIVE - BIT","Diablo® Dph21B 1"" #2 Phillips Drive - Bit","DIABLO®, DPH21B 1"" #2 Phillips Drive - Bit","Diablo® Dph21B 1"" #2 Phillips Drive - Bit","DIABLO®, DPH21B 1"" #2 Phillips Drive - Bit",,,,,,,"Bits, Sockets & Hand Tools",,,,,,,,,,,,27111700,,1,EA,DIABLO_DPH21B.jpg,DIABLO_DPH21B_1.jpg,DIABLO_DPH21B_2.jpg,DIABLO_DPH21B_3.jpg,DIABLO_DPH21B_4.jpg,DIABLO_DPH21B_Specification_Sheet.pdf,No,Yes
,DPH22B,Tools & Hardware,Hand Tools & Accessories,Screwdriving & Fastening,DPH22B,DPH22B,"DPH22B 2"" #2 Phillips Drive - Bit",,Diablo,Freud Inc (2435),Freud Inc,DIABLO®,Steel Demon™,DPH22B,"Tools & Hardware > Hand Tools & Accessories > Screwdriving & Fastening > Bits, Sockets & Hand Tools","Freud Inc Diablo, 2"" #2 Phillips Drive, Bit, Dph22B - Part Number: DPH22B","2"" #2 PHILLIPS DRIVE - BIT","Diablo® Dph22B 2"" #2 Phillips Drive - Bit","DIABLO®, DPH22B 2"" #2 Phillips Drive - Bit","Diablo® Dph22B 2"" #2 Phillips Drive - Bit","DIABLO®, DPH22B 2"" #2 Phillips Drive - Bit",,,,,,,"Bits, Sockets & Hand Tools",,,,,,,,,,,,27111700,,1,EA,DIABLO_DPH22B.jpg,DIABLO_DPH22B_1.jpg,DIABLO_DPH22B_2.jpg,DIABLO_DPH22B_3.jpg,DIABLO_DPH22B_4.jpg,DIABLO_DPH22B_Specification_Sheet.pdf,No,Yes
,DPH235B,Tools & Hardware,Hand Tools & Accessories,Screwdriving & Fastening,DPH235B,DPH235B,"DPH235B 3-1/2"" #2 Phillips - Drive Bit",,Diablo,Freud Inc (2435),Freud Inc,DIABLO®,Steel Demon™,DPH235B,"Tools & Hardware > Hand Tools & Accessories > Screwdriving & Fastening > Bits, Sockets & Hand Tools","Freud Inc Diablo, 3, 1/2"" #2 Phillips, Drive Bit, Dph235B - Part Number: DPH23","3-1/2"" #2 PHILLIPS - DRIVE BIT","Diablo® Dph235B 3-1/2"" #2 Phillips - Drive Bit","DIABLO®, DPH235B 3-1/2"" #2 Phillips - Drive Bit","Diablo® Dph235B 3-1/2"" #2 Phillips - Drive Bit","DIABLO®, DPH235B 3-1/2"" #2 Phillips - Drive Bit",,,,,,,"Bits, Sockets & Hand Tools",,,,,,,,,,,,27111700,,1,EA,DIABLO_DPH235B.jpg,DIABLO_DPH235B_1.jpg,DIABLO_DPH235B_2.jpg,DIABLO_DPH235B_3.jpg,DIABLO_DPH235B_4.jpg,DIABLO_DPH235B_Specification_Sheet.pdf,No,Yes
,DPH26B,Tools & Hardware,Hand Tools & Accessories,Screwdriving & Fastening,DPH26B,DPH26B,"DPH26B 6"" #2 Phillips Drive - Bit",,Diablo,Freud Inc (2435),Freud Inc,DIABLO®,Steel Demon™,DPH26B,"Tools & Hardware > Hand Tools & Accessories > Screwdriving & Fastening > Bits, Sockets & Hand Tools","Freud Inc Diablo, 6"" #2 Phillips Drive, Bit, Dph26B - Part Number: DPH26B","6"" #2 PHILLIPS DRIVE - BIT","Diablo® Dph26B 6"" #2 Phillips Drive - Bit","DIABLO®, DPH26B 6"" #2 Phillips Drive - Bit","Diablo® Dph26B 6"" #2 Phillips Drive - Bit","DIABLO®, DPH26B 6"" #2 Phillips Drive - Bit",,,,,,,"Bits, Sockets & Hand Tools",,,,,,,,,,,,27111700,,1,EA,DIABLO_DPH26B.jpg,DIABLO_DPH26B_1.jpg,DIABLO_DPH26B_2.jpg,DIABLO_DPH26B_3.jpg,DIABLO_DPH26B_4.jpg,DIABLO_DPH26B_Specification_Sheet.pdf,No,Yes
,DPH2R1B,Building Materials,Siding & Sheathing,Wall & Floor Panels,DPH2R1B,DPH2R1B,"DPH2R1B 1"" #2 Phillips Drywall - Screws Drive Bit",,Diablo,Freud Inc (2435),Freud Inc,DIABLO®,Steel Demon™,DPH2R1B,Building Materials > Siding & Sheathing > Wall & Floor Panels > Exterior Siding & Sheathing,"Freud Inc Diablo, 1"" #2 Phillips Drywall, Screws Drive Bit, Dph2R1B","1"" #2 PHILLIPS DRYWALL - SCREWS DRIVE","Diablo® Dph2R1B 1"" #2 Phillips Drywall - Screws Drive Bit","DIABLO®, DPH2R1B 1"" #2 Phillips Drywall - Screws Drive Bit","Diablo® Dph2R1B 1"" #2 Phillips Drywall - Screws Drive Bit","DIABLO®, DPH2R1B 1"" #2 Phillips Drywall - Screws Drive Bit",,,,,,,Exterior Siding & Sheathing,,,,,,,,,,,,30151600,,1,EA,DIABLO_DPH2R1B.jpg,DIABLO_DPH2R1B_1.jpg,DIABLO_DPH2R1B_2.jpg,DIABLO_DPH2R1B_3.jpg,DIABLO_DPH2R1B_4.jpg,DIABLO_DPH2R1B_Specification_Sheet.pdf,No,Yes
,DPH31B,Tools & Hardware,Hand Tools & Accessories,Screwdriving & Fastening,DPH31B,DPH31B,"DPH31B 1"" #3 Phillips Drive - Bit",,Diablo,Freud Inc (2435),Freud Inc,DIABLO®,Steel Demon™,DPH31B,"Tools & Hardware > Hand Tools & Accessories > Screwdriving & Fastening > Bits, Sockets & Hand Tools","Freud Inc Diablo, 1"" #3 Phillips Drive, Bit, Dph31B - Part Number: DPH31B","1"" #3 PHILLIPS DRIVE - BIT","Diablo® Dph31B 1"" #3 Phillips Drive - Bit","DIABLO®, DPH31B 1"" #3 Phillips Drive - Bit","Diablo® Dph31B 1"" #3 Phillips Drive - Bit","DIABLO®, DPH31B 1"" #3 Phillips Drive - Bit",,,,,,,"Bits, Sockets & Hand Tools",,,,,,,,,,,,27111700,,1,EA,DIABLO_DPH31B.jpg,DIABLO_DPH31B_1.jpg,DIABLO_DPH31B_2.jpg,DIABLO_DPH31B_3.jpg,DIABLO_DPH31B_4.jpg,DIABLO_DPH31B_Specification_Sheet.pdf,No,Yes
,DPH32B,Tools & Hardware,Hand Tools & Accessories,Screwdriving & Fastening,DPH32B,DPH32B,"DPH32B 2"" #3 Phillips Drive - Bit",,Diablo,Freud Inc (2435),Freud Inc,DIABLO®,Steel Demon™,DPH32B,"Tools & Hardware > Hand Tools & Accessories > Screwdriving & Fastening > Bits, Sockets & Hand Tools","Freud Inc Diablo, 2"" #3 Phillips Drive, Bit, Dph32B - Part Number: DPH32B","2"" #3 PHILLIPS DRIVE - BIT","Diablo® Dph32B 2"" #3 Phillips Drive - Bit","DIABLO®, DPH32B 2"" #3 Phillips Drive - Bit","Diablo® Dph32B 2"" #3 Phillips Drive - Bit","DIABLO®, DPH32B 2"" #3 Phillips Drive - Bit",,,,,,,"Bits, Sockets & Hand Tools",,,,,,,,,,,,27111700,,1,EA,DIABLO_DPH32B.jpg,DIABLO_DPH32B_1.jpg,DIABLO_DPH32B_2.jpg,DIABLO_DPH32B_3.jpg,DIABLO_DPH32B_4.jpg,DIABLO_DPH32B_Specification_Sheet.pdf,No,Yes
,DPH335B,Tools & Hardware,Hand Tools & Accessories,Screwdriving & Fastening,DPH335B,DPH335B,"DPH335B 3-1/2"" #3 Phillips - Drive Bit",,Diablo,Freud Inc (2435),Freud Inc,DIABLO®,Steel Demon™,DPH335B,"Tools & Hardware > Hand Tools & Accessories > Screwdriving & Fastening > Bits, Sockets & Hand Tools","Freud Inc Diablo, 3, 1/2"" #3 Phillips, Drive Bit, Dph335B - Part Number: DPH33","3-1/2"" #3 PHILLIPS - DRIVE BIT","Diablo® Dph335B 3-1/2"" #3 Phillips - Drive Bit","DIABLO®, DPH335B 3-1/2"" #3 Phillips - Drive Bit","Diablo® Dph335B 3-1/2"" #3 Phillips - Drive Bit","DIABLO®, DPH335B 3-1/2"" #3 Phillips - Drive Bit",,,,,,,"Bits, Sockets & Hand Tools",,,,,,,,,,,,27111700,,1,EA,DIABLO_DPH335B.jpg,DIABLO_DPH335B_1.jpg,DIABLO_DPH335B_2.jpg,DIABLO_DPH335B_3.jpg,DIABLO_DPH335B_4.jpg,DIABLO_DPH335B_Specification_Sheet.pdf,No,Yes
,DSQ12B,Tools & Hardware,Hand Tools & Accessories,Screwdriving & Fastening,DSQ12B,DSQ12B,"DSQ12B 2"" #1 Square Drive Bit",,Diablo,Freud Inc (2435),Freud Inc,DIABLO®,Steel Demon™,DSQ12B,"Tools & Hardware > Hand Tools & Accessories > Screwdriving & Fastening > Bits, Sockets & Hand Tools","Freud Inc Diablo, 2"" #1 Square Drive Bit, Dsq12B - Part Number: DSQ12B","2"" #1 SQUARE DRIVE BIT","Diablo® Dsq12B 2"" #1 Square Drive Bit","DIABLO®, DSQ12B 2"" #1 Square Drive Bit","Diablo® Dsq12B 2"" #1 Square Drive Bit","DIABLO®, DSQ12B 2"" #1 Square Drive Bit",,,,,,,"Bits, Sockets & Hand Tools",,,,,,,,,,,,27111700,,1,EA,DIABLO_DSQ12B.jpg,DIABLO_DSQ12B_1.jpg,DIABLO_DSQ12B_2.jpg,DIABLO_DSQ12B_3.jpg,DIABLO_DSQ12B_4.jpg,DIABLO_DSQ12B_Specification_Sheet.pdf,No,Yes
,DSQ22B,Tools & Hardware,Hand Tools & Accessories,Screwdriving & Fastening,DSQ22B,DSQ22B,"DSQ22B 2"" #2 Square Drive Bit",,Diablo,Freud Inc (2435),Freud Inc,DIABLO®,Steel Demon™,DSQ22B,"Tools & Hardware > Hand Tools & Accessories > Screwdriving & Fastening > Bits, Sockets & Hand Tools","Freud Inc Diablo, 2"" #2 Square Drive Bit, Dsq22B - Part Number: DSQ22B","2"" #2 SQUARE DRIVE BIT","Diablo® Dsq22B 2"" #2 Square Drive Bit","DIABLO®, DSQ22B 2"" #2 Square Drive Bit","Diablo® Dsq22B 2"" #2 Square Drive Bit","DIABLO®, DSQ22B 2"" #2 Square Drive Bit",,,,,,,"Bits, Sockets & Hand Tools",,,,,,,,,,,,27111700,,1,EA,DIABLO_DSQ22B.jpg,DIABLO_DSQ22B_1.jpg,DIABLO_DSQ22B_2.jpg,DIABLO_DSQ22B_3.jpg,DIABLO_DSQ22B_4.jpg,DIABLO_DSQ22B_Specification_Sheet.pdf,No,Yes
,DSQ26B,Tools & Hardware,Hand Tools & Accessories,Screwdriving & Fastening,DSQ26B,DSQ26B,"DSQ26B 6"" #2 Square Drive Bit",,Diablo,Freud Inc (2435),Freud Inc,DIABLO®,Steel Demon™,DSQ26B,"Tools & Hardware > Hand Tools & Accessories > Screwdriving & Fastening > Bits, Sockets & Hand Tools","Freud Inc Diablo, 6"" #2 Square Drive Bit, Dsq26B - Part Number: DSQ26B","6"" #2 SQUARE DRIVE BIT","Diablo® Dsq26B 6"" #2 Square Drive Bit","DIABLO®, DSQ26B 6"" #2 Square Drive Bit","Diablo® Dsq26B 6"" #2 Square Drive Bit","DIABLO®, DSQ26B 6"" #2 Square Drive Bit",,,,,,,"Bits, Sockets & Hand Tools",,,,,,,,,,,,27111700,,1,EA,DIABLO_DSQ26B.jpg,DIABLO_DSQ26B_1.jpg,DIABLO_DSQ26B_2.jpg,DIABLO_DSQ26B_3.jpg,DIABLO_DSQ26B_4.jpg,DIABLO_DSQ26B_Specification_Sheet.pdf,No,Yes
,DSQ32B,Tools & Hardware,Hand Tools & Accessories,Screwdriving & Fastening,DSQ32B,DSQ32B,"DSQ32B 2"" #3 Square Drive Bit",,Diablo,Freud Inc (2435),Freud Inc,DIABLO®,Steel Demon™,DSQ32B,"Tools & Hardware > Hand Tools & Accessories > Screwdriving & Fastening > Bits, Sockets & Hand Tools","Freud Inc Diablo, 2"" #3 Square Drive Bit, Dsq32B - Part Number: DSQ32B","2"" #3 SQUARE DRIVE BIT","Diablo® Dsq32B 2"" #3 Square Drive Bit","DIABLO®, DSQ32B 2"" #3 Square Drive Bit","Diablo® Dsq32B 2"" #3 Square Drive Bit","DIABLO®, DSQ32B 2"" #3 Square Drive Bit",,,,,,,"Bits, Sockets & Hand Tools",,,,,,,,,,,,27111700,,1,EA,DIABLO_DSQ32B.jpg,DIABLO_DSQ32B_1.jpg,DIABLO_DSQ32B_2.jpg,DIABLO_DSQ32B_3.jpg,DIABLO_DSQ32B_4.jpg,DIABLO_DSQ32B_Specification_Sheet.pdf,No,Yes
,DT102B,Tools & Hardware,Hand Tools & Accessories,Screwdriving & Fastening,DT102B,DT102B,"DT102B 2"" #10 Torx Drive Bit",,Diablo,Freud Inc (2435),Freud Inc,DIABLO®,Steel Demon™,DT102B,"Tools & Hardware > Hand Tools & Accessories > Screwdriving & Fastening > Bits, Sockets & Hand Tools","Freud Inc Diablo, 2"" #10 Torx Drive Bit, Dt102B - Part Number: DT102B","2"" #10 TORX DRIVE BIT","Diablo® Dt102B 2"" #10 Torx Drive Bit","DIABLO®, DT102B 2"" #10 Torx Drive Bit","Diablo® Dt102B 2"" #10 Torx Drive Bit","DIABLO®, DT102B 2"" #10 Torx Drive Bit",,,,,,,"Bits, Sockets & Hand Tools",,,,,,,,,,,,27111700,,1,EA,DIABLO_DT102B.jpg,DIABLO_DT102B_1.jpg,DIABLO_DT102B_2.jpg,DIABLO_DT102B_3.jpg,DIABLO_DT102B_4.jpg,DIABLO_DT102B_Specification_Sheet.pdf,No,Yes
,DT152B,Tools & Hardware,Hand Tools & Accessories,Screwdriving & Fastening,DT152B,DT152B,"DT152B 2"" #15 Torx Drive Bit",,Diablo,Freud Inc (2435),Freud Inc,DIABLO®,Steel Demon™,DT152B,"Tools & Hardware > Hand Tools & Accessories > Screwdriving & Fastening > Bits, Sockets & Hand Tools","Freud Inc Diablo, 2"" #15 Torx Drive Bit, Dt152B - Part Number: DT152B","2"" #15 TORX DRIVE BIT","Diablo® Dt152B 2"" #15 Torx Drive Bit","DIABLO®, DT152B 2"" #15 Torx Drive Bit","Diablo® Dt152B 2"" #15 Torx Drive Bit","DIABLO®, DT152B 2"" #15 Torx Drive Bit",,,,,,,"Bits, Sockets & Hand Tools",,,,,,,,,,,,27111700,,1,EA,DIABLO_DT152B.jpg,DIABLO_DT152B_1.jpg,DIABLO_DT152B_2.jpg,DIABLO_DT152B_3.jpg,DIABLO_DT152B_4.jpg,DIABLO_DT152B_Specification_Sheet.pdf,No,Yes
,DT1535B,Tools & Hardware,Hand Tools & Accessories,Screwdriving & Fastening,DT1535B,DT1535B,"DT1535B 3-1/2"" #15 Torx Drive - Bit",,Diablo,Freud Inc (2435),Freud Inc,DIABLO®,Steel Demon™,DT1535B,"Tools & Hardware > Hand Tools & Accessories > Screwdriving & Fastening > Bits, Sockets & Hand Tools","Freud Inc Diablo, 3, 1/2"" #15 Torx Drive, Bit, Dt1535B - Part Number: DT1535B","3-1/2"" #15 TORX DRIVE - BIT","Diablo® Dt1535B 3-1/2"" #15 Torx Drive - Bit","DIABLO®, DT1535B 3-1/2"" #15 Torx Drive - Bit","Diablo® Dt1535B 3-1/2"" #15 Torx Drive - Bit","DIABLO®, DT1535B 3-1/2"" #15 Torx Drive - Bit",,,,,,,"Bits, Sockets & Hand Tools",,,,,,,,,,,,27111700,,1,EA,DIABLO_DT1535B.jpg,DIABLO_DT1535B_1.jpg,DIABLO_DT1535B_2.jpg,DIABLO_DT1535B_3.jpg,DIABLO_DT1535B_4.jpg,DIABLO_DT1535B_Specification_Sheet.pdf,No,Yes
,DT202B,Tools & Hardware,Hand Tools & Accessories,Screwdriving & Fastening,DT202B,DT202B,"DT202B 2"" #20 Torx Drive Bit",,Diablo,Freud Inc (2435),Freud Inc,DIABLO®,Steel Demon™,DT202B,"Tools & Hardware > Hand Tools & Accessories > Screwdriving & Fastening > Bits, Sockets & Hand Tools","Freud Inc Diablo, 2"" #20 Torx Drive Bit, Dt202B - Part Number: DT202B","2"" #20 TORX DRIVE BIT","Diablo® Dt202B 2"" #20 Torx Drive Bit","DIABLO®, DT202B 2"" #20 Torx Drive Bit","Diablo® Dt202B 2"" #20 Torx Drive Bit","DIABLO®, DT202B 2"" #20 Torx Drive Bit",,,,,,,"Bits, Sockets & Hand Tools",,,,,,,,,,,,27111700,,1,EA,DIABLO_DT202B.jpg,DIABLO_DT202B_1.jpg,DIABLO_DT202B_2.jpg,DIABLO_DT202B_3.jpg,DIABLO_DT202B_4.jpg,DIABLO_DT202B_Specification_Sheet.pdf,No,Yes
,DT2035B,Tools & Hardware,Hand Tools & Accessories,Screwdriving & Fastening,DT2035B,DT2035B,"DT2035B 3-1/2"" #20 Torx Drive - Bit",,Diablo,Freud Inc (2435),Freud Inc,DIABLO®,Steel Demon™,DT2035B,"Tools & Hardware > Hand Tools & Accessories > Screwdriving & Fastening > Bits, Sockets & Hand Tools","Freud Inc Diablo, 3, 1/2"" #20 Torx Drive, Bit, Dt2035B - Part Number: DT2035B","3-1/2"" #20 TORX DRIVE - BIT","Diablo® Dt2035B 3-1/2"" #20 Torx Drive - Bit","DIABLO®, DT2035B 3-1/2"" #20 Torx Drive - Bit","Diablo® Dt2035B 3-1/2"" #20 Torx Drive - Bit","DIABLO®, DT2035B 3-1/2"" #20 Torx Drive - Bit",,,,,,,"Bits, Sockets & Hand Tools",,,,,,,,,,,,27111700,,1,EA,DIABLO_DT2035B.jpg,DIABLO_DT2035B_1.jpg,DIABLO_DT2035B_2.jpg,DIABLO_DT2035B_3.jpg,DIABLO_DT2035B_4.jpg,DIABLO_DT2035B_Specification_Sheet.pdf,No,Yes
,DT206B,Tools & Hardware,Hand Tools & Accessories,Screwdriving & Fastening,DT206B,DT206B,"DT206B 6"" #20 Torx Drive Bit",,Diablo,Freud Inc (2435),Freud Inc,DIABLO®,Steel Demon™,DT206B,"Tools & Hardware > Hand Tools & Accessories > Screwdriving & Fastening > Bits, Sockets & Hand Tools","Freud Inc Diablo, 6"" #20 Torx Drive Bit, Dt206B - Part Number: DT206B","6"" #20 TORX DRIVE BIT","Diablo® Dt206B 6"" #20 Torx Drive Bit","DIABLO®, DT206B 6"" #20 Torx Drive Bit","Diablo® Dt206B 6"" #20 Torx Drive Bit","DIABLO®, DT206B 6"" #20 Torx Drive Bit",,,,,,,"Bits, Sockets & Hand Tools",,,,,,,,,,,,27111700,,1,EA,DIABLO_DT206B.jpg,DIABLO_DT206B_1.jpg,DIABLO_DT206B_2.jpg,DIABLO_DT206B_3.jpg,DIABLO_DT206B_4.jpg,DIABLO_DT206B_Specification_Sheet.pdf,No,Yes
,DT252B,Tools & Hardware,Hand Tools & Accessories,Screwdriving & Fastening,DT252B,DT252B,"DT252B 2"" #25 Trox Drive Bit",,Diablo,Freud Inc (2435),Freud Inc,DIABLO®,Steel Demon™,DT252B,"Tools & Hardware > Hand Tools & Accessories > Screwdriving & Fastening > Bits, Sockets & Hand Tools","Freud Inc Diablo, 2"" #25 Trox Drive Bit, Dt252B - Part Number: DT252B","2"" #25 TROX DRIVE BIT","Diablo® Dt252B 2"" #25 Trox Drive Bit","DIABLO®, DT252B 2"" #25 Trox Drive Bit","Diablo® Dt252B 2"" #25 Trox Drive Bit","DIABLO®, DT252B 2"" #25 Trox Drive Bit",,,,,,,"Bits, Sockets & Hand Tools",,,,,,,,,,,,27111700,,1,EA,DIABLO_DT252B.jpg,DIABLO_DT252B_1.jpg,DIABLO_DT252B_2.jpg,DIABLO_DT252B_3.jpg,DIABLO_DT252B_4.jpg,DIABLO_DT252B_Specification_Sheet.pdf,No,Yes
,DT2535B,Tools & Hardware,Hand Tools & Accessories,Screwdriving & Fastening,DT2535B,DT2535B,"DT2535B 3-1/4"" #25 Torx Drive - Bit",,Diablo,Freud Inc (2435),Freud Inc,DIABLO®,Steel Demon™,DT2535B,"Tools & Hardware > Hand Tools & Accessories > Screwdriving & Fastening > Bits, Sockets & Hand Tools","Freud Inc Diablo, 3, 1/4"" #25 Torx Drive, Bit, Dt2535B - Part Number: DT2535B","3-1/4"" #25 TORX DRIVE - BIT","Diablo® Dt2535B 3-1/4"" #25 Torx Drive - Bit","DIABLO®, DT2535B 3-1/4"" #25 Torx Drive - Bit","Diablo® Dt2535B 3-1/4"" #25 Torx Drive - Bit","DIABLO®, DT2535B 3-1/4"" #25 Torx Drive - Bit",,,,,,,"Bits, Sockets & Hand Tools",,,,,,,,,,,,27111700,,1,EA,DIABLO_DT2535B.jpg,DIABLO_DT2535B_1.jpg,DIABLO_DT2535B_2.jpg,DIABLO_DT2535B_3.jpg,DIABLO_DT2535B_4.jpg,DIABLO_DT2535B_Specification_Sheet.pdf,No,Yes
,DT256B,Tools & Hardware,Hand Tools & Accessories,Screwdriving & Fastening,DT256B,DT256B,"DT256B 6"" #25 Torx Drive Bit",,Diablo,Freud Inc (2435),Freud Inc,DIABLO®,Steel Demon™,DT256B,"Tools & Hardware > Hand Tools & Accessories > Screwdriving & Fastening > Bits, Sockets & Hand Tools","Freud Inc Diablo, 6"" #25 Torx Drive Bit, Dt256B - Part Number: DT256B","6"" #25 TORX DRIVE BIT","Diablo® Dt256B 6"" #25 Torx Drive Bit","DIABLO®, DT256B 6"" #25 Torx Drive Bit","Diablo® Dt256B 6"" #25 Torx Drive Bit","DIABLO®, DT256B 6"" #25 Torx Drive Bit",,,,,,,"Bits, Sockets & Hand Tools",,,,,,,,,,,,27111700,,1,EA,DIABLO_DT256B.jpg,DIABLO_DT256B_1.jpg,DIABLO_DT256B_2.jpg,DIABLO_DT256B_3.jpg,DIABLO_DT256B_4.jpg,DIABLO_DT256B_Specification_Sheet.pdf,No,Yes
,DT302B,Tools & Hardware,Hand Tools & Accessories,Screwdriving & Fastening,DT302B,DT302B,"DT302B 2"" #30 Torx Drive Bit",,Diablo,Freud Inc (2435),Freud Inc,DIABLO®,Steel Demon™,DT302B,"Tools & Hardware > Hand Tools & Accessories > Screwdriving & Fastening > Bits, Sockets & Hand Tools","Freud Inc Diablo, 2"" #30 Torx Drive Bit, Dt302B - Part Number: DT302B","2"" #30 TORX DRIVE BIT","Diablo® Dt302B 2"" #30 Torx Drive Bit","DIABLO®, DT302B 2"" #30 Torx Drive Bit","Diablo® Dt302B 2"" #30 Torx Drive Bit","DIABLO®, DT302B 2"" #30 Torx Drive Bit",,,,,,,"Bits, Sockets & Hand Tools",,,,,,,,,,,,27111700,,1,EA,DIABLO_DT302B.jpg,DIABLO_DT302B_1.jpg,DIABLO_DT302B_2.jpg,DIABLO_DT302B_3.jpg,DIABLO_DT302B_4.jpg,DIABLO_DT302B_Specification_Sheet.pdf,No,Yes
,DT402B,Tools & Hardware,Hand Tools & Accessories,Screwdriving & Fastening,DT402B,DT402B,"DT402B 2"" #40 Torx Drive Bit",,Diablo,Freud Inc (2435),Freud Inc,DIABLO®,Steel Demon™,DT402B,"Tools & Hardware > Hand Tools & Accessories > Screwdriving & Fastening > Bits, Sockets & Hand Tools","Freud Inc Diablo, 2"" #40 Torx Drive Bit, Dt402B - Part Number: DT402B","2"" #40 TORX DRIVE BIT","Diablo® Dt402B 2"" #40 Torx Drive Bit","DIABLO®, DT402B 2"" #40 Torx Drive Bit","Diablo® Dt402B 2"" #40 Torx Drive Bit","DIABLO®, DT402B 2"" #40 Torx Drive Bit",,,,,,,"Bits, Sockets & Hand Tools",,,,,,,,,,,,27111700,,1,EA,DIABLO_DT402B.jpg,DIABLO_DT402B_1.jpg,DIABLO_DT402B_2.jpg,DIABLO_DT402B_3.jpg,DIABLO_DT402B_4.jpg,DIABLO_DT402B_Specification_Sheet.pdf,No,Yes
,DDWSSB,Building Materials,Siding & Sheathing,Wall & Floor Panels,DDWSSB,DDWSSB,DDWSSB #2 Drywall Screw Setter,,Diablo,Freud Inc (2435),Freud Inc,DIABLO®,Steel Demon™,DDWSSB,Building Materials > Siding & Sheathing > Wall & Floor Panels > Exterior Siding & Sheathing,"Freud Inc Diablo, #2 Drywall Screw Setter, Ddwssb - Part Number: DDWSSB",#2 DRYWALL SCREW SETTER,Diablo® Ddwssb #2 Drywall Screw Setter,"DIABLO®, DDWSSB #2 Drywall Screw Setter",Diablo® Ddwssb #2 Drywall Screw Setter,"DIABLO®, DDWSSB #2 Drywall Screw Setter",,,,,,,Exterior Siding & Sheathing,,,,,,,,,,,,30151600,,1,EA,DIABLO_DDWSSB.jpg,DIABLO_DDWSSB_1.jpg,DIABLO_DDWSSB_2.jpg,DIABLO_DDWSSB_3.jpg,DIABLO_DDWSSB_4.jpg,DIABLO_DDWSSB_Specification_Sheet.pdf,No,Yes
,191V02-0,Tools & Hardware,Hand Tools & Accessories,Screwdriving & Fastening,191V02-0,191V02-0,191V02-0 Makita #2 Phillips Bit 5pk,,,Makita Usa Inc (5142),Makita USA Inc,MAKITA®,LXT®,191V02-0,"Tools & Hardware > Hand Tools & Accessories > Screwdriving & Fastening > Bits, Sockets & Hand Tools","Makita USA Inc, Makita Usa Inc Makita, Makita #2 Phillips Bit 5Pk, 191V02-0",MAKITA #2 PHILLIPS BIT 5PK,Makita® 191V02-0 Makita #2 Phillips Bit 5Pk,"MAKITA®, 191V02-0 Makita #2 Phillips Bit 5pk, Package Quantity: 5 pk",Makita® 191V02-0 Makita #2 Phillips Bit 5Pk,"MAKITA®, 191V02-0 Makita #2 Phillips Bit 5pk, Package Quantity: 5 pk",Package Quantity: 5 pk,,,,,,"Bits, Sockets & Hand Tools",Package Quantity,5,pk,,,,,,,,,27111700,,1,EA,MAKITA_191V02-0.jpg,MAKITA_191V02-0_1.jpg,MAKITA_191V02-0_2.jpg,MAKITA_191V02-0_3.jpg,MAKITA_191V02-0_4.jpg,MAKITA_191V02-0_Specification_Sheet.pdf,No,Yes
,XTS02Z,Tools & Hardware,Fastening Tools,Nailers & Staplers,XTS02Z,XTS02Z,"XTS02Z Makita 18V 1/4"" Narrow Crown Stapler 18GA",,,Makita Usa Inc (5142),Makita USA Inc,MAKITA®,LXT®,XTS02Z,Tools & Hardware > Fastening Tools > Nailers & Staplers > Pneumatic & Cordless Fastening,"Makita Usa Inc Makita, Makita 18V 1/4"" Narrow Crown Stapler 18Ga, Xts02Z","MAKITA 18V 1/4"" NARROW CROWN STAPLER","Makita® Xts02Z Makita 18V 1/4"" Narrow Crown Stapler 18Ga","MAKITA®, XTS02Z Makita 18V 1/4"" Narrow Crown Stapler 18GA, Voltage: 18 V","Makita® Xts02Z Makita 18V 1/4"" Narrow Crown Stapler 18Ga","MAKITA®, XTS02Z Makita 18V 1/4"" Narrow Crown Stapler 18GA, Voltage: 18 V",Voltage: 18 V,,,,,,Pneumatic & Cordless Fastening,Voltage,18,V,,,,,,,,,27112713,,1,EA,MAKITA_XTS02Z.jpg,MAKITA_XTS02Z_1.jpg,MAKITA_XTS02Z_2.jpg,MAKITA_XTS02Z_3.jpg,MAKITA_XTS02Z_4.jpg,MAKITA_XTS02Z_Specification_Sheet.pdf,No,Yes
https://www.dewalt.com/product/DCF809D1,DCF809D1,Tools & Hardware,Power Tools,Cordless & Corded Power Tools,DCF809D1,DCF809D1,"DCF809D1 Dewalt Atomic 20V 1/4"" Impact Driver Kit",,DEWALT,Black & Decker/dewlt (2585),Stanley Black & Decker,DEWALT®,Guaranteed Tough®,DCF809D1,Tools & Hardware > Power Tools > Cordless & Corded Power Tools > Power Tools,"Stanley Black & Decker Dewalt, Dewalt Atomic 20V 1/4"" Impact Driver Kit,","DEWALT ATOMIC 20V 1/4"" IMPACT DRIVER KIT","Dewalt® Dcf809D1 Dewalt Atomic 20V 1/4"" Impact Driver Kit","DEWALT®, DCF809D1 Dewalt Atomic 20V 1/4"" Impact Driver Kit, Voltage: 20 V","Dewalt® Dcf809D1 Dewalt Atomic 20V 1/4"" Impact Driver Kit","DEWALT®, DCF809D1 Dewalt Atomic 20V 1/4"" Impact Driver Kit, Voltage: 20 V",Voltage: 20 V,,,,,,Power Tools,Voltage,20,V,,,,,,,,,27112700,,1,EA,DEWALT_DCF809D1.jpg,DEWALT_DCF809D1_1.jpg,DEWALT_DCF809D1_2.jpg,DEWALT_DCF809D1_3.jpg,DEWALT_DCF809D1_4.jpg,DEWALT_DCF809D1_Specification_Sheet.pdf,No,Yes
https://www.milwaukeetool.com/Products/2761-20,2761-20,Industrial MRO,Hardware & Supplies,General Maintenance,2761-20,2761-20,"2761-20 Milw M18 1/4"" Hex Hydraulic Driver",,,Milwaukee Accessory (4031),Milwaukee Electric Tool Corp,MILWAUKEE®,Heavy Duty™,2761-20,Industrial MRO > Hardware & Supplies > General Maintenance > Industrial Supplies,"Milwaukee Electric Tool Corp Milwaukee, Milw M18 1/4"" Hex Hydraulic Driver,","MILW M18 1/4"" HEX HYDRAULIC DRIVER","Milwaukee® 2761-20 Milw M18 1/4"" Hex Hydraulic Driver","MILWAUKEE®, 2761-20 Milw M18 1/4"" Hex Hydraulic Driver","Milwaukee® 2761-20 Milw M18 1/4"" Hex Hydraulic Driver","MILWAUKEE®, 2761-20 Milw M18 1/4"" Hex Hydraulic Driver",,,,,,,Industrial Supplies,,,,,,,,,,,,31160000,,1,EA,MILWAUKEE_2761-20.jpg,MILWAUKEE_2761-20_1.jpg,MILWAUKEE_2761-20_2.jpg,MILWAUKEE_2761-20_3.jpg,MILWAUKEE_2761-20_4.jpg,MILWAUKEE_2761-20_Specification_Sheet.pdf,No,Yes
https://www.milwaukeetool.com/Products/2761-22,2761-22,Industrial MRO,Hardware & Supplies,General Maintenance,2761-22,2761-22,2761-22 Milw M18 Surge Kit,,,Milwaukee Accessory (4031),Milwaukee Electric Tool Corp,MILWAUKEE®,Heavy Duty™,2761-22,Industrial MRO > Hardware & Supplies > General Maintenance > Industrial Supplies,"Milwaukee Electric Tool Corp Milwaukee, Milw M18 Surge Kit, 2761-22",MILW M18 SURGE KIT,Milwaukee® 2761-22 Milw M18 Surge Kit,"MILWAUKEE®, 2761-22 Milw M18 Surge Kit",Milwaukee® 2761-22 Milw M18 Surge Kit,"MILWAUKEE®, 2761-22 Milw M18 Surge Kit",,,,,,,Industrial Supplies,,,,,,,,,,,,31160000,,1,EA,MILWAUKEE_2761-22.jpg,MILWAUKEE_2761-22_1.jpg,MILWAUKEE_2761-22_2.jpg,MILWAUKEE_2761-22_3.jpg,MILWAUKEE_2761-22_4.jpg,MILWAUKEE_2761-22_Specification_Sheet.pdf,No,Yes
https://www.milwaukeetool.com/Products/3450-20,3450-20,Tools & Hardware,Power Tools,Cordless & Corded Power Tools,3450-20,3450-20,3450-20 Milw M12 Impact Driver - Brushless Compact (Bare),,,Milwaukee Accessory (4031),Milwaukee Electric Tool Corp,MILWAUKEE®,Heavy Duty™,3450-20,Tools & Hardware > Power Tools > Cordless & Corded Power Tools > Power Tools,"Milwaukee Electric Tool Corp Milwaukee, Milw M12 Impact Driver, Brushless",MILW M12 IMPACT DRIVER - BRUSHLESS,Milwaukee® 3450-20 Milw M12 Impact Driver - Brushless Compact (Bare),"MILWAUKEE®, 3450-20 Milw M12 Impact Driver - Brushless Compact (Bare)",Milwaukee® 3450-20 Milw M12 Impact Driver - Brushless Compact (Bare),"MILWAUKEE®, 3450-20 Milw M12 Impact Driver - Brushless Compact (Bare)",,,,,,,Power Tools,,,,,,,,,,,,27112700,,1,EA,MILWAUKEE_3450-20.jpg,MILWAUKEE_3450-20_1.jpg,MILWAUKEE_3450-20_2.jpg,MILWAUKEE_3450-20_3.jpg,MILWAUKEE_3450-20_4.jpg,MILWAUKEE_3450-20_Specification_Sheet.pdf,No,Yes
,KPTDV025A,Tools & Hardware,Power Tools,Cordless & Corded Power Tools,KPTDV025A,KPTDV025A,KPTDV025A Kreg 20V Ionic Compact Impact Driver,,,Kreg Tool Company (KRETO),Kreg Tool Company,KREG®,Kreg®,KPTDV025A,Tools & Hardware > Power Tools > Cordless & Corded Power Tools > Power Tools,"Kreg Tool Company Kreg, Kreg 20V Ionic Compact Impact Driver, Kptdv025A",KREG 20V IONIC COMPACT IMPACT DRIVER,Kreg® Kptdv025A Kreg 20V Ionic Compact Impact Driver,"KREG®, KPTDV025A Kreg 20V Ionic Compact Impact Driver, Voltage: 20 V",Kreg® Kptdv025A Kreg 20V Ionic Compact Impact Driver,"KREG®, KPTDV025A Kreg 20V Ionic Compact Impact Driver, Voltage: 20 V",Voltage: 20 V,,,,,,Power Tools,Voltage,20,V,,,,,,,,,27112700,,1,EA,KREG_KPTDV025A.jpg,KREG_KPTDV025A_1.jpg,KREG_KPTDV025A_2.jpg,KREG_KPTDV025A_3.jpg,KREG_KPTDV025A_4.jpg,KREG_KPTDV025A_Specification_Sheet.pdf,No,Yes
https://www.milwaukeetool.com/Products/3048-20,3048-20,Tools & Hardware,Power Tools,Cordless & Corded Power Tools,3048-20,3048-20,"3048-20 Milw M12 1/4"" Impact Wrench w/Friction Ring",,,Milwaukee Accessory (4031),Milwaukee Electric Tool Corp,MILWAUKEE®,Heavy Duty™,3048-20,Tools & Hardware > Power Tools > Cordless & Corded Power Tools > Power Tools,"Milwaukee Electric Tool Corp Milwaukee, Milw M12 1/4"" Impact Wrench W/Friction","MILW M12 1/4"" IMPACT WRENCH W/FRICTION","Milwaukee® 3048-20 Milw M12 1/4"" Impact Wrench W/Friction Ring","MILWAUKEE®, 3048-20 Milw M12 1/4"" Impact Wrench w/Friction Ring","Milwaukee® 3048-20 Milw M12 1/4"" Impact Wrench W/Friction Ring","MILWAUKEE®, 3048-20 Milw M12 1/4"" Impact Wrench w/Friction Ring",,,,,,,Power Tools,,,,,,,,,,,,27112700,,1,EA,MILWAUKEE_3048-20.jpg,MILWAUKEE_3048-20_1.jpg,MILWAUKEE_3048-20_2.jpg,MILWAUKEE_3048-20_3.jpg,MILWAUKEE_3048-20_4.jpg,MILWAUKEE_3048-20_Specification_Sheet.pdf,No,Yes
https://www.milwaukeetool.com/Products/3049-20,3049-20,Tools & Hardware,Power Tools,Cordless & Corded Power Tools,3049-20,3049-20,"3049-20 Milw M12 3/8"" Impact Wrench w/Friction Ring",,,Milwaukee Accessory (4031),Milwaukee Electric Tool Corp,MILWAUKEE®,Heavy Duty™,3049-20,Tools & Hardware > Power Tools > Cordless & Corded Power Tools > Power Tools,"Milwaukee Electric Tool Corp Milwaukee, Milw M12 3/8"" Impact Wrench W/Friction","MILW M12 3/8"" IMPACT WRENCH W/FRICTION","Milwaukee® 3049-20 Milw M12 3/8"" Impact Wrench W/Friction Ring","MILWAUKEE®, 3049-20 Milw M12 3/8"" Impact Wrench w/Friction Ring","Milwaukee® 3049-20 Milw M12 3/8"" Impact Wrench W/Friction Ring","MILWAUKEE®, 3049-20 Milw M12 3/8"" Impact Wrench w/Friction Ring",,,,,,,Power Tools,,,,,,,,,,,,27112700,,1,EA,MILWAUKEE_3049-20.jpg,MILWAUKEE_3049-20_1.jpg,MILWAUKEE_3049-20_2.jpg,MILWAUKEE_3049-20_3.jpg,MILWAUKEE_3049-20_4.jpg,MILWAUKEE_3049-20_Specification_Sheet.pdf,No,Yes
https://www.milwaukeetool.com/Products/2563-20,2563-20,Tools & Hardware,Power Tools,Cordless & Corded Power Tools,2563-20,2563-20,"2563-20 Milw M12 Stubby 1/2"" Impact Wrench",,,Milwaukee Accessory (4031),Milwaukee Electric Tool Corp,MILWAUKEE®,Heavy Duty™,2563-20,Tools & Hardware > Power Tools > Cordless & Corded Power Tools > Power Tools,"Milwaukee Electric Tool Corp Milwaukee, Milw M12 Stubby 1/2"" Impact Wrench,","MILW M12 STUBBY 1/2"" IMPACT WRENCH","Milwaukee® 2563-20 Milw M12 Stubby 1/2"" Impact Wrench","MILWAUKEE®, 2563-20 Milw M12 Stubby 1/2"" Impact Wrench","Milwaukee® 2563-20 Milw M12 Stubby 1/2"" Impact Wrench","MILWAUKEE®, 2563-20 Milw M12 Stubby 1/2"" Impact Wrench",,,,,,,Power Tools,,,,,,,,,,,,27112700,,1,EA,MILWAUKEE_2563-20.jpg,MILWAUKEE_2563-20_1.jpg,MILWAUKEE_2563-20_2.jpg,MILWAUKEE_2563-20_3.jpg,MILWAUKEE_2563-20_4.jpg,MILWAUKEE_2563-20_Specification_Sheet.pdf,No,Yes
https://www.dewalt.com/product/DCF961B,DCF961B,Industrial MRO,Hardware & Supplies,General Maintenance,DCF961B,DCF961B,"Dewalt DCF961B 20V 1/2"" Impact - Bare Tool",,DEWALT,Black & Decker/dewlt (2585),Stanley Black & Decker,DEWALT®,Guaranteed Tough®,DCF961B,Industrial MRO > Hardware & Supplies > General Maintenance > Industrial Supplies,"Stanley Black & Decker Dewalt, Dewalt Dcf961B 20V 1/2"" Impact, Bare Tool,","DEWALT DCF961B 20V 1/2"" IMPACT - BARE","Dewalt® Dcf961B Dewalt Dcf961B 20V 1/2"" Impact - Bare Tool","DEWALT®, Dewalt DCF961B 20V 1/2"" Impact - Bare Tool, Voltage: 20 V","Dewalt® Dcf961B Dewalt Dcf961B 20V 1/2"" Impact - Bare Tool","DEWALT®, Dewalt DCF961B 20V 1/2"" Impact - Bare Tool, Voltage: 20 V",Voltage: 20 V,,,,,,Industrial Supplies,Voltage,20,V,,,,,,,,,31160000,,1,EA,DEWALT_DCF961B.jpg,DEWALT_DCF961B_1.jpg,DEWALT_DCF961B_2.jpg,DEWALT_DCF961B_3.jpg,DEWALT_DCF961B_4.jpg,DEWALT_DCF961B_Specification_Sheet.pdf,No,Yes
https://www.dewalt.com/product/DCF964B,DCF964B,Tools & Hardware,Hand Tools & Accessories,Screwdriving & Fastening,DCF964B,DCF964B,"DCF964B Dewalt 20V 3/4"" Impact - Wrench (Bare)",,DEWALT,Black & Decker/dewlt (2585),Stanley Black & Decker,DEWALT®,Guaranteed Tough®,DCF964B,"Tools & Hardware > Hand Tools & Accessories > Screwdriving & Fastening > Bits, Sockets & Hand Tools","Stanley Black & Decker Dewalt, Dewalt 20V 3/4"" Impact, Wrench (Bare), Dcf964B","DEWALT 20V 3/4"" IMPACT - WRENCH (BARE)","Dewalt® Dcf964B Dewalt 20V 3/4"" Impact - Wrench (Bare)","DEWALT®, DCF964B Dewalt 20V 3/4"" Impact - Wrench (Bare), Voltage: 20 V","Dewalt® Dcf964B Dewalt 20V 3/4"" Impact - Wrench (Bare)","DEWALT®, DCF964B Dewalt 20V 3/4"" Impact - Wrench (Bare), Voltage: 20 V",Voltage: 20 V,,,,,,"Bits, Sockets & Hand Tools",Voltage,20,V,,,,,,,,,27111700,,1,EA,DEWALT_DCF964B.jpg,DEWALT_DCF964B_1.jpg,DEWALT_DCF964B_2.jpg,DEWALT_DCF964B_3.jpg,DEWALT_DCF964B_4.jpg,DEWALT_DCF964B_Specification_Sheet.pdf,No,Yes
https://www.milwaukeetool.com/Products/2563P-20,2563P-20,Tools & Hardware,Power Tools,Cordless & Corded Power Tools,2563P-20,2563P-20,"2563P-20 Milw M12 1/2"" Stubby - Impact Wrench w/Pin Detent",,,Milwaukee Accessory (4031),Milwaukee Electric Tool Corp,MILWAUKEE®,Heavy Duty™,2563P-20,Tools & Hardware > Power Tools > Cordless & Corded Power Tools > Power Tools,"Milwaukee Electric Tool Corp Milwaukee, Milw M12 1/2"" Stubby, Impact Wrench","MILW M12 1/2"" STUBBY - IMPACT WRENCH","Milwaukee® 2563P-20 Milw M12 1/2"" Stubby - Impact Wrench W/Pin Detent","MILWAUKEE®, 2563P-20 Milw M12 1/2"" Stubby - Impact Wrench w/Pin Detent","Milwaukee® 2563P-20 Milw M12 1/2"" Stubby - Impact Wrench W/Pin Detent","MILWAUKEE®, 2563P-20 Milw M12 1/2"" Stubby - Impact Wrench w/Pin Detent",,,,,,,Power Tools,,,,,,,,,,,,27112700,,1,EA,MILWAUKEE_2563P-20.jpg,MILWAUKEE_2563P-20_1.jpg,MILWAUKEE_2563P-20_2.jpg,MILWAUKEE_2563P-20_3.jpg,MILWAUKEE_2563P-20_4.jpg,MILWAUKEE_2563P-20_Specification_Sheet.pdf,No,Yes
https://www.dewalt.com/product/DCF921P2,DCF921P2,Industrial MRO,Hardware & Supplies,General Maintenance,DCF921P2,DCF921P2,DCF921P2 Dewalt 20V 1/2 Impact,,,Black & Decker/dewlt (2585),Stanley Black & Decker,DEWALT®,Guaranteed Tough®,DCF921P2,Industrial MRO > Hardware & Supplies > General Maintenance > Industrial Supplies,"Stanley Black & Decker Dewalt, Dewalt 20V 1/2 Impact, Dcf921P2",DEWALT 20V 1/2 IMPACT,Dewalt® Dcf921P2 Dewalt 20V 1/2 Impact,"DEWALT®, DCF921P2 Dewalt 20V 1/2 Impact, Voltage: 20 V",Dewalt® Dcf921P2 Dewalt 20V 1/2 Impact,"DEWALT®, DCF921P2 Dewalt 20V 1/2 Impact, Voltage: 20 V",Voltage: 20 V,,,,,,Industrial Supplies,Voltage,20,V,,,,,,,,,31160000,,1,EA,DEWALT_DCF921P2.jpg,DEWALT_DCF921P2_1.jpg,DEWALT_DCF921P2_2.jpg,DEWALT_DCF921P2_3.jpg,DEWALT_DCF921P2_4.jpg,DEWALT_DCF921P2_Specification_Sheet.pdf,No,Yes
,XLT03Z,Industrial MRO,Hardware & Supplies,General Maintenance,XLT03Z,XLT03Z,"XLT03Z Makita 3/8"" 18V Angle Impact",,,Makita Usa Inc (5142),Makita USA Inc,MAKITA®,LXT®,XLT03Z,Industrial MRO > Hardware & Supplies > General Maintenance > Industrial Supplies,"Makita USA Inc, Makita Usa Inc Makita, Makita 3/8"" 18V Angle Impact, Xlt03Z","MAKITA 3/8"" 18V ANGLE IMPACT","Makita® Xlt03Z Makita 3/8"" 18V Angle Impact","MAKITA®, XLT03Z Makita 3/8"" 18V Angle Impact, Voltage: 18 V","Makita® Xlt03Z Makita 3/8"" 18V Angle Impact","MAKITA®, XLT03Z Makita 3/8"" 18V Angle Impact, Voltage: 18 V",Voltage: 18 V,,,,,,Industrial Supplies,Voltage,18,V,,,,,,,,,31160000,,1,EA,MAKITA_XLT03Z.jpg,MAKITA_XLT03Z_1.jpg,MAKITA_XLT03Z_2.jpg,MAKITA_XLT03Z_3.jpg,MAKITA_XLT03Z_4.jpg,MAKITA_XLT03Z_Specification_Sheet.pdf,No,Yes
,XLT04Z,Industrial MRO,Hardware & Supplies,General Maintenance,XLT04Z,XLT04Z,"XLT04Z Makita 1/4"" 18V Angle Impact",,,Makita Usa Inc (5142),Makita USA Inc,MAKITA®,LXT®,XLT04Z,Industrial MRO > Hardware & Supplies > General Maintenance > Industrial Supplies,"Makita USA Inc, Makita Usa Inc Makita, Makita 1/4"" 18V Angle Impact, Xlt04Z","MAKITA 1/4"" 18V ANGLE IMPACT","Makita® Xlt04Z Makita 1/4"" 18V Angle Impact","MAKITA®, XLT04Z Makita 1/4"" 18V Angle Impact, Voltage: 18 V","Makita® Xlt04Z Makita 1/4"" 18V Angle Impact","MAKITA®, XLT04Z Makita 1/4"" 18V Angle Impact, Voltage: 18 V",Voltage: 18 V,,,,,,Industrial Supplies,Voltage,18,V,,,,,,,,,31160000,,1,EA,MAKITA_XLT04Z.jpg,MAKITA_XLT04Z_1.jpg,MAKITA_XLT04Z_2.jpg,MAKITA_XLT04Z_3.jpg,MAKITA_XLT04Z_4.jpg,MAKITA_XLT04Z_Specification_Sheet.pdf,No,Yes
,XLT05Z,Industrial MRO,Hardware & Supplies,General Maintenance,XLT05Z,XLT05Z,"XLT05Z Makita 1/2"" 18V Angle Impact",,,Makita Usa Inc (5142),Makita USA Inc,MAKITA®,LXT®,XLT05Z,Industrial MRO > Hardware & Supplies > General Maintenance > Industrial Supplies,"Makita USA Inc, Makita Usa Inc Makita, Makita 1/2"" 18V Angle Impact, Xlt05Z","MAKITA 1/2"" 18V ANGLE IMPACT","Makita® Xlt05Z Makita 1/2"" 18V Angle Impact","MAKITA®, XLT05Z Makita 1/2"" 18V Angle Impact, Voltage: 18 V","Makita® Xlt05Z Makita 1/2"" 18V Angle Impact","MAKITA®, XLT05Z Makita 1/2"" 18V Angle Impact, Voltage: 18 V",Voltage: 18 V,,,,,,Industrial Supplies,Voltage,18,V,,,,,,,,,31160000,,1,EA,MAKITA_XLT05Z.jpg,MAKITA_XLT05Z_1.jpg,MAKITA_XLT05Z_2.jpg,MAKITA_XLT05Z_3.jpg,MAKITA_XLT05Z_4.jpg,MAKITA_XLT05Z_Specification_Sheet.pdf,No,Yes
https://www.dewalt.com/product/DCF510B,DCF510B,Industrial MRO,Hardware & Supplies,General Maintenance,DCF510B,DCF510B,Dewalt DCF510B 20V Rachet - Interchangeable Anvil,,DEWALT,Black & Decker/dewlt (2585),Stanley Black & Decker,DEWALT®,Guaranteed Tough®,DCF510B,Industrial MRO > Hardware & Supplies > General Maintenance > Industrial Supplies,"Stanley Black & Decker Dewalt, Dewalt Dcf510B 20V Rachet, Interchangeable",DEWALT DCF510B 20V RACHET -,Dewalt® Dcf510B Dewalt Dcf510B 20V Rachet - Interchangeable Anvil,"DEWALT®, Dewalt DCF510B 20V Rachet - Interchangeable Anvil, Voltage: 20 V",Dewalt® Dcf510B Dewalt Dcf510B 20V Rachet - Interchangeable Anvil,"DEWALT®, Dewalt DCF510B 20V Rachet - Interchangeable Anvil, Voltage: 20 V",Voltage: 20 V,,,,,,Industrial Supplies,Voltage,20,V,,,,,,,,,31160000,,1,EA,DEWALT_DCF510B.jpg,DEWALT_DCF510B_1.jpg,DEWALT_DCF510B_2.jpg,DEWALT_DCF510B_3.jpg,DEWALT_DCF510B_4.jpg,DEWALT_DCF510B_Specification_Sheet.pdf,No,Yes
https://www.milwaukeetool.com/Products/3052-20,3052-20,Industrial MRO,Hardware & Supplies,General Maintenance,3052-20,3052-20,"3052-20 Milw M12 Fuel 1/4"" Rachet",,,Milwaukee Accessory (4031),Milwaukee Electric Tool Corp,MILWAUKEE®,Heavy Duty™,3052-20,Industrial MRO > Hardware & Supplies > General Maintenance > Industrial Supplies,"Milwaukee Electric Tool Corp Milwaukee, Milw M12 Fuel 1/4"" Rachet, 3052-20","MILW M12 FUEL 1/4"" RACHET","Milwaukee® 3052-20 Milw M12 Fuel 1/4"" Rachet","MILWAUKEE®, 3052-20 Milw M12 Fuel 1/4"" Rachet","Milwaukee® 3052-20 Milw M12 Fuel 1/4"" Rachet","MILWAUKEE®, 3052-20 Milw M12 Fuel 1/4"" Rachet",,,,,,,Industrial Supplies,,,,,,,,,,,,31160000,,1,EA,MILWAUKEE_3052-20.jpg,MILWAUKEE_3052-20_1.jpg,MILWAUKEE_3052-20_2.jpg,MILWAUKEE_3052-20_3.jpg,MILWAUKEE_3052-20_4.jpg,MILWAUKEE_3052-20_Specification_Sheet.pdf,No,Yes
https://www.milwaukeetool.com/Products/3054-20,3054-20,Tools & Hardware,Power Tools,Cordless & Corded Power Tools,3054-20,3054-20,"3054-20 Milw M12 1/2"" Ratchet (Bare)",,,Milwaukee Accessory (4031),Milwaukee Electric Tool Corp,MILWAUKEE®,Heavy Duty™,3054-20,Tools & Hardware > Power Tools > Cordless & Corded Power Tools > Power Tools,"Milwaukee Electric Tool Corp Milwaukee, Milw M12 1/2"" Ratchet (Bare), 3054-20","MILW M12 1/2"" RATCHET (BARE)","Milwaukee® 3054-20 Milw M12 1/2"" Ratchet (Bare)","MILWAUKEE®, 3054-20 Milw M12 1/2"" Ratchet (Bare)","Milwaukee® 3054-20 Milw M12 1/2"" Ratchet (Bare)","MILWAUKEE®, 3054-20 Milw M12 1/2"" Ratchet (Bare)",,,,,,,Power Tools,,,,,,,,,,,,27112700,,1,EA,MILWAUKEE_3054-20.jpg,MILWAUKEE_3054-20_1.jpg,MILWAUKEE_3054-20_2.jpg,MILWAUKEE_3054-20_3.jpg,MILWAUKEE_3054-20_4.jpg,MILWAUKEE_3054-20_Specification_Sheet.pdf,No,Yes
https://www.dewalt.com/product/DCF513EB,DCF513EB,Industrial MRO,Hardware & Supplies,General Maintenance,DCF513EB,DCF513EB,"DCF513EB Dewalt 3/8"" Open Head Rachet",,,Black & Decker/dewlt (2585),Stanley Black & Decker,DEWALT®,Guaranteed Tough®,DCF513EB,Industrial MRO > Hardware & Supplies > General Maintenance > Industrial Supplies,"Stanley Black & Decker Dewalt, Dewalt 3/8"" Open Head Rachet, Dcf513Eb","DEWALT 3/8"" OPEN HEAD RACHET","Dewalt® Dcf513Eb Dewalt 3/8"" Open Head Rachet","DEWALT®, DCF513EB Dewalt 3/8"" Open Head Rachet","Dewalt® Dcf513Eb Dewalt 3/8"" Open Head Rachet","DEWALT®, DCF513EB Dewalt 3/8"" Open Head Rachet",,,,,,,Industrial Supplies,,,,,,,,,,,,31160000,,1,EA,DEWALT_DCF513EB.jpg,DEWALT_DCF513EB_1.jpg,DEWALT_DCF513EB_2.jpg,DEWALT_DCF513EB_3.jpg,DEWALT_DCF513EB_4.jpg,DEWALT_DCF513EB_Specification_Sheet.pdf,No,Yes
,XVP01Z,Tools & Abrasives,Abrasives,Sanding Belts & Sheets,XVP01Z,XVP01Z,"XVP01Z Makita 18V 3"" Polisher/ 2"" Sander",,,Makita Usa Inc (5142),Makita USA Inc,MAKITA®,LXT®,XVP01Z,Tools & Abrasives > Abrasives > Sanding Belts & Sheets > Sanding Belts,"Makita Usa Inc Makita, Makita 18V 3"" Polisher/ 2"" Sander, Xvp01Z","MAKITA 18V 3"" POLISHER/ 2"" SANDER","Makita® Xvp01Z Makita 18V 3"" Polisher/ 2"" Sander","MAKITA®, XVP01Z Makita 18V 3"" Polisher/ 2"" Sander, Voltage: 18 V","Makita® Xvp01Z Makita 18V 3"" Polisher/ 2"" Sander","MAKITA®, XVP01Z Makita 18V 3"" Polisher/ 2"" Sander, Voltage: 18 V",Voltage: 18 V,,,,,,Sanding Belts,Voltage,18,V,,,,,,,,,31191501,,1,EA,MAKITA_XVP01Z.jpg,MAKITA_XVP01Z_1.jpg,MAKITA_XVP01Z_2.jpg,MAKITA_XVP01Z_3.jpg,MAKITA_XVP01Z_4.jpg,MAKITA_XVP01Z_Specification_Sheet.pdf,No,Yes
https://www.dewalt.com/product/DCM200B,DCM200B,Industrial MRO,Hardware & Supplies,General Maintenance,DCM200B,DCM200B,DCM200B Dewalt 1/2in x 18in - Band File,,DEWALT,Black & Decker/dewlt (2585),Stanley Black & Decker,DEWALT®,Guaranteed Tough®,DCM200B,Industrial MRO > Hardware & Supplies > General Maintenance > Industrial Supplies,"Stanley Black & Decker Dewalt, Dewalt 1/2In X 18In, Band File, Dcm200B",DEWALT 1/2IN X 18IN - BAND FILE,Dewalt® Dcm200B Dewalt 1/2In X 18In - Band File,"DEWALT®, DCM200B Dewalt 1/2in x 18in - Band File",Dewalt® Dcm200B Dewalt 1/2In X 18In - Band File,"DEWALT®, DCM200B Dewalt 1/2in x 18in - Band File",,,,,,,Industrial Supplies,,,,,,,,,,,,31160000,,1,EA,DEWALT_DCM200B.jpg,DEWALT_DCM200B_1.jpg,DEWALT_DCM200B_2.jpg,DEWALT_DCM200B_3.jpg,DEWALT_DCM200B_4.jpg,DEWALT_DCM200B_Specification_Sheet.pdf,No,Yes
https://www.dewalt.com/product/DCG410B,DCG410B,Industrial MRO,Hardware & Supplies,General Maintenance,DCG410B,DCG410B,"DCG410B Dewalt 20V 4-1/2""-5"" - Angle Grinder (Bare)",,DEWALT,Black & Decker/dewlt (2585),Stanley Black & Decker,DEWALT®,Guaranteed Tough®,DCG410B,Industrial MRO > Hardware & Supplies > General Maintenance > Industrial Supplies,"Stanley Black & Decker Dewalt, Dewalt 20V 4, 1/2"", 5"", Angle Grinder (Bare),","DEWALT 20V 4-1/2""-5"" - ANGLE GRINDER","Dewalt® Dcg410B Dewalt 20V 4-1/2""-5"" - Angle Grinder (Bare)","DEWALT®, DCG410B Dewalt 20V 4-1/2""-5"" - Angle Grinder (Bare), Voltage: 20 V","Dewalt® Dcg410B Dewalt 20V 4-1/2""-5"" - Angle Grinder (Bare)","DEWALT®, DCG410B Dewalt 20V 4-1/2""-5"" - Angle Grinder (Bare), Voltage: 20 V",Voltage: 20 V,,,,,,Industrial Supplies,Voltage,20,V,,,,,,,,,31160000,,1,EA,DEWALT_DCG410B.jpg,DEWALT_DCG410B_1.jpg,DEWALT_DCG410B_2.jpg,DEWALT_DCG410B_3.jpg,DEWALT_DCG410B_4.jpg,DEWALT_DCG410B_Specification_Sheet.pdf,No,Yes
https://www.dewalt.com/product/DCG460B,DCG460B,Industrial MRO,Hardware & Supplies,General Maintenance,DCG460B,DCG460B,"DCG460B Dewalt 60V Grinder - 7-9""",,DEWALT,Black & Decker/dewlt (2585),Stanley Black & Decker,DEWALT®,Guaranteed Tough®,DCG460B,Industrial MRO > Hardware & Supplies > General Maintenance > Industrial Supplies,"Stanley Black & Decker Dewalt, Dewalt 60V Grinder, 7, 9"", Dcg460B","DEWALT 60V GRINDER - 7-9""","Dewalt® Dcg460B Dewalt 60V Grinder - 7-9""","DEWALT®, DCG460B Dewalt 60V Grinder - 7-9"", Voltage: 60 V","Dewalt® Dcg460B Dewalt 60V Grinder - 7-9""","DEWALT®, DCG460B Dewalt 60V Grinder - 7-9"", Voltage: 60 V",Voltage: 60 V,,,,,,Industrial Supplies,Voltage,60,V,,,,,,,,,31160000,,1,EA,DEWALT_DCG460B.jpg,DEWALT_DCG460B_1.jpg,DEWALT_DCG460B_2.jpg,DEWALT_DCG460B_3.jpg,DEWALT_DCG460B_4.jpg,DEWALT_DCG460B_Specification_Sheet.pdf,No,Yes
https://www.dewalt.com/product/DCG402B,DCG402B,Industrial MRO,Hardware & Supplies,General Maintenance,DCG402B,DCG402B,"DCG402B Dewalt 20V 4.5"" Angle Grinder (Bare)",,,Black & Decker/dewlt (2585),Stanley Black & Decker,DEWALT®,Guaranteed Tough®,DCG402B,Industrial MRO > Hardware & Supplies > General Maintenance > Industrial Supplies,"Stanley Black & Decker Dewalt, Dewalt 20V 4.5"" Angle Grinder (Bare), Dcg402B","DEWALT 20V 4.5"" ANGLE GRINDER (BARE)","Dewalt® Dcg402B Dewalt 20V 4.5"" Angle Grinder (Bare)","DEWALT®, DCG402B Dewalt 20V 4.5"" Angle Grinder (Bare), Voltage: 20 V","Dewalt® Dcg402B Dewalt 20V 4.5"" Angle Grinder (Bare)","DEWALT®, DCG402B Dewalt 20V 4.5"" Angle Grinder (Bare), Voltage: 20 V",Voltage: 20 V,,,,,,Industrial Supplies,Voltage,20,V,,,,,,,,,31160000,,1,EA,DEWALT_DCG402B.jpg,DEWALT_DCG402B_1.jpg,DEWALT_DCG402B_2.jpg,DEWALT_DCG402B_3.jpg,DEWALT_DCG402B_4.jpg,DEWALT_DCG402B_Specification_Sheet.pdf,No,Yes
https://www.milwaukeetool.com/Products/3485-20,3485-20,Tools & Hardware,Power Tools,Cordless & Corded Power Tools,3485-20,3485-20,"3485-20 Milw M12 1/4"" Right Angle Die Grinder",,,Milwaukee Accessory (4031),Milwaukee Electric Tool Corp,MILWAUKEE®,Heavy Duty™,3485-20,Tools & Hardware > Power Tools > Cordless & Corded Power Tools > Power Tools,"Milwaukee Electric Tool Corp Milwaukee, Milw M12 1/4"" Right Angle Die Grinder,","MILW M12 1/4"" RIGHT ANGLE DIE GRINDER","Milwaukee® 3485-20 Milw M12 1/4"" Right Angle Die Grinder","MILWAUKEE®, 3485-20 Milw M12 1/4"" Right Angle Die Grinder","Milwaukee® 3485-20 Milw M12 1/4"" Right Angle Die Grinder","MILWAUKEE®, 3485-20 Milw M12 1/4"" Right Angle Die Grinder",,,,,,,Power Tools,,,,,,,,,,,,27112700,,1,EA,MILWAUKEE_3485-20.jpg,MILWAUKEE_3485-20_1.jpg,MILWAUKEE_3485-20_2.jpg,MILWAUKEE_3485-20_3.jpg,MILWAUKEE_3485-20_4.jpg,MILWAUKEE_3485-20_Specification_Sheet.pdf,No,Yes
https://www.dewalt.com/product/DCG420B,DCG420B,Tools & Hardware,Power Tools,Cordless & Corded Power Tools,DCG420B,DCG420B,DCG420B Dewalt 20V Die Grinder (Bare),,,Black & Decker/dewlt (2585),Stanley Black & Decker,DEWALT®,Guaranteed Tough®,DCG420B,Tools & Hardware > Power Tools > Cordless & Corded Power Tools > Power Tools,"Stanley Black & Decker Dewalt, Dewalt 20V Die Grinder (Bare), Dcg420B",DEWALT 20V DIE GRINDER (BARE),Dewalt® Dcg420B Dewalt 20V Die Grinder (Bare),"DEWALT®, DCG420B Dewalt 20V Die Grinder (Bare), Voltage: 20 V",Dewalt® Dcg420B Dewalt 20V Die Grinder (Bare),"DEWALT®, DCG420B Dewalt 20V Die Grinder (Bare), Voltage: 20 V",Voltage: 20 V,,,,,,Power Tools,Voltage,20,V,,,,,,,,,27112700,,1,EA,DEWALT_DCG420B.jpg,DEWALT_DCG420B_1.jpg,DEWALT_DCG420B_2.jpg,DEWALT_DCG420B_3.jpg,DEWALT_DCG420B_4.jpg,DEWALT_DCG420B_Specification_Sheet.pdf,No,Yes
https://www.dewalt.com/product/DCG422B,DCG422B,Tools & Hardware,Power Tools,Cordless & Corded Power Tools,DCG422B,DCG422B,DCG422B Dewalt 20V Right Angle Die Grinder (Bare),,,Black & Decker/dewlt (2585),Stanley Black & Decker,DEWALT®,Guaranteed Tough®,DCG422B,Tools & Hardware > Power Tools > Cordless & Corded Power Tools > Power Tools,"Stanley Black & Decker Dewalt, Dewalt 20V Right Angle Die Grinder (Bare),",DEWALT 20V RIGHT ANGLE DIE GRINDER,Dewalt® Dcg422B Dewalt 20V Right Angle Die Grinder (Bare),"DEWALT®, DCG422B Dewalt 20V Right Angle Die Grinder (Bare), Voltage: 20 V",Dewalt® Dcg422B Dewalt 20V Right Angle Die Grinder (Bare),"DEWALT®, DCG422B Dewalt 20V Right Angle Die Grinder (Bare), Voltage: 20 V",Voltage: 20 V,,,,,,Power Tools,Voltage,20,V,,,,,,,,,27112700,,1,EA,DEWALT_DCG422B.jpg,DEWALT_DCG422B_1.jpg,DEWALT_DCG422B_2.jpg,DEWALT_DCG422B_3.jpg,DEWALT_DCG422B_4.jpg,DEWALT_DCG422B_Specification_Sheet.pdf,No,Yes
,924422,Industrial MRO,Hardware & Supplies,General Maintenance,924422,924422,924422 Mafell Carpentry - Planing Machine ZH 320 Ec 120V,,,-,Generic Manufacturer,-- Unbranded --,,924422,Industrial MRO > Hardware & Supplies > General Maintenance > Industrial Supplies,"Generic Manufacturer -- Unbranded --, Mafell Carpentry, Planing Machine Zh 320",MAFELL CARPENTRY - PLANING MACHINE ZH,-- Unbranded -- 924422 Mafell Carpentry - Planing Machine Zh 320 Ec 120V,"-- Unbranded --, 924422 Mafell Carpentry - Planing Machine ZH 320 Ec 120V, Voltage: 120 V",-- Unbranded -- 924422 Mafell Carpentry - Planing Machine Zh 320 Ec 120V,"-- Unbranded --, 924422 Mafell Carpentry - Planing Machine ZH 320 Ec 120V, Voltage: 120 V",Voltage: 120 V,,,,,,Industrial Supplies,Voltage,120,V,,,,,,,,,31160000,,1,EA,UNBRANDED_924422.jpg,UNBRANDED_924422_1.jpg,UNBRANDED_924422_2.jpg,UNBRANDED_924422_3.jpg,UNBRANDED_924422_4.jpg,UNBRANDED_924422_Specification_Sheet.pdf,No,Yes
https://www.dewalt.com/product/DCW620B,DCW620B,Tools & Hardware,Power Tools,Cordless & Corded Power Tools,DCW620B,DCW620B,DCW620B Dewalt 20V Plunge - Router,,,Black & Decker/dewlt (2585),Stanley Black & Decker,DEWALT®,Guaranteed Tough®,DCW620B,Tools & Hardware > Power Tools > Cordless & Corded Power Tools > Power Tools,"Stanley Black & Decker Dewalt, Dewalt 20V Plunge, Router, Dcw620B",DEWALT 20V PLUNGE - ROUTER,Dewalt® Dcw620B Dewalt 20V Plunge - Router,"DEWALT®, DCW620B Dewalt 20V Plunge - Router, Voltage: 20 V",Dewalt® Dcw620B Dewalt 20V Plunge - Router,"DEWALT®, DCW620B Dewalt 20V Plunge - Router, Voltage: 20 V",Voltage: 20 V,,,,,,Power Tools,Voltage,20,V,,,,,,,,,27112700,,1,EA,DEWALT_DCW620B.jpg,DEWALT_DCW620B_1.jpg,DEWALT_DCW620B_2.jpg,DEWALT_DCW620B_3.jpg,DEWALT_DCW620B_4.jpg,DEWALT_DCW620B_Specification_Sheet.pdf,No,Yes
https://www.milwaukeetool.com/Products/2535-20,2535-20,Tools & Abrasives,Abrasives,Sanding Belts & Sheets,2535-20,2535-20,"2535-20 Milw 3"" Orbit Sander - M12",,,Milwaukee Accessory (4031),Milwaukee Electric Tool Corp,MILWAUKEE®,Heavy Duty™,2535-20,Tools & Abrasives > Abrasives > Sanding Belts & Sheets > Sanding Belts,"Milwaukee Electric Tool Corp Milwaukee, Milw 3"" Orbit Sander, M12, 2535-20","MILW 3"" ORBIT SANDER - M12","Milwaukee® 2535-20 Milw 3"" Orbit Sander - M12","MILWAUKEE®, 2535-20 Milw 3"" Orbit Sander - M12","Milwaukee® 2535-20 Milw 3"" Orbit Sander - M12","MILWAUKEE®, 2535-20 Milw 3"" Orbit Sander - M12",,,,,,,Sanding Belts,,,,,,,,,,,,31191501,,1,EA,MILWAUKEE_2535-20.jpg,MILWAUKEE_2535-20_1.jpg,MILWAUKEE_2535-20_2.jpg,MILWAUKEE_2535-20_3.jpg,MILWAUKEE_2535-20_4.jpg,MILWAUKEE_2535-20_Specification_Sheet.pdf,No,Yes
https://www.milwaukeetool.com/Products/2837-20,2837-20,Tools & Abrasives,Abrasives,Sanding Belts & Sheets,2837-20,2837-20,"2837-20 Milw M18 5"" Sander - Orbital (Bare)",,Milwaukee,Milwaukee Accessory (4031),Milwaukee Electric Tool Corp,MILWAUKEE®,Heavy Duty™,2837-20,Tools & Abrasives > Abrasives > Sanding Belts & Sheets > Sanding Belts,"Milwaukee Electric Tool Corp Milwaukee, Milw M18 5"" Sander, Orbital (Bare),","MILW M18 5"" SANDER - ORBITAL (BARE)","Milwaukee® 2837-20 Milw M18 5"" Sander - Orbital (Bare)","MILWAUKEE®, 2837-20 Milw M18 5"" Sander - Orbital (Bare)","Milwaukee® 2837-20 Milw M18 5"" Sander - Orbital (Bare)","MILWAUKEE®, 2837-20 Milw M18 5"" Sander - Orbital (Bare)",,,,,,,Sanding Belts,,,,,,,,,,,,31191501,,1,EA,MILWAUKEE_2837-20.jpg,MILWAUKEE_2837-20_1.jpg,MILWAUKEE_2837-20_2.jpg,MILWAUKEE_2837-20_3.jpg,MILWAUKEE_2837-20_4.jpg,MILWAUKEE_2837-20_Specification_Sheet.pdf,No,Yes
,577728,Tools & Abrasives,Abrasives,Sanding Belts & Sheets,577728,577728,577728 Festool Cordless Sander - ETSC 2 150 I-Plus,,,Festool USA (FESTO),Festool USA,FESTOOL®,Systainer®,577728,Tools & Abrasives > Abrasives > Sanding Belts & Sheets > Sanding Belts,"Festool Usa Festool, Festool Cordless Sander, Etsc 2 150 I, Plus, 577728",FESTOOL CORDLESS SANDER - ETSC 2 150,Festool® 577728 Festool Cordless Sander - Etsc 2 150 I-Plus,"FESTOOL®, 577728 Festool Cordless Sander - ETSC 2 150 I-Plus",Festool® 577728 Festool Cordless Sander - Etsc 2 150 I-Plus,"FESTOOL®, 577728 Festool Cordless Sander - ETSC 2 150 I-Plus",,,,,,,Sanding Belts,,,,,,,,,,,,31191501,,1,EA,FESTOOL_577728.jpg,FESTOOL_577728_1.jpg,FESTOOL_577728_2.jpg,FESTOOL_577728_3.jpg,FESTOOL_577728_4.jpg,FESTOOL_577728_Specification_Sheet.pdf,No,Yes
,577738,Tools & Abrasives,Abrasives,Sanding Belts & Sheets,577738,577738,577738 Festool Cordless Sander - ETSC 2 125 I-Plus,,,Festool USA (FESTO),Festool USA,FESTOOL®,Systainer®,577738,Tools & Abrasives > Abrasives > Sanding Belts & Sheets > Sanding Belts,"Festool Usa Festool, Festool Cordless Sander, Etsc 2 125 I, Plus, 577738",FESTOOL CORDLESS SANDER - ETSC 2 125,Festool® 577738 Festool Cordless Sander - Etsc 2 125 I-Plus,"FESTOOL®, 577738 Festool Cordless Sander - ETSC 2 125 I-Plus",Festool® 577738 Festool Cordless Sander - Etsc 2 125 I-Plus,"FESTOOL®, 577738 Festool Cordless Sander - ETSC 2 125 I-Plus",,,,,,,Sanding Belts,,,,,,,,,,,,31191501,,1,EA,FESTOOL_577738.jpg,FESTOOL_577738_1.jpg,FESTOOL_577738_2.jpg,FESTOOL_577738_3.jpg,FESTOOL_577738_4.jpg,FESTOOL_577738_Specification_Sheet.pdf,No,Yes
,KPTRS500A,Tools & Abrasives,Abrasives,Sanding Belts & Sheets,KPTRS500A,KPTRS500A,"KPTRS500A Kreg 20V Ionic 5"" Random Orbit Sander",,,Kreg Tool Company (KRETO),Kreg Tool Company,KREG®,Kreg®,KPTRS500A,Tools & Abrasives > Abrasives > Sanding Belts & Sheets > Sanding Belts,"Kreg Tool Company Kreg, Kreg 20V Ionic 5"" Random Orbit Sander, Kptrs500A","KREG 20V IONIC 5"" RANDOM ORBIT SANDER","Kreg® Kptrs500A Kreg 20V Ionic 5"" Random Orbit Sander","KREG®, KPTRS500A Kreg 20V Ionic 5"" Random Orbit Sander, Voltage: 20 V","Kreg® Kptrs500A Kreg 20V Ionic 5"" Random Orbit Sander","KREG®, KPTRS500A Kreg 20V Ionic 5"" Random Orbit Sander, Voltage: 20 V",Voltage: 20 V,,,,,,Sanding Belts,Voltage,20,V,,,,,,,,,31191501,,1,EA,KREG_KPTRS500A.jpg,KREG_KPTRS500A_1.jpg,KREG_KPTRS500A_2.jpg,KREG_KPTRS500A_3.jpg,KREG_KPTRS500A_4.jpg,KREG_KPTRS500A_Specification_Sheet.pdf,No,Yes
,24-35M-320,Tools & Abrasives,Abrasives,Sanding Belts & Sheets,24-35M-320,24-35M-320,"24-35M-320 Iridium Grip - 3.2"" x 5.2"" Grip",,,Mirka Abrasives Inc (MIRUS),Mirka Abrasives Inc,MIRKA®,Abranet®,24-35M-320,Tools & Abrasives > Abrasives > Sanding Belts & Sheets > Sanding Belts,"Mirka Abrasives Inc Mirka, Iridium Grip, 3.2"" X 5.2"" Grip, 24-35M-320","IRIDIUM GRIP - 3.2"" X 5.2"" GRIP","Mirka® 24-35M-320 Iridium Grip - 3.2"" X 5.2"" Grip","MIRKA®, 24-35M-320 Iridium Grip - 3.2"" x 5.2"" Grip, Dimensions: 3.2 in x 5.2 in","Mirka® 24-35M-320 Iridium Grip - 3.2"" X 5.2"" Grip","MIRKA®, 24-35M-320 Iridium Grip - 3.2"" x 5.2"" Grip, Dimensions: 3.2 in x 5.2 in",Dimensions: 3.2 in x 5.2 in,,,,,,Sanding Belts,Dimensions,3.2 in x 5.2 in,,,,,,,,,,31191501,,1,EA,MIRKA_24-35M-320.jpg,MIRKA_24-35M-320_1.jpg,MIRKA_24-35M-320_2.jpg,MIRKA_24-35M-320_3.jpg,MIRKA_24-35M-320_4.jpg,MIRKA_24-35M-320_Specification_Sheet.pdf,No,Yes
,9A-129-120,Tools & Abrasives,Abrasives,Sanding Belts & Sheets,9A-129-120,9A-129-120,9A-129-120 Abranet 3x4 - 50 Sheets/Box,,,Mirka Abrasives Inc (MIRUS),Mirka Abrasives Inc,MIRKA®,Abranet®,9A-129-120,Tools & Abrasives > Abrasives > Sanding Belts & Sheets > Sanding Belts,"Mirka Abrasives Inc Mirka, Abranet 3X4, 50 Sheets/Box, 9A-129-120",ABRANET 3X4 - 50 SHEETS/BOX,Mirka® 9A-129-120 Abranet 3X4 - 50 Sheets/Box,"MIRKA®, 9A-129-120 Abranet 3x4 - 50 Sheets/Box, Package Quantity: 50 Sheets/Box, Amperage: 9 A, Dimensions: 3 in x 4 in",Mirka® 9A-129-120 Abranet 3X4 - 50 Sheets/Box,"MIRKA®, 9A-129-120 Abranet 3x4 - 50 Sheets/Box, Package Quantity: 50 Sheets/Box, Amperage: 9 A, Dimensions: 3 in x 4 in",Package Quantity: 50 Sheets/Box,Amperage: 9 A,Dimensions: 3 in x 4 in,,,,Sanding Belts,Package Quantity,50,Sheets/Box,Amperage,9,A,Dimensions,3 in x 4 in,,,,31191501,,1,EA,MIRKA_9A-129-120.jpg,MIRKA_9A-129-120_1.jpg,MIRKA_9A-129-120_2.jpg,MIRKA_9A-129-120_3.jpg,MIRKA_9A-129-120_4.jpg,MIRKA_9A-129-120_Specification_Sheet.pdf,No,Yes
,578800,Industrial MRO,Hardware & Supplies,General Maintenance,578800,578800,578800 Festool 80x133 M GR PRO/10,,,Festool USA (FESTO),Festool USA,FESTOOL®,Systainer®,578800,Industrial MRO > Hardware & Supplies > General Maintenance > Industrial Supplies,"Festool USA, Festool Usa Festool, Festool 80X133 M Gr Pro/10, 578800",FESTOOL 80X133 M GR PRO/10,Festool® 578800 Festool 80X133 M Gr Pro/10,"FESTOOL®, 578800 Festool 80x133 M GR PRO/10, Dimensions: 80 in x 133 in",Festool® 578800 Festool 80X133 M Gr Pro/10,"FESTOOL®, 578800 Festool 80x133 M GR PRO/10, Dimensions: 80 in x 133 in",Dimensions: 80 in x 133 in,,,,,,Industrial Supplies,Dimensions,80 in x 133 in,,,,,,,,,,31160000,,1,EA,FESTOOL_578800.jpg,FESTOOL_578800_1.jpg,FESTOOL_578800_2.jpg,FESTOOL_578800_3.jpg,FESTOOL_578800_4.jpg,FESTOOL_578800_Specification_Sheet.pdf,No,Yes
,578801,Industrial MRO,Hardware & Supplies,General Maintenance,578801,578801,578801 Festool 80x133 F GR PRO/10,,,Festool USA (FESTO),Festool USA,FESTOOL®,Systainer®,578801,Industrial MRO > Hardware & Supplies > General Maintenance > Industrial Supplies,"Festool USA, Festool Usa Festool, Festool 80X133 F Gr Pro/10, 578801",FESTOOL 80X133 F GR PRO/10,Festool® 578801 Festool 80X133 F Gr Pro/10,"FESTOOL®, 578801 Festool 80x133 F GR PRO/10, Dimensions: 80 in x 133 in",Festool® 578801 Festool 80X133 F Gr Pro/10,"FESTOOL®, 578801 Festool 80x133 F GR PRO/10, Dimensions: 80 in x 133 in",Dimensions: 80 in x 133 in,,,,,,Industrial Supplies,Dimensions,80 in x 133 in,,,,,,,,,,31160000,,1,EA,FESTOOL_578801.jpg,FESTOOL_578801_1.jpg,FESTOOL_578801_2.jpg,FESTOOL_578801_3.jpg,FESTOOL_578801_4.jpg,FESTOOL_578801_Specification_Sheet.pdf,No,Yes
,578802,Industrial MRO,Hardware & Supplies,General Maintenance,578802,578802,578802 Festool 80x133 S GR PRO/10,,,Festool USA (FESTO),Festool USA,FESTOOL®,Systainer®,578802,Industrial MRO > Hardware & Supplies > General Maintenance > Industrial Supplies,"Festool USA, Festool Usa Festool, Festool 80X133 S Gr Pro/10, 578802",FESTOOL 80X133 S GR PRO/10,Festool® 578802 Festool 80X133 S Gr Pro/10,"FESTOOL®, 578802 Festool 80x133 S GR PRO/10, Dimensions: 80 in x 133 in",Festool® 578802 Festool 80X133 S Gr Pro/10,"FESTOOL®, 578802 Festool 80x133 S GR PRO/10, Dimensions: 80 in x 133 in",Dimensions: 80 in x 133 in,,,,,,Industrial Supplies,Dimensions,80 in x 133 in,,,,,,,,,,31160000,,1,EA,FESTOOL_578802.jpg,FESTOOL_578802_1.jpg,FESTOOL_578802_2.jpg,FESTOOL_578802_3.jpg,FESTOOL_578802_4.jpg,FESTOOL_578802_Specification_Sheet.pdf,No,Yes
,578808,Industrial MRO,Hardware & Supplies,General Maintenance,578808,578808,578808 Festool 3x4 M GR PRO/10,,,Festool USA (FESTO),Festool USA,FESTOOL®,Systainer®,578808,Industrial MRO > Hardware & Supplies > General Maintenance > Industrial Supplies,"Festool USA, Festool Usa Festool, Festool 3X4 M Gr Pro/10, 578808",FESTOOL 3X4 M GR PRO/10,Festool® 578808 Festool 3X4 M Gr Pro/10,"FESTOOL®, 578808 Festool 3x4 M GR PRO/10, Dimensions: 3 in x 4 in",Festool® 578808 Festool 3X4 M Gr Pro/10,"FESTOOL®, 578808 Festool 3x4 M GR PRO/10, Dimensions: 3 in x 4 in",Dimensions: 3 in x 4 in,,,,,,Industrial Supplies,Dimensions,3 in x 4 in,,,,,,,,,,31160000,,1,EA,FESTOOL_578808.jpg,FESTOOL_578808_1.jpg,FESTOOL_578808_2.jpg,FESTOOL_578808_3.jpg,FESTOOL_578808_4.jpg,FESTOOL_578808_Specification_Sheet.pdf,No,Yes
,578809,Industrial MRO,Hardware & Supplies,General Maintenance,578809,578809,578809 Festool 3x4 F GR PRO/10,,,Festool USA (FESTO),Festool USA,FESTOOL®,Systainer®,578809,Industrial MRO > Hardware & Supplies > General Maintenance > Industrial Supplies,"Festool USA, Festool Usa Festool, Festool 3X4 F Gr Pro/10, 578809",FESTOOL 3X4 F GR PRO/10,Festool® 578809 Festool 3X4 F Gr Pro/10,"FESTOOL®, 578809 Festool 3x4 F GR PRO/10, Dimensions: 3 in x 4 in",Festool® 578809 Festool 3X4 F Gr Pro/10,"FESTOOL®, 578809 Festool 3x4 F GR PRO/10, Dimensions: 3 in x 4 in",Dimensions: 3 in x 4 in,,,,,,Industrial Supplies,Dimensions,3 in x 4 in,,,,,,,,,,31160000,,1,EA,FESTOOL_578809.jpg,FESTOOL_578809_1.jpg,FESTOOL_578809_2.jpg,FESTOOL_578809_3.jpg,FESTOOL_578809_4.jpg,FESTOOL_578809_Specification_Sheet.pdf,No,Yes
,578810,Industrial MRO,Hardware & Supplies,General Maintenance,578810,578810,578810 Festool 3x4 S GR PRO/10,,,Festool USA (FESTO),Festool USA,FESTOOL®,Systainer®,578810,Industrial MRO > Hardware & Supplies > General Maintenance > Industrial Supplies,"Festool USA, Festool Usa Festool, Festool 3X4 S Gr Pro/10, 578810",FESTOOL 3X4 S GR PRO/10,Festool® 578810 Festool 3X4 S Gr Pro/10,"FESTOOL®, 578810 Festool 3x4 S GR PRO/10, Dimensions: 3 in x 4 in",Festool® 578810 Festool 3X4 S Gr Pro/10,"FESTOOL®, 578810 Festool 3x4 S GR PRO/10, Dimensions: 3 in x 4 in",Dimensions: 3 in x 4 in,,,,,,Industrial Supplies,Dimensions,3 in x 4 in,,,,,,,,,,31160000,,1,EA,FESTOOL_578810.jpg,FESTOOL_578810_1.jpg,FESTOOL_578810_2.jpg,FESTOOL_578810_3.jpg,FESTOOL_578810_4.jpg,FESTOOL_578810_Specification_Sheet.pdf,No,Yes
,578811,Industrial MRO,Hardware & Supplies,General Maintenance,578811,578811,578811 Festool 3x4 GR PRO/10-Set,,,Festool USA (FESTO),Festool USA,FESTOOL®,Systainer®,578811,Industrial MRO > Hardware & Supplies > General Maintenance > Industrial Supplies,"Festool USA, Festool Usa Festool, Festool 3X4 Gr Pro/10, Set, 578811",FESTOOL 3X4 GR PRO/10-SET,Festool® 578811 Festool 3X4 Gr Pro/10-Set,"FESTOOL®, 578811 Festool 3x4 GR PRO/10-Set, Dimensions: 3 in x 4 in",Festool® 578811 Festool 3X4 Gr Pro/10-Set,"FESTOOL®, 578811 Festool 3x4 GR PRO/10-Set, Dimensions: 3 in x 4 in",Dimensions: 3 in x 4 in,,,,,,Industrial Supplies,Dimensions,3 in x 4 in,,,,,,,,,,31160000,,1,EA,FESTOOL_578811.jpg,FESTOOL_578811_1.jpg,FESTOOL_578811_2.jpg,FESTOOL_578811_3.jpg,FESTOOL_578811_4.jpg,FESTOOL_578811_Specification_Sheet.pdf,No,Yes
,578192,Tools & Abrasives,Abrasives,Sanding Belts & Sheets,578192,578192,578192 Festool D 150 GR SYS - Systainer Abrasive Set,,,Festool USA (FESTO),Festool USA,FESTOOL®,Systainer®,578192,Tools & Abrasives > Abrasives > Sanding Belts & Sheets > Sanding Belts,"Festool Usa Festool, Festool D 150 Gr Sys, Systainer Abrasive Set, 578192",FESTOOL D 150 GR SYS - SYSTAINER,Festool® 578192 Festool D 150 Gr Sys - Systainer Abrasive Set,"FESTOOL®, 578192 Festool D 150 GR SYS - Systainer Abrasive Set",Festool® 578192 Festool D 150 Gr Sys - Systainer Abrasive Set,"FESTOOL®, 578192 Festool D 150 GR SYS - Systainer Abrasive Set",,,,,,,Sanding Belts,,,,,,,,,,,,31191501,,1,EA,FESTOOL_578192.jpg,FESTOOL_578192_1.jpg,FESTOOL_578192_2.jpg,FESTOOL_578192_3.jpg,FESTOOL_578192_4.jpg,FESTOOL_578192_Specification_Sheet.pdf,No,Yes
,578806,Industrial MRO,Hardware & Supplies,General Maintenance,578806,578806,578806 Festool Delta S GR PRO/10,,,Festool USA (FESTO),Festool USA,FESTOOL®,Systainer®,578806,Industrial MRO > Hardware & Supplies > General Maintenance > Industrial Supplies,"Festool USA, Festool Usa Festool, Festool Delta S Gr Pro/10, 578806",FESTOOL DELTA S GR PRO/10,Festool® 578806 Festool Delta S Gr Pro/10,"FESTOOL®, 578806 Festool Delta S GR PRO/10",Festool® 578806 Festool Delta S Gr Pro/10,"FESTOOL®, 578806 Festool Delta S GR PRO/10",,,,,,,Industrial Supplies,,,,,,,,,,,,31160000,,1,EA,FESTOOL_578806.jpg,FESTOOL_578806_1.jpg,FESTOOL_578806_2.jpg,FESTOOL_578806_3.jpg,FESTOOL_578806_4.jpg,FESTOOL_578806_Specification_Sheet.pdf,No,Yes
,D0860X,Tools & Abrasives,Abrasives,Cutting & Grinding Wheels,D0860X,D0860X,"D0860X Diablo 8-1/4"" 60 Tooth - Fine Finish Saw Blade",,,Freud Inc (2435),Freud Inc,DIABLO®,Steel Demon™,D0860X,Tools & Abrasives > Abrasives > Cutting & Grinding Wheels > Cut-Off Wheels & Blades,"Freud Inc Diablo, Diablo 8, 1/4"" 60 Tooth, Fine Finish Saw Blade, D0860X","DIABLO 8-1/4"" 60 TOOTH - FINE FINISH","Diablo® D0860X Diablo 8-1/4"" 60 Tooth - Fine Finish Saw Blade","DIABLO®, D0860X Diablo 8-1/4"" 60 Tooth - Fine Finish Saw Blade","Diablo® D0860X Diablo 8-1/4"" 60 Tooth - Fine Finish Saw Blade","DIABLO®, D0860X Diablo 8-1/4"" 60 Tooth - Fine Finish Saw Blade",,,,,,,Cut-Off Wheels & Blades,,,,,,,,,,,,31191600,,1,EA,DIABLO_D0860X.jpg,DIABLO_D0860X_1.jpg,DIABLO_D0860X_2.jpg,DIABLO_D0860X_3.jpg,DIABLO_D0860X_4.jpg,DIABLO_D0860X_Specification_Sheet.pdf,No,Yes
https://www.milwaukeetool.com/Products/48-40-0740,48-40-0740,Tools & Abrasives,Abrasives,Cutting & Grinding Wheels,48-40-0740,48-40-0740,48-40-0740 Milw 7-1/4in. 24T - Framing Circ Saw Blade,,Milwaukee,Milwaukee Accessory (4031),Milwaukee Electric Tool Corp,MILWAUKEE®,Heavy Duty™,48-40-0740,Tools & Abrasives > Abrasives > Cutting & Grinding Wheels > Cut-Off Wheels & Blades,"Milwaukee Electric Tool Corp Milwaukee, Milw 7, 1/4In. 24T, Framing Circ Saw",MILW 7-1/4IN. 24T - FRAMING CIRC SAW,Milwaukee® 48-40-0740 Milw 7-1/4In. 24T - Framing Circ Saw Blade,"MILWAUKEE®, 48-40-0740 Milw 7-1/4in. 24T - Framing Circ Saw Blade",Milwaukee® 48-40-0740 Milw 7-1/4In. 24T - Framing Circ Saw Blade,"MILWAUKEE®, 48-40-0740 Milw 7-1/4in. 24T - Framing Circ Saw Blade",,,,,,,Cut-Off Wheels & Blades,,,,,,,,,,,,31191600,,1,EA,MILWAUKEE_48-40-0740.jpg,MILWAUKEE_48-40-0740_1.jpg,MILWAUKEE_48-40-0740_2.jpg,MILWAUKEE_48-40-0740_3.jpg,MILWAUKEE_48-40-0740_4.jpg,MILWAUKEE_48-40-0740_Specification_Sheet.pdf,No,Yes
https://www.milwaukeetool.com/Products/48-41-0740,48-41-0740,Industrial MRO,Hardware & Supplies,General Maintenance,48-41-0740,48-41-0740,48-41-0740 Milw7-1/4 24TFrming - Blade,,,Milwaukee Accessory (4031),Milwaukee Electric Tool Corp,MILWAUKEE®,Heavy Duty™,48-41-0740,Industrial MRO > Hardware & Supplies > General Maintenance > Industrial Supplies,"Milwaukee Electric Tool Corp Milwaukee, Milw7, 1/4 24Tfrming, Blade, 48-41-0740",MILW7-1/4 24TFRMING - BLADE,Milwaukee® 48-41-0740 Milw7-1/4 24Tfrming - Blade,"MILWAUKEE®, 48-41-0740 Milw7-1/4 24TFrming - Blade",Milwaukee® 48-41-0740 Milw7-1/4 24Tfrming - Blade,"MILWAUKEE®, 48-41-0740 Milw7-1/4 24TFrming - Blade",,,,,,,Industrial Supplies,,,,,,,,,,,,31160000,,1,EA,MILWAUKEE_48-41-0740.jpg,MILWAUKEE_48-41-0740_1.jpg,MILWAUKEE_48-41-0740_2.jpg,MILWAUKEE_48-41-0740_3.jpg,MILWAUKEE_48-41-0740_4.jpg,MILWAUKEE_48-41-0740_Specification_Sheet.pdf,No,Yes
,A-96095,Tools & Abrasives,Abrasives,Cutting & Grinding Wheels,A-96095,A-96095,"A-96095 Makita 5-7/8"" 32T Saw Blade",,,Makita Usa Inc (5142),Makita USA Inc,MAKITA®,LXT®,A-96095,Tools & Abrasives > Abrasives > Cutting & Grinding Wheels > Cut-Off Wheels & Blades,"Makita Usa Inc Makita, Makita 5, 7/8"" 32T Saw Blade, A-96095","MAKITA 5-7/8"" 32T SAW BLADE","Makita® A-96095 Makita 5-7/8"" 32T Saw Blade","MAKITA®, A-96095 Makita 5-7/8"" 32T Saw Blade","Makita® A-96095 Makita 5-7/8"" 32T Saw Blade","MAKITA®, A-96095 Makita 5-7/8"" 32T Saw Blade",,,,,,,Cut-Off Wheels & Blades,,,,,,,,,,,,31191600,,1,EA,MAKITA_A-96095.jpg,MAKITA_A-96095_1.jpg,MAKITA_A-96095_2.jpg,MAKITA_A-96095_3.jpg,MAKITA_A-96095_4.jpg,MAKITA_A-96095_Specification_Sheet.pdf,No,Yes
,D0760UX,Tools & Abrasives,Abrasives,Cutting & Grinding Wheels,D0760UX,D0760UX,"D0760UX Diablo 7-1/4"" 60T Circ - Saw Blade",,Diablo,Freud Inc (2435),Freud Inc,DIABLO®,Steel Demon™,D0760UX,Tools & Abrasives > Abrasives > Cutting & Grinding Wheels > Cut-Off Wheels & Blades,"Freud Inc Diablo, Diablo 7, 1/4"" 60T Circ, Saw Blade, D0760Ux","DIABLO 7-1/4"" 60T CIRC - SAW BLADE","Diablo® D0760Ux Diablo 7-1/4"" 60T Circ - Saw Blade","DIABLO®, D0760UX Diablo 7-1/4"" 60T Circ - Saw Blade","Diablo® D0760Ux Diablo 7-1/4"" 60T Circ - Saw Blade","DIABLO®, D0760UX Diablo 7-1/4"" 60T Circ - Saw Blade",,,,,,,Cut-Off Wheels & Blades,,,,,,,,,,,,31191600,,1,EA,DIABLO_D0760UX.jpg,DIABLO_D0760UX_1.jpg,DIABLO_D0760UX_2.jpg,DIABLO_D0760UX_3.jpg,DIABLO_D0760UX_4.jpg,DIABLO_D0760UX_Specification_Sheet.pdf,No,Yes
,230.312.08,Tools & Abrasives,Abrasives,Cutting & Grinding Wheels,230.312.08,230.312.08,230.312.08 CMT Locked Dado Pro Set,,,CMT USA Inc (CMTUS),CMT USA Inc,CMT USA Inc,,230.312.08,Tools & Abrasives > Abrasives > Cutting & Grinding Wheels > Cut-Off Wheels & Blades,"CMT USA Inc, Cmt Usa Inc, Cmt Locked Dado Pro Set, 230.312.08",CMT LOCKED DADO PRO SET,Cmt Usa Inc 230.312.08 Cmt Locked Dado Pro Set,"CMT USA Inc, 230.312.08 CMT Locked Dado Pro Set",Cmt Usa Inc 230.312.08 Cmt Locked Dado Pro Set,"CMT USA Inc, 230.312.08 CMT Locked Dado Pro Set",,,,,,,Cut-Off Wheels & Blades,,,,,,,,,,,,31191600,,1,EA,CMTUSAINC_230.312.08.jpg,CMTUSAINC_230.312.08_1.jpg,CMTUSAINC_230.312.08_2.jpg,CMTUSAINC_230.312.08_3.jpg,CMTUSAINC_230.312.08_4.jpg,CMTUSAINC_230.312.08_Specification_Sheet.pdf,No,Yes
,D0708LF,Tools & Abrasives,Abrasives,Cutting & Grinding Wheels,D0708LF,D0708LF,"D0708LF Saw Blade 7-1/4""x8 - Laminate & Wood Flooring",,,Freud Inc (2435),Freud Inc,DIABLO®,Steel Demon™,D0708LF,Tools & Abrasives > Abrasives > Cutting & Grinding Wheels > Cut-Off Wheels & Blades,"Freud Inc Diablo, Saw Blade 7, 1/4""X8, Laminate & Wood Flooring, D0708Lf","SAW BLADE 7-1/4""X8 - LAMINATE & WOOD","Diablo® D0708Lf Saw Blade 7-1/4""X8 - Laminate & Wood Flooring","DIABLO®, D0708LF Saw Blade 7-1/4""x8 - Laminate & Wood Flooring, Dimensions: 1/4 in x 8 in, Primary Application: Woodworking","Diablo® D0708Lf Saw Blade 7-1/4""X8 - Laminate & Wood Flooring","DIABLO®, D0708LF Saw Blade 7-1/4""x8 - Laminate & Wood Flooring, Dimensions: 1/4 in x 8 in, Primary Application: Woodworking",Dimensions: 1/4 in x 8 in,Primary Application: Woodworking,,,,,Cut-Off Wheels & Blades,Dimensions,1/4 in x 8 in,,Primary Application,Woodworking,,,,,,,31191600,,1,EA,DIABLO_D0708LF.jpg,DIABLO_D0708LF_1.jpg,DIABLO_D0708LF_2.jpg,DIABLO_D0708LF_3.jpg,DIABLO_D0708LF_4.jpg,DIABLO_D0708LF_Specification_Sheet.pdf,No,Yes
,D1012LF,Tools & Abrasives,Abrasives,Cutting & Grinding Wheels,D1012LF,D1012LF,"D1012LF Saw Blade 10""x12Teeth - Laminate & Wood Flooring",,,Freud Inc (2435),Freud Inc,DIABLO®,Steel Demon™,D1012LF,Tools & Abrasives > Abrasives > Cutting & Grinding Wheels > Cut-Off Wheels & Blades,"Freud Inc Diablo, Saw Blade 10""X12Teeth, Laminate & Wood Flooring, D1012Lf","SAW BLADE 10""X12TEETH - LAMINATE & WOOD","Diablo® D1012Lf Saw Blade 10""X12Teeth - Laminate & Wood Flooring","DIABLO®, D1012LF Saw Blade 10""x12Teeth - Laminate & Wood Flooring, Dimensions: 10 in x 12 in, Primary Application: Woodworking","Diablo® D1012Lf Saw Blade 10""X12Teeth - Laminate & Wood Flooring","DIABLO®, D1012LF Saw Blade 10""x12Teeth - Laminate & Wood Flooring, Dimensions: 10 in x 12 in, Primary Application: Woodworking",Dimensions: 10 in x 12 in,Primary Application: Woodworking,,,,,Cut-Off Wheels & Blades,Dimensions,10 in x 12 in,,Primary Application,Woodworking,,,,,,,31191600,,1,EA,DIABLO_D1012LF.jpg,DIABLO_D1012LF_1.jpg,DIABLO_D1012LF_2.jpg,DIABLO_D1012LF_3.jpg,DIABLO_D1012LF_4.jpg,DIABLO_D1012LF_Specification_Sheet.pdf,No,Yes
,D1216LF,Tools & Abrasives,Abrasives,Cutting & Grinding Wheels,D1216LF,D1216LF,"D1216LF Saw Blade 12""x16Teeth - Laminate & Wood Flooring",,,Freud Inc (2435),Freud Inc,DIABLO®,Steel Demon™,D1216LF,Tools & Abrasives > Abrasives > Cutting & Grinding Wheels > Cut-Off Wheels & Blades,"Freud Inc Diablo, Saw Blade 12""X16Teeth, Laminate & Wood Flooring, D1216Lf","SAW BLADE 12""X16TEETH - LAMINATE & WOOD","Diablo® D1216Lf Saw Blade 12""X16Teeth - Laminate & Wood Flooring","DIABLO®, D1216LF Saw Blade 12""x16Teeth - Laminate & Wood Flooring, Dimensions: 12 in x 16 in, Primary Application: Woodworking","Diablo® D1216Lf Saw Blade 12""X16Teeth - Laminate & Wood Flooring","DIABLO®, D1216LF Saw Blade 12""x16Teeth - Laminate & Wood Flooring, Dimensions: 12 in x 16 in, Primary Application: Woodworking",Dimensions: 12 in x 16 in,Primary Application: Woodworking,,,,,Cut-Off Wheels & Blades,Dimensions,12 in x 16 in,,Primary Application,Woodworking,,,,,,,31191600,,1,EA,DIABLO_D1216LF.jpg,DIABLO_D1216LF_1.jpg,DIABLO_D1216LF_2.jpg,DIABLO_D1216LF_3.jpg,DIABLO_D1216LF_4.jpg,DIABLO_D1216LF_Specification_Sheet.pdf,No,Yes
https://www.dewalt.com/product/DWA47421,DWA47421,Tools & Abrasives,Abrasives,Cutting & Grinding Wheels,DWA47421,DWA47421,"DWA47421 Dewalt 14"" Segmented - Rim Diamond Blade",,DEWALT,Black & Decker/dewlt (2585),Stanley Black & Decker,DEWALT®,Guaranteed Tough®,DWA47421,Tools & Abrasives > Abrasives > Cutting & Grinding Wheels > Cut-Off Wheels & Blades,"Stanley Black & Decker Dewalt, Dewalt 14"" Segmented, Rim Diamond Blade, Dwa47421","DEWALT 14"" SEGMENTED - RIM DIAMOND BLADE","Dewalt® Dwa47421 Dewalt 14"" Segmented - Rim Diamond Blade","DEWALT®, DWA47421 Dewalt 14"" Segmented - Rim Diamond Blade","Dewalt® Dwa47421 Dewalt 14"" Segmented - Rim Diamond Blade","DEWALT®, DWA47421 Dewalt 14"" Segmented - Rim Diamond Blade",,,,,,,Cut-Off Wheels & Blades,,,,,,,,,,,,31191600,,1,EA,DEWALT_DWA47421.jpg,DEWALT_DWA47421_1.jpg,DEWALT_DWA47421_2.jpg,DEWALT_DWA47421_3.jpg,DEWALT_DWA47421_4.jpg,DEWALT_DWA47421_Specification_Sheet.pdf,No,Yes
https://www.dewalt.com/product/DWA4769,DWA4769,Industrial MRO,Hardware & Supplies,General Maintenance,DWA4769,DWA4769,"DWA4769 Dewalt Rim Glass Tile - Blade 10""",,,Black & Decker/dewlt (2585),Stanley Black & Decker,DEWALT®,Guaranteed Tough®,DWA4769,Industrial MRO > Hardware & Supplies > General Maintenance > Industrial Supplies,"Stanley Black & Decker Dewalt, Dewalt Rim Glass Tile, Blade 10"", Dwa4769","DEWALT RIM GLASS TILE - BLADE 10""","Dewalt® Dwa4769 Dewalt Rim Glass Tile - Blade 10""","DEWALT®, DWA4769 Dewalt Rim Glass Tile - Blade 10""","Dewalt® Dwa4769 Dewalt Rim Glass Tile - Blade 10""","DEWALT®, DWA4769 Dewalt Rim Glass Tile - Blade 10""",,,,,,,Industrial Supplies,,,,,,,,,,,,31160000,,1,EA,DEWALT_DWA4769.jpg,DEWALT_DWA4769_1.jpg,DEWALT_DWA4769_2.jpg,DEWALT_DWA4769_3.jpg,DEWALT_DWA4769_4.jpg,DEWALT_DWA4769_Specification_Sheet.pdf,No,Yes
https://www.milwaukeetool.com/Products/49-93-9204,49-93-9204,Tools & Abrasives,Abrasives,Cutting & Grinding Wheels,49-93-9204,49-93-9204,"49-93-9204 Milw 4-1/2"" Diamond - Tile Blade",,,Milwaukee Accessory (4031),Milwaukee Electric Tool Corp,MILWAUKEE®,Heavy Duty™,49-93-9204,Tools & Abrasives > Abrasives > Cutting & Grinding Wheels > Cut-Off Wheels & Blades,"Milwaukee Electric Tool Corp Milwaukee, Milw 4, 1/2"" Diamond, Tile Blade,","MILW 4-1/2"" DIAMOND - TILE BLADE","Milwaukee® 49-93-9204 Milw 4-1/2"" Diamond - Tile Blade","MILWAUKEE®, 49-93-9204 Milw 4-1/2"" Diamond - Tile Blade","Milwaukee® 49-93-9204 Milw 4-1/2"" Diamond - Tile Blade","MILWAUKEE®, 49-93-9204 Milw 4-1/2"" Diamond - Tile Blade",,,,,,,Cut-Off Wheels & Blades,,,,,,,,,,,,31191600,,1,EA,MILWAUKEE_49-93-9204.jpg,MILWAUKEE_49-93-9204_1.jpg,MILWAUKEE_49-93-9204_2.jpg,MILWAUKEE_49-93-9204_3.jpg,MILWAUKEE_49-93-9204_4.jpg,MILWAUKEE_49-93-9204_Specification_Sheet.pdf,No,Yes
https://www.milwaukeetool.com/Products/49-93-9207,49-93-9207,Tools & Abrasives,Abrasives,Cutting & Grinding Wheels,49-93-9207,49-93-9207,"49-93-9207 Milw 7"" Diamond - Tile Blade",,,Milwaukee Accessory (4031),Milwaukee Electric Tool Corp,MILWAUKEE®,Heavy Duty™,49-93-9207,Tools & Abrasives > Abrasives > Cutting & Grinding Wheels > Cut-Off Wheels & Blades,"Milwaukee Electric Tool Corp Milwaukee, Milw 7"" Diamond, Tile Blade, 49-93-9207","MILW 7"" DIAMOND - TILE BLADE","Milwaukee® 49-93-9207 Milw 7"" Diamond - Tile Blade","MILWAUKEE®, 49-93-9207 Milw 7"" Diamond - Tile Blade","Milwaukee® 49-93-9207 Milw 7"" Diamond - Tile Blade","MILWAUKEE®, 49-93-9207 Milw 7"" Diamond - Tile Blade",,,,,,,Cut-Off Wheels & Blades,,,,,,,,,,,,31191600,,1,EA,MILWAUKEE_49-93-9207.jpg,MILWAUKEE_49-93-9207_1.jpg,MILWAUKEE_49-93-9207_2.jpg,MILWAUKEE_49-93-9207_3.jpg,MILWAUKEE_49-93-9207_4.jpg,MILWAUKEE_49-93-9207_Specification_Sheet.pdf,No,Yes
https://www.milwaukeetool.com/Products/49-93-9210,49-93-9210,Tools & Abrasives,Abrasives,Cutting & Grinding Wheels,49-93-9210,49-93-9210,"49-93-9210 Milw 10"" Diamond - Tile Blade",,,Milwaukee Accessory (4031),Milwaukee Electric Tool Corp,MILWAUKEE®,Heavy Duty™,49-93-9210,Tools & Abrasives > Abrasives > Cutting & Grinding Wheels > Cut-Off Wheels & Blades,"Milwaukee Electric Tool Corp Milwaukee, Milw 10"" Diamond, Tile Blade, 49-93-9210","MILW 10"" DIAMOND - TILE BLADE","Milwaukee® 49-93-9210 Milw 10"" Diamond - Tile Blade","MILWAUKEE®, 49-93-9210 Milw 10"" Diamond - Tile Blade","Milwaukee® 49-93-9210 Milw 10"" Diamond - Tile Blade","MILWAUKEE®, 49-93-9210 Milw 10"" Diamond - Tile Blade",,,,,,,Cut-Off Wheels & Blades,,,,,,,,,,,,31191600,,1,EA,MILWAUKEE_49-93-9210.jpg,MILWAUKEE_49-93-9210_1.jpg,MILWAUKEE_49-93-9210_2.jpg,MILWAUKEE_49-93-9210_3.jpg,MILWAUKEE_49-93-9210_4.jpg,MILWAUKEE_49-93-9210_Specification_Sheet.pdf,No,Yes
https://www.milwaukeetool.com/Products/49-93-9202,49-93-9202,Tools & Abrasives,Abrasives,Cutting & Grinding Wheels,49-93-9202,49-93-9202,"49-93-9202 Milw 4"" Diamond - Tile Blade",,,Milwaukee Accessory (4031),Milwaukee Electric Tool Corp,MILWAUKEE®,Heavy Duty™,49-93-9202,Tools & Abrasives > Abrasives > Cutting & Grinding Wheels > Cut-Off Wheels & Blades,"Milwaukee Electric Tool Corp Milwaukee, Milw 4"" Diamond, Tile Blade, 49-93-9202","MILW 4"" DIAMOND - TILE BLADE","Milwaukee® 49-93-9202 Milw 4"" Diamond - Tile Blade","MILWAUKEE®, 49-93-9202 Milw 4"" Diamond - Tile Blade","Milwaukee® 49-93-9202 Milw 4"" Diamond - Tile Blade","MILWAUKEE®, 49-93-9202 Milw 4"" Diamond - Tile Blade",,,,,,,Cut-Off Wheels & Blades,,,,,,,,,,,,31191600,,1,EA,MILWAUKEE_49-93-9202.jpg,MILWAUKEE_49-93-9202_1.jpg,MILWAUKEE_49-93-9202_2.jpg,MILWAUKEE_49-93-9202_3.jpg,MILWAUKEE_49-93-9202_4.jpg,MILWAUKEE_49-93-9202_Specification_Sheet.pdf,No,Yes
https://www.milwaukeetool.com/Products/49-93-9205,49-93-9205,Tools & Abrasives,Abrasives,Cutting & Grinding Wheels,49-93-9205,49-93-9205,"49-93-9205 Milw 5"" Diamond - Tile Blade",,,Milwaukee Accessory (4031),Milwaukee Electric Tool Corp,MILWAUKEE®,Heavy Duty™,49-93-9205,Tools & Abrasives > Abrasives > Cutting & Grinding Wheels > Cut-Off Wheels & Blades,"Milwaukee Electric Tool Corp Milwaukee, Milw 5"" Diamond, Tile Blade, 49-93-9205","MILW 5"" DIAMOND - TILE BLADE","Milwaukee® 49-93-9205 Milw 5"" Diamond - Tile Blade","MILWAUKEE®, 49-93-9205 Milw 5"" Diamond - Tile Blade","Milwaukee® 49-93-9205 Milw 5"" Diamond - Tile Blade","MILWAUKEE®, 49-93-9205 Milw 5"" Diamond - Tile Blade",,,,,,,Cut-Off Wheels & Blades,,,,,,,,,,,,31191600,,1,EA,MILWAUKEE_49-93-9205.jpg,MILWAUKEE_49-93-9205_1.jpg,MILWAUKEE_49-93-9205_2.jpg,MILWAUKEE_49-93-9205_3.jpg,MILWAUKEE_49-93-9205_4.jpg,MILWAUKEE_49-93-9205_Specification_Sheet.pdf,No,Yes
https://www.milwaukeetool.com/Products/49-22-4702,49-22-4702,Tools & Abrasives,Abrasives,Cutting & Grinding Wheels,49-22-4702,49-22-4702,49-22-4702 Milw 13pc Quik-Lock Hole Dozer Kit,,,Milwaukee Accessory (4031),Milwaukee Electric Tool Corp,MILWAUKEE®,Heavy Duty™,49-22-4702,Tools & Abrasives > Abrasives > Cutting & Grinding Wheels > Cut-Off Wheels & Blades,"Milwaukee Electric Tool Corp Milwaukee, Milw 13Pc Quik, Lock Hole Dozer Kit,",MILW 13PC QUIK-LOCK HOLE DOZER KIT,Milwaukee® 49-22-4702 Milw 13Pc Quik-Lock Hole Dozer Kit,"MILWAUKEE®, 49-22-4702 Milw 13pc Quik-Lock Hole Dozer Kit, Package Quantity: 13 pc, Product Line / Series: Hole Dozer",Milwaukee® 49-22-4702 Milw 13Pc Quik-Lock Hole Dozer Kit,"MILWAUKEE®, 49-22-4702 Milw 13pc Quik-Lock Hole Dozer Kit, Package Quantity: 13 pc, Product Line / Series: Hole Dozer",Package Quantity: 13 pc,Product Line / Series: Hole Dozer,,,,,Cut-Off Wheels & Blades,Package Quantity,13,pc,Product Line / Series,Hole Dozer,,,,,,,31191600,,1,EA,MILWAUKEE_49-22-4702.jpg,MILWAUKEE_49-22-4702_1.jpg,MILWAUKEE_49-22-4702_2.jpg,MILWAUKEE_49-22-4702_3.jpg,MILWAUKEE_49-22-4702_4.jpg,MILWAUKEE_49-22-4702_Specification_Sheet.pdf,No,Yes
,DJT155HHM,Tools & Abrasives,Abrasives,Cutting & Grinding Wheels,DJT155HHM,DJT155HHM,"DJT155HHM Diablo 3-3/5"" 10 TPI - Jig Saw Blade",,,Freud Inc (2435),Freud Inc,DIABLO®,Steel Demon™,DJT155HHM,Tools & Abrasives > Abrasives > Cutting & Grinding Wheels > Cut-Off Wheels & Blades,"Freud Inc Diablo, Diablo 3, 3/5"" 10 Tpi, Jig Saw Blade, Djt155Hhm","DIABLO 3-3/5"" 10 TPI - JIG SAW BLADE","Diablo® Djt155Hhm Diablo 3-3/5"" 10 Tpi - Jig Saw Blade","DIABLO®, DJT155HHM Diablo 3-3/5"" 10 TPI - Jig Saw Blade","Diablo® Djt155Hhm Diablo 3-3/5"" 10 Tpi - Jig Saw Blade","DIABLO®, DJT155HHM Diablo 3-3/5"" 10 TPI - Jig Saw Blade",,,,,,,Cut-Off Wheels & Blades,,,,,,,,,,,,31191600,,1,EA,DIABLO_DJT155HHM.jpg,DIABLO_DJT155HHM_1.jpg,DIABLO_DJT155HHM_2.jpg,DIABLO_DJT155HHM_3.jpg,DIABLO_DJT155HHM_4.jpg,DIABLO_DJT155HHM_Specification_Sheet.pdf,No,Yes
,790.82,Tools & Hardware,Power Tools,Cordless & Corded Power Tools,790.82,790.82,790.820 CMT Planer Blade 2pc,,,CMT USA Inc (CMTUS),CMT USA Inc,CMT USA Inc,,790.82,Tools & Hardware > Power Tools > Cordless & Corded Power Tools > Power Tools,"CMT USA Inc, Cmt Usa Inc, 0 Cmt Planer Blade 2Pc, 790.82 - Part Number: 790.82",0 CMT PLANER BLADE 2PC,Cmt Usa Inc 790.82 0 Cmt Planer Blade 2Pc,"CMT USA Inc, 790.820 CMT Planer Blade 2pc, Package Quantity: 2 pc",Cmt Usa Inc 790.82 0 Cmt Planer Blade 2Pc,"CMT USA Inc, 790.820 CMT Planer Blade 2pc, Package Quantity: 2 pc",Package Quantity: 2 pc,,,,,,Power Tools,Package Quantity,2,pc,,,,,,,,,27112700,,1,EA,CMTUSAINC_790.82.jpg,CMTUSAINC_790.82_1.jpg,CMTUSAINC_790.82_2.jpg,CMTUSAINC_790.82_3.jpg,CMTUSAINC_790.82_4.jpg,CMTUSAINC_790.82_Specification_Sheet.pdf,No,Yes
,794.321,Tools & Hardware,Power Tools,Cordless & Corded Power Tools,794.321,794.321,794.321 HS Planer Knives 3pc,,,CMT USA Inc (CMTUS),CMT USA Inc,CMT USA Inc,,794.321,Tools & Hardware > Power Tools > Cordless & Corded Power Tools > Power Tools,"CMT USA Inc, Cmt Usa Inc, Hs Planer Knives 3Pc, 794.321 - Part Number: 794.321",HS PLANER KNIVES 3PC,Cmt Usa Inc 794.321 Hs Planer Knives 3Pc,"CMT USA Inc, 794.321 HS Planer Knives 3pc, Package Quantity: 3 pc",Cmt Usa Inc 794.321 Hs Planer Knives 3Pc,"CMT USA Inc, 794.321 HS Planer Knives 3pc, Package Quantity: 3 pc",Package Quantity: 3 pc,,,,,,Power Tools,Package Quantity,3,pc,,,,,,,,,27112700,,1,EA,CMTUSAINC_794.321.jpg,CMTUSAINC_794.321_1.jpg,CMTUSAINC_794.321_2.jpg,CMTUSAINC_794.321_3.jpg,CMTUSAINC_794.321_4.jpg,CMTUSAINC_794.321_Specification_Sheet.pdf,No,Yes
https://www.milwaukeetool.com/Products/49-22-5641,49-22-5641,Tools & Abrasives,Abrasives,Cutting & Grinding Wheels,49-22-5641,49-22-5641,49-22-5641 Milw Packout 15pc - Sawzall Blade Kit,,,Milwaukee Accessory (4031),Milwaukee Electric Tool Corp,MILWAUKEE®,Heavy Duty™,49-22-5641,Tools & Abrasives > Abrasives > Cutting & Grinding Wheels > Cut-Off Wheels & Blades,"Milwaukee Electric Tool Corp Milwaukee, Milw Packout 15Pc, Sawzall Blade Kit,",MILW PACKOUT 15PC - SAWZALL BLADE KIT,Milwaukee® 49-22-5641 Milw Packout 15Pc - Sawzall Blade Kit,"MILWAUKEE®, 49-22-5641 Milw Packout 15pc - Sawzall Blade Kit, Package Quantity: 15 pc, Product Line / Series: Sawzall",Milwaukee® 49-22-5641 Milw Packout 15Pc - Sawzall Blade Kit,"MILWAUKEE®, 49-22-5641 Milw Packout 15pc - Sawzall Blade Kit, Package Quantity: 15 pc, Product Line / Series: Sawzall",Package Quantity: 15 pc,Product Line / Series: Sawzall,,,,,Cut-Off Wheels & Blades,Package Quantity,15,pc,Product Line / Series,Sawzall,,,,,,,31191600,,1,EA,MILWAUKEE_49-22-5641.jpg,MILWAUKEE_49-22-5641_1.jpg,MILWAUKEE_49-22-5641_2.jpg,MILWAUKEE_49-22-5641_3.jpg,MILWAUKEE_49-22-5641_4.jpg,MILWAUKEE_49-22-5641_Specification_Sheet.pdf,No,Yes
,D0604TSH,Tools & Abrasives,Abrasives,Cutting & Grinding Wheels,D0604TSH,D0604TSH,"D0604TSH Diablo 6-1/2"" 4-Tooth - Cement Track Saw Blade",,,Freud Inc (2435),Freud Inc,DIABLO®,Steel Demon™,D0604TSH,Tools & Abrasives > Abrasives > Cutting & Grinding Wheels > Cut-Off Wheels & Blades,"Freud Inc Diablo, Diablo 6, 1/2"" 4, Tooth, Cement Track Saw Blade, D0604Tsh","DIABLO 6-1/2"" 4-TOOTH - CEMENT TRACK","Diablo® D0604Tsh Diablo 6-1/2"" 4-Tooth - Cement Track Saw Blade","DIABLO®, D0604TSH Diablo 6-1/2"" 4-Tooth - Cement Track Saw Blade","Diablo® D0604Tsh Diablo 6-1/2"" 4-Tooth - Cement Track Saw Blade","DIABLO®, D0604TSH Diablo 6-1/2"" 4-Tooth - Cement Track Saw Blade",,,,,,,Cut-Off Wheels & Blades,,,,,,,,,,,,31191600,,1,EA,DIABLO_D0604TSH.jpg,DIABLO_D0604TSH_1.jpg,DIABLO_D0604TSH_2.jpg,DIABLO_D0604TSH_3.jpg,DIABLO_D0604TSH_4.jpg,DIABLO_D0604TSH_Specification_Sheet.pdf,No,Yes
,D0620TSR,Tools & Abrasives,Abrasives,Cutting & Grinding Wheels,D0620TSR,D0620TSR,"D0620TSR Diablo 6-1/2""20 Tooth - Framing Saw Blade",,,Freud Inc (2435),Freud Inc,DIABLO®,Steel Demon™,D0620TSR,Tools & Abrasives > Abrasives > Cutting & Grinding Wheels > Cut-Off Wheels & Blades,"Freud Inc Diablo, Diablo 6, 1/2""20 Tooth, Framing Saw Blade, D0620Tsr","DIABLO 6-1/2""20 TOOTH - FRAMING SAW","Diablo® D0620Tsr Diablo 6-1/2""20 Tooth - Framing Saw Blade","DIABLO®, D0620TSR Diablo 6-1/2""20 Tooth - Framing Saw Blade, Diameter / Length: 6-1/2 in","Diablo® D0620Tsr Diablo 6-1/2""20 Tooth - Framing Saw Blade","DIABLO®, D0620TSR Diablo 6-1/2""20 Tooth - Framing Saw Blade, Diameter / Length: 6-1/2 in",Diameter / Length: 6-1/2 in,,,,,,Cut-Off Wheels & Blades,Diameter / Length,6-1/2 in,,,,,,,,,,31191600,,1,EA,DIABLO_D0620TSR.jpg,DIABLO_D0620TSR_1.jpg,DIABLO_D0620TSR_2.jpg,DIABLO_D0620TSR_3.jpg,DIABLO_D0620TSR_4.jpg,DIABLO_D0620TSR_Specification_Sheet.pdf,No,Yes
,D0648TSF,Tools & Abrasives,Abrasives,Cutting & Grinding Wheels,D0648TSF,D0648TSF,"D0648TSF Diablo 6-1/2""48 Tooth - Plywood Track Saw Blade",,,Freud Inc (2435),Freud Inc,DIABLO®,Steel Demon™,D0648TSF,Tools & Abrasives > Abrasives > Cutting & Grinding Wheels > Cut-Off Wheels & Blades,"Freud Inc Diablo, Diablo 6, 1/2""48 Tooth, Plywood Track Saw Blade, D0648Tsf","DIABLO 6-1/2""48 TOOTH - PLYWOOD TRACK","Diablo® D0648Tsf Diablo 6-1/2""48 Tooth - Plywood Track Saw Blade","DIABLO®, D0648TSF Diablo 6-1/2""48 Tooth - Plywood Track Saw Blade, Diameter / Length: 6-1/2 in","Diablo® D0648Tsf Diablo 6-1/2""48 Tooth - Plywood Track Saw Blade","DIABLO®, D0648TSF Diablo 6-1/2""48 Tooth - Plywood Track Saw Blade, Diameter / Length: 6-1/2 in",Diameter / Length: 6-1/2 in,,,,,,Cut-Off Wheels & Blades,Diameter / Length,6-1/2 in,,,,,,,,,,31191600,,1,EA,DIABLO_D0648TSF.jpg,DIABLO_D0648TSF_1.jpg,DIABLO_D0648TSF_2.jpg,DIABLO_D0648TSF_3.jpg,DIABLO_D0648TSF_4.jpg,DIABLO_D0648TSF_Specification_Sheet.pdf,No,Yes
,D0652TSL,Tools & Abrasives,Abrasives,Cutting & Grinding Wheels,D0652TSL,D0652TSL,"D0652TSL Diablo 6-1/2""52 Tooth - Laminate Track Saw Blade",,,Freud Inc (2435),Freud Inc,DIABLO®,Steel Demon™,D0652TSL,Tools & Abrasives > Abrasives > Cutting & Grinding Wheels > Cut-Off Wheels & Blades,"Freud Inc Diablo, Diablo 6, 1/2""52 Tooth, Laminate Track Saw Blade, D0652Tsl","DIABLO 6-1/2""52 TOOTH - LAMINATE TRACK","Diablo® D0652Tsl Diablo 6-1/2""52 Tooth - Laminate Track Saw Blade","DIABLO®, D0652TSL Diablo 6-1/2""52 Tooth - Laminate Track Saw Blade, Diameter / Length: 6-1/2 in","Diablo® D0652Tsl Diablo 6-1/2""52 Tooth - Laminate Track Saw Blade","DIABLO®, D0652TSL Diablo 6-1/2""52 Tooth - Laminate Track Saw Blade, Diameter / Length: 6-1/2 in",Diameter / Length: 6-1/2 in,,,,,,Cut-Off Wheels & Blades,Diameter / Length,6-1/2 in,,,,,,,,,,31191600,,1,EA,DIABLO_D0652TSL.jpg,DIABLO_D0652TSL_1.jpg,DIABLO_D0652TSL_2.jpg,DIABLO_D0652TSL_3.jpg,DIABLO_D0652TSL_4.jpg,DIABLO_D0652TSL_Specification_Sheet.pdf,No,Yes
,JT1-549,Industrial MRO,Hardware & Supplies,General Maintenance,JT1-549,JT1-549,"JT1-549 JWBS18SFX 18"" Bandsaw - 1.75HP 1PH 115V",,,JPW Industries (JPWIN),JPW Industries,JPW Industries,,JT1-549,Industrial MRO > Hardware & Supplies > General Maintenance > Industrial Supplies,"Jpw Industries, Jwbs18Sfx 18"" Bandsaw, 1.75Hp 1Ph 115V, Jt1-549","JWBS18SFX 18"" BANDSAW - 1.75HP 1PH 115V","Jpw Industries Jt1-549 Jwbs18Sfx 18"" Bandsaw - 1.75Hp 1Ph 115V","JPW Industries, JT1-549 JWBS18SFX 18"" Bandsaw - 1.75HP 1PH 115V, Voltage: 115 V, Horsepower: 1.75 HP","Jpw Industries Jt1-549 Jwbs18Sfx 18"" Bandsaw - 1.75Hp 1Ph 115V","JPW Industries, JT1-549 JWBS18SFX 18"" Bandsaw - 1.75HP 1PH 115V, Voltage: 115 V, Horsepower: 1.75 HP",Voltage: 115 V,Horsepower: 1.75 HP,,,,,Industrial Supplies,Voltage,115,V,Horsepower,1.75,HP,,,,,,31160000,,1,EA,JPWINDUSTRIES_JT1-549.jpg,JPWINDUSTRIES_JT1-549_1.jpg,JPWINDUSTRIES_JT1-549_2.jpg,JPWINDUSTRIES_JT1-549_3.jpg,JPWINDUSTRIES_JT1-549_4.jpg,JPWINDUSTRIES_JT1-549_Specification_Sheet.pdf,No,Yes
,JT1-1371,Industrial MRO,Hardware & Supplies,General Maintenance,JT1-1371,JT1-1371,"JWBS14-SFX-BLK Jet 14"" Bandsaw - JT1-1371",,,JPW Industries (JPWIN),JPW Industries,JPW Industries,,JT1-1371,Industrial MRO > Hardware & Supplies > General Maintenance > Industrial Supplies,"Jpw Industries, Jwbs14, Sfx, Blk Jet 14"" Bandsaw, Jt1, 1371, Jt1-1371","JWBS14-SFX-BLK JET 14"" BANDSAW -","Jpw Industries Jt1-1371 Jwbs14-Sfx-Blk Jet 14"" Bandsaw - Jt1-1371","JPW Industries, JWBS14-SFX-BLK Jet 14"" Bandsaw - JT1-1371, Finish / Color: Black","Jpw Industries Jt1-1371 Jwbs14-Sfx-Blk Jet 14"" Bandsaw - Jt1-1371","JPW Industries, JWBS14-SFX-BLK Jet 14"" Bandsaw - JT1-1371, Finish / Color: Black",Finish / Color: Black,,,,,,Industrial Supplies,Finish / Color,Black,,,,,,,,,,31160000,,1,EA,JPWINDUSTRIES_JT1-1371.jpg,JPWINDUSTRIES_JT1-1371_1.jpg,JPWINDUSTRIES_JT1-1371_2.jpg,JPWINDUSTRIES_JT1-1371_3.jpg,JPWINDUSTRIES_JT1-1371_4.jpg,JPWINDUSTRIES_JT1-1371_Specification_Sheet.pdf,No,Yes
,JT9-714400K,Industrial MRO,Hardware & Supplies,General Maintenance,JT9-714400K,JT9-714400K,"JWBS-14SFX 14"" Bandsaw JTP-714400K",,,JPW Industries (JPWIN),JPW Industries,JPW Industries,,JT9-714400K,Industrial MRO > Hardware & Supplies > General Maintenance > Industrial Supplies,"Jpw Industries, Jwbs, 14Sfx 14"" Bandsaw Jtp, 714400K, Jt9-714400K","JWBS-14SFX 14"" BANDSAW JTP-714400K","Jpw Industries Jt9-714400K Jwbs-14Sfx 14"" Bandsaw Jtp-714400K","JPW Industries, JWBS-14SFX 14"" Bandsaw JTP-714400K, Part Number: JT9-714400K","Jpw Industries Jt9-714400K Jwbs-14Sfx 14"" Bandsaw Jtp-714400K","JPW Industries, JWBS-14SFX 14"" Bandsaw JTP-714400K, Part Number: JT9-714400K",,,,,,,Industrial Supplies,,,,,,,,,,,,31160000,,1,EA,JPWINDUSTRIES_JT9-714400K.jpg,JPWINDUSTRIES_JT9-714400K_1.jpg,JPWINDUSTRIES_JT9-714400K_2.jpg,JPWINDUSTRIES_JT9-714400K_3.jpg,JPWINDUSTRIES_JT9-714400K_4.jpg,JPWINDUSTRIES_JT9-714400K_Specification_Sheet.pdf,No,Yes
https://www.milwaukeetool.com/Products/2834-21HD,2834-21HD,Industrial MRO,Hardware & Supplies,General Maintenance,2834-21HD,2834-21HD,"2834-21HD Milw M18 7-1/4"" Circ - Saw Kit",,Milwaukee,Milwaukee Accessory (4031),Milwaukee Electric Tool Corp,MILWAUKEE®,Heavy Duty™,2834-21HD,Industrial MRO > Hardware & Supplies > General Maintenance > Industrial Supplies,"Milwaukee Electric Tool Corp Milwaukee, Milw M18 7, 1/4"" Circ, Saw Kit,","MILW M18 7-1/4"" CIRC - SAW KIT","Milwaukee® 2834-21Hd Milw M18 7-1/4"" Circ - Saw Kit","MILWAUKEE®, 2834-21HD Milw M18 7-1/4"" Circ - Saw Kit","Milwaukee® 2834-21Hd Milw M18 7-1/4"" Circ - Saw Kit","MILWAUKEE®, 2834-21HD Milw M18 7-1/4"" Circ - Saw Kit",,,,,,,Industrial Supplies,,,,,,,,,,,,31160000,,1,EA,MILWAUKEE_2834-21HD.jpg,MILWAUKEE_2834-21HD_1.jpg,MILWAUKEE_2834-21HD_2.jpg,MILWAUKEE_2834-21HD_3.jpg,MILWAUKEE_2834-21HD_4.jpg,MILWAUKEE_2834-21HD_Specification_Sheet.pdf,No,Yes
https://www.dewalt.com/product/DCS383B,DCS383B,Industrial MRO,Hardware & Supplies,General Maintenance,DCS383B,DCS383B,"DCS383B Dewalt 20V 7-1/4"" - Metal Cutting Circ Saw",,,Black & Decker/dewlt (2585),Stanley Black & Decker,DEWALT®,Guaranteed Tough®,DCS383B,Industrial MRO > Hardware & Supplies > General Maintenance > Industrial Supplies,"Stanley Black & Decker Dewalt, Dewalt 20V 7, 1/4"", Metal Cutting Circ Saw,","DEWALT 20V 7-1/4"" - METAL CUTTING CIRC","Dewalt® Dcs383B Dewalt 20V 7-1/4"" - Metal Cutting Circ Saw","DEWALT®, DCS383B Dewalt 20V 7-1/4"" - Metal Cutting Circ Saw, Voltage: 20 V, Primary Application: Metal Cutting & Grinding","Dewalt® Dcs383B Dewalt 20V 7-1/4"" - Metal Cutting Circ Saw","DEWALT®, DCS383B Dewalt 20V 7-1/4"" - Metal Cutting Circ Saw, Voltage: 20 V, Primary Application: Metal Cutting & Grinding",Voltage: 20 V,Primary Application: Metal Cutting & Grinding,,,,,Industrial Supplies,Voltage,20,V,Primary Application,Metal Cutting & Grinding,,,,,,,31160000,,1,EA,DEWALT_DCS383B.jpg,DEWALT_DCS383B_1.jpg,DEWALT_DCS383B_2.jpg,DEWALT_DCS383B_3.jpg,DEWALT_DCS383B_4.jpg,DEWALT_DCS383B_Specification_Sheet.pdf,No,Yes
https://www.dewalt.com/product/DCS590B,DCS590B,Industrial MRO,Hardware & Supplies,General Maintenance,DCS590B,DCS590B,"DCS590B Dewalt 20V Cordless - 7-1/4"" Circular Saw (Bare)",,DEWALT,Black & Decker/dewlt (2585),Stanley Black & Decker,DEWALT®,Guaranteed Tough®,DCS590B,Industrial MRO > Hardware & Supplies > General Maintenance > Industrial Supplies,"Stanley Black & Decker Dewalt, Dewalt 20V Cordless, 7, 1/4"" Circular Saw","DEWALT 20V CORDLESS - 7-1/4"" CIRCULAR","Dewalt® Dcs590B Dewalt 20V Cordless - 7-1/4"" Circular Saw (Bare)","DEWALT®, DCS590B Dewalt 20V Cordless - 7-1/4"" Circular Saw (Bare), Voltage: 20 V","Dewalt® Dcs590B Dewalt 20V Cordless - 7-1/4"" Circular Saw (Bare)","DEWALT®, DCS590B Dewalt 20V Cordless - 7-1/4"" Circular Saw (Bare), Voltage: 20 V",Voltage: 20 V,,,,,,Industrial Supplies,Voltage,20,V,,,,,,,,,31160000,,1,EA,DEWALT_DCS590B.jpg,DEWALT_DCS590B_1.jpg,DEWALT_DCS590B_2.jpg,DEWALT_DCS590B_3.jpg,DEWALT_DCS590B_4.jpg,DEWALT_DCS590B_Specification_Sheet.pdf,No,Yes
,KPTCS725A,Industrial MRO,Hardware & Supplies,General Maintenance,KPTCS725A,KPTCS725A,"KPTCS725A Kreg 20V Ionic 7-1/4"" Circ Saw",,,Kreg Tool Company (KRETO),Kreg Tool Company,KREG®,Kreg®,KPTCS725A,Industrial MRO > Hardware & Supplies > General Maintenance > Industrial Supplies,"Kreg Tool Company Kreg, Kreg 20V Ionic 7, 1/4"" Circ Saw, Kptcs725A","KREG 20V IONIC 7-1/4"" CIRC SAW","Kreg® Kptcs725A Kreg 20V Ionic 7-1/4"" Circ Saw","KREG®, KPTCS725A Kreg 20V Ionic 7-1/4"" Circ Saw, Voltage: 20 V","Kreg® Kptcs725A Kreg 20V Ionic 7-1/4"" Circ Saw","KREG®, KPTCS725A Kreg 20V Ionic 7-1/4"" Circ Saw, Voltage: 20 V",Voltage: 20 V,,,,,,Industrial Supplies,Voltage,20,V,,,,,,,,,31160000,,1,EA,KREG_KPTCS725A.jpg,KREG_KPTCS725A_1.jpg,KREG_KPTCS725A_2.jpg,KREG_KPTCS725A_3.jpg,KREG_KPTCS725A_4.jpg,KREG_KPTCS725A_Specification_Sheet.pdf,No,Yes
,KPTCS450A,Industrial MRO,Hardware & Supplies,General Maintenance,KPTCS450A,KPTCS450A,"KPTCS450A Kreg 20V Ionic 4-1/2"" Circ Saw",,,Kreg Tool Company (KRETO),Kreg Tool Company,KREG®,Kreg®,KPTCS450A,Industrial MRO > Hardware & Supplies > General Maintenance > Industrial Supplies,"Kreg Tool Company Kreg, Kreg 20V Ionic 4, 1/2"" Circ Saw, Kptcs450A","KREG 20V IONIC 4-1/2"" CIRC SAW","Kreg® Kptcs450A Kreg 20V Ionic 4-1/2"" Circ Saw","KREG®, KPTCS450A Kreg 20V Ionic 4-1/2"" Circ Saw, Voltage: 20 V","Kreg® Kptcs450A Kreg 20V Ionic 4-1/2"" Circ Saw","KREG®, KPTCS450A Kreg 20V Ionic 4-1/2"" Circ Saw, Voltage: 20 V",Voltage: 20 V,,,,,,Industrial Supplies,Voltage,20,V,,,,,,,,,31160000,,1,EA,KREG_KPTCS450A.jpg,KREG_KPTCS450A_1.jpg,KREG_KPTCS450A_2.jpg,KREG_KPTCS450A_3.jpg,KREG_KPTCS450A_4.jpg,KREG_KPTCS450A_Specification_Sheet.pdf,No,Yes
https://www.milwaukeetool.com/Products/2545-20,2545-20,Industrial MRO,Hardware & Supplies,General Maintenance,2545-20,2545-20,2545-20 Milw M12 Jig Saw,,Milwaukee,Milwaukee Accessory (4031),Milwaukee Electric Tool Corp,MILWAUKEE®,Heavy Duty™,2545-20,Industrial MRO > Hardware & Supplies > General Maintenance > Industrial Supplies,"Milwaukee Electric Tool Corp Milwaukee, Milw M12 Jig Saw, 2545-20",MILW M12 JIG SAW,Milwaukee® 2545-20 Milw M12 Jig Saw,"MILWAUKEE®, 2545-20 Milw M12 Jig Saw",Milwaukee® 2545-20 Milw M12 Jig Saw,"MILWAUKEE®, 2545-20 Milw M12 Jig Saw",,,,,,,Industrial Supplies,,,,,,,,,,,,31160000,,1,EA,MILWAUKEE_2545-20.jpg,MILWAUKEE_2545-20_1.jpg,MILWAUKEE_2545-20_2.jpg,MILWAUKEE_2545-20_3.jpg,MILWAUKEE_2545-20_4.jpg,MILWAUKEE_2545-20_Specification_Sheet.pdf,No,Yes
,KPTJS100A,Industrial MRO,Hardware & Supplies,General Maintenance,KPTJS100A,KPTJS100A,KPTJS100A Kreg 20V Ionic Barrel Grip Jigsaw,,,Kreg Tool Company (KRETO),Kreg Tool Company,KREG®,Kreg®,KPTJS100A,Industrial MRO > Hardware & Supplies > General Maintenance > Industrial Supplies,"Kreg Tool Company Kreg, Kreg 20V Ionic Barrel Grip Jigsaw, Kptjs100A",KREG 20V IONIC BARREL GRIP JIGSAW,Kreg® Kptjs100A Kreg 20V Ionic Barrel Grip Jigsaw,"KREG®, KPTJS100A Kreg 20V Ionic Barrel Grip Jigsaw, Voltage: 20 V",Kreg® Kptjs100A Kreg 20V Ionic Barrel Grip Jigsaw,"KREG®, KPTJS100A Kreg 20V Ionic Barrel Grip Jigsaw, Voltage: 20 V",Voltage: 20 V,,,,,,Industrial Supplies,Voltage,20,V,,,,,,,,,31160000,,1,EA,KREG_KPTJS100A.jpg,KREG_KPTJS100A_1.jpg,KREG_KPTJS100A_2.jpg,KREG_KPTJS100A_3.jpg,KREG_KPTJS100A_4.jpg,KREG_KPTJS100A_Specification_Sheet.pdf,No,Yes
https://www.dewalt.com/product/DCS714B,DCS714B,Industrial MRO,Hardware & Supplies,General Maintenance,DCS714B,DCS714B,"DCS714B Dewalt 20V Miter Saw - (Bare) 10"" Double Bevel Fixed",,,Black & Decker/dewlt (2585),Stanley Black & Decker,DEWALT®,Guaranteed Tough®,DCS714B,Industrial MRO > Hardware & Supplies > General Maintenance > Industrial Supplies,"Stanley Black & Decker Dewalt, Dewalt 20V Miter Saw, (Bare) 10"" Double Bevel","DEWALT 20V MITER SAW - (BARE) 10""","Dewalt® Dcs714B Dewalt 20V Miter Saw - (Bare) 10"" Double Bevel Fixed","DEWALT®, DCS714B Dewalt 20V Miter Saw - (Bare) 10"" Double Bevel Fixed, Voltage: 20 V","Dewalt® Dcs714B Dewalt 20V Miter Saw - (Bare) 10"" Double Bevel Fixed","DEWALT®, DCS714B Dewalt 20V Miter Saw - (Bare) 10"" Double Bevel Fixed, Voltage: 20 V",Voltage: 20 V,,,,,,Industrial Supplies,Voltage,20,V,,,,,,,,,31160000,,1,EA,DEWALT_DCS714B.jpg,DEWALT_DCS714B_1.jpg,DEWALT_DCS714B_2.jpg,DEWALT_DCS714B_3.jpg,DEWALT_DCS714B_4.jpg,DEWALT_DCS714B_Specification_Sheet.pdf,No,Yes
https://www.dewalt.com/product/DCS785B,DCS785B,Industrial MRO,Hardware & Supplies,General Maintenance,DCS785B,DCS785B,"DCS785B Dewalt 20V Miter Saw - Kit 12"" Double Bevel Sliding",,,Black & Decker/dewlt (2585),Stanley Black & Decker,DEWALT®,Guaranteed Tough®,DCS785B,Industrial MRO > Hardware & Supplies > General Maintenance > Industrial Supplies,"Stanley Black & Decker Dewalt, Dewalt 20V Miter Saw, Kit 12"" Double Bevel","DEWALT 20V MITER SAW - KIT 12"" DOUBLE","Dewalt® Dcs785B Dewalt 20V Miter Saw - Kit 12"" Double Bevel Sliding","DEWALT®, DCS785B Dewalt 20V Miter Saw - Kit 12"" Double Bevel Sliding, Voltage: 20 V","Dewalt® Dcs785B Dewalt 20V Miter Saw - Kit 12"" Double Bevel Sliding","DEWALT®, DCS785B Dewalt 20V Miter Saw - Kit 12"" Double Bevel Sliding, Voltage: 20 V",Voltage: 20 V,,,,,,Industrial Supplies,Voltage,20,V,,,,,,,,,31160000,,1,EA,DEWALT_DCS785B.jpg,DEWALT_DCS785B_1.jpg,DEWALT_DCS785B_2.jpg,DEWALT_DCS785B_3.jpg,DEWALT_DCS785B_4.jpg,DEWALT_DCS785B_Specification_Sheet.pdf,No,Yes
,GSL02M1,Industrial MRO,Hardware & Supplies,General Maintenance,GSL02M1,GSL02M1,"GSL02M1 Makita Miter Saw - 40V 8-1/2""",,,Makita Usa Inc (5142),Makita USA Inc,MAKITA®,LXT®,GSL02M1,Industrial MRO > Hardware & Supplies > General Maintenance > Industrial Supplies,"Makita Usa Inc Makita, Makita Miter Saw, 40V 8, 1/2"", Gsl02M1","MAKITA MITER SAW - 40V 8-1/2""","Makita® Gsl02M1 Makita Miter Saw - 40V 8-1/2""","MAKITA®, GSL02M1 Makita Miter Saw - 40V 8-1/2"", Voltage: 40 V","Makita® Gsl02M1 Makita Miter Saw - 40V 8-1/2""","MAKITA®, GSL02M1 Makita Miter Saw - 40V 8-1/2"", Voltage: 40 V",Voltage: 40 V,,,,,,Industrial Supplies,Voltage,40,V,,,,,,,,,31160000,,1,EA,MAKITA_GSL02M1.jpg,MAKITA_GSL02M1_1.jpg,MAKITA_GSL02M1_2.jpg,MAKITA_GSL02M1_3.jpg,MAKITA_GSL02M1_4.jpg,MAKITA_GSL02M1_Specification_Sheet.pdf,No,Yes
https://www.dewalt.com/product/DW7029,DW7029,Industrial MRO,Hardware & Supplies,General Maintenance,DW7029,DW7029,DW7029 Dewalt Miter Saw - Stand Support/Stop,,,Black & Decker/dewlt (2585),Stanley Black & Decker,DEWALT®,Guaranteed Tough®,DW7029,Industrial MRO > Hardware & Supplies > General Maintenance > Industrial Supplies,"Stanley Black & Decker Dewalt, Dewalt Miter Saw, Stand Support/Stop, Dw7029",DEWALT MITER SAW - STAND SUPPORT/STOP,Dewalt® Dw7029 Dewalt Miter Saw - Stand Support/Stop,"DEWALT®, DW7029 Dewalt Miter Saw - Stand Support/Stop",Dewalt® Dw7029 Dewalt Miter Saw - Stand Support/Stop,"DEWALT®, DW7029 Dewalt Miter Saw - Stand Support/Stop",,,,,,,Industrial Supplies,,,,,,,,,,,,31160000,,1,EA,DEWALT_DW7029.jpg,DEWALT_DW7029_1.jpg,DEWALT_DW7029_2.jpg,DEWALT_DW7029_3.jpg,DEWALT_DW7029_4.jpg,DEWALT_DW7029_Specification_Sheet.pdf,No,Yes
https://www.dewalt.com/product/DCS384B,DCS384B,Industrial MRO,Hardware & Supplies,General Maintenance,DCS384B,DCS384B,DCS384B Dewalt 20V Brushless - Cordless Recip Saw (Bare),,DEWALT,Black & Decker/dewlt (2585),Stanley Black & Decker,DEWALT®,Guaranteed Tough®,DCS384B,Industrial MRO > Hardware & Supplies > General Maintenance > Industrial Supplies,"Stanley Black & Decker Dewalt, Dewalt 20V Brushless, Cordless Recip Saw (Bare),",DEWALT 20V BRUSHLESS - CORDLESS RECIP,Dewalt® Dcs384B Dewalt 20V Brushless - Cordless Recip Saw (Bare),"DEWALT®, DCS384B Dewalt 20V Brushless - Cordless Recip Saw (Bare), Voltage: 20 V",Dewalt® Dcs384B Dewalt 20V Brushless - Cordless Recip Saw (Bare),"DEWALT®, DCS384B Dewalt 20V Brushless - Cordless Recip Saw (Bare), Voltage: 20 V",Voltage: 20 V,,,,,,Industrial Supplies,Voltage,20,V,,,,,,,,,31160000,,1,EA,DEWALT_DCS384B.jpg,DEWALT_DCS384B_1.jpg,DEWALT_DCS384B_2.jpg,DEWALT_DCS384B_3.jpg,DEWALT_DCS384B_4.jpg,DEWALT_DCS384B_Specification_Sheet.pdf,No,Yes
,XRJ08Z,Industrial MRO,Hardware & Supplies,General Maintenance,XRJ08Z,XRJ08Z,XRJ08Z Makita 18V Recip Saw - Bare Tool,,,Makita Usa Inc (5142),Makita USA Inc,MAKITA®,LXT®,XRJ08Z,Industrial MRO > Hardware & Supplies > General Maintenance > Industrial Supplies,"Makita Usa Inc Makita, Makita 18V Recip Saw, Bare Tool, Xrj08Z",MAKITA 18V RECIP SAW - BARE TOOL,Makita® Xrj08Z Makita 18V Recip Saw - Bare Tool,"MAKITA®, XRJ08Z Makita 18V Recip Saw - Bare Tool, Voltage: 18 V",Makita® Xrj08Z Makita 18V Recip Saw - Bare Tool,"MAKITA®, XRJ08Z Makita 18V Recip Saw - Bare Tool, Voltage: 18 V",Voltage: 18 V,,,,,,Industrial Supplies,Voltage,18,V,,,,,,,,,31160000,,1,EA,MAKITA_XRJ08Z.jpg,MAKITA_XRJ08Z_1.jpg,MAKITA_XRJ08Z_2.jpg,MAKITA_XRJ08Z_3.jpg,MAKITA_XRJ08Z_4.jpg,MAKITA_XRJ08Z_Specification_Sheet.pdf,No,Yes
,G0771Z,Industrial MRO,Hardware & Supplies,General Maintenance,G0771Z,G0771Z,"Grizzly G0771Z 30"" Table Saw",,,Woodstock Intl (3658),Woodstock International Inc,GRIZZLY®,Grizzly Industrial®,G0771Z,Industrial MRO > Hardware & Supplies > General Maintenance > Industrial Supplies,"Woodstock International Inc Grizzly, Grizzly G0771Z 30"" Table Saw, G0771Z","GRIZZLY G0771Z 30"" TABLE SAW","Grizzly® G0771Z Grizzly G0771Z 30"" Table Saw","GRIZZLY®, Grizzly G0771Z 30"" Table Saw","Grizzly® G0771Z Grizzly G0771Z 30"" Table Saw","GRIZZLY®, Grizzly G0771Z 30"" Table Saw",,,,,,,Industrial Supplies,,,,,,,,,,,,31160000,,1,EA,GRIZZLY_G0771Z.jpg,GRIZZLY_G0771Z_1.jpg,GRIZZLY_G0771Z_2.jpg,GRIZZLY_G0771Z_3.jpg,GRIZZLY_G0771Z_4.jpg,GRIZZLY_G0771Z_Specification_Sheet.pdf,No,Yes
,TS1017,Industrial MRO,Hardware & Supplies,General Maintenance,TS1017,TS1017,TS1017 Table Saw Zero-Clearance Insert,,,Robt Bosch Tool Corp (6564),Robt Bosch Tool Corp,Robt Bosch Tool Corp,,TS1017,Industrial MRO > Hardware & Supplies > General Maintenance > Industrial Supplies,"Robt Bosch Tool Corp, Table Saw Zero, Clearance Insert, Ts1017",TABLE SAW ZERO-CLEARANCE INSERT,Robt Bosch Tool Corp Ts1017 Table Saw Zero-Clearance Insert,"Robt Bosch Tool Corp, TS1017 Table Saw Zero-Clearance Insert",Robt Bosch Tool Corp Ts1017 Table Saw Zero-Clearance Insert,"Robt Bosch Tool Corp, TS1017 Table Saw Zero-Clearance Insert",,,,,,,Industrial Supplies,,,,,,,,,,,,31160000,,1,EA,ROBTBOSCHTOOLCORP_TS1017.jpg,ROBTBOSCHTOOLCORP_TS1017_1.jpg,ROBTBOSCHTOOLCORP_TS1017_2.jpg,ROBTBOSCHTOOLCORP_TS1017_3.jpg,ROBTBOSCHTOOLCORP_TS1017_4.jpg,ROBTBOSCHTOOLCORP_TS1017_Specification_Sheet.pdf,No,Yes
,XT524,Tools & Hardware,Measuring & Layout,Layout & Marking Tools,XT524,XT524,"XT524 24"" XT XTENDER Fence",,,Bow Products (BOWPR),Bow Products,Bow Products,,XT524,Tools & Hardware > Measuring & Layout > Layout & Marking Tools > Levels & Measuring Tools,"Bow Products, 24"" Xt Xtender Fence, Xt524 - Part Number: XT524","24"" XT XTENDER FENCE","Bow Products Xt524 24"" Xt Xtender Fence","Bow Products, XT524 24"" XT XTENDER Fence","Bow Products Xt524 24"" Xt Xtender Fence","Bow Products, XT524 24"" XT XTENDER Fence",,,,,,,Levels & Measuring Tools,,,,,,,,,,,,27111800,,1,EA,BOWPRODUCTS_XT524.jpg,BOWPRODUCTS_XT524_1.jpg,BOWPRODUCTS_XT524_2.jpg,BOWPRODUCTS_XT524_3.jpg,BOWPRODUCTS_XT524_4.jpg,BOWPRODUCTS_XT524_Specification_Sheet.pdf,No,Yes
,XT536,Tools & Hardware,Measuring & Layout,Layout & Marking Tools,XT536,XT536,"XT536 36"" XT XTENDER Fence",,,Bow Products (BOWPR),Bow Products,Bow Products,,XT536,Tools & Hardware > Measuring & Layout > Layout & Marking Tools > Levels & Measuring Tools,"Bow Products, 36"" Xt Xtender Fence, Xt536 - Part Number: XT536","36"" XT XTENDER FENCE","Bow Products Xt536 36"" Xt Xtender Fence","Bow Products, XT536 36"" XT XTENDER Fence","Bow Products Xt536 36"" Xt Xtender Fence","Bow Products, XT536 36"" XT XTENDER Fence",,,,,,,Levels & Measuring Tools,,,,,,,,,,,,27111800,,1,EA,BOWPRODUCTS_XT536.jpg,BOWPRODUCTS_XT536_1.jpg,BOWPRODUCTS_XT536_2.jpg,BOWPRODUCTS_XT536_3.jpg,BOWPRODUCTS_XT536_4.jpg,BOWPRODUCTS_XT536_Specification_Sheet.pdf,No,Yes
,XT546,Tools & Hardware,Measuring & Layout,Layout & Marking Tools,XT546,XT546,"XT546 46"" XT XTENDER Fence",,,Bow Products (BOWPR),Bow Products,Bow Products,,XT546,Tools & Hardware > Measuring & Layout > Layout & Marking Tools > Levels & Measuring Tools,"Bow Products, 46"" Xt Xtender Fence, Xt546 - Part Number: XT546","46"" XT XTENDER FENCE","Bow Products Xt546 46"" Xt Xtender Fence","Bow Products, XT546 46"" XT XTENDER Fence","Bow Products Xt546 46"" Xt Xtender Fence","Bow Products, XT546 46"" XT XTENDER Fence",,,,,,,Levels & Measuring Tools,,,,,,,,,,,,27111800,,1,EA,BOWPRODUCTS_XT546.jpg,BOWPRODUCTS_XT546_1.jpg,BOWPRODUCTS_XT546_2.jpg,BOWPRODUCTS_XT546_3.jpg,BOWPRODUCTS_XT546_4.jpg,BOWPRODUCTS_XT546_Specification_Sheet.pdf,No,Yes
,XTP235,Tools & Hardware,Measuring & Layout,Layout & Marking Tools,XTP235,XTP235,"35"" XTP XTENDER PRO Fence - XTP235",,,Bow Products (BOWPR),Bow Products,Bow Products,,XTP235,Tools & Hardware > Measuring & Layout > Layout & Marking Tools > Levels & Measuring Tools,"Bow Products, 35"" Xtp Xtender Pro Fence, Xtp235, Xtp235 - Part Number: XTP235","35"" XTP XTENDER PRO FENCE - XTP235","Bow Products Xtp235 35"" Xtp Xtender Pro Fence - Xtp235","Bow Products, 35"" XTP XTENDER PRO Fence - XTP235","Bow Products Xtp235 35"" Xtp Xtender Pro Fence - Xtp235","Bow Products, 35"" XTP XTENDER PRO Fence - XTP235",,,,,,,Levels & Measuring Tools,,,,,,,,,,,,27111800,,1,EA,BOWPRODUCTS_XTP235.jpg,BOWPRODUCTS_XTP235_1.jpg,BOWPRODUCTS_XTP235_2.jpg,BOWPRODUCTS_XTP235_3.jpg,BOWPRODUCTS_XTP235_4.jpg,BOWPRODUCTS_XTP235_Specification_Sheet.pdf,No,Yes
,TGP2-FA,Tools & Hardware,Measuring & Layout,Layout & Marking Tools,TGP2-FA,TGP2-FA,TGP2-FA T-Glide Fence Professional,,,Saw Stop LLC (SAWST),Saw Stop LLC,Saw Stop LLC,,TGP2-FA,Tools & Hardware > Measuring & Layout > Layout & Marking Tools > Levels & Measuring Tools,"Saw Stop LLC, Saw Stop Llc, T, Glide Fence Professional, Tgp2-Fa",T-GLIDE FENCE PRO,Saw Stop Llc Tgp2-Fa T-Glide Fence Professional,"Saw Stop LLC, TGP2-FA T-Glide Fence Professional",Saw Stop Llc Tgp2-Fa T-Glide Fence Professional,"Saw Stop LLC, TGP2-FA T-Glide Fence Professional",,,,,,,Levels & Measuring Tools,,,,,,,,,,,,27111800,,1,EA,SAWSTOPLLC_TGP2-FA.jpg,SAWSTOPLLC_TGP2-FA_1.jpg,SAWSTOPLLC_TGP2-FA_2.jpg,SAWSTOPLLC_TGP2-FA_3.jpg,SAWSTOPLLC_TGP2-FA_4.jpg,SAWSTOPLLC_TGP2-FA_Specification_Sheet.pdf,No,Yes
,ATGI-FA,Tools & Hardware,Measuring & Layout,Layout & Marking Tools,ATGI-FA,ATGI-FA,ATGI-FA T-Glide Advanced Fence Industrial,,,Saw Stop LLC (SAWST),Saw Stop LLC,Saw Stop LLC,,ATGI-FA,Tools & Hardware > Measuring & Layout > Layout & Marking Tools > Levels & Measuring Tools,"Saw Stop LLC, Saw Stop Llc, T, Glide Advanced Fence Industrial, Atgi-Fa",T-GLIDE ADVANCED FENCE IND,Saw Stop Llc Atgi-Fa T-Glide Advanced Fence Industrial,"Saw Stop LLC, ATGI-FA T-Glide Advanced Fence Industrial",Saw Stop Llc Atgi-Fa T-Glide Advanced Fence Industrial,"Saw Stop LLC, ATGI-FA T-Glide Advanced Fence Industrial",,,,,,,Levels & Measuring Tools,,,,,,,,,,,,27111800,,1,EA,SAWSTOPLLC_ATGI-FA.jpg,SAWSTOPLLC_ATGI-FA_1.jpg,SAWSTOPLLC_ATGI-FA_2.jpg,SAWSTOPLLC_ATGI-FA_3.jpg,SAWSTOPLLC_ATGI-FA_4.jpg,SAWSTOPLLC_ATGI-FA_Specification_Sheet.pdf,No,Yes
,ATGP-FA,Tools & Hardware,Measuring & Layout,Layout & Marking Tools,ATGP-FA,ATGP-FA,ATGP-FA T-Glide Advance Fence Professional,,,Saw Stop LLC (SAWST),Saw Stop LLC,Saw Stop LLC,,ATGP-FA,Tools & Hardware > Measuring & Layout > Layout & Marking Tools > Levels & Measuring Tools,"Saw Stop LLC, Saw Stop Llc, T, Glide Advance Fence Professional, Atgp-Fa",T-GLIDE ADVANCE FENCE PRO,Saw Stop Llc Atgp-Fa T-Glide Advance Fence Professional,"Saw Stop LLC, ATGP-FA T-Glide Advance Fence Professional",Saw Stop Llc Atgp-Fa T-Glide Advance Fence Professional,"Saw Stop LLC, ATGP-FA T-Glide Advance Fence Professional",,,,,,,Levels & Measuring Tools,,,,,,,,,,,,27111800,,1,EA,SAWSTOPLLC_ATGP-FA.jpg,SAWSTOPLLC_ATGP-FA_1.jpg,SAWSTOPLLC_ATGP-FA_2.jpg,SAWSTOPLLC_ATGP-FA_3.jpg,SAWSTOPLLC_ATGP-FA_4.jpg,SAWSTOPLLC_ATGP-FA_Specification_Sheet.pdf,No,Yes
,TGI2-FA,Tools & Hardware,Measuring & Layout,Layout & Marking Tools,TGI2-FA,TGI2-FA,TGI2-FA T-Glide Fence Indudtrial,,,Saw Stop LLC (SAWST),Saw Stop LLC,Saw Stop LLC,,TGI2-FA,Tools & Hardware > Measuring & Layout > Layout & Marking Tools > Levels & Measuring Tools,"Saw Stop LLC, Saw Stop Llc, T, Glide Fence Indudtrial, Tgi2-Fa",T-GLIDE FENCE INDUDTRIAL,Saw Stop Llc Tgi2-Fa T-Glide Fence Indudtrial,"Saw Stop LLC, TGI2-FA T-Glide Fence Indudtrial",Saw Stop Llc Tgi2-Fa T-Glide Fence Indudtrial,"Saw Stop LLC, TGI2-FA T-Glide Fence Indudtrial",,,,,,,Levels & Measuring Tools,,,,,,,,,,,,27111800,,1,EA,SAWSTOPLLC_TGI2-FA.jpg,SAWSTOPLLC_TGI2-FA_1.jpg,SAWSTOPLLC_TGI2-FA_2.jpg,SAWSTOPLLC_TGI2-FA_3.jpg,SAWSTOPLLC_TGI2-FA_4.jpg,SAWSTOPLLC_TGI2-FA_Specification_Sheet.pdf,No,Yes
,TGI2-T36A,Industrial MRO,Hardware & Supplies,General Maintenance,TGI2-T36A,TGI2-T36A,"TGI2-T36A 36"" Table Assembly Industrial",,,Saw Stop LLC (SAWST),Saw Stop LLC,Saw Stop LLC,,TGI2-T36A,Industrial MRO > Hardware & Supplies > General Maintenance > Industrial Supplies,"Saw Stop LLC, Saw Stop Llc, 36"" Table Assembly Industrial, Tgi2-T36A","36"" TABLE ASSY IND","Saw Stop Llc Tgi2-T36A 36"" Table Assembly Industrial","Saw Stop LLC, TGI2-T36A 36"" Table Assembly Industrial","Saw Stop Llc Tgi2-T36A 36"" Table Assembly Industrial","Saw Stop LLC, TGI2-T36A 36"" Table Assembly Industrial",,,,,,,Industrial Supplies,,,,,,,,,,,,31160000,,1,EA,SAWSTOPLLC_TGI2-T36A.jpg,SAWSTOPLLC_TGI2-T36A_1.jpg,SAWSTOPLLC_TGI2-T36A_2.jpg,SAWSTOPLLC_TGI2-T36A_3.jpg,SAWSTOPLLC_TGI2-T36A_4.jpg,SAWSTOPLLC_TGI2-T36A_Specification_Sheet.pdf,No,Yes
,KPTBPS100A,Industrial MRO,Hardware & Supplies,General Maintenance,KPTBPS100A,KPTBPS100A,"KPTBPS100A Kreg 20V Ionic 6-1/2"" Plunge-Cut Track Saw Kit",,,Kreg Tool Company (KRETO),Kreg Tool Company,KREG®,Kreg®,KPTBPS100A,Industrial MRO > Hardware & Supplies > General Maintenance > Industrial Supplies,"Kreg Tool Company Kreg, Kreg 20V Ionic 6, 1/2"" Plunge, Cut Track Saw Kit,","KREG 20V IONIC 6-1/2"" PLUNGE-CUT TRACK","Kreg® Kptbps100A Kreg 20V Ionic 6-1/2"" Plunge-Cut Track Saw Kit","KREG®, KPTBPS100A Kreg 20V Ionic 6-1/2"" Plunge-Cut Track Saw Kit, Voltage: 20 V","Kreg® Kptbps100A Kreg 20V Ionic 6-1/2"" Plunge-Cut Track Saw Kit","KREG®, KPTBPS100A Kreg 20V Ionic 6-1/2"" Plunge-Cut Track Saw Kit, Voltage: 20 V",Voltage: 20 V,,,,,,Industrial Supplies,Voltage,20,V,,,,,,,,,31160000,,1,EA,KREG_KPTBPS100A.jpg,KREG_KPTBPS100A_1.jpg,KREG_KPTBPS100A_2.jpg,KREG_KPTBPS100A_3.jpg,KREG_KPTBPS100A_4.jpg,KREG_KPTBPS100A_Specification_Sheet.pdf,No,Yes
https://www.dewalt.com/product/DCB606C,DCB606C,Tools & Hardware,Tool Accessories,Batteries & Chargers,DCB606C,DCB606C,DCB606C Dewalt Flexvolt Starter Kit,,,Black & Decker/dewlt (2585),Stanley Black & Decker,DEWALT®,Guaranteed Tough®,DCB606C,Tools & Hardware > Tool Accessories > Batteries & Chargers > Power Tool Batteries & Chargers,"Stanley Black & Decker Dewalt, Dewalt Flexvolt Starter Kit, Dcb606C",DEWALT FLEXVOLT STARTER KIT,Dewalt® Dcb606C Dewalt Flexvolt Starter Kit,"DEWALT®, DCB606C Dewalt Flexvolt Starter Kit, Product Line / Series: FlexVolt",Dewalt® Dcb606C Dewalt Flexvolt Starter Kit,"DEWALT®, DCB606C Dewalt Flexvolt Starter Kit, Product Line / Series: FlexVolt",Product Line / Series: FlexVolt,,,,,,Power Tool Batteries & Chargers,Product Line / Series,FlexVolt,,,,,,,,,,26111700,,1,EA,DEWALT_DCB606C.jpg,DEWALT_DCB606C_1.jpg,DEWALT_DCB606C_2.jpg,DEWALT_DCB606C_3.jpg,DEWALT_DCB606C_4.jpg,DEWALT_DCB606C_Specification_Sheet.pdf,No,Yes
,BL1850BDC1,Tools & Hardware,Tool Accessories,Batteries & Chargers,BL1850BDC1,BL1850BDC1,BL1850BDC1 Makita Starter Kit,,,Makita Usa Inc (5142),Makita USA Inc,MAKITA®,LXT®,BL1850BDC1,Tools & Hardware > Tool Accessories > Batteries & Chargers > Power Tool Batteries & Chargers,"Makita USA Inc, Makita Usa Inc Makita, Makita Starter Kit, Bl1850Bdc1",MAKITA STARTER KIT,Makita® Bl1850Bdc1 Makita Starter Kit,"MAKITA®, BL1850BDC1 Makita Starter Kit",Makita® Bl1850Bdc1 Makita Starter Kit,"MAKITA®, BL1850BDC1 Makita Starter Kit",,,,,,,Power Tool Batteries & Chargers,,,,,,,,,,,,26111700,,1,EA,MAKITA_BL1850BDC1.jpg,MAKITA_BL1850BDC1_1.jpg,MAKITA_BL1850BDC1_2.jpg,MAKITA_BL1850BDC1_3.jpg,MAKITA_BL1850BDC1_4.jpg,MAKITA_BL1850BDC1_Specification_Sheet.pdf,No,Yes
https://www.dewalt.com/product/DCB205C,DCB205C,Tools & Hardware,Tool Accessories,Batteries & Chargers,DCB205C,DCB205C,DCB205C 20V Starter Kit,,DEWALT,Black & Decker/dewlt (2585),Stanley Black & Decker,DEWALT®,Guaranteed Tough®,DCB205C,Tools & Hardware > Tool Accessories > Batteries & Chargers > Power Tool Batteries & Chargers,"Stanley Black & Decker Dewalt, 20V Starter Kit, Dcb205C - Part Number: DCB205C",20V STARTER KIT,Dewalt® Dcb205C 20V Starter Kit,"DEWALT®, DCB205C 20V Starter Kit, Voltage: 20 V",Dewalt® Dcb205C 20V Starter Kit,"DEWALT®, DCB205C 20V Starter Kit, Voltage: 20 V",Voltage: 20 V,,,,,,Power Tool Batteries & Chargers,Voltage,20,V,,,,,,,,,26111700,,1,EA,DEWALT_DCB205C.jpg,DEWALT_DCB205C_1.jpg,DEWALT_DCB205C_2.jpg,DEWALT_DCB205C_3.jpg,DEWALT_DCB205C_4.jpg,DEWALT_DCB205C_Specification_Sheet.pdf,No,Yes
https://www.dewalt.com/product/DCB2108,DCB2108,Tools & Hardware,Tool Accessories,Batteries & Chargers,DCB2108,DCB2108,DCB2108 Dewalt 20V 8Ah Battery - Max XR Powerpack,,DEWALT,Black & Decker/dewlt (2585),Stanley Black & Decker,DEWALT®,Guaranteed Tough®,DCB2108,Tools & Hardware > Tool Accessories > Batteries & Chargers > Power Tool Batteries & Chargers,"Stanley Black & Decker Dewalt, Dewalt 20V 8Ah Battery, Max Xr Powerpack, Dcb2108",DEWALT 20V 8AH BATTERY - MAX XR,Dewalt® Dcb2108 Dewalt 20V 8Ah Battery - Max Xr Powerpack,"DEWALT®, DCB2108 Dewalt 20V 8Ah Battery - Max XR Powerpack, Voltage: 20 V, Battery Capacity: 8 Ah",Dewalt® Dcb2108 Dewalt 20V 8Ah Battery - Max Xr Powerpack,"DEWALT®, DCB2108 Dewalt 20V 8Ah Battery - Max XR Powerpack, Voltage: 20 V, Battery Capacity: 8 Ah",Voltage: 20 V,Battery Capacity: 8 Ah,,,,,Power Tool Batteries & Chargers,Voltage,20,V,Battery Capacity,8,Ah,,,,,,26111700,,1,EA,DEWALT_DCB2108.jpg,DEWALT_DCB2108_1.jpg,DEWALT_DCB2108_2.jpg,DEWALT_DCB2108_3.jpg,DEWALT_DCB2108_4.jpg,DEWALT_DCB2108_Specification_Sheet.pdf,No,Yes
https://www.dewalt.com/product/DCB2108-2,DCB2108-2,Tools & Hardware,Tool Accessories,Batteries & Chargers,DCB2108-2,DCB2108-2,DCB2108-2 Dewalt 20V 8Ah 2pk - Battery Max XR Powerpack,,,Black & Decker/dewlt (2585),Stanley Black & Decker,DEWALT®,Guaranteed Tough®,DCB2108-2,Tools & Hardware > Tool Accessories > Batteries & Chargers > Power Tool Batteries & Chargers,"Stanley Black & Decker Dewalt, Dewalt 20V 8Ah 2Pk, Battery Max Xr Powerpack,",DEWALT 20V 8AH 2PK - BATTERY MAX XR,Dewalt® Dcb2108-2 Dewalt 20V 8Ah 2Pk - Battery Max Xr Powerpack,"DEWALT®, DCB2108-2 Dewalt 20V 8Ah 2pk - Battery Max XR Powerpack, Package Quantity: 2 pk, Voltage: 20 V, Battery Capacity: 8 Ah",Dewalt® Dcb2108-2 Dewalt 20V 8Ah 2Pk - Battery Max Xr Powerpack,"DEWALT®, DCB2108-2 Dewalt 20V 8Ah 2pk - Battery Max XR Powerpack, Package Quantity: 2 pk, Voltage: 20 V, Battery Capacity: 8 Ah",Package Quantity: 2 pk,Voltage: 20 V,Battery Capacity: 8 Ah,,,,Power Tool Batteries & Chargers,Package Quantity,2,pk,Voltage,20,V,Battery Capacity,8,Ah,,,26111700,,1,EA,DEWALT_DCB2108-2.jpg,DEWALT_DCB2108-2_1.jpg,DEWALT_DCB2108-2_2.jpg,DEWALT_DCB2108-2_3.jpg,DEWALT_DCB2108-2_4.jpg,DEWALT_DCB2108-2_Specification_Sheet.pdf,No,Yes
,VB0212,Tools & Hardware,Tool Accessories,Batteries & Chargers,VB0212,VB0212,VB0212 Senco 18V 2.0 AH Lithium Battery,,,Senco Products Inc (4650),Kyocera Senco Industrial Tools,SENCO®,Duraspin®,VB0212,Tools & Hardware > Tool Accessories > Batteries & Chargers > Power Tool Batteries & Chargers,"Kyocera Senco Industrial Tools Senco, Senco 18V 2.0 Ah Lithium Battery, Vb0212",SENCO 18V 2.0 AH LITHIUM BATTERY,Senco® Vb0212 Senco 18V 2.0 Ah Lithium Battery,"SENCO®, VB0212 Senco 18V 2.0 AH Lithium Battery, Voltage: 18 V, Battery Capacity: 2.0 Ah",Senco® Vb0212 Senco 18V 2.0 Ah Lithium Battery,"SENCO®, VB0212 Senco 18V 2.0 AH Lithium Battery, Voltage: 18 V, Battery Capacity: 2.0 Ah",Voltage: 18 V,Battery Capacity: 2.0 Ah,,,,,Power Tool Batteries & Chargers,Voltage,18,V,Battery Capacity,2.0,Ah,,,,,,26111700,,1,EA,SENCO_VB0212.jpg,SENCO_VB0212_1.jpg,SENCO_VB0212_2.jpg,SENCO_VB0212_3.jpg,SENCO_VB0212_4.jpg,SENCO_VB0212_Specification_Sheet.pdf,No,Yes
,BCB2A20A,Tools & Hardware,Tool Accessories,Batteries & Chargers,BCB2A20A,BCB2A20A,BCB2A20A Kreg 20V Battery/Charger Starter Kit,,,Kreg Tool Company (KRETO),Kreg Tool Company,KREG®,Kreg®,BCB2A20A,Tools & Hardware > Tool Accessories > Batteries & Chargers > Power Tool Batteries & Chargers,"Kreg Tool Company Kreg, Kreg 20V Battery/Charger Starter Kit, Bcb2A20A",KREG 20V BATTERY/CHARGER STARTER KIT,Kreg® Bcb2A20A Kreg 20V Battery/Charger Starter Kit,"KREG®, BCB2A20A Kreg 20V Battery/Charger Starter Kit, Voltage: 20 V",Kreg® Bcb2A20A Kreg 20V Battery/Charger Starter Kit,"KREG®, BCB2A20A Kreg 20V Battery/Charger Starter Kit, Voltage: 20 V",Voltage: 20 V,,,,,,Power Tool Batteries & Chargers,Voltage,20,V,,,,,,,,,26111700,,1,EA,KREG_BCB2A20A.jpg,KREG_BCB2A20A_1.jpg,KREG_BCB2A20A_2.jpg,KREG_BCB2A20A_3.jpg,KREG_BCB2A20A_4.jpg,KREG_BCB2A20A_Specification_Sheet.pdf,No,Yes
,BATT4A,Tools & Hardware,Tool Accessories,Batteries & Chargers,BATT4A,BATT4A,BATT4A Kreg 20V 4ah Battery Pack,,,Kreg Tool Company (KRETO),Kreg Tool Company,KREG®,Kreg®,BATT4A,Tools & Hardware > Tool Accessories > Batteries & Chargers > Power Tool Batteries & Chargers,"Kreg Tool Company Kreg, Kreg 20V 4Ah Battery Pack, Batt4A - Part Number: BATT4",KREG 20V 4AH BATTERY PACK,Kreg® Batt4A Kreg 20V 4Ah Battery Pack,"KREG®, BATT4A Kreg 20V 4ah Battery Pack, Voltage: 20 V",Kreg® Batt4A Kreg 20V 4Ah Battery Pack,"KREG®, BATT4A Kreg 20V 4ah Battery Pack, Voltage: 20 V",Voltage: 20 V,,,,,,Power Tool Batteries & Chargers,Voltage,20,V,,,,,,,,,26111700,,1,EA,KREG_BATT4A.jpg,KREG_BATT4A_1.jpg,KREG_BATT4A_2.jpg,KREG_BATT4A_3.jpg,KREG_BATT4A_4.jpg,KREG_BATT4A_Specification_Sheet.pdf,No,Yes
,BATT2A,Tools & Hardware,Tool Accessories,Batteries & Chargers,BATT2A,BATT2A,BATT2A Kreg 20V 2ah Battery Pack,,,Kreg Tool Company (KRETO),Kreg Tool Company,KREG®,Kreg®,BATT2A,Tools & Hardware > Tool Accessories > Batteries & Chargers > Power Tool Batteries & Chargers,"Kreg Tool Company Kreg, Kreg 20V 2Ah Battery Pack, Batt2A - Part Number: BATT2",KREG 20V 2AH BATTERY PACK,Kreg® Batt2A Kreg 20V 2Ah Battery Pack,"KREG®, BATT2A Kreg 20V 2ah Battery Pack, Voltage: 20 V",Kreg® Batt2A Kreg 20V 2Ah Battery Pack,"KREG®, BATT2A Kreg 20V 2ah Battery Pack, Voltage: 20 V",Voltage: 20 V,,,,,,Power Tool Batteries & Chargers,Voltage,20,V,,,,,,,,,26111700,,1,EA,KREG_BATT2A.jpg,KREG_BATT2A_1.jpg,KREG_BATT2A_2.jpg,KREG_BATT2A_3.jpg,KREG_BATT2A_4.jpg,KREG_BATT2A_Specification_Sheet.pdf,No,Yes
,BL1850BDC2X1,Tools & Hardware,Tool Accessories,Batteries & Chargers,BL1850BDC2X1,BL1850BDC2X1,BL1850BDC2X1 Makita Starter Kit,,,Makita Usa Inc (5142),Makita USA Inc,MAKITA®,LXT®,BL1850BDC2X1,Tools & Hardware > Tool Accessories > Batteries & Chargers > Power Tool Batteries & Chargers,"Makita USA Inc, Makita Usa Inc Makita, Makita Starter Kit, Bl1850Bdc2X1",MAKITA STARTER KIT,Makita® Bl1850Bdc2X1 Makita Starter Kit,"MAKITA®, BL1850BDC2X1 Makita Starter Kit",Makita® Bl1850Bdc2X1 Makita Starter Kit,"MAKITA®, BL1850BDC2X1 Makita Starter Kit",,,,,,,Power Tool Batteries & Chargers,,,,,,,,,,,,26111700,,1,EA,MAKITA_BL1850BDC2X1.jpg,MAKITA_BL1850BDC2X1_1.jpg,MAKITA_BL1850BDC2X1_2.jpg,MAKITA_BL1850BDC2X1_3.jpg,MAKITA_BL1850BDC2X1_4.jpg,MAKITA_BL1850BDC2X1_Specification_Sheet.pdf,No,Yes
https://www.milwaukeetool.com/Products/48-11-2422,48-11-2422,Tools & Hardware,Tool Accessories,Batteries & Chargers,48-11-2422,48-11-2422,48-11-2422 Milw M12 CP2.0 Battery Two Pack,,,Milwaukee Accessory (4031),Milwaukee Electric Tool Corp,MILWAUKEE®,Heavy Duty™,48-11-2422,Tools & Hardware > Tool Accessories > Batteries & Chargers > Power Tool Batteries & Chargers,"Milwaukee Electric Tool Corp Milwaukee, Milw M12 Cp2.0 Battery Two Pack,",MILW M12 CP2.0 BATTERY TWO PACK,Milwaukee® 48-11-2422 Milw M12 Cp2.0 Battery Two Pack,"MILWAUKEE®, 48-11-2422 Milw M12 CP2.0 Battery Two Pack",Milwaukee® 48-11-2422 Milw M12 Cp2.0 Battery Two Pack,"MILWAUKEE®, 48-11-2422 Milw M12 CP2.0 Battery Two Pack",,,,,,,Power Tool Batteries & Chargers,,,,,,,,,,,,26111700,,1,EA,MILWAUKEE_48-11-2422.jpg,MILWAUKEE_48-11-2422_1.jpg,MILWAUKEE_48-11-2422_2.jpg,MILWAUKEE_48-11-2422_3.jpg,MILWAUKEE_48-11-2422_4.jpg,MILWAUKEE_48-11-2422_Specification_Sheet.pdf,No,Yes
https://www.dewalt.com/product/DCB1104,DCB1104,Tools & Hardware,Tool Accessories,Batteries & Chargers,DCB1104,DCB1104,DCB1104 Dewalt 12V/20V Charger - 4 Amp,,,Black & Decker/dewlt (2585),Stanley Black & Decker,DEWALT®,Guaranteed Tough®,DCB1104,Tools & Hardware > Tool Accessories > Batteries & Chargers > Power Tool Batteries & Chargers,"Stanley Black & Decker Dewalt, Dewalt 12V/20V Charger, 4 Amp, Dcb1104",DEWALT 12V/20V CHARGER - 4 AMP,Dewalt® Dcb1104 Dewalt 12V/20V Charger - 4 Amp,"DEWALT®, DCB1104 Dewalt 12V/20V Charger - 4 Amp, Voltage: 12 V",Dewalt® Dcb1104 Dewalt 12V/20V Charger - 4 Amp,"DEWALT®, DCB1104 Dewalt 12V/20V Charger - 4 Amp, Voltage: 12 V",Voltage: 12 V,,,,,,Power Tool Batteries & Chargers,Voltage,12,V,,,,,,,,,26111700,,1,EA,DEWALT_DCB1104.jpg,DEWALT_DCB1104_1.jpg,DEWALT_DCB1104_2.jpg,DEWALT_DCB1104_3.jpg,DEWALT_DCB1104_4.jpg,DEWALT_DCB1104_Specification_Sheet.pdf,No,Yes
https://www.milwaukeetool.com/Products/48-59-1804,48-59-1804,Tools & Hardware,Tool Accessories,Batteries & Chargers,48-59-1804,48-59-1804,48-59-1804 Milw M18 and M12 Rapid Charger,,,Milwaukee Accessory (4031),Milwaukee Electric Tool Corp,MILWAUKEE®,Heavy Duty™,48-59-1804,Tools & Hardware > Tool Accessories > Batteries & Chargers > Power Tool Batteries & Chargers,"Milwaukee Electric Tool Corp Milwaukee, Milw M18 And M12 Rapid Charger,",MILW M18 AND M12 RAPID CHARGER,Milwaukee® 48-59-1804 Milw M18 And M12 Rapid Charger,"MILWAUKEE®, 48-59-1804 Milw M18 and M12 Rapid Charger",Milwaukee® 48-59-1804 Milw M18 And M12 Rapid Charger,"MILWAUKEE®, 48-59-1804 Milw M18 and M12 Rapid Charger",,,,,,,Power Tool Batteries & Chargers,,,,,,,,,,,,26111700,,1,EA,MILWAUKEE_48-59-1804.jpg,MILWAUKEE_48-59-1804_1.jpg,MILWAUKEE_48-59-1804_2.jpg,MILWAUKEE_48-59-1804_3.jpg,MILWAUKEE_48-59-1804_4.jpg,MILWAUKEE_48-59-1804_Specification_Sheet.pdf,No,Yes
,CRGR401A,Tools & Hardware,Tool Accessories,Batteries & Chargers,CRGR401A,CRGR401A,CRGR401A Kreg 20V Fast Charger,,,Kreg Tool Company (KRETO),Kreg Tool Company,KREG®,Kreg®,CRGR401A,Tools & Hardware > Tool Accessories > Batteries & Chargers > Power Tool Batteries & Chargers,"Kreg Tool Company Kreg, Kreg 20V Fast Charger, Crgr401A - Part Number: CRGR401",KREG 20V FAST CHARGER,Kreg® Crgr401A Kreg 20V Fast Charger,"KREG®, CRGR401A Kreg 20V Fast Charger, Voltage: 20 V",Kreg® Crgr401A Kreg 20V Fast Charger,"KREG®, CRGR401A Kreg 20V Fast Charger, Voltage: 20 V",Voltage: 20 V,,,,,,Power Tool Batteries & Chargers,Voltage,20,V,,,,,,,,,26111700,,1,EA,KREG_CRGR401A.jpg,KREG_CRGR401A_1.jpg,KREG_CRGR401A_2.jpg,KREG_CRGR401A_3.jpg,KREG_CRGR401A_4.jpg,KREG_CRGR401A_Specification_Sheet.pdf,No,Yes
https://www.milwaukeetool.com/Products/48-59-1211,48-59-1211,Tools & Hardware,Tool Accessories,Batteries & Chargers,48-59-1211,48-59-1211,48-59-1211 Milw Power Supply - Charger,,Milwaukee,Milwaukee Accessory (4031),Milwaukee Electric Tool Corp,MILWAUKEE®,Heavy Duty™,48-59-1211,Tools & Hardware > Tool Accessories > Batteries & Chargers > Power Tool Batteries & Chargers,"Milwaukee Electric Tool Corp Milwaukee, Milw Power Supply, Charger, 48-59-1211",MILW POWER SUPPLY - CHARGER,Milwaukee® 48-59-1211 Milw Power Supply - Charger,"MILWAUKEE®, 48-59-1211 Milw Power Supply - Charger",Milwaukee® 48-59-1211 Milw Power Supply - Charger,"MILWAUKEE®, 48-59-1211 Milw Power Supply - Charger",,,,,,,Power Tool Batteries & Chargers,,,,,,,,,,,,26111700,,1,EA,MILWAUKEE_48-59-1211.jpg,MILWAUKEE_48-59-1211_1.jpg,MILWAUKEE_48-59-1211_2.jpg,MILWAUKEE_48-59-1211_3.jpg,MILWAUKEE_48-59-1211_4.jpg,MILWAUKEE_48-59-1211_Specification_Sheet.pdf,No,Yes
https://www.milwaukeetool.com/Products/2847-20,2847-20,Tools & Hardware,Tool Accessories,Batteries & Chargers,2847-20,2847-20,2847-20 Milw M18 Charger and Power Supply,,,Milwaukee Accessory (4031),Milwaukee Electric Tool Corp,MILWAUKEE®,Heavy Duty™,2847-20,Tools & Hardware > Tool Accessories > Batteries & Chargers > Power Tool Batteries & Chargers,"Milwaukee Electric Tool Corp Milwaukee, Milw M18 Charger And Power Supply,",MILW M18 CHARGER AND POWER SUPPLY,Milwaukee® 2847-20 Milw M18 Charger And Power Supply,"MILWAUKEE®, 2847-20 Milw M18 Charger and Power Supply",Milwaukee® 2847-20 Milw M18 Charger And Power Supply,"MILWAUKEE®, 2847-20 Milw M18 Charger and Power Supply",,,,,,,Power Tool Batteries & Chargers,,,,,,,,,,,,26111700,,1,EA,MILWAUKEE_2847-20.jpg,MILWAUKEE_2847-20_1.jpg,MILWAUKEE_2847-20_2.jpg,MILWAUKEE_2847-20_3.jpg,MILWAUKEE_2847-20_4.jpg,MILWAUKEE_2847-20_Specification_Sheet.pdf,No,Yes
https://www.dewalt.com/product/DWV9401,DWV9401,Industrial MRO,Hardware & Supplies,General Maintenance,DWV9401,DWV9401,DWV9401 Dewalt Paper Bag - 5pk,,,Black & Decker/dewlt (2585),Stanley Black & Decker,DEWALT®,Guaranteed Tough®,DWV9401,Industrial MRO > Hardware & Supplies > General Maintenance > Industrial Supplies,"Stanley Black & Decker Dewalt, Dewalt Paper Bag, 5Pk, Dwv9401",DEWALT PAPER BAG - 5PK,Dewalt® Dwv9401 Dewalt Paper Bag - 5Pk,"DEWALT®, DWV9401 Dewalt Paper Bag - 5pk, Package Quantity: 5 pk",Dewalt® Dwv9401 Dewalt Paper Bag - 5Pk,"DEWALT®, DWV9401 Dewalt Paper Bag - 5pk, Package Quantity: 5 pk",Package Quantity: 5 pk,,,,,,Industrial Supplies,Package Quantity,5,pk,,,,,,,,,31160000,,1,EA,DEWALT_DWV9401.jpg,DEWALT_DWV9401_1.jpg,DEWALT_DWV9401_2.jpg,DEWALT_DWV9401_3.jpg,DEWALT_DWV9401_4.jpg,DEWALT_DWV9401_Specification_Sheet.pdf,No,Yes
,578512,Safety & Storage,Safety & PPE,Protective Equipment & Storage,578512,578512,578512 Festool Dust Extractor-CT MIDI I HEPA,,,Festool USA (FESTO),Festool USA,FESTOOL®,Systainer®,578512,Safety & Storage > Safety & PPE > Protective Equipment & Storage > Safety Gear & Jobsite Storage,"Festool Usa Festool, Festool Dust Extractor, Ct Midi I Hepa, 578512",FESTOOL DUST EXTRACTOR-CT MIDI I HEPA,Festool® 578512 Festool Dust Extractor-Ct Midi I Hepa,"FESTOOL®, 578512 Festool Dust Extractor-CT MIDI I HEPA",Festool® 578512 Festool Dust Extractor-Ct Midi I Hepa,"FESTOOL®, 578512 Festool Dust Extractor-CT MIDI I HEPA",,,,,,,Safety Gear & Jobsite Storage,,,,,,,,,,,,46181500,,1,EA,FESTOOL_578512.jpg,FESTOOL_578512_1.jpg,FESTOOL_578512_2.jpg,FESTOOL_578512_3.jpg,FESTOOL_578512_4.jpg,FESTOOL_578512_Specification_Sheet.pdf,No,Yes
,577871,Safety & Storage,Safety & PPE,Protective Equipment & Storage,577871,577871,577871 Festool Dust Extractor - CT 26,,,Festool USA (FESTO),Festool USA,FESTOOL®,Systainer®,577871,Safety & Storage > Safety & PPE > Protective Equipment & Storage > Safety Gear & Jobsite Storage,"Festool USA, Festool Usa Festool, Festool Dust Extractor, Ct 26, 577871",FESTOOL DUST EXTRACTOR - CT 26,Festool® 577871 Festool Dust Extractor - Ct 26,"FESTOOL®, 577871 Festool Dust Extractor - CT 26",Festool® 577871 Festool Dust Extractor - Ct 26,"FESTOOL®, 577871 Festool Dust Extractor - CT 26",,,,,,,Safety Gear & Jobsite Storage,,,,,,,,,,,,46181500,,1,EA,FESTOOL_577871.jpg,FESTOOL_577871_1.jpg,FESTOOL_577871_2.jpg,FESTOOL_577871_3.jpg,FESTOOL_577871_4.jpg,FESTOOL_577871_Specification_Sheet.pdf,No,Yes
,577874,Safety & Storage,Safety & PPE,Protective Equipment & Storage,577874,577874,577874 Festool Dust Extractor - CT 36,,,Festool USA (FESTO),Festool USA,FESTOOL®,Systainer®,577874,Safety & Storage > Safety & PPE > Protective Equipment & Storage > Safety Gear & Jobsite Storage,"Festool USA, Festool Usa Festool, Festool Dust Extractor, Ct 36, 577874",FESTOOL DUST EXTRACTOR - CT 36,Festool® 577874 Festool Dust Extractor - Ct 36,"FESTOOL®, 577874 Festool Dust Extractor - CT 36",Festool® 577874 Festool Dust Extractor - Ct 36,"FESTOOL®, 577874 Festool Dust Extractor - CT 36",,,,,,,Safety Gear & Jobsite Storage,,,,,,,,,,,,46181500,,1,EA,FESTOOL_577874.jpg,FESTOOL_577874_1.jpg,FESTOOL_577874_2.jpg,FESTOOL_577874_3.jpg,FESTOOL_577874_4.jpg,FESTOOL_577874_Specification_Sheet.pdf,No,Yes
,577876,Safety & Storage,Safety & PPE,Protective Equipment & Storage,577876,577876,577876 Festool Dust Extractor - CT 48,,,Festool USA (FESTO),Festool USA,FESTOOL®,Systainer®,577876,Safety & Storage > Safety & PPE > Protective Equipment & Storage > Safety Gear & Jobsite Storage,"Festool USA, Festool Usa Festool, Festool Dust Extractor, Ct 48, 577876",FESTOOL DUST EXTRACTOR - CT 48,Festool® 577876 Festool Dust Extractor - Ct 48,"FESTOOL®, 577876 Festool Dust Extractor - CT 48",Festool® 577876 Festool Dust Extractor - Ct 48,"FESTOOL®, 577876 Festool Dust Extractor - CT 48",,,,,,,Safety Gear & Jobsite Storage,,,,,,,,,,,,46181500,,1,EA,FESTOOL_577876.jpg,FESTOOL_577876_1.jpg,FESTOOL_577876_2.jpg,FESTOOL_577876_3.jpg,FESTOOL_577876_4.jpg,FESTOOL_577876_Specification_Sheet.pdf,No,Yes
,578441,Safety & Storage,Safety & PPE,Protective Equipment & Storage,578441,578441,578441 Festool Dust Extractor-CT 15 HEPA,,,Festool USA (FESTO),Festool USA,FESTOOL®,Systainer®,578441,Safety & Storage > Safety & PPE > Protective Equipment & Storage > Safety Gear & Jobsite Storage,"Festool Usa Festool, Festool Dust Extractor, Ct 15 Hepa, 578441",FESTOOL DUST EXTRACTOR-CT 15 HEPA,Festool® 578441 Festool Dust Extractor-Ct 15 Hepa,"FESTOOL®, 578441 Festool Dust Extractor-CT 15 HEPA",Festool® 578441 Festool Dust Extractor-Ct 15 Hepa,"FESTOOL®, 578441 Festool Dust Extractor-CT 15 HEPA",,,,,,,Safety Gear & Jobsite Storage,,,,,,,,,,,,46181500,,1,EA,FESTOOL_578441.jpg,FESTOOL_578441_1.jpg,FESTOOL_578441_2.jpg,FESTOOL_578441_3.jpg,FESTOOL_578441_4.jpg,FESTOOL_578441_Specification_Sheet.pdf,No,Yes
https://www.dewalt.com/product/DCK225D2,DCK225D2,Tools & Hardware,Power Tools,Cordless & Corded Power Tools,DCK225D2,DCK225D2,DCK225D2 Dewalt Impact/Drill - Kit,,DEWALT,Black & Decker/dewlt (2585),Stanley Black & Decker,DEWALT®,Guaranteed Tough®,DCK225D2,Tools & Hardware > Power Tools > Cordless & Corded Power Tools > Power Tools,"Stanley Black & Decker Dewalt, Dewalt Impact/Drill, Kit, Dck225D2",DEWALT IMPACT/DRILL - KIT,Dewalt® Dck225D2 Dewalt Impact/Drill - Kit,"DEWALT®, DCK225D2 Dewalt Impact/Drill - Kit",Dewalt® Dck225D2 Dewalt Impact/Drill - Kit,"DEWALT®, DCK225D2 Dewalt Impact/Drill - Kit",,,,,,,Power Tools,,,,,,,,,,,,27112700,,1,EA,DEWALT_DCK225D2.jpg,DEWALT_DCK225D2_1.jpg,DEWALT_DCK225D2_2.jpg,DEWALT_DCK225D2_3.jpg,DEWALT_DCK225D2_4.jpg,DEWALT_DCK225D2_Specification_Sheet.pdf,No,Yes
https://www.dewalt.com/product/DCK2101QQ2,DCK2101QQ2,Industrial MRO,Hardware & Supplies,General Maintenance,DCK2101QQ2,DCK2101QQ2,Dewalt DCK2101QQ2 20V 2Pc Kit,,,Black & Decker/dewlt (2585),Stanley Black & Decker,DEWALT®,Guaranteed Tough®,DCK2101QQ2,Industrial MRO > Hardware & Supplies > General Maintenance > Industrial Supplies,"Stanley Black & Decker Dewalt, Dewalt Dck2101Qq2 20V 2Pc Kit, Dck2101Qq2",DEWALT DCK2101QQ2 20V 2PC KIT,Dewalt® Dck2101Qq2 Dewalt Dck2101Qq2 20V 2Pc Kit,"DEWALT®, Dewalt DCK2101QQ2 20V 2Pc Kit, Package Quantity: 2 Pc, Voltage: 20 V",Dewalt® Dck2101Qq2 Dewalt Dck2101Qq2 20V 2Pc Kit,"DEWALT®, Dewalt DCK2101QQ2 20V 2Pc Kit, Package Quantity: 2 Pc, Voltage: 20 V",Package Quantity: 2 Pc,Voltage: 20 V,,,,,Industrial Supplies,Package Quantity,2,Pc,Voltage,20,V,,,,,,31160000,,1,EA,DEWALT_DCK2101QQ2.jpg,DEWALT_DCK2101QQ2_1.jpg,DEWALT_DCK2101QQ2_2.jpg,DEWALT_DCK2101QQ2_3.jpg,DEWALT_DCK2101QQ2_4.jpg,DEWALT_DCK2101QQ2_Specification_Sheet.pdf,No,Yes
,4000-2/32,Tools & Hardware,Power Tools,Cordless & Corded Power Tools,4000-2/32,4000-2/32,4000-2/32 DREMEL ROTARY TOOL,,Dremel,Robt Bosch Tool Corp (6564),Dremel,Dremel,,4000-2/32,Tools & Hardware > Power Tools > Cordless & Corded Power Tools > Power Tools,"Dremel, Dremel Rotary Tool, 4000-2/32 - Part Number: 4000-2/32",DREMEL ROTARY TOOL,Dremel 4000-2/32 Dremel Rotary Tool,"Dremel, 4000-2/32 DREMEL ROTARY TOOL",Dremel 4000-2/32 Dremel Rotary Tool,"Dremel, 4000-2/32 DREMEL ROTARY TOOL",,,,,,,Power Tools,,,,,,,,,,,,27112700,,1,EA,DREMEL_4000-2/32.jpg,DREMEL_4000-2/32_1.jpg,DREMEL_4000-2/32_2.jpg,DREMEL_4000-2/32_3.jpg,DREMEL_4000-2/32_4.jpg,DREMEL_4000-2/32_Specification_Sheet.pdf,No,Yes
,15-01-3100,Tools & Hardware,Power Tools,Cordless & Corded Power Tools,15-01-3100,15-01-3100,3100-1/15 Dremel Rotary Tool - Kit 15pc,,Dremel,Robt Bosch Tool Corp (6564),Dremel,Dremel,,15-01-3100,Tools & Hardware > Power Tools > Cordless & Corded Power Tools > Power Tools,"Dremel, 3100, 1/15 Dremel Rotary Tool, Kit 15Pc, 15-01-3100 - Part Number: 15-",3100-1/15 DREMEL ROTARY TOOL - KIT 15PC,Dremel 15-01-3100 3100-1/15 Dremel Rotary Tool - Kit 15Pc,"Dremel, 3100-1/15 Dremel Rotary Tool - Kit 15pc, Part Number: 15-01-3100, Package Quantity: 15 pc",Dremel 15-01-3100 3100-1/15 Dremel Rotary Tool - Kit 15Pc,"Dremel, 3100-1/15 Dremel Rotary Tool - Kit 15pc, Part Number: 15-01-3100, Package Quantity: 15 pc",Package Quantity: 15 pc,,,,,,Power Tools,Package Quantity,15,pc,,,,,,,,,27112700,,1,EA,DREMEL_15-01-3100.jpg,DREMEL_15-01-3100_1.jpg,DREMEL_15-01-3100_2.jpg,DREMEL_15-01-3100_3.jpg,DREMEL_15-01-3100_4.jpg,DREMEL_15-01-3100_Specification_Sheet.pdf,No,Yes
,T-90043,Safety & Storage,Safety & PPE,Protective Equipment & Storage,T-90043,T-90043,T-90043 Deep Medium Organizer,,,Makita Usa Inc (5142),Makita USA Inc,MAKITA®,LXT®,T-90043,Safety & Storage > Safety & PPE > Protective Equipment & Storage > Safety Gear & Jobsite Storage,"Makita USA Inc, Makita Usa Inc Makita, Deep Medium Organizer, T-90043",DEEP MEDIUM ORGANIZER,Makita® T-90043 Deep Medium Organizer,"MAKITA®, T-90043 Deep Medium Organizer",Makita® T-90043 Deep Medium Organizer,"MAKITA®, T-90043 Deep Medium Organizer",,,,,,,Safety Gear & Jobsite Storage,,,,,,,,,,,,46181500,,1,EA,MAKITA_T-90043.jpg,MAKITA_T-90043_1.jpg,MAKITA_T-90043_2.jpg,MAKITA_T-90043_3.jpg,MAKITA_T-90043_4.jpg,MAKITA_T-90043_Specification_Sheet.pdf,No,Yes
,T-90059,Safety & Storage,Safety & PPE,Protective Equipment & Storage,T-90059,T-90059,T-90059 Low Profile Medium - Organizer,,,Makita Usa Inc (5142),Makita USA Inc,MAKITA®,LXT®,T-90059,Safety & Storage > Safety & PPE > Protective Equipment & Storage > Safety Gear & Jobsite Storage,"Makita Usa Inc Makita, Low Profile Medium, Organizer, T-90059",LOW PROFILE MEDIUM - ORGANIZER,Makita® T-90059 Low Profile Medium - Organizer,"MAKITA®, T-90059 Low Profile Medium - Organizer",Makita® T-90059 Low Profile Medium - Organizer,"MAKITA®, T-90059 Low Profile Medium - Organizer",,,,,,,Safety Gear & Jobsite Storage,,,,,,,,,,,,46181500,,1,EA,MAKITA_T-90059.jpg,MAKITA_T-90059_1.jpg,MAKITA_T-90059_2.jpg,MAKITA_T-90059_3.jpg,MAKITA_T-90059_4.jpg,MAKITA_T-90059_Specification_Sheet.pdf,No,Yes
,T-90065,Safety & Storage,Safety & PPE,Protective Equipment & Storage,T-90065,T-90065,T-90065 Deep Compact Organizer,,,Makita Usa Inc (5142),Makita USA Inc,MAKITA®,LXT®,T-90065,Safety & Storage > Safety & PPE > Protective Equipment & Storage > Safety Gear & Jobsite Storage,"Makita USA Inc, Makita Usa Inc Makita, Deep Compact Organizer, T-90065",DEEP COMPACT ORGANIZER,Makita® T-90065 Deep Compact Organizer,"MAKITA®, T-90065 Deep Compact Organizer",Makita® T-90065 Deep Compact Organizer,"MAKITA®, T-90065 Deep Compact Organizer",,,,,,,Safety Gear & Jobsite Storage,,,,,,,,,,,,46181500,,1,EA,MAKITA_T-90065.jpg,MAKITA_T-90065_1.jpg,MAKITA_T-90065_2.jpg,MAKITA_T-90065_3.jpg,MAKITA_T-90065_4.jpg,MAKITA_T-90065_Specification_Sheet.pdf,No,Yes
,10047VS,Industrial MRO,Hardware & Supplies,General Maintenance,10047VS,10047VS,10047VS Oliver 3HP 230V 1PH Shaper 1-1/4 Spindle,,,Oliver Machinery Company (OLIMA),Oliver Machinery Co,OLIVER®,Oliver Machinery®,10047VS,Industrial MRO > Hardware & Supplies > General Maintenance > Industrial Supplies,"Oliver Machinery Co Oliver, Oliver 3Hp 230V 1Ph Shaper 1, 1/4 Spindle, 10047Vs",OLIVER 3HP 230V 1PH SHAPER 1-1/4 SPINDLE,Oliver® 10047Vs Oliver 3Hp 230V 1Ph Shaper 1-1/4 Spindle,"OLIVER®, 10047VS Oliver 3HP 230V 1PH Shaper 1-1/4 Spindle, Voltage: 230 V, Horsepower: 3 HP",Oliver® 10047Vs Oliver 3Hp 230V 1Ph Shaper 1-1/4 Spindle,"OLIVER®, 10047VS Oliver 3HP 230V 1PH Shaper 1-1/4 Spindle, Voltage: 230 V, Horsepower: 3 HP",Voltage: 230 V,Horsepower: 3 HP,,,,,Industrial Supplies,Voltage,230,V,Horsepower,3,HP,,,,,,31160000,,1,EA,OLIVER_10047VS.jpg,OLIVER_10047VS_1.jpg,OLIVER_10047VS_2.jpg,OLIVER_10047VS_3.jpg,OLIVER_10047VS_4.jpg,OLIVER_10047VS_Specification_Sheet.pdf,No,Yes
,MAG:2044-230-1,Industrial MRO,Hardware & Supplies,General Maintenance,MAG:2044-230-1,MAG:2044-230-1,2044-230-1 Stock Feeder 4-Roll - Steff,,,J&G Machinery (JGMAC),J&G Machinery,J&G Machinery,,MAG:2044-230-1,Industrial MRO > Hardware & Supplies > General Maintenance > Industrial Supplies,"J&G Machinery, 2044, 230, 1 Stock Feeder 4, Roll, Steff, Mag:2044-230-1",2044-230-1 STOCK FEEDER 4-ROLL - STEFF,J&G Machinery Mag:2044-230-1 2044-230-1 Stock Feeder 4-Roll - Steff,"J&G Machinery, 2044-230-1 Stock Feeder 4-Roll - Steff, Part Number: MAG:2044-230-1",J&G Machinery Mag:2044-230-1 2044-230-1 Stock Feeder 4-Roll - Steff,"J&G Machinery, 2044-230-1 Stock Feeder 4-Roll - Steff, Part Number: MAG:2044-230-1",,,,,,,Industrial Supplies,,,,,,,,,,,,31160000,,1,EA,JGMACHINERY_MAG:2044-230-1.jpg,JGMACHINERY_MAG:2044-230-1_1.jpg,JGMACHINERY_MAG:2044-230-1_2.jpg,JGMACHINERY_MAG:2044-230-1_3.jpg,JGMACHINERY_MAG:2044-230-1_4.jpg,JGMACHINERY_MAG:2044-230-1_Specification_Sheet.pdf,No,Yes
,XTP242,Tools & Hardware,Measuring & Layout,Layout & Marking Tools,XTP242,XTP242,"42"" XTP XTENDER PRO Fence - XTP242",,,Bow Products (BOWPR),Bow Products,Bow Products,,XTP242,Tools & Hardware > Measuring & Layout > Layout & Marking Tools > Levels & Measuring Tools,"Bow Products, 42"" Xtp Xtender Pro Fence, Xtp242, Xtp242 - Part Number: XTP242","42"" XTP XTENDER PRO FENCE - XTP242","Bow Products Xtp242 42"" Xtp Xtender Pro Fence - Xtp242","Bow Products, 42"" XTP XTENDER PRO Fence - XTP242","Bow Products Xtp242 42"" Xtp Xtender Pro Fence - Xtp242","Bow Products, 42"" XTP XTENDER PRO Fence - XTP242",,,,,,,Levels & Measuring Tools,,,,,,,,,,,,27111800,,1,EA,BOWPRODUCTS_XTP242.jpg,BOWPRODUCTS_XTP242_1.jpg,BOWPRODUCTS_XTP242_2.jpg,BOWPRODUCTS_XTP242_3.jpg,BOWPRODUCTS_XTP242_4.jpg,BOWPRODUCTS_XTP242_Specification_Sheet.pdf,No,Yes
,AAS-P,Industrial MRO,Hardware & Supplies,General Maintenance,AAS-P,AAS-P,AAS-P Align-A-Saw Plate Only,,,Woodpeckers Inc (WOODP),Woodpeckers Inc,Woodpeckers Inc,,AAS-P,Industrial MRO > Hardware & Supplies > General Maintenance > Industrial Supplies,"Woodpeckers Inc, Align, A, Saw Plate Only, Aas-P - Part Number: AAS-P",ALIGN-A-SAW PLATE ONLY,Woodpeckers Inc Aas-P Align-A-Saw Plate Only,"Woodpeckers Inc, AAS-P Align-A-Saw Plate Only",Woodpeckers Inc Aas-P Align-A-Saw Plate Only,"Woodpeckers Inc, AAS-P Align-A-Saw Plate Only",,,,,,,Industrial Supplies,,,,,,,,,,,,31160000,,1,EA,WOODPECKERSINC_AAS-P.jpg,WOODPECKERSINC_AAS-P_1.jpg,WOODPECKERSINC_AAS-P_2.jpg,WOODPECKERSINC_AAS-P_3.jpg,WOODPECKERSINC_AAS-P_4.jpg,WOODPECKERSINC_AAS-P_Specification_Sheet.pdf,No,Yes
,SSCMS,Tools & Hardware,Measuring & Layout,Layout & Marking Tools,SSCMS,SSCMS,SSCMS Stealthstop Miter Sled,,,Woodpeckers Inc (WOODP),Woodpeckers Inc,Woodpeckers Inc,,SSCMS,Tools & Hardware > Measuring & Layout > Layout & Marking Tools > Levels & Measuring Tools,"Woodpeckers Inc, Stealthstop Miter Sled, Sscms - Part Number: SSCMS",STEALTHSTOP MITER SLED,Woodpeckers Inc Sscms Stealthstop Miter Sled,"Woodpeckers Inc, SSCMS Stealthstop Miter Sled",Woodpeckers Inc Sscms Stealthstop Miter Sled,"Woodpeckers Inc, SSCMS Stealthstop Miter Sled",,,,,,,Levels & Measuring Tools,,,,,,,,,,,,27111800,,1,EA,WOODPECKERSINC_SSCMS.jpg,WOODPECKERSINC_SSCMS_1.jpg,WOODPECKERSINC_SSCMS_2.jpg,WOODPECKERSINC_SSCMS_3.jpg,WOODPECKERSINC_SSCMS_4.jpg,WOODPECKERSINC_SSCMS_Specification_Sheet.pdf,No,Yes
,4225.201,Tools & Hardware,Power Tools,Cordless & Corded Power Tools,4225.201,4225.201,"4225.201 Oliver 6"" HH Jointer Paralleogram",,,Oliver Machinery Company (OLIMA),Oliver Machinery Co,OLIVER®,Oliver Machinery®,4225.201,Tools & Hardware > Power Tools > Cordless & Corded Power Tools > Power Tools,"Oliver Machinery Co Oliver, Oliver 6"" Hh Jointer Paralleogram, 4225.201","OLIVER 6"" HH JOINTER PARALLEOGRAM","Oliver® 4225.201 Oliver 6"" Hh Jointer Paralleogram","OLIVER®, 4225.201 Oliver 6"" HH Jointer Paralleogram","Oliver® 4225.201 Oliver 6"" Hh Jointer Paralleogram","OLIVER®, 4225.201 Oliver 6"" HH Jointer Paralleogram",,,,,,,Power Tools,,,,,,,,,,,,27112700,,1,EA,OLIVER_4225.201.jpg,OLIVER_4225.201_1.jpg,OLIVER_4225.201_2.jpg,OLIVER_4225.201_3.jpg,OLIVER_4225.201_4.jpg,OLIVER_4225.201_Specification_Sheet.pdf,No,Yes
,KC-426C,Tools & Hardware,Power Tools,Cordless & Corded Power Tools,KC-426C,KC-426C,"KC-426C 12"" Portable Planer",,,King Canada Inc (KINCA),King Canada Inc,King Canada Inc,,KC-426C,Tools & Hardware > Power Tools > Cordless & Corded Power Tools > Power Tools,"King Canada Inc, 12"" Portable Planer, Kc-426C - Part Number: KC-426C","12"" PORTABLE PLANER","King Canada Inc Kc-426C 12"" Portable Planer","King Canada Inc, KC-426C 12"" Portable Planer","King Canada Inc Kc-426C 12"" Portable Planer","King Canada Inc, KC-426C 12"" Portable Planer",,,,,,,Power Tools,,,,,,,,,,,,27112700,,1,EA,KINGCANADAINC_KC-426C.jpg,KINGCANADAINC_KC-426C_1.jpg,KINGCANADAINC_KC-426C_2.jpg,KINGCANADAINC_KC-426C_3.jpg,KINGCANADAINC_KC-426C_4.jpg,KINGCANADAINC_KC-426C_Specification_Sheet.pdf,No,Yes
,10045.201,Tools & Hardware,Power Tools,Cordless & Corded Power Tools,10045.201,10045.201,"10045.201 Oliver 13"" Benchtop Planer 2HP,115V 1Ph",,,Oliver Machinery Company (OLIMA),Oliver Machinery Co,OLIVER®,Oliver Machinery®,10045.201,Tools & Hardware > Power Tools > Cordless & Corded Power Tools > Power Tools,"Oliver Machinery Co Oliver, Oliver 13"" Benchtop Planer 2Hp,115V 1Ph, 10045.201","OLIVER 13"" BENCHTOP PLANER 2HP,115V 1PH","Oliver® 10045.201 Oliver 13"" Benchtop Planer 2Hp,115V 1Ph","OLIVER®, 10045.201 Oliver 13"" Benchtop Planer 2HP,115V 1Ph, Voltage: 115 V, Horsepower: 2 HP","Oliver® 10045.201 Oliver 13"" Benchtop Planer 2Hp,115V 1Ph","OLIVER®, 10045.201 Oliver 13"" Benchtop Planer 2HP,115V 1Ph, Voltage: 115 V, Horsepower: 2 HP",Voltage: 115 V,Horsepower: 2 HP,,,,,Power Tools,Voltage,115,V,Horsepower,2,HP,,,,,,27112700,,1,EA,OLIVER_10045.201.jpg,OLIVER_10045.201_1.jpg,OLIVER_10045.201_2.jpg,OLIVER_10045.201_3.jpg,OLIVER_10045.201_4.jpg,OLIVER_10045.201_Specification_Sheet.pdf,No,Yes
,10014.201,Tools & Hardware,Power Tools,Cordless & Corded Power Tools,10014.201,10014.201,"10014.201 Oliver 15"" Planer 3HP 1Ph 220V",,,Oliver Machinery Company (OLIMA),Oliver Machinery Co,OLIVER®,Oliver Machinery®,10014.201,Tools & Hardware > Power Tools > Cordless & Corded Power Tools > Power Tools,"Oliver Machinery Co Oliver, Oliver 15"" Planer 3Hp 1Ph 220V, 10014.201","OLIVER 15"" PLANER 3HP 1PH 220V","Oliver® 10014.201 Oliver 15"" Planer 3Hp 1Ph 220V","OLIVER®, 10014.201 Oliver 15"" Planer 3HP 1Ph 220V, Voltage: 220 V, Horsepower: 3 HP","Oliver® 10014.201 Oliver 15"" Planer 3Hp 1Ph 220V","OLIVER®, 10014.201 Oliver 15"" Planer 3HP 1Ph 220V, Voltage: 220 V, Horsepower: 3 HP",Voltage: 220 V,Horsepower: 3 HP,,,,,Power Tools,Voltage,220,V,Horsepower,3,HP,,,,,,27112700,,1,EA,OLIVER_10014.201.jpg,OLIVER_10014.201_1.jpg,OLIVER_10014.201_2.jpg,OLIVER_10014.201_3.jpg,OLIVER_10014.201_4.jpg,OLIVER_10014.201_Specification_Sheet.pdf,No,Yes
,4430.201,Tools & Hardware,Power Tools,Cordless & Corded Power Tools,4430.201,4430.201,"4430.201 Oliver 20"" Planer 5HP 1Ph 230V",,,Oliver Machinery Company (OLIMA),Oliver Machinery Co,OLIVER®,Oliver Machinery®,4430.201,Tools & Hardware > Power Tools > Cordless & Corded Power Tools > Power Tools,"Oliver Machinery Co Oliver, Oliver 20"" Planer 5Hp 1Ph 230V, 4430.201","OLIVER 20"" PLANER 5HP 1PH 230V","Oliver® 4430.201 Oliver 20"" Planer 5Hp 1Ph 230V","OLIVER®, 4430.201 Oliver 20"" Planer 5HP 1Ph 230V, Voltage: 230 V, Horsepower: 5 HP","Oliver® 4430.201 Oliver 20"" Planer 5Hp 1Ph 230V","OLIVER®, 4430.201 Oliver 20"" Planer 5HP 1Ph 230V, Voltage: 230 V, Horsepower: 5 HP",Voltage: 230 V,Horsepower: 5 HP,,,,,Power Tools,Voltage,230,V,Horsepower,5,HP,,,,,,27112700,,1,EA,OLIVER_4430.201.jpg,OLIVER_4430.201_1.jpg,OLIVER_4430.201_2.jpg,OLIVER_4430.201_3.jpg,OLIVER_4430.201_4.jpg,OLIVER_4430.201_Specification_Sheet.pdf,No,Yes
,10055.201,Tools & Hardware,Power Tools,Cordless & Corded Power Tools,10055.201,10055.201,"10055.201 Oliver 15"" Benchtop Planer 2.5HP 1Ph 230V",,,Oliver Machinery Company (OLIMA),Oliver Machinery Co,OLIVER®,Oliver Machinery®,10055.201,Tools & Hardware > Power Tools > Cordless & Corded Power Tools > Power Tools,"Oliver Machinery Co Oliver, Oliver 15"" Benchtop Planer 2.5Hp 1Ph 230V, 10055.201","OLIVER 15"" BENCHTOP PLANER 2.5HP 1PH","Oliver® 10055.201 Oliver 15"" Benchtop Planer 2.5Hp 1Ph 230V","OLIVER®, 10055.201 Oliver 15"" Benchtop Planer 2.5HP 1Ph 230V, Voltage: 230 V, Horsepower: 2.5 HP","Oliver® 10055.201 Oliver 15"" Benchtop Planer 2.5Hp 1Ph 230V","OLIVER®, 10055.201 Oliver 15"" Benchtop Planer 2.5HP 1Ph 230V, Voltage: 230 V, Horsepower: 2.5 HP",Voltage: 230 V,Horsepower: 2.5 HP,,,,,Power Tools,Voltage,230,V,Horsepower,2.5,HP,,,,,,27112700,,1,EA,OLIVER_10055.201.jpg,OLIVER_10055.201_1.jpg,OLIVER_10055.201_2.jpg,OLIVER_10055.201_3.jpg,OLIVER_10055.201_4.jpg,OLIVER_10055.201_Specification_Sheet.pdf,No,Yes
,T27417,Tools & Abrasives,Abrasives,Sanding Belts & Sheets,T27417,T27417,T27417 Grizzly OscillatingEdge - Belt and Spindle Sander,,,Woodstock Intl (3658),Woodstock International Inc,GRIZZLY®,Grizzly Industrial®,T27417,Tools & Abrasives > Abrasives > Sanding Belts & Sheets > Sanding Belts,"Woodstock International Inc Grizzly, Grizzly Oscillatingedge, Belt And Spindle",GRIZZLY OSCILLATINGEDGE - BELT AND,Grizzly® T27417 Grizzly Oscillatingedge - Belt And Spindle Sander,"GRIZZLY®, T27417 Grizzly OscillatingEdge - Belt and Spindle Sander",Grizzly® T27417 Grizzly Oscillatingedge - Belt And Spindle Sander,"GRIZZLY®, T27417 Grizzly OscillatingEdge - Belt and Spindle Sander",,,,,,,Sanding Belts,,,,,,,,,,,,31191501,,1,EA,GRIZZLY_T27417.jpg,GRIZZLY_T27417_1.jpg,GRIZZLY_T27417_2.jpg,GRIZZLY_T27417_3.jpg,GRIZZLY_T27417_4.jpg,GRIZZLY_T27417_Specification_Sheet.pdf,No,Yes
