MFR URL,Ref URL 1,Ref URL 2,Ref URL 3,Ref URL 4,Ref URL 5,PART_NUMBER,Dept,Class,Fine,SKU - MY_PART_NUMBER,Mfg_Part_Num,Part_Desc,E1_Brand,Unilog_Brand,DIB_Brand,Part_Manuf,MANUFACTURER_NAME,BRAND_NAME,TRADE_NAME,MANUFACTURER_PART_NUMBER,ALTERNATE_PART_NUMBER,Classpath,MOBILE_DESC,INVOICE_DESC,SHORT_DESC,LONG_DESC1,RETAIL_DESC,MARKETING_DESCRIPTION,ITEM_FEATURES_1,ITEM_FEATURES_2,ITEM_FEATURES_3,ITEM_FEATURES_4,ITEM_FEATURES_5,ITEM_FEATURES_6,ITEM_FEATURES_7,ITEM_FEATURES_8,ITEM_FEATURES_9,ITEM_FEATURES_10,ITEM_FEATURES_11,ITEM_FEATURES_12,ITEM_FEATURES_13,ITEM_FEATURES_14,ITEM_FEATURES_15,ITEM_FEATURES_16,ITEM_FEATURES_17,ITEM_FEATURES_18,ITEM_FEATURES_19,ITEM_FEATURES_20,With,Standard/Approvals,Prop 65,Application,Includes,Product Name,ATTRIBUTE_LABEL 1,ATTRIBUTE_VALUE 1,ATTRIBUTE_UOM 1,ATTRIBUTE_LABEL 2,ATTRIBUTE_VALUE 2,ATTRIBUTE_UOM 2,ATTRIBUTE_LABEL 3,ATTRIBUTE_VALUE 3,ATTRIBUTE_UOM 3,ATTRIBUTE_LABEL 4,ATTRIBUTE_VALUE 4,ATTRIBUTE_UOM 4,ATTRIBUTE_LABEL 5,ATTRIBUTE_VALUE 5,ATTRIBUTE_UOM 5,ATTRIBUTE_LABEL 6,ATTRIBUTE_VALUE 6,ATTRIBUTE_UOM 6,ATTRIBUTE_LABEL 7,ATTRIBUTE_VALUE 7,ATTRIBUTE_UOM 7,ATTRIBUTE_LABEL 8,ATTRIBUTE_VALUE 8,ATTRIBUTE_UOM 8,ATTRIBUTE_LABEL 9,ATTRIBUTE_VALUE 9,ATTRIBUTE_UOM 9,ATTRIBUTE_LABEL 10,ATTRIBUTE_VALUE 10,ATTRIBUTE_UOM 10,ATTRIBUTE_LABEL 11,ATTRIBUTE_VALUE 11,ATTRIBUTE_UOM 11,ATTRIBUTE_LABEL 12,ATTRIBUTE_VALUE 12,ATTRIBUTE_UOM 12,ATTRIBUTE_LABEL 13,ATTRIBUTE_VALUE 13,ATTRIBUTE_UOM 13,ATTRIBUTE_LABEL 14,ATTRIBUTE_VALUE 14,ATTRIBUTE_UOM 14,ATTRIBUTE_LABEL 15,ATTRIBUTE_VALUE 15,ATTRIBUTE_UOM 15,ATTRIBUTE_LABEL 16,ATTRIBUTE_VALUE 16,ATTRIBUTE_UOM 16,ATTRIBUTE_LABEL 17,ATTRIBUTE_VALUE 17,ATTRIBUTE_UOM 17,ATTRIBUTE_LABEL 18,ATTRIBUTE_VALUE 18,ATTRIBUTE_UOM 18,ATTRIBUTE_LABEL 19,ATTRIBUTE_VALUE 19,ATTRIBUTE_UOM 19,ATTRIBUTE_LABEL 20,ATTRIBUTE_VALUE 20,ATTRIBUTE_UOM 20,ATTRIBUTE_LABEL 21,ATTRIBUTE_VALUE 21,ATTRIBUTE_UOM 21,ATTRIBUTE_LABEL 22,ATTRIBUTE_VALUE 22,ATTRIBUTE_UOM 22,ATTRIBUTE_LABEL 23,ATTRIBUTE_VALUE 23,ATTRIBUTE_UOM 23,ATTRIBUTE_LABEL 24,ATTRIBUTE_VALUE 24,ATTRIBUTE_UOM 24,ATTRIBUTE_LABEL 25,ATTRIBUTE_VALUE 25,ATTRIBUTE_UOM 25,ATTRIBUTE_LABEL 26,ATTRIBUTE_VALUE 26,ATTRIBUTE_UOM 26,ATTRIBUTE_LABEL 27,ATTRIBUTE_VALUE 27,ATTRIBUTE_UOM 27,ATTRIBUTE_LABEL 28,ATTRIBUTE_VALUE 28,ATTRIBUTE_UOM 28,ATTRIBUTE_LABEL 29,ATTRIBUTE_VALUE 29,ATTRIBUTE_UOM 29,ATTRIBUTE_LABEL 30,ATTRIBUTE_VALUE 30,ATTRIBUTE_UOM 30,ATTRIBUTE_LABEL 31,ATTRIBUTE_VALUE 31,ATTRIBUTE_UOM 31,ATTRIBUTE_LABEL 32,ATTRIBUTE_VALUE 32,ATTRIBUTE_UOM 32,ATTRIBUTE_LABEL 33,ATTRIBUTE_VALUE 33,ATTRIBUTE_UOM 33,ATTRIBUTE_LABEL 34,ATTRIBUTE_VALUE 34,ATTRIBUTE_UOM 34,ATTRIBUTE_LABEL 35,ATTRIBUTE_VALUE 35,ATTRIBUTE_UOM 35,ATTRIBUTE_LABEL 36,ATTRIBUTE_VALUE 36,ATTRIBUTE_UOM 36,ATTRIBUTE_LABEL 37,ATTRIBUTE_VALUE 37,ATTRIBUTE_UOM 37,ATTRIBUTE_LABEL 38,ATTRIBUTE_VALUE 38,ATTRIBUTE_UOM 38,ATTRIBUTE_LABEL 39,ATTRIBUTE_VALUE 39,ATTRIBUTE_UOM 39,ATTRIBUTE_LABEL 40,ATTRIBUTE_VALUE 40,ATTRIBUTE_UOM 40,ATTRIBUTE_LABEL 41,ATTRIBUTE_VALUE 41,ATTRIBUTE_UOM 41,ATTRIBUTE_LABEL 42,ATTRIBUTE_VALUE 42,ATTRIBUTE_UOM 42,ATTRIBUTE_LABEL 43,ATTRIBUTE_VALUE 43,ATTRIBUTE_UOM 43,ATTRIBUTE_LABEL 44,ATTRIBUTE_VALUE 44,ATTRIBUTE_UOM 44,ATTRIBUTE_LABEL 45,ATTRIBUTE_VALUE 45,ATTRIBUTE_UOM 45,ATTRIBUTE_LABEL 46,ATTRIBUTE_VALUE 46,ATTRIBUTE_UOM 46,ATTRIBUTE_LABEL 47,ATTRIBUTE_VALUE 47,ATTRIBUTE_UOM 47,ATTRIBUTE_LABEL 48,ATTRIBUTE_VALUE 48,ATTRIBUTE_UOM 48,ATTRIBUTE_LABEL 49,ATTRIBUTE_VALUE 49,ATTRIBUTE_UOM 49,ATTRIBUTE_LABEL 50,ATTRIBUTE_VALUE 50,ATTRIBUTE_UOM 50,UPC,EAN,GTIN,UNSPSC,Warranty,List Price,Selling Qty,Selling UOM,Standard Packaging Information,LENGTH,LENGTH_UOM,HEIGHT,HEIGHT_UOM,WIDTH,WIDTH_UOM,WEIGHT,WEIGHT_UOM,VOLUME,VOLUME_UOM,Product Image,Alternate Image 1,Alternate Image 2,Alternate Image 3,Alternate Image 4,SDS,SDS_1,Warranty Information,Catalog,Specification Sheet,Instruction/Installation Manual,Service Manual,Owners/User Manual,Line Drawing,MTR,RoHS,Full Engineering Drawing,Energy Star Guide,Technical Bulletin,Submittal,Compatibility Chart,Size Chart,Product Label/Insert,Video Link,Video Link 1,Country Of Origin,Discontinued,Actual Image (Yes/No)
,,,,,,DCB518ASTS06G,,,,DCB518ASTS06G,DCB518ASTS06G,"DCB518ASTS06G Diablo 1/2""x18"" - Sanding Belt 6pc",,,,Freud Inc (2435),Freud Inc,Freud Inc,,DCB518ASTS06G,,,"Freud Inc, Diablo 1/2""X18"", Sanding Belt 6Pc, Dcb518Asts06G, DCB518ASTS06","DIABLO 1/2""X18"" - SANDING BELT 6PC","Freud Inc Dcb518Asts06G Diablo 1/2""X18"" - Sanding Belt 6Pc","Freud Inc, DCB518ASTS06G Diablo 1/2""x18"" - Sanding Belt 6pc","Freud Inc Dcb518Asts06G Diablo 1/2""X18"" - Sanding Belt 6Pc","Freud Inc, DCB518ASTS06G Diablo 1/2""x18"" - Sanding Belt 6pc",,,,,,,,,,,,,,,,,,,,,,,,,,,,,,,,,,,,,,,,,,,,,,,,,,,,,,,,,,,,,,,,,,,,,,,,,,,,,,,,,,,,,,,,,,,,,,,,,,,,,,,,,,,,,,,,,,,,,,,,,,,,,,,,,,,,,,,,,,,,,,,,,,,,,,,,,,,,,,,,,,,,,,,,,,,,,,,,,,,,,,,,,,,,,,,,,,,,,,,,,,,,,,,,,,,,,,,,,,,,,,,
,,,,,,3MABR-7100075678,,,,3MABR-7100075678,3MABR-7100075678,3M 775L Stikit Film P150 - Cubitron II 50 Disc/Box,,,,Jam Industrial Supply LLC (JAMIN),Jam Industrial Supply LLC,Jam Industrial Supply LLC,,3MABR-7100075678,,,"Jam Industrial Supply Llc, 3M 775L Stikit Film P150, Cubitron Ii 50 Disc/Box",3M 775L STIKIT FILM P150 - CUBITRON II,Jam Industrial Supply Llc 3Mabr-7100075678 3M 775L Stikit Film P150 - Cubitron Ii 50 Disc/Box,"Jam Industrial Supply LLC, 3M 775L Stikit Film P150 - Cubitron II 50 Disc/Box, Part Number: 3MABR-7100075678",Jam Industrial Supply Llc 3Mabr-7100075678 3M 775L Stikit Film P150 - Cubitron Ii 50 Disc/Box,"Jam Industrial Supply LLC, 3M 775L Stikit Film P150 - Cubitron II 50 Disc/Box, Part Number: 3MABR-7100075678",,,,,,,,,,,,,,,,,,,,,,,,,,,,,,,,,,,,,,,,,,,,,,,,,,,,,,,,,,,,,,,,,,,,,,,,,,,,,,,,,,,,,,,,,,,,,,,,,,,,,,,,,,,,,,,,,,,,,,,,,,,,,,,,,,,,,,,,,,,,,,,,,,,,,,,,,,,,,,,,,,,,,,,,,,,,,,,,,,,,,,,,,,,,,,,,,,,,,,,,,,,,,,,,,,,,,,,,,,,,,,,
,,,,,,3MABR-7100045865,,,,3MABR-7100045865,3MABR-7100045865,3M 775L Stikit Film P120 - Cubitron II 50 Disc/Box,,,,Jam Industrial Supply LLC (JAMIN),Jam Industrial Supply LLC,Jam Industrial Supply LLC,,3MABR-7100045865,,,"Jam Industrial Supply Llc, 3M 775L Stikit Film P120, Cubitron Ii 50 Disc/Box",3M 775L STIKIT FILM P120 - CUBITRON II,Jam Industrial Supply Llc 3Mabr-7100045865 3M 775L Stikit Film P120 - Cubitron Ii 50 Disc/Box,"Jam Industrial Supply LLC, 3M 775L Stikit Film P120 - Cubitron II 50 Disc/Box, Part Number: 3MABR-7100045865",Jam Industrial Supply Llc 3Mabr-7100045865 3M 775L Stikit Film P120 - Cubitron Ii 50 Disc/Box,"Jam Industrial Supply LLC, 3M 775L Stikit Film P120 - Cubitron II 50 Disc/Box, Part Number: 3MABR-7100045865",,,,,,,,,,,,,,,,,,,,,,,,,,,,,,,,,,,,,,,,,,,,,,,,,,,,,,,,,,,,,,,,,,,,,,,,,,,,,,,,,,,,,,,,,,,,,,,,,,,,,,,,,,,,,,,,,,,,,,,,,,,,,,,,,,,,,,,,,,,,,,,,,,,,,,,,,,,,,,,,,,,,,,,,,,,,,,,,,,,,,,,,,,,,,,,,,,,,,,,,,,,,,,,,,,,,,,,,,,,,,,,
,,,,,,3MABR-7100048736,,,,3MABR-7100048736,3MABR-7100048736,3M 775L Stikit Film P80 - Cubitron II 50 Disc/Box,,,,Jam Industrial Supply LLC (JAMIN),Jam Industrial Supply LLC,Jam Industrial Supply LLC,,3MABR-7100048736,,,"Jam Industrial Supply Llc, 3M 775L Stikit Film P80, Cubitron Ii 50 Disc/Box",3M 775L STIKIT FILM P80 - CUBITRON II,Jam Industrial Supply Llc 3Mabr-7100048736 3M 775L Stikit Film P80 - Cubitron Ii 50 Disc/Box,"Jam Industrial Supply LLC, 3M 775L Stikit Film P80 - Cubitron II 50 Disc/Box, Part Number: 3MABR-7100048736",Jam Industrial Supply Llc 3Mabr-7100048736 3M 775L Stikit Film P80 - Cubitron Ii 50 Disc/Box,"Jam Industrial Supply LLC, 3M 775L Stikit Film P80 - Cubitron II 50 Disc/Box, Part Number: 3MABR-7100048736",,,,,,,,,,,,,,,,,,,,,,,,,,,,,,,,,,,,,,,,,,,,,,,,,,,,,,,,,,,,,,,,,,,,,,,,,,,,,,,,,,,,,,,,,,,,,,,,,,,,,,,,,,,,,,,,,,,,,,,,,,,,,,,,,,,,,,,,,,,,,,,,,,,,,,,,,,,,,,,,,,,,,,,,,,,,,,,,,,,,,,,,,,,,,,,,,,,,,,,,,,,,,,,,,,,,,,,,,,,,,,,
,,,,,,3MABR-7100075690,,,,3MABR-7100075690,3MABR-7100075690,3M 775L Stikit Film P180 - Cubitron II 50 Disc/Box,,,,Jam Industrial Supply LLC (JAMIN),Jam Industrial Supply LLC,Jam Industrial Supply LLC,,3MABR-7100075690,,,"Jam Industrial Supply Llc, 3M 775L Stikit Film P180, Cubitron Ii 50 Disc/Box",3M 775L STIKIT FILM P180 - CUBITRON II,Jam Industrial Supply Llc 3Mabr-7100075690 3M 775L Stikit Film P180 - Cubitron Ii 50 Disc/Box,"Jam Industrial Supply LLC, 3M 775L Stikit Film P180 - Cubitron II 50 Disc/Box, Part Number: 3MABR-7100075690",Jam Industrial Supply Llc 3Mabr-7100075690 3M 775L Stikit Film P180 - Cubitron Ii 50 Disc/Box,"Jam Industrial Supply LLC, 3M 775L Stikit Film P180 - Cubitron II 50 Disc/Box, Part Number: 3MABR-7100075690",,,,,,,,,,,,,,,,,,,,,,,,,,,,,,,,,,,,,,,,,,,,,,,,,,,,,,,,,,,,,,,,,,,,,,,,,,,,,,,,,,,,,,,,,,,,,,,,,,,,,,,,,,,,,,,,,,,,,,,,,,,,,,,,,,,,,,,,,,,,,,,,,,,,,,,,,,,,,,,,,,,,,,,,,,,,,,,,,,,,,,,,,,,,,,,,,,,,,,,,,,,,,,,,,,,,,,,,,,,,,,,
,,,,,,3MABR-7100075692,,,,3MABR-7100075692,3MABR-7100075692,3M 775L Stikit Film P220 - Cubitron II 50 Disc/Box,,,,Jam Industrial Supply LLC (JAMIN),Jam Industrial Supply LLC,Jam Industrial Supply LLC,,3MABR-7100075692,,,"Jam Industrial Supply Llc, 3M 775L Stikit Film P220, Cubitron Ii 50 Disc/Box",3M 775L STIKIT FILM P220 - CUBITRON II,Jam Industrial Supply Llc 3Mabr-7100075692 3M 775L Stikit Film P220 - Cubitron Ii 50 Disc/Box,"Jam Industrial Supply LLC, 3M 775L Stikit Film P220 - Cubitron II 50 Disc/Box, Part Number: 3MABR-7100075692",Jam Industrial Supply Llc 3Mabr-7100075692 3M 775L Stikit Film P220 - Cubitron Ii 50 Disc/Box,"Jam Industrial Supply LLC, 3M 775L Stikit Film P220 - Cubitron II 50 Disc/Box, Part Number: 3MABR-7100075692",,,,,,,,,,,,,,,,,,,,,,,,,,,,,,,,,,,,,,,,,,,,,,,,,,,,,,,,,,,,,,,,,,,,,,,,,,,,,,,,,,,,,,,,,,,,,,,,,,,,,,,,,,,,,,,,,,,,,,,,,,,,,,,,,,,,,,,,,,,,,,,,,,,,,,,,,,,,,,,,,,,,,,,,,,,,,,,,,,,,,,,,,,,,,,,,,,,,,,,,,,,,,,,,,,,,,,,,,,,,,,,
,,,,,,3MABR-7100145365,,,,3MABR-7100145365,3MABR-7100145365,3M 775L Stikit Film P320 - Cubitron II 50 Disc/Box,,,,Jam Industrial Supply LLC (JAMIN),Jam Industrial Supply LLC,Jam Industrial Supply LLC,,3MABR-7100145365,,,"Jam Industrial Supply Llc, 3M 775L Stikit Film P320, Cubitron Ii 50 Disc/Box",3M 775L STIKIT FILM P320 - CUBITRON II,Jam Industrial Supply Llc 3Mabr-7100145365 3M 775L Stikit Film P320 - Cubitron Ii 50 Disc/Box,"Jam Industrial Supply LLC, 3M 775L Stikit Film P320 - Cubitron II 50 Disc/Box, Part Number: 3MABR-7100145365",Jam Industrial Supply Llc 3Mabr-7100145365 3M 775L Stikit Film P320 - Cubitron Ii 50 Disc/Box,"Jam Industrial Supply LLC, 3M 775L Stikit Film P320 - Cubitron II 50 Disc/Box, Part Number: 3MABR-7100145365",,,,,,,,,,,,,,,,,,,,,,,,,,,,,,,,,,,,,,,,,,,,,,,,,,,,,,,,,,,,,,,,,,,,,,,,,,,,,,,,,,,,,,,,,,,,,,,,,,,,,,,,,,,,,,,,,,,,,,,,,,,,,,,,,,,,,,,,,,,,,,,,,,,,,,,,,,,,,,,,,,,,,,,,,,,,,,,,,,,,,,,,,,,,,,,,,,,,,,,,,,,,,,,,,,,,,,,,,,,,,,,
,,,,,,5B-332-080,,,,5B-332-080,5B-332-080,"5B-332-080 HIOLIT 5"" P80",,,,Mirka Abrasives Inc (MIRUS),Mirka Abrasives Inc,Mirka Abrasives Inc,,5B-332-080,,,"Mirka Abrasives Inc, Hiolit 5"" P80, 5B-332-080, 5B-332-080","HIOLIT 5"" P80","Mirka Abrasives Inc 5B-332-080 Hiolit 5"" P80","Mirka Abrasives Inc, 5B-332-080 HIOLIT 5"" P80","Mirka Abrasives Inc 5B-332-080 Hiolit 5"" P80","Mirka Abrasives Inc, 5B-332-080 HIOLIT 5"" P80",,,,,,,,,,,,,,,,,,,,,,,,,,,,,,,,,,,,,,,,,,,,,,,,,,,,,,,,,,,,,,,,,,,,,,,,,,,,,,,,,,,,,,,,,,,,,,,,,,,,,,,,,,,,,,,,,,,,,,,,,,,,,,,,,,,,,,,,,,,,,,,,,,,,,,,,,,,,,,,,,,,,,,,,,,,,,,,,,,,,,,,,,,,,,,,,,,,,,,,,,,,,,,,,,,,,,,,,,,,,,,,
,,,,,,5B-332-120,,,,5B-332-120,5B-332-120,"5B-332-120 HIOLIT 5"" P120",,,,Mirka Abrasives Inc (MIRUS),Mirka Abrasives Inc,Mirka Abrasives Inc,,5B-332-120,,,"Mirka Abrasives Inc, Hiolit 5"" P120, 5B-332-120, 5B-332-120","HIOLIT 5"" P120","Mirka Abrasives Inc 5B-332-120 Hiolit 5"" P120","Mirka Abrasives Inc, 5B-332-120 HIOLIT 5"" P120","Mirka Abrasives Inc 5B-332-120 Hiolit 5"" P120","Mirka Abrasives Inc, 5B-332-120 HIOLIT 5"" P120",,,,,,,,,,,,,,,,,,,,,,,,,,,,,,,,,,,,,,,,,,,,,,,,,,,,,,,,,,,,,,,,,,,,,,,,,,,,,,,,,,,,,,,,,,,,,,,,,,,,,,,,,,,,,,,,,,,,,,,,,,,,,,,,,,,,,,,,,,,,,,,,,,,,,,,,,,,,,,,,,,,,,,,,,,,,,,,,,,,,,,,,,,,,,,,,,,,,,,,,,,,,,,,,,,,,,,,,,,,,,,,
,,,,,,9A-570-240,,,,9A-570-240,9A-570-240,9A-570-240 Abranet 2.75x30,,,,Mirka Abrasives Inc (MIRUS),Mirka Abrasives Inc,Mirka Abrasives Inc,,9A-570-240,,,"Mirka Abrasives Inc, Abranet 2.75X30, 9A-570-240, 9A-570-240",ABRANET 2.75X30,Mirka Abrasives Inc 9A-570-240 Abranet 2.75X30,"Mirka Abrasives Inc, 9A-570-240 Abranet 2.75x30",Mirka Abrasives Inc 9A-570-240 Abranet 2.75X30,"Mirka Abrasives Inc, 9A-570-240 Abranet 2.75x30",,,,,,,,,,,,,,,,,,,,,,,,,,,,,,,,,,,,,,,,,,,,,,,,,,,,,,,,,,,,,,,,,,,,,,,,,,,,,,,,,,,,,,,,,,,,,,,,,,,,,,,,,,,,,,,,,,,,,,,,,,,,,,,,,,,,,,,,,,,,,,,,,,,,,,,,,,,,,,,,,,,,,,,,,,,,,,,,,,,,,,,,,,,,,,,,,,,,,,,,,,,,,,,,,,,,,,,,,,,,,,,
,,,,,,9A-570-320,,,,9A-570-320,9A-570-320,9A-570-320 Abranet 2.75x30,,,,Mirka Abrasives Inc (MIRUS),Mirka Abrasives Inc,Mirka Abrasives Inc,,9A-570-320,,,"Mirka Abrasives Inc, Abranet 2.75X30, 9A-570-320, 9A-570-320",ABRANET 2.75X30,Mirka Abrasives Inc 9A-570-320 Abranet 2.75X30,"Mirka Abrasives Inc, 9A-570-320 Abranet 2.75x30",Mirka Abrasives Inc 9A-570-320 Abranet 2.75X30,"Mirka Abrasives Inc, 9A-570-320 Abranet 2.75x30",,,,,,,,,,,,,,,,,,,,,,,,,,,,,,,,,,,,,,,,,,,,,,,,,,,,,,,,,,,,,,,,,,,,,,,,,,,,,,,,,,,,,,,,,,,,,,,,,,,,,,,,,,,,,,,,,,,,,,,,,,,,,,,,,,,,,,,,,,,,,,,,,,,,,,,,,,,,,,,,,,,,,,,,,,,,,,,,,,,,,,,,,,,,,,,,,,,,,,,,,,,,,,,,,,,,,,,,,,,,,,,
,,,,,,DBD090094101F,,,,DBD090094101F,DBD090094101F,"DBD090094101F Diablo 9"" - Metal Cut-Off Disc",,,,Freud Inc (2435),Freud Inc,Freud Inc,,DBD090094101F,,,"Freud Inc, Diablo 9"", Metal Cut, Off Disc, Dbd090094101F, DB","DIABLO 9"" - METAL CUT-OFF DISC","Freud Inc Dbd090094101F Diablo 9"" - Metal Cut-Off Disc","Freud Inc, DBD090094101F Diablo 9"" - Metal Cut-Off Disc","Freud Inc Dbd090094101F Diablo 9"" - Metal Cut-Off Disc","Freud Inc, DBD090094101F Diablo 9"" - Metal Cut-Off Disc",,,,,,,,,,,,,,,,,,,,,,,,,,,,,,,,,,,,,,,,,,,,,,,,,,,,,,,,,,,,,,,,,,,,,,,,,,,,,,,,,,,,,,,,,,,,,,,,,,,,,,,,,,,,,,,,,,,,,,,,,,,,,,,,,,,,,,,,,,,,,,,,,,,,,,,,,,,,,,,,,,,,,,,,,,,,,,,,,,,,,,,,,,,,,,,,,,,,,,,,,,,,,,,,,,,,,,,,,,,,,,,
,,,,,,DBDS12125A01F,,,,DBDS12125A01F,DBDS12125A01F,"DBDS12125A01F Diablo 12"" - Steel Demon Metal Cut-Off Disc",,,,Freud Inc (2435),Freud Inc,Freud Inc,,DBDS12125A01F,,,"Freud Inc, Diablo 12"", Steel Demon Metal Cut, Off Disc, Dbds12125A01F","DIABLO 12"" - STEEL DEMON METAL CUT-OFF","Freud Inc Dbds12125A01F Diablo 12"" - Steel Demon Metal Cut-Off Disc","Freud Inc, DBDS12125A01F Diablo 12"" - Steel Demon Metal Cut-Off Disc","Freud Inc Dbds12125A01F Diablo 12"" - Steel Demon Metal Cut-Off Disc","Freud Inc, DBDS12125A01F Diablo 12"" - Steel Demon Metal Cut-Off Disc",,,,,,,,,,,,,,,,,,,,,,,,,,,,,,,,,,,,,,,,,,,,,,,,,,,,,,,,,,,,,,,,,,,,,,,,,,,,,,,,,,,,,,,,,,,,,,,,,,,,,,,,,,,,,,,,,,,,,,,,,,,,,,,,,,,,,,,,,,,,,,,,,,,,,,,,,,,,,,,,,,,,,,,,,,,,,,,,,,,,,,,,,,,,,,,,,,,,,,,,,,,,,,,,,,,,,,,,,,,,,,,
,,,,,,DBDS12125G01F,,,,DBDS12125G01F,DBDS12125G01F,"DBDS12125G01F Diablo 12""x20mm - Speed Demon Metal Cut-Off Disc",,,,Freud Inc (2435),Freud Inc,Freud Inc,,DBDS12125G01F,,,"Freud Inc, Diablo 12""X20Mm, Speed Demon Metal Cut, Off Disc, Dbds12125G01F","DIABLO 12""X20MM - SPEED DEMON METAL","Freud Inc Dbds12125G01F Diablo 12""X20Mm - Speed Demon Metal Cut-Off Disc","Freud Inc, DBDS12125G01F Diablo 12""x20mm - Speed Demon Metal Cut-Off Disc","Freud Inc Dbds12125G01F Diablo 12""X20Mm - Speed Demon Metal Cut-Off Disc","Freud Inc, DBDS12125G01F Diablo 12""x20mm - Speed Demon Metal Cut-Off Disc",,,,,,,,,,,,,,,,,,,,,,,,,,,,,,,,,,,,,,,,,,,,,,,,,,,,,,,,,,,,,,,,,,,,,,,,,,,,,,,,,,,,,,,,,,,,,,,,,,,,,,,,,,,,,,,,,,,,,,,,,,,,,,,,,,,,,,,,,,,,,,,,,,,,,,,,,,,,,,,,,,,,,,,,,,,,,,,,,,,,,,,,,,,,,,,,,,,,,,,,,,,,,,,,,,,,,,,,,,,,,,,
,,,,,,DBDS14125A01F,,,,DBDS14125A01F,DBDS14125A01F,"DBDS14125A01F Diablo 14""x1"" - Steel Demon Metal Cut-Off Disc",,,,Freud Inc (2435),Freud Inc,Freud Inc,,DBDS14125A01F,,,"Freud Inc, Diablo 14""X1"", Steel Demon Metal Cut, Off Disc, Dbds14125A01F","DIABLO 14""X1"" - STEEL DEMON METAL","Freud Inc Dbds14125A01F Diablo 14""X1"" - Steel Demon Metal Cut-Off Disc","Freud Inc, DBDS14125A01F Diablo 14""x1"" - Steel Demon Metal Cut-Off Disc","Freud Inc Dbds14125A01F Diablo 14""X1"" - Steel Demon Metal Cut-Off Disc","Freud Inc, DBDS14125A01F Diablo 14""x1"" - Steel Demon Metal Cut-Off Disc",,,,,,,,,,,,,,,,,,,,,,,,,,,,,,,,,,,,,,,,,,,,,,,,,,,,,,,,,,,,,,,,,,,,,,,,,,,,,,,,,,,,,,,,,,,,,,,,,,,,,,,,,,,,,,,,,,,,,,,,,,,,,,,,,,,,,,,,,,,,,,,,,,,,,,,,,,,,,,,,,,,,,,,,,,,,,,,,,,,,,,,,,,,,,,,,,,,,,,,,,,,,,,,,,,,,,,,,,,,,,,,
,,,,,,DBDS14125G01F,,,,DBDS14125G01F,DBDS14125G01F,"DBDS14125G01F Diablo 14""x20mm - Steel Demon Metal Cut-Off Disc",,,,Freud Inc (2435),Freud Inc,Freud Inc,,DBDS14125G01F,,,"Freud Inc, Diablo 14""X20Mm, Steel Demon Metal Cut, Off Disc, Dbds14125G01F","DIABLO 14""X20MM - STEEL DEMON METAL","Freud Inc Dbds14125G01F Diablo 14""X20Mm - Steel Demon Metal Cut-Off Disc","Freud Inc, DBDS14125G01F Diablo 14""x20mm - Steel Demon Metal Cut-Off Disc","Freud Inc Dbds14125G01F Diablo 14""X20Mm - Steel Demon Metal Cut-Off Disc","Freud Inc, DBDS14125G01F Diablo 14""x20mm - Steel Demon Metal Cut-Off Disc",,,,,,,,,,,,,,,,,,,,,,,,,,,,,,,,,,,,,,,,,,,,,,,,,,,,,,,,,,,,,,,,,,,,,,,,,,,,,,,,,,,,,,,,,,,,,,,,,,,,,,,,,,,,,,,,,,,,,,,,,,,,,,,,,,,,,,,,,,,,,,,,,,,,,,,,,,,,,,,,,,,,,,,,,,,,,,,,,,,,,,,,,,,,,,,,,,,,,,,,,,,,,,,,,,,,,,,,,,,,,,,
,,,,,,49-94-0013,,,,49-94-0013,49-94-0013,"49-94-0013 Milw 5""x.045""x7/8"" Metal Cut Off Disc",,,,Milwaukee Accessory (4031),Milwaukee Accessory,Milwaukee Accessory,,49-94-0013,,,"Milwaukee Accessory, Milw 5""X.045""X7/8"" Metal Cut Off Disc, 49-94-0013","MILW 5""X.045""X7/8"" METAL CUT OFF DISC","Milwaukee Accessory 49-94-0013 Milw 5""X.045""X7/8"" Metal Cut Off Disc","Milwaukee Accessory, 49-94-0013 Milw 5""x.045""x7/8"" Metal Cut Off Disc","Milwaukee Accessory 49-94-0013 Milw 5""X.045""X7/8"" Metal Cut Off Disc","Milwaukee Accessory, 49-94-0013 Milw 5""x.045""x7/8"" Metal Cut Off Disc",,,,,,,,,,,,,,,,,,,,,,,,,,,,,,,,,,,,,,,,,,,,,,,,,,,,,,,,,,,,,,,,,,,,,,,,,,,,,,,,,,,,,,,,,,,,,,,,,,,,,,,,,,,,,,,,,,,,,,,,,,,,,,,,,,,,,,,,,,,,,,,,,,,,,,,,,,,,,,,,,,,,,,,,,,,,,,,,,,,,,,,,,,,,,,,,,,,,,,,,,,,,,,,,,,,,,,,,,,,,,,,
,,,,,,49-94-0029,,,,49-94-0029,49-94-0029,"49-94-0029 Milw 6-1/2""x1/8""x5/8"" DKO Metal Cut Off Disc",,,,Milwaukee Accessory (4031),Milwaukee Accessory,Milwaukee Accessory,,49-94-0029,,,"Milwaukee Accessory, Milw 6, 1/2""X1/8""X5/8"" Dko Metal Cut Off Disc, 49-94-0029","MILW 6-1/2""X1/8""X5/8"" DKO METAL CUT OFF","Milwaukee Accessory 49-94-0029 Milw 6-1/2""X1/8""X5/8"" Dko Metal Cut Off Disc","Milwaukee Accessory, 49-94-0029 Milw 6-1/2""x1/8""x5/8"" DKO Metal Cut Off Disc","Milwaukee Accessory 49-94-0029 Milw 6-1/2""X1/8""X5/8"" Dko Metal Cut Off Disc","Milwaukee Accessory, 49-94-0029 Milw 6-1/2""x1/8""x5/8"" DKO Metal Cut Off Disc",,,,,,,,,,,,,,,,,,,,,,,,,,,,,,,,,,,,,,,,,,,,,,,,,,,,,,,,,,,,,,,,,,,,,,,,,,,,,,,,,,,,,,,,,,,,,,,,,,,,,,,,,,,,,,,,,,,,,,,,,,,,,,,,,,,,,,,,,,,,,,,,,,,,,,,,,,,,,,,,,,,,,,,,,,,,,,,,,,,,,,,,,,,,,,,,,,,,,,,,,,,,,,,,,,,,,,,,,,,,,,,
,,,,,,49-94-0033,,,,49-94-0033,49-94-0033,"49-94-0033 Milw 7""x1/16""x7/8"" Metal Cut Off Disc",,,,Milwaukee Accessory (4031),Milwaukee Accessory,Milwaukee Accessory,,49-94-0033,,,"Milwaukee Accessory, Milw 7""X1/16""X7/8"" Metal Cut Off Disc, 49-94-0033","MILW 7""X1/16""X7/8"" METAL CUT OFF DISC","Milwaukee Accessory 49-94-0033 Milw 7""X1/16""X7/8"" Metal Cut Off Disc","Milwaukee Accessory, 49-94-0033 Milw 7""x1/16""x7/8"" Metal Cut Off Disc","Milwaukee Accessory 49-94-0033 Milw 7""X1/16""X7/8"" Metal Cut Off Disc","Milwaukee Accessory, 49-94-0033 Milw 7""x1/16""x7/8"" Metal Cut Off Disc",,,,,,,,,,,,,,,,,,,,,,,,,,,,,,,,,,,,,,,,,,,,,,,,,,,,,,,,,,,,,,,,,,,,,,,,,,,,,,,,,,,,,,,,,,,,,,,,,,,,,,,,,,,,,,,,,,,,,,,,,,,,,,,,,,,,,,,,,,,,,,,,,,,,,,,,,,,,,,,,,,,,,,,,,,,,,,,,,,,,,,,,,,,,,,,,,,,,,,,,,,,,,,,,,,,,,,,,,,,,,,,
,,,,,,49-94-0001,,,,49-94-0001,49-94-0001,"49-94-0001 Milw 4""x.040""x5/8"" Metal Cut Off Disc",,,,Milwaukee Accessory (4031),Milwaukee Accessory,Milwaukee Accessory,,49-94-0001,,,"Milwaukee Accessory, Milw 4""X.040""X5/8"" Metal Cut Off Disc, 49-94-0001","MILW 4""X.040""X5/8"" METAL CUT OFF DISC","Milwaukee Accessory 49-94-0001 Milw 4""X.040""X5/8"" Metal Cut Off Disc","Milwaukee Accessory, 49-94-0001 Milw 4""x.040""x5/8"" Metal Cut Off Disc","Milwaukee Accessory 49-94-0001 Milw 4""X.040""X5/8"" Metal Cut Off Disc","Milwaukee Accessory, 49-94-0001 Milw 4""x.040""x5/8"" Metal Cut Off Disc",,,,,,,,,,,,,,,,,,,,,,,,,,,,,,,,,,,,,,,,,,,,,,,,,,,,,,,,,,,,,,,,,,,,,,,,,,,,,,,,,,,,,,,,,,,,,,,,,,,,,,,,,,,,,,,,,,,,,,,,,,,,,,,,,,,,,,,,,,,,,,,,,,,,,,,,,,,,,,,,,,,,,,,,,,,,,,,,,,,,,,,,,,,,,,,,,,,,,,,,,,,,,,,,,,,,,,,,,,,,,,,
,,,,,,49-94-0039,,,,49-94-0039,49-94-0039,"49-94-0039 Milw 7""x1/8""x5/8"" DKO Metal Cut Off Disc",,,,Milwaukee Accessory (4031),Milwaukee Accessory,Milwaukee Accessory,,49-94-0039,,,"Milwaukee Accessory, Milw 7""X1/8""X5/8"" Dko Metal Cut Off Disc, 49-94-0039","MILW 7""X1/8""X5/8"" DKO METAL CUT OFF DISC","Milwaukee Accessory 49-94-0039 Milw 7""X1/8""X5/8"" Dko Metal Cut Off Disc","Milwaukee Accessory, 49-94-0039 Milw 7""x1/8""x5/8"" DKO Metal Cut Off Disc","Milwaukee Accessory 49-94-0039 Milw 7""X1/8""X5/8"" Dko Metal Cut Off Disc","Milwaukee Accessory, 49-94-0039 Milw 7""x1/8""x5/8"" DKO Metal Cut Off Disc",,,,,,,,,,,,,,,,,,,,,,,,,,,,,,,,,,,,,,,,,,,,,,,,,,,,,,,,,,,,,,,,,,,,,,,,,,,,,,,,,,,,,,,,,,,,,,,,,,,,,,,,,,,,,,,,,,,,,,,,,,,,,,,,,,,,,,,,,,,,,,,,,,,,,,,,,,,,,,,,,,,,,,,,,,,,,,,,,,,,,,,,,,,,,,,,,,,,,,,,,,,,,,,,,,,,,,,,,,,,,,,
,,,,,,49-94-0043,,,,49-94-0043,49-94-0043,"49-94-0043 Milw 9""x3/32""x7/8"" Metal Cut Off Disc",,,,Milwaukee Accessory (4031),Milwaukee Accessory,Milwaukee Accessory,,49-94-0043,,,"Milwaukee Accessory, Milw 9""X3/32""X7/8"" Metal Cut Off Disc, 49-94-0043","MILW 9""X3/32""X7/8"" METAL CUT OFF DISC","Milwaukee Accessory 49-94-0043 Milw 9""X3/32""X7/8"" Metal Cut Off Disc","Milwaukee Accessory, 49-94-0043 Milw 9""x3/32""x7/8"" Metal Cut Off Disc","Milwaukee Accessory 49-94-0043 Milw 9""X3/32""X7/8"" Metal Cut Off Disc","Milwaukee Accessory, 49-94-0043 Milw 9""x3/32""x7/8"" Metal Cut Off Disc",,,,,,,,,,,,,,,,,,,,,,,,,,,,,,,,,,,,,,,,,,,,,,,,,,,,,,,,,,,,,,,,,,,,,,,,,,,,,,,,,,,,,,,,,,,,,,,,,,,,,,,,,,,,,,,,,,,,,,,,,,,,,,,,,,,,,,,,,,,,,,,,,,,,,,,,,,,,,,,,,,,,,,,,,,,,,,,,,,,,,,,,,,,,,,,,,,,,,,,,,,,,,,,,,,,,,,,,,,,,,,,
,,,,,,49-94-0048,,,,49-94-0048,49-94-0048,"49-94-0048 Milw 12""x7/64""x1"" Metal Cut Off Disc General Purpose",,,,Milwaukee Accessory (4031),Milwaukee Accessory,Milwaukee Accessory,,49-94-0048,,,"Milwaukee Accessory, Milw 12""X7/64""X1"" Metal Cut Off Disc General Purpose","MILW 12""X7/64""X1"" METAL CUT OFF DISC","Milwaukee Accessory 49-94-0048 Milw 12""X7/64""X1"" Metal Cut Off Disc General Purpose","Milwaukee Accessory, 49-94-0048 Milw 12""x7/64""x1"" Metal Cut Off Disc General Purpose","Milwaukee Accessory 49-94-0048 Milw 12""X7/64""X1"" Metal Cut Off Disc General Purpose","Milwaukee Accessory, 49-94-0048 Milw 12""x7/64""x1"" Metal Cut Off Disc General Purpose",,,,,,,,,,,,,,,,,,,,,,,,,,,,,,,,,,,,,,,,,,,,,,,,,,,,,,,,,,,,,,,,,,,,,,,,,,,,,,,,,,,,,,,,,,,,,,,,,,,,,,,,,,,,,,,,,,,,,,,,,,,,,,,,,,,,,,,,,,,,,,,,,,,,,,,,,,,,,,,,,,,,,,,,,,,,,,,,,,,,,,,,,,,,,,,,,,,,,,,,,,,,,,,,,,,,,,,,,,,,,,,
,,,,,,49-94-0053,,,,49-94-0053,49-94-0053,"49-94-0053 Milw 12""x1/8""x1"" Metal Cut Off Disc",,,,Milwaukee Accessory (4031),Milwaukee Accessory,Milwaukee Accessory,,49-94-0053,,,"Milwaukee Accessory, Milw 12""X1/8""X1"" Metal Cut Off Disc, 49-94-0053","MILW 12""X1/8""X1"" METAL CUT OFF DISC","Milwaukee Accessory 49-94-0053 Milw 12""X1/8""X1"" Metal Cut Off Disc","Milwaukee Accessory, 49-94-0053 Milw 12""x1/8""x1"" Metal Cut Off Disc","Milwaukee Accessory 49-94-0053 Milw 12""X1/8""X1"" Metal Cut Off Disc","Milwaukee Accessory, 49-94-0053 Milw 12""x1/8""x1"" Metal Cut Off Disc",,,,,,,,,,,,,,,,,,,,,,,,,,,,,,,,,,,,,,,,,,,,,,,,,,,,,,,,,,,,,,,,,,,,,,,,,,,,,,,,,,,,,,,,,,,,,,,,,,,,,,,,,,,,,,,,,,,,,,,,,,,,,,,,,,,,,,,,,,,,,,,,,,,,,,,,,,,,,,,,,,,,,,,,,,,,,,,,,,,,,,,,,,,,,,,,,,,,,,,,,,,,,,,,,,,,,,,,,,,,,,,
,,,,,,49-94-0058,,,,49-94-0058,49-94-0058,"49-94-0058 Milw 12""x1/8""x20mm Metal Cut Off Disc",,,,Milwaukee Accessory (4031),Milwaukee Accessory,Milwaukee Accessory,,49-94-0058,,,"Milwaukee Accessory, Milw 12""X1/8""X20Mm Metal Cut Off Disc, 49-94-0058","MILW 12""X1/8""X20MM METAL CUT OFF DISC","Milwaukee Accessory 49-94-0058 Milw 12""X1/8""X20Mm Metal Cut Off Disc","Milwaukee Accessory, 49-94-0058 Milw 12""x1/8""x20mm Metal Cut Off Disc","Milwaukee Accessory 49-94-0058 Milw 12""X1/8""X20Mm Metal Cut Off Disc","Milwaukee Accessory, 49-94-0058 Milw 12""x1/8""x20mm Metal Cut Off Disc",,,,,,,,,,,,,,,,,,,,,,,,,,,,,,,,,,,,,,,,,,,,,,,,,,,,,,,,,,,,,,,,,,,,,,,,,,,,,,,,,,,,,,,,,,,,,,,,,,,,,,,,,,,,,,,,,,,,,,,,,,,,,,,,,,,,,,,,,,,,,,,,,,,,,,,,,,,,,,,,,,,,,,,,,,,,,,,,,,,,,,,,,,,,,,,,,,,,,,,,,,,,,,,,,,,,,,,,,,,,,,,
,,,,,,49-94-0063,,,,49-94-0063,49-94-0063,"49-94-0063 Milw 14""x7/64""x1"" Metal Cut Off Disc General Purpose",,,,Milwaukee Accessory (4031),Milwaukee Accessory,Milwaukee Accessory,,49-94-0063,,,"Milwaukee Accessory, Milw 14""X7/64""X1"" Metal Cut Off Disc General Purpose","MILW 14""X7/64""X1"" METAL CUT OFF DISC","Milwaukee Accessory 49-94-0063 Milw 14""X7/64""X1"" Metal Cut Off Disc General Purpose","Milwaukee Accessory, 49-94-0063 Milw 14""x7/64""x1"" Metal Cut Off Disc General Purpose","Milwaukee Accessory 49-94-0063 Milw 14""X7/64""X1"" Metal Cut Off Disc General Purpose","Milwaukee Accessory, 49-94-0063 Milw 14""x7/64""x1"" Metal Cut Off Disc General Purpose",,,,,,,,,,,,,,,,,,,,,,,,,,,,,,,,,,,,,,,,,,,,,,,,,,,,,,,,,,,,,,,,,,,,,,,,,,,,,,,,,,,,,,,,,,,,,,,,,,,,,,,,,,,,,,,,,,,,,,,,,,,,,,,,,,,,,,,,,,,,,,,,,,,,,,,,,,,,,,,,,,,,,,,,,,,,,,,,,,,,,,,,,,,,,,,,,,,,,,,,,,,,,,,,,,,,,,,,,,,,,,,
,,,,,,49-94-0068,,,,49-94-0068,49-94-0068,"49-94-0068 Milw 14""x1/8""x20mm Metal Cut Off Disc",,,,Milwaukee Accessory (4031),Milwaukee Accessory,Milwaukee Accessory,,49-94-0068,,,"Milwaukee Accessory, Milw 14""X1/8""X20Mm Metal Cut Off Disc, 49-94-0068","MILW 14""X1/8""X20MM METAL CUT OFF DISC","Milwaukee Accessory 49-94-0068 Milw 14""X1/8""X20Mm Metal Cut Off Disc","Milwaukee Accessory, 49-94-0068 Milw 14""x1/8""x20mm Metal Cut Off Disc","Milwaukee Accessory 49-94-0068 Milw 14""X1/8""X20Mm Metal Cut Off Disc","Milwaukee Accessory, 49-94-0068 Milw 14""x1/8""x20mm Metal Cut Off Disc",,,,,,,,,,,,,,,,,,,,,,,,,,,,,,,,,,,,,,,,,,,,,,,,,,,,,,,,,,,,,,,,,,,,,,,,,,,,,,,,,,,,,,,,,,,,,,,,,,,,,,,,,,,,,,,,,,,,,,,,,,,,,,,,,,,,,,,,,,,,,,,,,,,,,,,,,,,,,,,,,,,,,,,,,,,,,,,,,,,,,,,,,,,,,,,,,,,,,,,,,,,,,,,,,,,,,,,,,,,,,,,
,,,,,,49-94-0073,,,,49-94-0073,49-94-0073,"49-94-0073 Milw 14""x1/8""x1"" Metal Cut Off Disc",,,,Milwaukee Accessory (4031),Milwaukee Accessory,Milwaukee Accessory,,49-94-0073,,,"Milwaukee Accessory, Milw 14""X1/8""X1"" Metal Cut Off Disc, 49-94-0073","MILW 14""X1/8""X1"" METAL CUT OFF DISC","Milwaukee Accessory 49-94-0073 Milw 14""X1/8""X1"" Metal Cut Off Disc","Milwaukee Accessory, 49-94-0073 Milw 14""x1/8""x1"" Metal Cut Off Disc","Milwaukee Accessory 49-94-0073 Milw 14""X1/8""X1"" Metal Cut Off Disc","Milwaukee Accessory, 49-94-0073 Milw 14""x1/8""x1"" Metal Cut Off Disc",,,,,,,,,,,,,,,,,,,,,,,,,,,,,,,,,,,,,,,,,,,,,,,,,,,,,,,,,,,,,,,,,,,,,,,,,,,,,,,,,,,,,,,,,,,,,,,,,,,,,,,,,,,,,,,,,,,,,,,,,,,,,,,,,,,,,,,,,,,,,,,,,,,,,,,,,,,,,,,,,,,,,,,,,,,,,,,,,,,,,,,,,,,,,,,,,,,,,,,,,,,,,,,,,,,,,,,,,,,,,,,
,,,,,,49-94-0101,,,,49-94-0101,49-94-0101,"49-94-0101 Milw 4-1/2""x.045""x7/8"" Perform+ Metal Cut Off Disc 10pc",,,,Milwaukee Accessory (4031),Milwaukee Accessory,Milwaukee Accessory,,49-94-0101,,,"Milwaukee Accessory, Milw 4, 1/2""X.045""X7/8"" Perform+ Metal Cut Off Disc 10Pc","MILW 4-1/2""X.045""X7/8"" PERFORM+ METAL","Milwaukee Accessory 49-94-0101 Milw 4-1/2""X.045""X7/8"" Perform+ Metal Cut Off Disc 10Pc","Milwaukee Accessory, 49-94-0101 Milw 4-1/2""x.045""x7/8"" Perform+ Metal Cut Off Disc 10pc","Milwaukee Accessory 49-94-0101 Milw 4-1/2""X.045""X7/8"" Perform+ Metal Cut Off Disc 10Pc","Milwaukee Accessory, 49-94-0101 Milw 4-1/2""x.045""x7/8"" Perform+ Metal Cut Off Disc 10pc",,,,,,,,,,,,,,,,,,,,,,,,,,,,,,,,,,,,,,,,,,,,,,,,,,,,,,,,,,,,,,,,,,,,,,,,,,,,,,,,,,,,,,,,,,,,,,,,,,,,,,,,,,,,,,,,,,,,,,,,,,,,,,,,,,,,,,,,,,,,,,,,,,,,,,,,,,,,,,,,,,,,,,,,,,,,,,,,,,,,,,,,,,,,,,,,,,,,,,,,,,,,,,,,,,,,,,,,,,,,,,,
,,,,,,49-94-0107,,,,49-94-0107,49-94-0107,"49-94-0107 Milw 4-1/2""x.045""x7/8"" Performance+ Metal Cut Off Disc",,,,Milwaukee Accessory (4031),Milwaukee Accessory,Milwaukee Accessory,,49-94-0107,,,"Milwaukee Accessory, Milw 4, 1/2""X.045""X7/8"" Performance+ Metal Cut Off Disc","MILW 4-1/2""X.045""X7/8"" PERFORMANCE+","Milwaukee Accessory 49-94-0107 Milw 4-1/2""X.045""X7/8"" Performance+ Metal Cut Off Disc","Milwaukee Accessory, 49-94-0107 Milw 4-1/2""x.045""x7/8"" Performance+ Metal Cut Off Disc","Milwaukee Accessory 49-94-0107 Milw 4-1/2""X.045""X7/8"" Performance+ Metal Cut Off Disc","Milwaukee Accessory, 49-94-0107 Milw 4-1/2""x.045""x7/8"" Performance+ Metal Cut Off Disc",,,,,,,,,,,,,,,,,,,,,,,,,,,,,,,,,,,,,,,,,,,,,,,,,,,,,,,,,,,,,,,,,,,,,,,,,,,,,,,,,,,,,,,,,,,,,,,,,,,,,,,,,,,,,,,,,,,,,,,,,,,,,,,,,,,,,,,,,,,,,,,,,,,,,,,,,,,,,,,,,,,,,,,,,,,,,,,,,,,,,,,,,,,,,,,,,,,,,,,,,,,,,,,,,,,,,,,,,,,,,,,
,,,,,,49-94-0117,,,,49-94-0117,49-94-0117,"49-94-0117 Milw 5""x.045""x7/8"" Performance+ Metal Cut Off Disc",,,,Milwaukee Accessory (4031),Milwaukee Accessory,Milwaukee Accessory,,49-94-0117,,,"Milwaukee Accessory, Milw 5""X.045""X7/8"" Performance+ Metal Cut Off Disc","MILW 5""X.045""X7/8"" PERFORMANCE+ METAL","Milwaukee Accessory 49-94-0117 Milw 5""X.045""X7/8"" Performance+ Metal Cut Off Disc","Milwaukee Accessory, 49-94-0117 Milw 5""x.045""x7/8"" Performance+ Metal Cut Off Disc","Milwaukee Accessory 49-94-0117 Milw 5""X.045""X7/8"" Performance+ Metal Cut Off Disc","Milwaukee Accessory, 49-94-0117 Milw 5""x.045""x7/8"" Performance+ Metal Cut Off Disc",,,,,,,,,,,,,,,,,,,,,,,,,,,,,,,,,,,,,,,,,,,,,,,,,,,,,,,,,,,,,,,,,,,,,,,,,,,,,,,,,,,,,,,,,,,,,,,,,,,,,,,,,,,,,,,,,,,,,,,,,,,,,,,,,,,,,,,,,,,,,,,,,,,,,,,,,,,,,,,,,,,,,,,,,,,,,,,,,,,,,,,,,,,,,,,,,,,,,,,,,,,,,,,,,,,,,,,,,,,,,,,
,,,,,,49-94-0123,,,,49-94-0123,49-94-0123,"49-94-0123 Milw 6""x.045""x7/8"" Performance+ Metal Cut Off Disc",,,,Milwaukee Accessory (4031),Milwaukee Accessory,Milwaukee Accessory,,49-94-0123,,,"Milwaukee Accessory, Milw 6""X.045""X7/8"" Performance+ Metal Cut Off Disc","MILW 6""X.045""X7/8"" PERFORMANCE+ METAL","Milwaukee Accessory 49-94-0123 Milw 6""X.045""X7/8"" Performance+ Metal Cut Off Disc","Milwaukee Accessory, 49-94-0123 Milw 6""x.045""x7/8"" Performance+ Metal Cut Off Disc","Milwaukee Accessory 49-94-0123 Milw 6""X.045""X7/8"" Performance+ Metal Cut Off Disc","Milwaukee Accessory, 49-94-0123 Milw 6""x.045""x7/8"" Performance+ Metal Cut Off Disc",,,,,,,,,,,,,,,,,,,,,,,,,,,,,,,,,,,,,,,,,,,,,,,,,,,,,,,,,,,,,,,,,,,,,,,,,,,,,,,,,,,,,,,,,,,,,,,,,,,,,,,,,,,,,,,,,,,,,,,,,,,,,,,,,,,,,,,,,,,,,,,,,,,,,,,,,,,,,,,,,,,,,,,,,,,,,,,,,,,,,,,,,,,,,,,,,,,,,,,,,,,,,,,,,,,,,,,,,,,,,,,
,,,,,,49-94-0023,,,,49-94-0023,49-94-0023,"49-94-0023 Milw 6""x.045""x7/8"" Metal Cut Off Disc",,,,Milwaukee Accessory (4031),Milwaukee Accessory,Milwaukee Accessory,,49-94-0023,,,"Milwaukee Accessory, Milw 6""X.045""X7/8"" Metal Cut Off Disc, 49-94-0023","MILW 6""X.045""X7/8"" METAL CUT OFF DISC","Milwaukee Accessory 49-94-0023 Milw 6""X.045""X7/8"" Metal Cut Off Disc","Milwaukee Accessory, 49-94-0023 Milw 6""x.045""x7/8"" Metal Cut Off Disc","Milwaukee Accessory 49-94-0023 Milw 6""X.045""X7/8"" Metal Cut Off Disc","Milwaukee Accessory, 49-94-0023 Milw 6""x.045""x7/8"" Metal Cut Off Disc",,,,,,,,,,,,,,,,,,,,,,,,,,,,,,,,,,,,,,,,,,,,,,,,,,,,,,,,,,,,,,,,,,,,,,,,,,,,,,,,,,,,,,,,,,,,,,,,,,,,,,,,,,,,,,,,,,,,,,,,,,,,,,,,,,,,,,,,,,,,,,,,,,,,,,,,,,,,,,,,,,,,,,,,,,,,,,,,,,,,,,,,,,,,,,,,,,,,,,,,,,,,,,,,,,,,,,,,,,,,,,,
,,,,,,49-94-0121,,,,49-94-0121,49-94-0121,"49-94-0121 Milw 6""x.045""x7/8"" Performance+ Metal Cut Off Disc 10pc",,,,Milwaukee Accessory (4031),Milwaukee Accessory,Milwaukee Accessory,,49-94-0121,,,"Milwaukee Accessory, Milw 6""X.045""X7/8"" Performance+ Metal Cut Off Disc 10Pc","MILW 6""X.045""X7/8"" PERFORMANCE+ METAL","Milwaukee Accessory 49-94-0121 Milw 6""X.045""X7/8"" Performance+ Metal Cut Off Disc 10Pc","Milwaukee Accessory, 49-94-0121 Milw 6""x.045""x7/8"" Performance+ Metal Cut Off Disc 10pc","Milwaukee Accessory 49-94-0121 Milw 6""X.045""X7/8"" Performance+ Metal Cut Off Disc 10Pc","Milwaukee Accessory, 49-94-0121 Milw 6""x.045""x7/8"" Performance+ Metal Cut Off Disc 10pc",,,,,,,,,,,,,,,,,,,,,,,,,,,,,,,,,,,,,,,,,,,,,,,,,,,,,,,,,,,,,,,,,,,,,,,,,,,,,,,,,,,,,,,,,,,,,,,,,,,,,,,,,,,,,,,,,,,,,,,,,,,,,,,,,,,,,,,,,,,,,,,,,,,,,,,,,,,,,,,,,,,,,,,,,,,,,,,,,,,,,,,,,,,,,,,,,,,,,,,,,,,,,,,,,,,,,,,,,,,,,,,
,,,,,,49-94-0127,,,,49-94-0127,49-94-0127,"49-94-0127 Milw 6""x.045""x7/8"" Performance+Metal Cut Off Disc",,,,Milwaukee Accessory (4031),Milwaukee Accessory,Milwaukee Accessory,,49-94-0127,,,"Milwaukee Accessory, Milw 6""X.045""X7/8"" Performance+Metal Cut Off Disc","MILW 6""X.045""X7/8"" PERFORMANCE+METAL","Milwaukee Accessory 49-94-0127 Milw 6""X.045""X7/8"" Performance+Metal Cut Off Disc","Milwaukee Accessory, 49-94-0127 Milw 6""x.045""x7/8"" Performance+Metal Cut Off Disc","Milwaukee Accessory 49-94-0127 Milw 6""X.045""X7/8"" Performance+Metal Cut Off Disc","Milwaukee Accessory, 49-94-0127 Milw 6""x.045""x7/8"" Performance+Metal Cut Off Disc",,,,,,,,,,,,,,,,,,,,,,,,,,,,,,,,,,,,,,,,,,,,,,,,,,,,,,,,,,,,,,,,,,,,,,,,,,,,,,,,,,,,,,,,,,,,,,,,,,,,,,,,,,,,,,,,,,,,,,,,,,,,,,,,,,,,,,,,,,,,,,,,,,,,,,,,,,,,,,,,,,,,,,,,,,,,,,,,,,,,,,,,,,,,,,,,,,,,,,,,,,,,,,,,,,,,,,,,,,,,,,,
,,,,,,49-94-0137,,,,49-94-0137,49-94-0137,"49-94-0137 Milw 7""x3/32""x7/8"" Performance+ Metal Cut Off Disc",,,,Milwaukee Accessory (4031),Milwaukee Accessory,Milwaukee Accessory,,49-94-0137,,,"Milwaukee Accessory, Milw 7""X3/32""X7/8"" Performance+ Metal Cut Off Disc","MILW 7""X3/32""X7/8"" PERFORMANCE+ METAL","Milwaukee Accessory 49-94-0137 Milw 7""X3/32""X7/8"" Performance+ Metal Cut Off Disc","Milwaukee Accessory, 49-94-0137 Milw 7""x3/32""x7/8"" Performance+ Metal Cut Off Disc","Milwaukee Accessory 49-94-0137 Milw 7""X3/32""X7/8"" Performance+ Metal Cut Off Disc","Milwaukee Accessory, 49-94-0137 Milw 7""x3/32""x7/8"" Performance+ Metal Cut Off Disc",,,,,,,,,,,,,,,,,,,,,,,,,,,,,,,,,,,,,,,,,,,,,,,,,,,,,,,,,,,,,,,,,,,,,,,,,,,,,,,,,,,,,,,,,,,,,,,,,,,,,,,,,,,,,,,,,,,,,,,,,,,,,,,,,,,,,,,,,,,,,,,,,,,,,,,,,,,,,,,,,,,,,,,,,,,,,,,,,,,,,,,,,,,,,,,,,,,,,,,,,,,,,,,,,,,,,,,,,,,,,,,
,,,,,,49-94-0160,,,,49-94-0160,49-94-0160,"49-94-0160 Milw 14""x7/64""x1"" Performance+ Metal Cut Off Disc",,,,Milwaukee Accessory (4031),Milwaukee Accessory,Milwaukee Accessory,,49-94-0160,,,"Milwaukee Accessory, Milw 14""X7/64""X1"" Performance+ Metal Cut Off Disc","MILW 14""X7/64""X1"" PERFORMANCE+ METAL","Milwaukee Accessory 49-94-0160 Milw 14""X7/64""X1"" Performance+ Metal Cut Off Disc","Milwaukee Accessory, 49-94-0160 Milw 14""x7/64""x1"" Performance+ Metal Cut Off Disc","Milwaukee Accessory 49-94-0160 Milw 14""X7/64""X1"" Performance+ Metal Cut Off Disc","Milwaukee Accessory, 49-94-0160 Milw 14""x7/64""x1"" Performance+ Metal Cut Off Disc",,,,,,,,,,,,,,,,,,,,,,,,,,,,,,,,,,,,,,,,,,,,,,,,,,,,,,,,,,,,,,,,,,,,,,,,,,,,,,,,,,,,,,,,,,,,,,,,,,,,,,,,,,,,,,,,,,,,,,,,,,,,,,,,,,,,,,,,,,,,,,,,,,,,,,,,,,,,,,,,,,,,,,,,,,,,,,,,,,,,,,,,,,,,,,,,,,,,,,,,,,,,,,,,,,,,,,,,,,,,,,,
,,,,,,49-94-0223,,,,49-94-0223,49-94-0223,"49-94-0223 Milw 6""x.045""x7/8"" Ceramic+ Metal Cut Off Disc",,,,Milwaukee Accessory (4031),Milwaukee Accessory,Milwaukee Accessory,,49-94-0223,,,"Milwaukee Accessory, Milw 6""X.045""X7/8"" Ceramic+ Metal Cut Off Disc, 49-94-0223","MILW 6""X.045""X7/8"" CERAMIC+ METAL CUT","Milwaukee Accessory 49-94-0223 Milw 6""X.045""X7/8"" Ceramic+ Metal Cut Off Disc","Milwaukee Accessory, 49-94-0223 Milw 6""x.045""x7/8"" Ceramic+ Metal Cut Off Disc","Milwaukee Accessory 49-94-0223 Milw 6""X.045""X7/8"" Ceramic+ Metal Cut Off Disc","Milwaukee Accessory, 49-94-0223 Milw 6""x.045""x7/8"" Ceramic+ Metal Cut Off Disc",,,,,,,,,,,,,,,,,,,,,,,,,,,,,,,,,,,,,,,,,,,,,,,,,,,,,,,,,,,,,,,,,,,,,,,,,,,,,,,,,,,,,,,,,,,,,,,,,,,,,,,,,,,,,,,,,,,,,,,,,,,,,,,,,,,,,,,,,,,,,,,,,,,,,,,,,,,,,,,,,,,,,,,,,,,,,,,,,,,,,,,,,,,,,,,,,,,,,,,,,,,,,,,,,,,,,,,,,,,,,,,
,,,,,,49-94-0445,,,,49-94-0445,49-94-0445,"49-94-0445 Milw 10""x3/32""x5/8"" Performance+ Metal Cut Off Disc",,,,Milwaukee Accessory (4031),Milwaukee Accessory,Milwaukee Accessory,,49-94-0445,,,"Milwaukee Accessory, Milw 10""X3/32""X5/8"" Performance+ Metal Cut Off Disc","MILW 10""X3/32""X5/8"" PERFORMANCE+ METAL","Milwaukee Accessory 49-94-0445 Milw 10""X3/32""X5/8"" Performance+ Metal Cut Off Disc","Milwaukee Accessory, 49-94-0445 Milw 10""x3/32""x5/8"" Performance+ Metal Cut Off Disc","Milwaukee Accessory 49-94-0445 Milw 10""X3/32""X5/8"" Performance+ Metal Cut Off Disc","Milwaukee Accessory, 49-94-0445 Milw 10""x3/32""x5/8"" Performance+ Metal Cut Off Disc",,,,,,,,,,,,,,,,,,,,,,,,,,,,,,,,,,,,,,,,,,,,,,,,,,,,,,,,,,,,,,,,,,,,,,,,,,,,,,,,,,,,,,,,,,,,,,,,,,,,,,,,,,,,,,,,,,,,,,,,,,,,,,,,,,,,,,,,,,,,,,,,,,,,,,,,,,,,,,,,,,,,,,,,,,,,,,,,,,,,,,,,,,,,,,,,,,,,,,,,,,,,,,,,,,,,,,,,,,,,,,,
,,,,,,49-94-0803,,,,49-94-0803,49-94-0803,"49-94-0803 Milw 4-1/2""x1/8""x7/8"" Dual Metal Cut and Grind Disc",,,,Milwaukee Accessory (4031),Milwaukee Accessory,Milwaukee Accessory,,49-94-0803,,,"Milwaukee Accessory, Milw 4, 1/2""X1/8""X7/8"" Dual Metal Cut And Grind Disc","MILW 4-1/2""X1/8""X7/8"" DUAL METAL CUT","Milwaukee Accessory 49-94-0803 Milw 4-1/2""X1/8""X7/8"" Dual Metal Cut And Grind Disc","Milwaukee Accessory, 49-94-0803 Milw 4-1/2""x1/8""x7/8"" Dual Metal Cut and Grind Disc","Milwaukee Accessory 49-94-0803 Milw 4-1/2""X1/8""X7/8"" Dual Metal Cut And Grind Disc","Milwaukee Accessory, 49-94-0803 Milw 4-1/2""x1/8""x7/8"" Dual Metal Cut and Grind Disc",,,,,,,,,,,,,,,,,,,,,,,,,,,,,,,,,,,,,,,,,,,,,,,,,,,,,,,,,,,,,,,,,,,,,,,,,,,,,,,,,,,,,,,,,,,,,,,,,,,,,,,,,,,,,,,,,,,,,,,,,,,,,,,,,,,,,,,,,,,,,,,,,,,,,,,,,,,,,,,,,,,,,,,,,,,,,,,,,,,,,,,,,,,,,,,,,,,,,,,,,,,,,,,,,,,,,,,,,,,,,,,
,,,,,,49-94-0903,,,,49-94-0903,49-94-0903,"49-94-0903 Milw 4-1/2""x1/8""x7/8""Perform+Dual Metal Cut and Grind Disc",,,,Milwaukee Accessory (4031),Milwaukee Accessory,Milwaukee Accessory,,49-94-0903,,,"Milwaukee Accessory, Milw 4","MILW 4-1/2""X1/8""X7/8""PERFORM+DUAL METAL","Milwaukee Accessory 49-94-0903 Milw 4-1/2""X1/8""X7/8""Perform+Dual Metal Cut And Grind Disc","Milwaukee Accessory, 49-94-0903 Milw 4-1/2""x1/8""x7/8""Perform+Dual Metal Cut and Grind Disc","Milwaukee Accessory 49-94-0903 Milw 4-1/2""X1/8""X7/8""Perform+Dual Metal Cut And Grind Disc","Milwaukee Accessory, 49-94-0903 Milw 4-1/2""x1/8""x7/8""Perform+Dual Metal Cut and Grind Disc",,,,,,,,,,,,,,,,,,,,,,,,,,,,,,,,,,,,,,,,,,,,,,,,,,,,,,,,,,,,,,,,,,,,,,,,,,,,,,,,,,,,,,,,,,,,,,,,,,,,,,,,,,,,,,,,,,,,,,,,,,,,,,,,,,,,,,,,,,,,,,,,,,,,,,,,,,,,,,,,,,,,,,,,,,,,,,,,,,,,,,,,,,,,,,,,,,,,,,,,,,,,,,,,,,,,,,,,,,,,,,,
,,,,,,49-94-0907,,,,49-94-0907,49-94-0907,"49-94-0907 Milw 4-1/2""x1/8""x5/8-11""Perform+Dual Metal Cut n Grind Disc",,,,Milwaukee Accessory (4031),Milwaukee Accessory,Milwaukee Accessory,,49-94-0907,,,"Milwaukee Accessory, Milw 4, 1/2""X1/8""X5/8","MILW 4-1/2""X1/8""X5/8-11""PERFORM+DUAL","Milwaukee Accessory 49-94-0907 Milw 4-1/2""X1/8""X5/8-11""Perform+Dual Metal Cut N Grind Disc","Milwaukee Accessory, 49-94-0907 Milw 4-1/2""x1/8""x5/8-11""Perform+Dual Metal Cut n Grind Disc","Milwaukee Accessory 49-94-0907 Milw 4-1/2""X1/8""X5/8-11""Perform+Dual Metal Cut N Grind Disc","Milwaukee Accessory, 49-94-0907 Milw 4-1/2""x1/8""x5/8-11""Perform+Dual Metal Cut n Grind Disc",,,,,,,,,,,,,,,,,,,,,,,,,,,,,,,,,,,,,,,,,,,,,,,,,,,,,,,,,,,,,,,,,,,,,,,,,,,,,,,,,,,,,,,,,,,,,,,,,,,,,,,,,,,,,,,,,,,,,,,,,,,,,,,,,,,,,,,,,,,,,,,,,,,,,,,,,,,,,,,,,,,,,,,,,,,,,,,,,,,,,,,,,,,,,,,,,,,,,,,,,,,,,,,,,,,,,,,,,,,,,,,
,,,,,,49-94-0923,,,,49-94-0923,49-94-0923,"49-94-0923 Milw 6""x1/8""x7/8"" Perform+Dual Metal Cut and Grind Disc",,,,Milwaukee Accessory (4031),Milwaukee Accessory,Milwaukee Accessory,,49-94-0923,,,"Milwaukee Accessory, Milw 6""X1/8""X7/8"" Perform+Dual Metal Cut And Grind Disc","MILW 6""X1/8""X7/8"" PERFORM+DUAL METAL","Milwaukee Accessory 49-94-0923 Milw 6""X1/8""X7/8"" Perform+Dual Metal Cut And Grind Disc","Milwaukee Accessory, 49-94-0923 Milw 6""x1/8""x7/8"" Perform+Dual Metal Cut and Grind Disc","Milwaukee Accessory 49-94-0923 Milw 6""X1/8""X7/8"" Perform+Dual Metal Cut And Grind Disc","Milwaukee Accessory, 49-94-0923 Milw 6""x1/8""x7/8"" Perform+Dual Metal Cut and Grind Disc",,,,,,,,,,,,,,,,,,,,,,,,,,,,,,,,,,,,,,,,,,,,,,,,,,,,,,,,,,,,,,,,,,,,,,,,,,,,,,,,,,,,,,,,,,,,,,,,,,,,,,,,,,,,,,,,,,,,,,,,,,,,,,,,,,,,,,,,,,,,,,,,,,,,,,,,,,,,,,,,,,,,,,,,,,,,,,,,,,,,,,,,,,,,,,,,,,,,,,,,,,,,,,,,,,,,,,,,,,,,,,,
,,,,,,49-94-1900,,,,49-94-1900,49-94-1900,"49-94-1900 Milw 4""x1/8""x5/8"" Masonry Cut Off Disc",,,,Milwaukee Accessory (4031),Milwaukee Accessory,Milwaukee Accessory,,49-94-1900,,,"Milwaukee Accessory, Milw 4""X1/8""X5/8"" Masonry Cut Off Disc, 49-94-1900","MILW 4""X1/8""X5/8"" MASONRY CUT OFF DISC","Milwaukee Accessory 49-94-1900 Milw 4""X1/8""X5/8"" Masonry Cut Off Disc","Milwaukee Accessory, 49-94-1900 Milw 4""x1/8""x5/8"" Masonry Cut Off Disc","Milwaukee Accessory 49-94-1900 Milw 4""X1/8""X5/8"" Masonry Cut Off Disc","Milwaukee Accessory, 49-94-1900 Milw 4""x1/8""x5/8"" Masonry Cut Off Disc",,,,,,,,,,,,,,,,,,,,,,,,,,,,,,,,,,,,,,,,,,,,,,,,,,,,,,,,,,,,,,,,,,,,,,,,,,,,,,,,,,,,,,,,,,,,,,,,,,,,,,,,,,,,,,,,,,,,,,,,,,,,,,,,,,,,,,,,,,,,,,,,,,,,,,,,,,,,,,,,,,,,,,,,,,,,,,,,,,,,,,,,,,,,,,,,,,,,,,,,,,,,,,,,,,,,,,,,,,,,,,,
,,,,,,49-94-1905,,,,49-94-1905,49-94-1905,"49-94-1905 Milw 4-1/2""x1/8""x7/8"" Masonry Cut Off Disc",,,,Milwaukee Accessory (4031),Milwaukee Accessory,Milwaukee Accessory,,49-94-1905,,,"Milwaukee Accessory, Milw 4, 1/2""X1/8""X7/8"" Masonry Cut Off Disc, 49-94-1905","MILW 4-1/2""X1/8""X7/8"" MASONRY CUT OFF","Milwaukee Accessory 49-94-1905 Milw 4-1/2""X1/8""X7/8"" Masonry Cut Off Disc","Milwaukee Accessory, 49-94-1905 Milw 4-1/2""x1/8""x7/8"" Masonry Cut Off Disc","Milwaukee Accessory 49-94-1905 Milw 4-1/2""X1/8""X7/8"" Masonry Cut Off Disc","Milwaukee Accessory, 49-94-1905 Milw 4-1/2""x1/8""x7/8"" Masonry Cut Off Disc",,,,,,,,,,,,,,,,,,,,,,,,,,,,,,,,,,,,,,,,,,,,,,,,,,,,,,,,,,,,,,,,,,,,,,,,,,,,,,,,,,,,,,,,,,,,,,,,,,,,,,,,,,,,,,,,,,,,,,,,,,,,,,,,,,,,,,,,,,,,,,,,,,,,,,,,,,,,,,,,,,,,,,,,,,,,,,,,,,,,,,,,,,,,,,,,,,,,,,,,,,,,,,,,,,,,,,,,,,,,,,,
,,,,,,49-94-1915,,,,49-94-1915,49-94-1915,"49-94-1915 Milw 6-1/2""x1/8""x5/8"" DKO Masonry Cut Off Disc",,,,Milwaukee Accessory (4031),Milwaukee Accessory,Milwaukee Accessory,,49-94-1915,,,"Milwaukee Accessory, Milw 6, 1/2""X1/8""X5/8"" Dko Masonry Cut Off Disc, 49-94-1915","MILW 6-1/2""X1/8""X5/8"" DKO MASONRY CUT","Milwaukee Accessory 49-94-1915 Milw 6-1/2""X1/8""X5/8"" Dko Masonry Cut Off Disc","Milwaukee Accessory, 49-94-1915 Milw 6-1/2""x1/8""x5/8"" DKO Masonry Cut Off Disc","Milwaukee Accessory 49-94-1915 Milw 6-1/2""X1/8""X5/8"" Dko Masonry Cut Off Disc","Milwaukee Accessory, 49-94-1915 Milw 6-1/2""x1/8""x5/8"" DKO Masonry Cut Off Disc",,,,,,,,,,,,,,,,,,,,,,,,,,,,,,,,,,,,,,,,,,,,,,,,,,,,,,,,,,,,,,,,,,,,,,,,,,,,,,,,,,,,,,,,,,,,,,,,,,,,,,,,,,,,,,,,,,,,,,,,,,,,,,,,,,,,,,,,,,,,,,,,,,,,,,,,,,,,,,,,,,,,,,,,,,,,,,,,,,,,,,,,,,,,,,,,,,,,,,,,,,,,,,,,,,,,,,,,,,,,,,,
,,,,,,49-94-1920,,,,49-94-1920,49-94-1920,"49-94-1920 Milw 7""x1/8""x5/8"" DKO Masonry Cut Off Disc",,,,Milwaukee Accessory (4031),Milwaukee Accessory,Milwaukee Accessory,,49-94-1920,,,"Milwaukee Accessory, Milw 7""X1/8""X5/8"" Dko Masonry Cut Off Disc, 49-94-1920","MILW 7""X1/8""X5/8"" DKO MASONRY CUT OFF","Milwaukee Accessory 49-94-1920 Milw 7""X1/8""X5/8"" Dko Masonry Cut Off Disc","Milwaukee Accessory, 49-94-1920 Milw 7""x1/8""x5/8"" DKO Masonry Cut Off Disc","Milwaukee Accessory 49-94-1920 Milw 7""X1/8""X5/8"" Dko Masonry Cut Off Disc","Milwaukee Accessory, 49-94-1920 Milw 7""x1/8""x5/8"" DKO Masonry Cut Off Disc",,,,,,,,,,,,,,,,,,,,,,,,,,,,,,,,,,,,,,,,,,,,,,,,,,,,,,,,,,,,,,,,,,,,,,,,,,,,,,,,,,,,,,,,,,,,,,,,,,,,,,,,,,,,,,,,,,,,,,,,,,,,,,,,,,,,,,,,,,,,,,,,,,,,,,,,,,,,,,,,,,,,,,,,,,,,,,,,,,,,,,,,,,,,,,,,,,,,,,,,,,,,,,,,,,,,,,,,,,,,,,,
,,,,,,49-94-1925,,,,49-94-1925,49-94-1925,"49-94-1925 Milw 10""x1/8""x5/8"" Masonry Cut Off Disc",,,,Milwaukee Accessory (4031),Milwaukee Accessory,Milwaukee Accessory,,49-94-1925,,,"Milwaukee Accessory, Milw 10""X1/8""X5/8"" Masonry Cut Off Disc, 49-94-1925","MILW 10""X1/8""X5/8"" MASONRY CUT OFF DISC","Milwaukee Accessory 49-94-1925 Milw 10""X1/8""X5/8"" Masonry Cut Off Disc","Milwaukee Accessory, 49-94-1925 Milw 10""x1/8""x5/8"" Masonry Cut Off Disc","Milwaukee Accessory 49-94-1925 Milw 10""X1/8""X5/8"" Masonry Cut Off Disc","Milwaukee Accessory, 49-94-1925 Milw 10""x1/8""x5/8"" Masonry Cut Off Disc",,,,,,,,,,,,,,,,,,,,,,,,,,,,,,,,,,,,,,,,,,,,,,,,,,,,,,,,,,,,,,,,,,,,,,,,,,,,,,,,,,,,,,,,,,,,,,,,,,,,,,,,,,,,,,,,,,,,,,,,,,,,,,,,,,,,,,,,,,,,,,,,,,,,,,,,,,,,,,,,,,,,,,,,,,,,,,,,,,,,,,,,,,,,,,,,,,,,,,,,,,,,,,,,,,,,,,,,,,,,,,,
,,,,,,49-94-1935,,,,49-94-1935,49-94-1935,"49-94-1935 Milw 12""x1/8""x1"" Masonry Cut Off Disc",,,,Milwaukee Accessory (4031),Milwaukee Accessory,Milwaukee Accessory,,49-94-1935,,,"Milwaukee Accessory, Milw 12""X1/8""X1"" Masonry Cut Off Disc, 49-94-1935","MILW 12""X1/8""X1"" MASONRY CUT OFF DISC","Milwaukee Accessory 49-94-1935 Milw 12""X1/8""X1"" Masonry Cut Off Disc","Milwaukee Accessory, 49-94-1935 Milw 12""x1/8""x1"" Masonry Cut Off Disc","Milwaukee Accessory 49-94-1935 Milw 12""X1/8""X1"" Masonry Cut Off Disc","Milwaukee Accessory, 49-94-1935 Milw 12""x1/8""x1"" Masonry Cut Off Disc",,,,,,,,,,,,,,,,,,,,,,,,,,,,,,,,,,,,,,,,,,,,,,,,,,,,,,,,,,,,,,,,,,,,,,,,,,,,,,,,,,,,,,,,,,,,,,,,,,,,,,,,,,,,,,,,,,,,,,,,,,,,,,,,,,,,,,,,,,,,,,,,,,,,,,,,,,,,,,,,,,,,,,,,,,,,,,,,,,,,,,,,,,,,,,,,,,,,,,,,,,,,,,,,,,,,,,,,,,,,,,,
,,,,,,49-94-1940,,,,49-94-1940,49-94-1940,"49-94-1940 Milw 14""x1/8""x1"" Masonry Cut Off Disc",,,,Milwaukee Accessory (4031),Milwaukee Accessory,Milwaukee Accessory,,49-94-1940,,,"Milwaukee Accessory, Milw 14""X1/8""X1"" Masonry Cut Off Disc, 49-94-1940","MILW 14""X1/8""X1"" MASONRY CUT OFF DISC","Milwaukee Accessory 49-94-1940 Milw 14""X1/8""X1"" Masonry Cut Off Disc","Milwaukee Accessory, 49-94-1940 Milw 14""x1/8""x1"" Masonry Cut Off Disc","Milwaukee Accessory 49-94-1940 Milw 14""X1/8""X1"" Masonry Cut Off Disc","Milwaukee Accessory, 49-94-1940 Milw 14""x1/8""x1"" Masonry Cut Off Disc",,,,,,,,,,,,,,,,,,,,,,,,,,,,,,,,,,,,,,,,,,,,,,,,,,,,,,,,,,,,,,,,,,,,,,,,,,,,,,,,,,,,,,,,,,,,,,,,,,,,,,,,,,,,,,,,,,,,,,,,,,,,,,,,,,,,,,,,,,,,,,,,,,,,,,,,,,,,,,,,,,,,,,,,,,,,,,,,,,,,,,,,,,,,,,,,,,,,,,,,,,,,,,,,,,,,,,,,,,,,,,,
,,,,,,49-94-0501,,,,49-94-0501,49-94-0501,"49-94-0501 Milw 4""x1/4""x5/8"" Metal Grinding Wheel",,,,Milwaukee Accessory (4031),Milwaukee Accessory,Milwaukee Accessory,,49-94-0501,,,"Milwaukee Accessory, Milw 4""X1/4""X5/8"" Metal Grinding Wheel, 49-94-0501","MILW 4""X1/4""X5/8"" METAL GRINDING WHEEL","Milwaukee Accessory 49-94-0501 Milw 4""X1/4""X5/8"" Metal Grinding Wheel","Milwaukee Accessory, 49-94-0501 Milw 4""x1/4""x5/8"" Metal Grinding Wheel","Milwaukee Accessory 49-94-0501 Milw 4""X1/4""X5/8"" Metal Grinding Wheel","Milwaukee Accessory, 49-94-0501 Milw 4""x1/4""x5/8"" Metal Grinding Wheel",,,,,,,,,,,,,,,,,,,,,,,,,,,,,,,,,,,,,,,,,,,,,,,,,,,,,,,,,,,,,,,,,,,,,,,,,,,,,,,,,,,,,,,,,,,,,,,,,,,,,,,,,,,,,,,,,,,,,,,,,,,,,,,,,,,,,,,,,,,,,,,,,,,,,,,,,,,,,,,,,,,,,,,,,,,,,,,,,,,,,,,,,,,,,,,,,,,,,,,,,,,,,,,,,,,,,,,,,,,,,,,
,,,,,,49-94-0503,,,,49-94-0503,49-94-0503,"49-94-0503 Milw 4-1/2""x1/4""x7/8"" Metal Grinding Wheel",,,,Milwaukee Accessory (4031),Milwaukee Accessory,Milwaukee Accessory,,49-94-0503,,,"Milwaukee Accessory, Milw 4, 1/2""X1/4""X7/8"" Metal Grinding Wheel, 49-94-0503","MILW 4-1/2""X1/4""X7/8"" METAL GRINDING","Milwaukee Accessory 49-94-0503 Milw 4-1/2""X1/4""X7/8"" Metal Grinding Wheel","Milwaukee Accessory, 49-94-0503 Milw 4-1/2""x1/4""x7/8"" Metal Grinding Wheel","Milwaukee Accessory 49-94-0503 Milw 4-1/2""X1/4""X7/8"" Metal Grinding Wheel","Milwaukee Accessory, 49-94-0503 Milw 4-1/2""x1/4""x7/8"" Metal Grinding Wheel",,,,,,,,,,,,,,,,,,,,,,,,,,,,,,,,,,,,,,,,,,,,,,,,,,,,,,,,,,,,,,,,,,,,,,,,,,,,,,,,,,,,,,,,,,,,,,,,,,,,,,,,,,,,,,,,,,,,,,,,,,,,,,,,,,,,,,,,,,,,,,,,,,,,,,,,,,,,,,,,,,,,,,,,,,,,,,,,,,,,,,,,,,,,,,,,,,,,,,,,,,,,,,,,,,,,,,,,,,,,,,,
,,,,,,49-94-0523,,,,49-94-0523,49-94-0523,"49-94-0523 Milw 6""x1/4""x7/8"" Metal Grinding Wheel",,,,Milwaukee Accessory (4031),Milwaukee Accessory,Milwaukee Accessory,,49-94-0523,,,"Milwaukee Accessory, Milw 6""X1/4""X7/8"" Metal Grinding Wheel, 49-94-0523","MILW 6""X1/4""X7/8"" METAL GRINDING WHEEL","Milwaukee Accessory 49-94-0523 Milw 6""X1/4""X7/8"" Metal Grinding Wheel","Milwaukee Accessory, 49-94-0523 Milw 6""x1/4""x7/8"" Metal Grinding Wheel","Milwaukee Accessory 49-94-0523 Milw 6""X1/4""X7/8"" Metal Grinding Wheel","Milwaukee Accessory, 49-94-0523 Milw 6""x1/4""x7/8"" Metal Grinding Wheel",,,,,,,,,,,,,,,,,,,,,,,,,,,,,,,,,,,,,,,,,,,,,,,,,,,,,,,,,,,,,,,,,,,,,,,,,,,,,,,,,,,,,,,,,,,,,,,,,,,,,,,,,,,,,,,,,,,,,,,,,,,,,,,,,,,,,,,,,,,,,,,,,,,,,,,,,,,,,,,,,,,,,,,,,,,,,,,,,,,,,,,,,,,,,,,,,,,,,,,,,,,,,,,,,,,,,,,,,,,,,,,
,,,,,,49-94-1955,,,,49-94-1955,49-94-1955,"49-94-1955 Milw 4-1/2""x1/4""x7/8"" Masonry Grinding Wheel",,,,Milwaukee Accessory (4031),Milwaukee Accessory,Milwaukee Accessory,,49-94-1955,,,"Milwaukee Accessory, Milw 4, 1/2""X1/4""X7/8"" Masonry Grinding Wheel, 49-94-1955","MILW 4-1/2""X1/4""X7/8"" MASONRY GRINDING","Milwaukee Accessory 49-94-1955 Milw 4-1/2""X1/4""X7/8"" Masonry Grinding Wheel","Milwaukee Accessory, 49-94-1955 Milw 4-1/2""x1/4""x7/8"" Masonry Grinding Wheel","Milwaukee Accessory 49-94-1955 Milw 4-1/2""X1/4""X7/8"" Masonry Grinding Wheel","Milwaukee Accessory, 49-94-1955 Milw 4-1/2""x1/4""x7/8"" Masonry Grinding Wheel",,,,,,,,,,,,,,,,,,,,,,,,,,,,,,,,,,,,,,,,,,,,,,,,,,,,,,,,,,,,,,,,,,,,,,,,,,,,,,,,,,,,,,,,,,,,,,,,,,,,,,,,,,,,,,,,,,,,,,,,,,,,,,,,,,,,,,,,,,,,,,,,,,,,,,,,,,,,,,,,,,,,,,,,,,,,,,,,,,,,,,,,,,,,,,,,,,,,,,,,,,,,,,,,,,,,,,,,,,,,,,,
,,,,,,49-94-1965,,,,49-94-1965,49-94-1965,"49-94-1965 Milw 7""x1/4""x7/8"" Masonry Grinding Wheel",,,,Milwaukee Accessory (4031),Milwaukee Accessory,Milwaukee Accessory,,49-94-1965,,,"Milwaukee Accessory, Milw 7""X1/4""X7/8"" Masonry Grinding Wheel, 49-94-1965","MILW 7""X1/4""X7/8"" MASONRY GRINDING WHEEL","Milwaukee Accessory 49-94-1965 Milw 7""X1/4""X7/8"" Masonry Grinding Wheel","Milwaukee Accessory, 49-94-1965 Milw 7""x1/4""x7/8"" Masonry Grinding Wheel","Milwaukee Accessory 49-94-1965 Milw 7""X1/4""X7/8"" Masonry Grinding Wheel","Milwaukee Accessory, 49-94-1965 Milw 7""x1/4""x7/8"" Masonry Grinding Wheel",,,,,,,,,,,,,,,,,,,,,,,,,,,,,,,,,,,,,,,,,,,,,,,,,,,,,,,,,,,,,,,,,,,,,,,,,,,,,,,,,,,,,,,,,,,,,,,,,,,,,,,,,,,,,,,,,,,,,,,,,,,,,,,,,,,,,,,,,,,,,,,,,,,,,,,,,,,,,,,,,,,,,,,,,,,,,,,,,,,,,,,,,,,,,,,,,,,,,,,,,,,,,,,,,,,,,,,,,,,,,,,
,,,,,,49-94-0513,,,,49-94-0513,49-94-0513,"49-94-0513 Milw 5""x1/4""x7/8"" Metal Grinding Wheel",,,,Milwaukee Accessory (4031),Milwaukee Accessory,Milwaukee Accessory,,49-94-0513,,,"Milwaukee Accessory, Milw 5""X1/4""X7/8"" Metal Grinding Wheel, 49-94-0513","MILW 5""X1/4""X7/8"" METAL GRINDING WHEEL","Milwaukee Accessory 49-94-0513 Milw 5""X1/4""X7/8"" Metal Grinding Wheel","Milwaukee Accessory, 49-94-0513 Milw 5""x1/4""x7/8"" Metal Grinding Wheel","Milwaukee Accessory 49-94-0513 Milw 5""X1/4""X7/8"" Metal Grinding Wheel","Milwaukee Accessory, 49-94-0513 Milw 5""x1/4""x7/8"" Metal Grinding Wheel",,,,,,,,,,,,,,,,,,,,,,,,,,,,,,,,,,,,,,,,,,,,,,,,,,,,,,,,,,,,,,,,,,,,,,,,,,,,,,,,,,,,,,,,,,,,,,,,,,,,,,,,,,,,,,,,,,,,,,,,,,,,,,,,,,,,,,,,,,,,,,,,,,,,,,,,,,,,,,,,,,,,,,,,,,,,,,,,,,,,,,,,,,,,,,,,,,,,,,,,,,,,,,,,,,,,,,,,,,,,,,,
,,,,,,49-94-0533,,,,49-94-0533,49-94-0533,"49-94-0533 Milw 7""x1/4""x7/8"" Metal Grinding Wheel",,,,Milwaukee Accessory (4031),Milwaukee Accessory,Milwaukee Accessory,,49-94-0533,,,"Milwaukee Accessory, Milw 7""X1/4""X7/8"" Metal Grinding Wheel, 49-94-0533","MILW 7""X1/4""X7/8"" METAL GRINDING WHEEL","Milwaukee Accessory 49-94-0533 Milw 7""X1/4""X7/8"" Metal Grinding Wheel","Milwaukee Accessory, 49-94-0533 Milw 7""x1/4""x7/8"" Metal Grinding Wheel","Milwaukee Accessory 49-94-0533 Milw 7""X1/4""X7/8"" Metal Grinding Wheel","Milwaukee Accessory, 49-94-0533 Milw 7""x1/4""x7/8"" Metal Grinding Wheel",,,,,,,,,,,,,,,,,,,,,,,,,,,,,,,,,,,,,,,,,,,,,,,,,,,,,,,,,,,,,,,,,,,,,,,,,,,,,,,,,,,,,,,,,,,,,,,,,,,,,,,,,,,,,,,,,,,,,,,,,,,,,,,,,,,,,,,,,,,,,,,,,,,,,,,,,,,,,,,,,,,,,,,,,,,,,,,,,,,,,,,,,,,,,,,,,,,,,,,,,,,,,,,,,,,,,,,,,,,,,,,
,,,,,,DFBLBLOMFN01G,,,,DFBLBLOMFN01G,DFBLBLOMFN01G,DFBLBLOMFN01G Diablo 220 Grit - Flat Edge Sanding Sponge,,,,Freud Inc (2435),Freud Inc,Freud Inc,,DFBLBLOMFN01G,,,"Freud Inc, Diablo 220 Grit, Flat Edge Sanding Sponge, Dfblblomfn01G",DIABLO 220 GRIT - FLAT EDGE SANDING,Freud Inc Dfblblomfn01G Diablo 220 Grit - Flat Edge Sanding Sponge,"Freud Inc, DFBLBLOMFN01G Diablo 220 Grit - Flat Edge Sanding Sponge",Freud Inc Dfblblomfn01G Diablo 220 Grit - Flat Edge Sanding Sponge,"Freud Inc, DFBLBLOMFN01G Diablo 220 Grit - Flat Edge Sanding Sponge",,,,,,,,,,,,,,,,,,,,,,,,,,,,,,,,,,,,,,,,,,,,,,,,,,,,,,,,,,,,,,,,,,,,,,,,,,,,,,,,,,,,,,,,,,,,,,,,,,,,,,,,,,,,,,,,,,,,,,,,,,,,,,,,,,,,,,,,,,,,,,,,,,,,,,,,,,,,,,,,,,,,,,,,,,,,,,,,,,,,,,,,,,,,,,,,,,,,,,,,,,,,,,,,,,,,,,,,,,,,,,,
,,,,,,1700-1PK-BB40,,,,1700-1PK-BB40,1700-1PK-BB40,3/4x60' Vinyl Elect Tape,,,3M,3 M Co (5293),3M,3M,,1700-1PK-BB40,,,"3M, 3/4X60' Vinyl Elect Tape, 1700-1Pk-Bb40, 1700-1PK-BB40",3/4X60' VINYL ELECT TAPE,3M 1700-1Pk-Bb40 3/4X60' Vinyl Elect Tape,"3M, 3/4x60' Vinyl Elect Tape, Part Number: 1700-1PK-BB40",3M 1700-1Pk-Bb40 3/4X60' Vinyl Elect Tape,"3M, 3/4x60' Vinyl Elect Tape, Part Number: 1700-1PK-BB40",,,,,,,,,,,,,,,,,,,,,,,,,,,,,,,,,,,,,,,,,,,,,,,,,,,,,,,,,,,,,,,,,,,,,,,,,,,,,,,,,,,,,,,,,,,,,,,,,,,,,,,,,,,,,,,,,,,,,,,,,,,,,,,,,,,,,,,,,,,,,,,,,,,,,,,,,,,,,,,,,,,,,,,,,,,,,,,,,,,,,,,,,,,,,,,,,,,,,,,,,,,,,,,,,,,,,,,,,,,,,,,
,,,,,,ASH-40-40-04,,,,ASH-40-40-04,ASH-40-40-04,1.5x1.5x13' Legacy Emseal Tape,,,,Emseal Joint Systems Ltd (EMSJO),Emseal Joint Systems Ltd,Emseal Joint Systems Ltd,,ASH-40-40-04,,,"Emseal Joint Systems Ltd, 1.5X1.5X13' Legacy Emseal Tape, Ash-40-40-04",1.5X1.5X13' LEGACY EMSEAL TAPE,Emseal Joint Systems Ltd Ash-40-40-04 1.5X1.5X13' Legacy Emseal Tape,"Emseal Joint Systems Ltd, 1.5x1.5x13' Legacy Emseal Tape, Part Number: ASH-40-40-04",Emseal Joint Systems Ltd Ash-40-40-04 1.5X1.5X13' Legacy Emseal Tape,"Emseal Joint Systems Ltd, 1.5x1.5x13' Legacy Emseal Tape, Part Number: ASH-40-40-04",,,,,,,,,,,,,,,,,,,,,,,,,,,,,,,,,,,,,,,,,,,,,,,,,,,,,,,,,,,,,,,,,,,,,,,,,,,,,,,,,,,,,,,,,,,,,,,,,,,,,,,,,,,,,,,,,,,,,,,,,,,,,,,,,,,,,,,,,,,,,,,,,,,,,,,,,,,,,,,,,,,,,,,,,,,,,,,,,,,,,,,,,,,,,,,,,,,,,,,,,,,,,,,,,,,,,,,,,,,,,,,
,,,,,,KDFM404KPS,,,,KDFM404KPS,KDFM404KPS,KDFM404KPS Dishwasher SS,,,,Appliance Dealers Cooperative (APPDE),Appliance Dealers Cooperative,Appliance Dealers Cooperative,,KDFM404KPS,,,"Appliance Dealers Cooperative, Dishwasher Ss, Kdfm404Kps, KD",DISHW SS,Appliance Dealers Cooperative Kdfm404Kps Dishwasher Ss,"Appliance Dealers Cooperative, KDFM404KPS Dishwasher SS",Appliance Dealers Cooperative Kdfm404Kps Dishwasher Ss,"Appliance Dealers Cooperative, KDFM404KPS Dishwasher SS",,,,,,,,,,,,,,,,,,,,,,,,,,,,,,,,,,,,,,,,,,,,,,,,,,,,,,,,,,,,,,,,,,,,,,,,,,,,,,,,,,,,,,,,,,,,,,,,,,,,,,,,,,,,,,,,,,,,,,,,,,,,,,,,,,,,,,,,,,,,,,,,,,,,,,,,,,,,,,,,,,,,,,,,,,,,,,,,,,,,,,,,,,,,,,,,,,,,,,,,,,,,,,,,,,,,,,,,,,,,,,,
,,,,,,PDSH4816AF,,,,PDSH4816AF,PDSH4816AF,PDSH4816AF Dishwasher SS - Display Only,,,,Appliance Dealers Cooperative (APPDE),Appliance Dealers Cooperative,Appliance Dealers Cooperative,,PDSH4816AF,,,"Appliance Dealers Cooperative, Dishwasher Ss, Display Only, Pdsh4816Af",DISHW SS - DISPLAY ONLY,Appliance Dealers Cooperative Pdsh4816Af Dishwasher Ss - Display Only,"Appliance Dealers Cooperative, PDSH4816AF Dishwasher SS - Display Only",Appliance Dealers Cooperative Pdsh4816Af Dishwasher Ss - Display Only,"Appliance Dealers Cooperative, PDSH4816AF Dishwasher SS - Display Only",,,,,,,,,,,,,,,,,,,,,,,,,,,,,,,,,,,,,,,,,,,,,,,,,,,,,,,,,,,,,,,,,,,,,,,,,,,,,,,,,,,,,,,,,,,,,,,,,,,,,,,,,,,,,,,,,,,,,,,,,,,,,,,,,,,,,,,,,,,,,,,,,,,,,,,,,,,,,,,,,,,,,,,,,,,,,,,,,,,,,,,,,,,,,,,,,,,,,,,,,,,,,,,,,,,,,,,,,,,,,,,
,,,,,,PDT715SYVFS,,,,PDT715SYVFS,PDT715SYVFS,PDT715SYVFS Ge Dishwasher SS,,,,Appliance Dealers Cooperative (APPDE),Appliance Dealers Cooperative,Appliance Dealers Cooperative,,PDT715SYVFS,,,"Appliance Dealers Cooperative, Ge Dishwasher Ss, Pdt715Syvfs",GE DISHW SS,Appliance Dealers Cooperative Pdt715Syvfs Ge Dishwasher Ss,"Appliance Dealers Cooperative, PDT715SYVFS Ge Dishwasher SS",Appliance Dealers Cooperative Pdt715Syvfs Ge Dishwasher Ss,"Appliance Dealers Cooperative, PDT715SYVFS Ge Dishwasher SS",,,,,,,,,,,,,,,,,,,,,,,,,,,,,,,,,,,,,,,,,,,,,,,,,,,,,,,,,,,,,,,,,,,,,,,,,,,,,,,,,,,,,,,,,,,,,,,,,,,,,,,,,,,,,,,,,,,,,,,,,,,,,,,,,,,,,,,,,,,,,,,,,,,,,,,,,,,,,,,,,,,,,,,,,,,,,,,,,,,,,,,,,,,,,,,,,,,,,,,,,,,,,,,,,,,,,,,,,,,,,,,
,,,,,,LDPH5554D,,,,LDPH5554D,LDPH5554D,LDPH5554D LG Dishwasher BSS,,,,Appliance Dealers Cooperative (APPDE),Appliance Dealers Cooperative,Appliance Dealers Cooperative,,LDPH5554D,,,"Appliance Dealers Cooperative, Lg Dishwasher Bss, Ldph5554D, LDPH5554",LG DISHW BSS,Appliance Dealers Cooperative Ldph5554D Lg Dishwasher Bss,"Appliance Dealers Cooperative, LDPH5554D LG Dishwasher BSS",Appliance Dealers Cooperative Ldph5554D Lg Dishwasher Bss,"Appliance Dealers Cooperative, LDPH5554D LG Dishwasher BSS",,,,,,,,,,,,,,,,,,,,,,,,,,,,,,,,,,,,,,,,,,,,,,,,,,,,,,,,,,,,,,,,,,,,,,,,,,,,,,,,,,,,,,,,,,,,,,,,,,,,,,,,,,,,,,,,,,,,,,,,,,,,,,,,,,,,,,,,,,,,,,,,,,,,,,,,,,,,,,,,,,,,,,,,,,,,,,,,,,,,,,,,,,,,,,,,,,,,,,,,,,,,,,,,,,,,,,,,,,,,,,,
,,,,,,WDTS7024RZ,,,,WDTS7024RZ,WDTS7024RZ,WDTS7024RZ Dishwasher SS - Display Only,,,,Appliance Dealers Cooperative (APPDE),Appliance Dealers Cooperative,Appliance Dealers Cooperative,,WDTS7024RZ,,,"Appliance Dealers Cooperative, Dishwasher Ss, Display Only, Wdts7024Rz",DISHW SS - DISPLAY ONLY,Appliance Dealers Cooperative Wdts7024Rz Dishwasher Ss - Display Only,"Appliance Dealers Cooperative, WDTS7024RZ Dishwasher SS - Display Only",Appliance Dealers Cooperative Wdts7024Rz Dishwasher Ss - Display Only,"Appliance Dealers Cooperative, WDTS7024RZ Dishwasher SS - Display Only",,,,,,,,,,,,,,,,,,,,,,,,,,,,,,,,,,,,,,,,,,,,,,,,,,,,,,,,,,,,,,,,,,,,,,,,,,,,,,,,,,,,,,,,,,,,,,,,,,,,,,,,,,,,,,,,,,,,,,,,,,,,,,,,,,,,,,,,,,,,,,,,,,,,,,,,,,,,,,,,,,,,,,,,,,,,,,,,,,,,,,,,,,,,,,,,,,,,,,,,,,,,,,,,,,,,,,,,,,,,,,,
,,,,,,PDD415PYYFS,,,,PDD415PYYFS,PDD415PYYFS,PDD415PYYFS GE Dishwasher SS,,,,Appliance Dealers Cooperative (APPDE),Appliance Dealers Cooperative,Appliance Dealers Cooperative,,PDD415PYYFS,,,"Appliance Dealers Cooperative, Ge Dishwasher Ss, Pdd415Pyyfs",GE DISHW SS,Appliance Dealers Cooperative Pdd415Pyyfs Ge Dishwasher Ss,"Appliance Dealers Cooperative, PDD415PYYFS GE Dishwasher SS",Appliance Dealers Cooperative Pdd415Pyyfs Ge Dishwasher Ss,"Appliance Dealers Cooperative, PDD415PYYFS GE Dishwasher SS",,,,,,,,,,,,,,,,,,,,,,,,,,,,,,,,,,,,,,,,,,,,,,,,,,,,,,,,,,,,,,,,,,,,,,,,,,,,,,,,,,,,,,,,,,,,,,,,,,,,,,,,,,,,,,,,,,,,,,,,,,,,,,,,,,,,,,,,,,,,,,,,,,,,,,,,,,,,,,,,,,,,,,,,,,,,,,,,,,,,,,,,,,,,,,,,,,,,,,,,,,,,,,,,,,,,,,,,,,,,,,,
,,,,,,KDTS424SBE,,,,KDTS424SBE,KDTS424SBE,KDTS424SBE Kitchen Aid Dishwasher Bk,,,,Appliance Dealers Cooperative (APPDE),Appliance Dealers Cooperative,Appliance Dealers Cooperative,,KDTS424SBE,,,"Appliance Dealers Cooperative, Kitchen Aid Dishwasher Bk, Kdts424Sbe",KITCHEN AID DISHW BK,Appliance Dealers Cooperative Kdts424Sbe Kitchen Aid Dishwasher Bk,"Appliance Dealers Cooperative, KDTS424SBE Kitchen Aid Dishwasher Bk",Appliance Dealers Cooperative Kdts424Sbe Kitchen Aid Dishwasher Bk,"Appliance Dealers Cooperative, KDTS424SBE Kitchen Aid Dishwasher Bk",,,,,,,,,,,,,,,,,,,,,,,,,,,,,,,,,,,,,,,,,,,,,,,,,,,,,,,,,,,,,,,,,,,,,,,,,,,,,,,,,,,,,,,,,,,,,,,,,,,,,,,,,,,,,,,,,,,,,,,,,,,,,,,,,,,,,,,,,,,,,,,,,,,,,,,,,,,,,,,,,,,,,,,,,,,,,,,,,,,,,,,,,,,,,,,,,,,,,,,,,,,,,,,,,,,,,,,,,,,,,,,
,,,,,,KDTS324SPS,,,,KDTS324SPS,KDTS324SPS,KDTS324SPS Kitchen Aid Dishwasher SS,,,,Appliance Dealers Cooperative (APPDE),Appliance Dealers Cooperative,Appliance Dealers Cooperative,,KDTS324SPS,,,"Appliance Dealers Cooperative, Kitchen Aid Dishwasher Ss, Kdts324Sps",KITCHEN AID DISHW SS,Appliance Dealers Cooperative Kdts324Sps Kitchen Aid Dishwasher Ss,"Appliance Dealers Cooperative, KDTS324SPS Kitchen Aid Dishwasher SS",Appliance Dealers Cooperative Kdts324Sps Kitchen Aid Dishwasher Ss,"Appliance Dealers Cooperative, KDTS324SPS Kitchen Aid Dishwasher SS",,,,,,,,,,,,,,,,,,,,,,,,,,,,,,,,,,,,,,,,,,,,,,,,,,,,,,,,,,,,,,,,,,,,,,,,,,,,,,,,,,,,,,,,,,,,,,,,,,,,,,,,,,,,,,,,,,,,,,,,,,,,,,,,,,,,,,,,,,,,,,,,,,,,,,,,,,,,,,,,,,,,,,,,,,,,,,,,,,,,,,,,,,,,,,,,,,,,,,,,,,,,,,,,,,,,,,,,,,,,,,,
,,,,,,KDPS624SJP,,,,KDPS624SJP,KDPS624SJP,KDPS624SJP Dishwasher Juniper - Display Only,,,,Appliance Dealers Cooperative (APPDE),Appliance Dealers Cooperative,Appliance Dealers Cooperative,,KDPS624SJP,,,"Appliance Dealers Cooperative, Dishwasher Juniper, Display Only, Kdps624Sjp",DISHW JUNIPER - DISPLAY ONLY,Appliance Dealers Cooperative Kdps624Sjp Dishwasher Juniper - Display Only,"Appliance Dealers Cooperative, KDPS624SJP Dishwasher Juniper - Display Only",Appliance Dealers Cooperative Kdps624Sjp Dishwasher Juniper - Display Only,"Appliance Dealers Cooperative, KDPS624SJP Dishwasher Juniper - Display Only",,,,,,,,,,,,,,,,,,,,,,,,,,,,,,,,,,,,,,,,,,,,,,,,,,,,,,,,,,,,,,,,,,,,,,,,,,,,,,,,,,,,,,,,,,,,,,,,,,,,,,,,,,,,,,,,,,,,,,,,,,,,,,,,,,,,,,,,,,,,,,,,,,,,,,,,,,,,,,,,,,,,,,,,,,,,,,,,,,,,,,,,,,,,,,,,,,,,,,,,,,,,,,,,,,,,,,,,,,,,,,,
,,,,,,KDTS624SBE,,,,KDTS624SBE,KDTS624SBE,KDTS624SBE Dishwasher BO Display Only,,,,Appliance Dealers Cooperative (APPDE),Appliance Dealers Cooperative,Appliance Dealers Cooperative,,KDTS624SBE,,,"Appliance Dealers Cooperative, Dishwasher Bo Display Only, Kdts624Sbe",DISHW BO DISPLAY ONLY,Appliance Dealers Cooperative Kdts624Sbe Dishwasher Bo Display Only,"Appliance Dealers Cooperative, KDTS624SBE Dishwasher BO Display Only",Appliance Dealers Cooperative Kdts624Sbe Dishwasher Bo Display Only,"Appliance Dealers Cooperative, KDTS624SBE Dishwasher BO Display Only",,,,,,,,,,,,,,,,,,,,,,,,,,,,,,,,,,,,,,,,,,,,,,,,,,,,,,,,,,,,,,,,,,,,,,,,,,,,,,,,,,,,,,,,,,,,,,,,,,,,,,,,,,,,,,,,,,,,,,,,,,,,,,,,,,,,,,,,,,,,,,,,,,,,,,,,,,,,,,,,,,,,,,,,,,,,,,,,,,,,,,,,,,,,,,,,,,,,,,,,,,,,,,,,,,,,,,,,,,,,,,,
,,,,,,D519127,,,,D519127,D519127,D519127 Heater Kit,,,,V & V Appliance Parts Inc (VVAPP),V & V Appliance Parts Inc,V & V Appliance Parts Inc,,D519127,,,"V & V Appliance Parts Inc, Heater Kit, D519127, D519127",HEATER KIT,V & V Appliance Parts Inc D519127 Heater Kit,"V & V Appliance Parts Inc, D519127 Heater Kit",V & V Appliance Parts Inc D519127 Heater Kit,"V & V Appliance Parts Inc, D519127 Heater Kit",,,,,,,,,,,,,,,,,,,,,,,,,,,,,,,,,,,,,,,,,,,,,,,,,,,,,,,,,,,,,,,,,,,,,,,,,,,,,,,,,,,,,,,,,,,,,,,,,,,,,,,,,,,,,,,,,,,,,,,,,,,,,,,,,,,,,,,,,,,,,,,,,,,,,,,,,,,,,,,,,,,,,,,,,,,,,,,,,,,,,,,,,,,,,,,,,,,,,,,,,,,,,,,,,,,,,,,,,,,,,,,
,,,,,,DF7004WE,,,,DF7004WE,DF7004WE,DF7004WE Speed Queen Elect Dryer Wh,,,,Appliance Dealers Cooperative (APPDE),Appliance Dealers Cooperative,Appliance Dealers Cooperative,,DF7004WE,,,"Appliance Dealers Cooperative, Speed Queen Elect Dryer Wh, Df7004We",SPEED QUEEN ELECT DRYER WH,Appliance Dealers Cooperative Df7004We Speed Queen Elect Dryer Wh,"Appliance Dealers Cooperative, DF7004WE Speed Queen Elect Dryer Wh",Appliance Dealers Cooperative Df7004We Speed Queen Elect Dryer Wh,"Appliance Dealers Cooperative, DF7004WE Speed Queen Elect Dryer Wh",,,,,,,,,,,,,,,,,,,,,,,,,,,,,,,,,,,,,,,,,,,,,,,,,,,,,,,,,,,,,,,,,,,,,,,,,,,,,,,,,,,,,,,,,,,,,,,,,,,,,,,,,,,,,,,,,,,,,,,,,,,,,,,,,,,,,,,,,,,,,,,,,,,,,,,,,,,,,,,,,,,,,,,,,,,,,,,,,,,,,,,,,,,,,,,,,,,,,,,,,,,,,,,,,,,,,,,,,,,,,,,
,,,,,,DR7004BE,,,,DR7004BE,DR7004BE,DR7004BE SQ Elect Dryer Bk,,,,Appliance Dealers Cooperative (APPDE),Appliance Dealers Cooperative,Appliance Dealers Cooperative,,DR7004BE,,,"Appliance Dealers Cooperative, Sq Elect Dryer Bk, Dr7004Be, ",SQ ELECT DRYER BK,Appliance Dealers Cooperative Dr7004Be Sq Elect Dryer Bk,"Appliance Dealers Cooperative, DR7004BE SQ Elect Dryer Bk",Appliance Dealers Cooperative Dr7004Be Sq Elect Dryer Bk,"Appliance Dealers Cooperative, DR7004BE SQ Elect Dryer Bk",,,,,,,,,,,,,,,,,,,,,,,,,,,,,,,,,,,,,,,,,,,,,,,,,,,,,,,,,,,,,,,,,,,,,,,,,,,,,,,,,,,,,,,,,,,,,,,,,,,,,,,,,,,,,,,,,,,,,,,,,,,,,,,,,,,,,,,,,,,,,,,,,,,,,,,,,,,,,,,,,,,,,,,,,,,,,,,,,,,,,,,,,,,,,,,,,,,,,,,,,,,,,,,,,,,,,,,,,,,,,,,
,,,,,,DV2000WE,,,,DV2000WE,DV2000WE,DV2000WE SQ Elect Dryer Wh,,,,Appliance Dealers Cooperative (APPDE),Appliance Dealers Cooperative,Appliance Dealers Cooperative,,DV2000WE,,,"Appliance Dealers Cooperative, Sq Elect Dryer Wh, Dv2000We, ",SQ ELECT DRYER WH,Appliance Dealers Cooperative Dv2000We Sq Elect Dryer Wh,"Appliance Dealers Cooperative, DV2000WE SQ Elect Dryer Wh",Appliance Dealers Cooperative Dv2000We Sq Elect Dryer Wh,"Appliance Dealers Cooperative, DV2000WE SQ Elect Dryer Wh",,,,,,,,,,,,,,,,,,,,,,,,,,,,,,,,,,,,,,,,,,,,,,,,,,,,,,,,,,,,,,,,,,,,,,,,,,,,,,,,,,,,,,,,,,,,,,,,,,,,,,,,,,,,,,,,,,,,,,,,,,,,,,,,,,,,,,,,,,,,,,,,,,,,,,,,,,,,,,,,,,,,,,,,,,,,,,,,,,,,,,,,,,,,,,,,,,,,,,,,,,,,,,,,,,,,,,,,,,,,,,,
,,,,,,DC5004WE,,,,DC5004WE,DC5004WE,DC5004WE SQ Elect Dryer Wh,,,,Appliance Dealers Cooperative (APPDE),Appliance Dealers Cooperative,Appliance Dealers Cooperative,,DC5004WE,,,"Appliance Dealers Cooperative, Sq Elect Dryer Wh, Dc5004We, ",SQ ELECT DRYER WH,Appliance Dealers Cooperative Dc5004We Sq Elect Dryer Wh,"Appliance Dealers Cooperative, DC5004WE SQ Elect Dryer Wh",Appliance Dealers Cooperative Dc5004We Sq Elect Dryer Wh,"Appliance Dealers Cooperative, DC5004WE SQ Elect Dryer Wh",,,,,,,,,,,,,,,,,,,,,,,,,,,,,,,,,,,,,,,,,,,,,,,,,,,,,,,,,,,,,,,,,,,,,,,,,,,,,,,,,,,,,,,,,,,,,,,,,,,,,,,,,,,,,,,,,,,,,,,,,,,,,,,,,,,,,,,,,,,,,,,,,,,,,,,,,,,,,,,,,,,,,,,,,,,,,,,,,,,,,,,,,,,,,,,,,,,,,,,,,,,,,,,,,,,,,,,,,,,,,,,
,,,,,,DC5004BE,,,,DC5004BE,DC5004BE,DC5004BE SQ Elect Dryer Bk,,,,Appliance Dealers Cooperative (APPDE),Appliance Dealers Cooperative,Appliance Dealers Cooperative,,DC5004BE,,,"Appliance Dealers Cooperative, Sq Elect Dryer Bk, Dc5004Be, ",SQ ELECT DRYER BK,Appliance Dealers Cooperative Dc5004Be Sq Elect Dryer Bk,"Appliance Dealers Cooperative, DC5004BE SQ Elect Dryer Bk",Appliance Dealers Cooperative Dc5004Be Sq Elect Dryer Bk,"Appliance Dealers Cooperative, DC5004BE SQ Elect Dryer Bk",,,,,,,,,,,,,,,,,,,,,,,,,,,,,,,,,,,,,,,,,,,,,,,,,,,,,,,,,,,,,,,,,,,,,,,,,,,,,,,,,,,,,,,,,,,,,,,,,,,,,,,,,,,,,,,,,,,,,,,,,,,,,,,,,,,,,,,,,,,,,,,,,,,,,,,,,,,,,,,,,,,,,,,,,,,,,,,,,,,,,,,,,,,,,,,,,,,,,,,,,,,,,,,,,,,,,,,,,,,,,,,
,,,,,,WKE100HWA,,,,WKE100HWA,WKE100HWA,WKE100HWA LG Laundry Center Wh - Display,,,,Appliance Dealers Cooperative (APPDE),Appliance Dealers Cooperative,Appliance Dealers Cooperative,,WKE100HWA,,,"Appliance Dealers Cooperative, Lg Laundry Center Wh, Display, Wke100Hwa",LG LAUNDRY CENTER WH - DISPLAY,Appliance Dealers Cooperative Wke100Hwa Lg Laundry Center Wh - Display,"Appliance Dealers Cooperative, WKE100HWA LG Laundry Center Wh - Display",Appliance Dealers Cooperative Wke100Hwa Lg Laundry Center Wh - Display,"Appliance Dealers Cooperative, WKE100HWA LG Laundry Center Wh - Display",,,,,,,,,,,,,,,,,,,,,,,,,,,,,,,,,,,,,,,,,,,,,,,,,,,,,,,,,,,,,,,,,,,,,,,,,,,,,,,,,,,,,,,,,,,,,,,,,,,,,,,,,,,,,,,,,,,,,,,,,,,,,,,,,,,,,,,,,,,,,,,,,,,,,,,,,,,,,,,,,,,,,,,,,,,,,,,,,,,,,,,,,,,,,,,,,,,,,,,,,,,,,,,,,,,,,,,,,,,,,,,
,,,,,,FF7011WN,,,,FF7011WN,FF7011WN,FF7011WN Speed Queen Washer Wh,,,,Appliance Dealers Cooperative (APPDE),Appliance Dealers Cooperative,Appliance Dealers Cooperative,,FF7011WN,,,"Appliance Dealers Cooperative, Speed Queen Washer Wh, Ff7011Wn",SPEED QUEEN WASHER WH,Appliance Dealers Cooperative Ff7011Wn Speed Queen Washer Wh,"Appliance Dealers Cooperative, FF7011WN Speed Queen Washer Wh",Appliance Dealers Cooperative Ff7011Wn Speed Queen Washer Wh,"Appliance Dealers Cooperative, FF7011WN Speed Queen Washer Wh",,,,,,,,,,,,,,,,,,,,,,,,,,,,,,,,,,,,,,,,,,,,,,,,,,,,,,,,,,,,,,,,,,,,,,,,,,,,,,,,,,,,,,,,,,,,,,,,,,,,,,,,,,,,,,,,,,,,,,,,,,,,,,,,,,,,,,,,,,,,,,,,,,,,,,,,,,,,,,,,,,,,,,,,,,,,,,,,,,,,,,,,,,,,,,,,,,,,,,,,,,,,,,,,,,,,,,,,,,,,,,,
,,,,,,PTD70GBPTDG,,,,PTD70GBPTDG,PTD70GBPTDG,PTD70GBPTDG GE Gas Dryer DG,,,,Appliance Dealers Cooperative (APPDE),Appliance Dealers Cooperative,Appliance Dealers Cooperative,,PTD70GBPTDG,,,"Appliance Dealers Cooperative, Ge Gas Dryer Dg, Ptd70Gbptdg, PTD70GBPTD",GE GAS DRYER DG,Appliance Dealers Cooperative Ptd70Gbptdg Ge Gas Dryer Dg,"Appliance Dealers Cooperative, PTD70GBPTDG GE Gas Dryer DG",Appliance Dealers Cooperative Ptd70Gbptdg Ge Gas Dryer Dg,"Appliance Dealers Cooperative, PTD70GBPTDG GE Gas Dryer DG",,,,,,,,,,,,,,,,,,,,,,,,,,,,,,,,,,,,,,,,,,,,,,,,,,,,,,,,,,,,,,,,,,,,,,,,,,,,,,,,,,,,,,,,,,,,,,,,,,,,,,,,,,,,,,,,,,,,,,,,,,,,,,,,,,,,,,,,,,,,,,,,,,,,,,,,,,,,,,,,,,,,,,,,,,,,,,,,,,,,,,,,,,,,,,,,,,,,,,,,,,,,,,,,,,,,,,,,,,,,,,,
,,,,,,PTD70GBSTWS,,,,PTD70GBSTWS,PTD70GBSTWS,PTD70GBSTWS GE Gas Dryer Wh,,,,Appliance Dealers Cooperative (APPDE),Appliance Dealers Cooperative,Appliance Dealers Cooperative,,PTD70GBSTWS,,,"Appliance Dealers Cooperative, Ge Gas Dryer Wh, Ptd70Gbstws, PTD70GBSTW",GE GAS DRYER WH,Appliance Dealers Cooperative Ptd70Gbstws Ge Gas Dryer Wh,"Appliance Dealers Cooperative, PTD70GBSTWS GE Gas Dryer Wh",Appliance Dealers Cooperative Ptd70Gbstws Ge Gas Dryer Wh,"Appliance Dealers Cooperative, PTD70GBSTWS GE Gas Dryer Wh",,,,,,,,,,,,,,,,,,,,,,,,,,,,,,,,,,,,,,,,,,,,,,,,,,,,,,,,,,,,,,,,,,,,,,,,,,,,,,,,,,,,,,,,,,,,,,,,,,,,,,,,,,,,,,,,,,,,,,,,,,,,,,,,,,,,,,,,,,,,,,,,,,,,,,,,,,,,,,,,,,,,,,,,,,,,,,,,,,,,,,,,,,,,,,,,,,,,,,,,,,,,,,,,,,,,,,,,,,,,,,,
,,,,,,DR5004WG,,,,DR5004WG,DR5004WG,DR5004WG SQ Gas Dryer Wh,,,,Appliance Dealers Cooperative (APPDE),Appliance Dealers Cooperative,Appliance Dealers Cooperative,,DR5004WG,,,"Appliance Dealers Cooperative, Sq Gas Dryer Wh, Dr5004Wg, DR",SQ GAS DRYER WH,Appliance Dealers Cooperative Dr5004Wg Sq Gas Dryer Wh,"Appliance Dealers Cooperative, DR5004WG SQ Gas Dryer Wh",Appliance Dealers Cooperative Dr5004Wg Sq Gas Dryer Wh,"Appliance Dealers Cooperative, DR5004WG SQ Gas Dryer Wh",,,,,,,,,,,,,,,,,,,,,,,,,,,,,,,,,,,,,,,,,,,,,,,,,,,,,,,,,,,,,,,,,,,,,,,,,,,,,,,,,,,,,,,,,,,,,,,,,,,,,,,,,,,,,,,,,,,,,,,,,,,,,,,,,,,,,,,,,,,,,,,,,,,,,,,,,,,,,,,,,,,,,,,,,,,,,,,,,,,,,,,,,,,,,,,,,,,,,,,,,,,,,,,,,,,,,,,,,,,,,,,
,,,,,,DR7004BG,,,,DR7004BG,DR7004BG,DR7004BG SQ Gas Dryer Bk,,,,Appliance Dealers Cooperative (APPDE),Appliance Dealers Cooperative,Appliance Dealers Cooperative,,DR7004BG,,,"Appliance Dealers Cooperative, Sq Gas Dryer Bk, Dr7004Bg, DR",SQ GAS DRYER BK,Appliance Dealers Cooperative Dr7004Bg Sq Gas Dryer Bk,"Appliance Dealers Cooperative, DR7004BG SQ Gas Dryer Bk",Appliance Dealers Cooperative Dr7004Bg Sq Gas Dryer Bk,"Appliance Dealers Cooperative, DR7004BG SQ Gas Dryer Bk",,,,,,,,,,,,,,,,,,,,,,,,,,,,,,,,,,,,,,,,,,,,,,,,,,,,,,,,,,,,,,,,,,,,,,,,,,,,,,,,,,,,,,,,,,,,,,,,,,,,,,,,,,,,,,,,,,,,,,,,,,,,,,,,,,,,,,,,,,,,,,,,,,,,,,,,,,,,,,,,,,,,,,,,,,,,,,,,,,,,,,,,,,,,,,,,,,,,,,,,,,,,,,,,,,,,,,,,,,,,,,,
,,,,,,DR7004WG,,,,DR7004WG,DR7004WG,DR7004WG SQ Gas Dryer Wh,,,,Appliance Dealers Cooperative (APPDE),Appliance Dealers Cooperative,Appliance Dealers Cooperative,,DR7004WG,,,"Appliance Dealers Cooperative, Sq Gas Dryer Wh, Dr7004Wg, DR",SQ GAS DRYER WH,Appliance Dealers Cooperative Dr7004Wg Sq Gas Dryer Wh,"Appliance Dealers Cooperative, DR7004WG SQ Gas Dryer Wh",Appliance Dealers Cooperative Dr7004Wg Sq Gas Dryer Wh,"Appliance Dealers Cooperative, DR7004WG SQ Gas Dryer Wh",,,,,,,,,,,,,,,,,,,,,,,,,,,,,,,,,,,,,,,,,,,,,,,,,,,,,,,,,,,,,,,,,,,,,,,,,,,,,,,,,,,,,,,,,,,,,,,,,,,,,,,,,,,,,,,,,,,,,,,,,,,,,,,,,,,,,,,,,,,,,,,,,,,,,,,,,,,,,,,,,,,,,,,,,,,,,,,,,,,,,,,,,,,,,,,,,,,,,,,,,,,,,,,,,,,,,,,,,,,,,,,
,,,,,,DV2000WG,,,,DV2000WG,DV2000WG,DV2000WG SQ Gas Dryer Wh,,,,Appliance Dealers Cooperative (APPDE),Appliance Dealers Cooperative,Appliance Dealers Cooperative,,DV2000WG,,,"Appliance Dealers Cooperative, Sq Gas Dryer Wh, Dv2000Wg, DV",SQ GAS DRYER WH,Appliance Dealers Cooperative Dv2000Wg Sq Gas Dryer Wh,"Appliance Dealers Cooperative, DV2000WG SQ Gas Dryer Wh",Appliance Dealers Cooperative Dv2000Wg Sq Gas Dryer Wh,"Appliance Dealers Cooperative, DV2000WG SQ Gas Dryer Wh",,,,,,,,,,,,,,,,,,,,,,,,,,,,,,,,,,,,,,,,,,,,,,,,,,,,,,,,,,,,,,,,,,,,,,,,,,,,,,,,,,,,,,,,,,,,,,,,,,,,,,,,,,,,,,,,,,,,,,,,,,,,,,,,,,,,,,,,,,,,,,,,,,,,,,,,,,,,,,,,,,,,,,,,,,,,,,,,,,,,,,,,,,,,,,,,,,,,,,,,,,,,,,,,,,,,,,,,,,,,,,,
,,,,,,DC5004WG,,,,DC5004WG,DC5004WG,DC5004WG SQ Gas Dryer Wh,,,,Appliance Dealers Cooperative (APPDE),Appliance Dealers Cooperative,Appliance Dealers Cooperative,,DC5004WG,,,"Appliance Dealers Cooperative, Sq Gas Dryer Wh, Dc5004Wg, DC",SQ GAS DRYER WH,Appliance Dealers Cooperative Dc5004Wg Sq Gas Dryer Wh,"Appliance Dealers Cooperative, DC5004WG SQ Gas Dryer Wh",Appliance Dealers Cooperative Dc5004Wg Sq Gas Dryer Wh,"Appliance Dealers Cooperative, DC5004WG SQ Gas Dryer Wh",,,,,,,,,,,,,,,,,,,,,,,,,,,,,,,,,,,,,,,,,,,,,,,,,,,,,,,,,,,,,,,,,,,,,,,,,,,,,,,,,,,,,,,,,,,,,,,,,,,,,,,,,,,,,,,,,,,,,,,,,,,,,,,,,,,,,,,,,,,,,,,,,,,,,,,,,,,,,,,,,,,,,,,,,,,,,,,,,,,,,,,,,,,,,,,,,,,,,,,,,,,,,,,,,,,,,,,,,,,,,,,
,,,,,,DC5004BG,,,,DC5004BG,DC5004BG,DC5004BG SQ Gas Dryer Bk,,,,Appliance Dealers Cooperative (APPDE),Appliance Dealers Cooperative,Appliance Dealers Cooperative,,DC5004BG,,,"Appliance Dealers Cooperative, Sq Gas Dryer Bk, Dc5004Bg, DC",SQ GAS DRYER BK,Appliance Dealers Cooperative Dc5004Bg Sq Gas Dryer Bk,"Appliance Dealers Cooperative, DC5004BG SQ Gas Dryer Bk",Appliance Dealers Cooperative Dc5004Bg Sq Gas Dryer Bk,"Appliance Dealers Cooperative, DC5004BG SQ Gas Dryer Bk",,,,,,,,,,,,,,,,,,,,,,,,,,,,,,,,,,,,,,,,,,,,,,,,,,,,,,,,,,,,,,,,,,,,,,,,,,,,,,,,,,,,,,,,,,,,,,,,,,,,,,,,,,,,,,,,,,,,,,,,,,,,,,,,,,,,,,,,,,,,,,,,,,,,,,,,,,,,,,,,,,,,,,,,,,,,,,,,,,,,,,,,,,,,,,,,,,,,,,,,,,,,,,,,,,,,,,,,,,,,,,,
,,,,,,PTW705BSTWS,,,,PTW705BSTWS,PTW705BSTWS,PTW705BSTWS GE Washer Wh,,,,Appliance Dealers Cooperative (APPDE),Appliance Dealers Cooperative,Appliance Dealers Cooperative,,PTW705BSTWS,,,"Appliance Dealers Cooperative, Ge Washer Wh, Ptw705Bstws, PT",GE WASHER WH,Appliance Dealers Cooperative Ptw705Bstws Ge Washer Wh,"Appliance Dealers Cooperative, PTW705BSTWS GE Washer Wh",Appliance Dealers Cooperative Ptw705Bstws Ge Washer Wh,"Appliance Dealers Cooperative, PTW705BSTWS GE Washer Wh",,,,,,,,,,,,,,,,,,,,,,,,,,,,,,,,,,,,,,,,,,,,,,,,,,,,,,,,,,,,,,,,,,,,,,,,,,,,,,,,,,,,,,,,,,,,,,,,,,,,,,,,,,,,,,,,,,,,,,,,,,,,,,,,,,,,,,,,,,,,,,,,,,,,,,,,,,,,,,,,,,,,,,,,,,,,,,,,,,,,,,,,,,,,,,,,,,,,,,,,,,,,,,,,,,,,,,,,,,,,,,,
,,,,,,MVWP586GW,,,,MVWP586GW,MVWP586GW,MVWP586GW Washer Wh - Display,,,,Appliance Dealers Cooperative (APPDE),Appliance Dealers Cooperative,Appliance Dealers Cooperative,,MVWP586GW,,,"Appliance Dealers Cooperative, Washer Wh, Display, Mvwp586Gw",WASHER WH - DISPLAY,Appliance Dealers Cooperative Mvwp586Gw Washer Wh - Display,"Appliance Dealers Cooperative, MVWP586GW Washer Wh - Display",Appliance Dealers Cooperative Mvwp586Gw Washer Wh - Display,"Appliance Dealers Cooperative, MVWP586GW Washer Wh - Display",,,,,,,,,,,,,,,,,,,,,,,,,,,,,,,,,,,,,,,,,,,,,,,,,,,,,,,,,,,,,,,,,,,,,,,,,,,,,,,,,,,,,,,,,,,,,,,,,,,,,,,,,,,,,,,,,,,,,,,,,,,,,,,,,,,,,,,,,,,,,,,,,,,,,,,,,,,,,,,,,,,,,,,,,,,,,,,,,,,,,,,,,,,,,,,,,,,,,,,,,,,,,,,,,,,,,,,,,,,,,,,
,,,,,,TV2000WN,,,,TV2000WN,TV2000WN,TV2000WN SQ Elect Washer,,,,Appliance Dealers Cooperative (APPDE),Appliance Dealers Cooperative,Appliance Dealers Cooperative,,TV2000WN,,,"Appliance Dealers Cooperative, Sq Elect Washer, Tv2000Wn, TV",SQ ELECT WASHER,Appliance Dealers Cooperative Tv2000Wn Sq Elect Washer,"Appliance Dealers Cooperative, TV2000WN SQ Elect Washer",Appliance Dealers Cooperative Tv2000Wn Sq Elect Washer,"Appliance Dealers Cooperative, TV2000WN SQ Elect Washer",,,,,,,,,,,,,,,,,,,,,,,,,,,,,,,,,,,,,,,,,,,,,,,,,,,,,,,,,,,,,,,,,,,,,,,,,,,,,,,,,,,,,,,,,,,,,,,,,,,,,,,,,,,,,,,,,,,,,,,,,,,,,,,,,,,,,,,,,,,,,,,,,,,,,,,,,,,,,,,,,,,,,,,,,,,,,,,,,,,,,,,,,,,,,,,,,,,,,,,,,,,,,,,,,,,,,,,,,,,,,,,
,,,,,,TC5003BN,,,,TC5003BN,TC5003BN,TC5003BN SQ Washer Bk,,,,Appliance Dealers Cooperative (APPDE),Appliance Dealers Cooperative,Appliance Dealers Cooperative,,TC5003BN,,,"Appliance Dealers Cooperative, Sq Washer Bk, Tc5003Bn, TC500",SQ WASHER BK,Appliance Dealers Cooperative Tc5003Bn Sq Washer Bk,"Appliance Dealers Cooperative, TC5003BN SQ Washer Bk",Appliance Dealers Cooperative Tc5003Bn Sq Washer Bk,"Appliance Dealers Cooperative, TC5003BN SQ Washer Bk",,,,,,,,,,,,,,,,,,,,,,,,,,,,,,,,,,,,,,,,,,,,,,,,,,,,,,,,,,,,,,,,,,,,,,,,,,,,,,,,,,,,,,,,,,,,,,,,,,,,,,,,,,,,,,,,,,,,,,,,,,,,,,,,,,,,,,,,,,,,,,,,,,,,,,,,,,,,,,,,,,,,,,,,,,,,,,,,,,,,,,,,,,,,,,,,,,,,,,,,,,,,,,,,,,,,,,,,,,,,,,,
,,,,,,TR7006WN,,,,TR7006WN,TR7006WN,TR7006WN Speed Queen Washer Wh,,,,Appliance Dealers Cooperative (APPDE),Appliance Dealers Cooperative,Appliance Dealers Cooperative,,TR7006WN,,,"Appliance Dealers Cooperative, Speed Queen Washer Wh, Tr7006Wn",SPEED QUEEN WASHER WH,Appliance Dealers Cooperative Tr7006Wn Speed Queen Washer Wh,"Appliance Dealers Cooperative, TR7006WN Speed Queen Washer Wh",Appliance Dealers Cooperative Tr7006Wn Speed Queen Washer Wh,"Appliance Dealers Cooperative, TR7006WN Speed Queen Washer Wh",,,,,,,,,,,,,,,,,,,,,,,,,,,,,,,,,,,,,,,,,,,,,,,,,,,,,,,,,,,,,,,,,,,,,,,,,,,,,,,,,,,,,,,,,,,,,,,,,,,,,,,,,,,,,,,,,,,,,,,,,,,,,,,,,,,,,,,,,,,,,,,,,,,,,,,,,,,,,,,,,,,,,,,,,,,,,,,,,,,,,,,,,,,,,,,,,,,,,,,,,,,,,,,,,,,,,,,,,,,,,,,
,,,,,,TR7006BN,,,,TR7006BN,TR7006BN,TR7006BN Speed Queen Washer Bk,,,,Appliance Dealers Cooperative (APPDE),Appliance Dealers Cooperative,Appliance Dealers Cooperative,,TR7006BN,,,"Appliance Dealers Cooperative, Speed Queen Washer Bk, Tr7006Bn",SPEED QUEEN WASHER BK,Appliance Dealers Cooperative Tr7006Bn Speed Queen Washer Bk,"Appliance Dealers Cooperative, TR7006BN Speed Queen Washer Bk",Appliance Dealers Cooperative Tr7006Bn Speed Queen Washer Bk,"Appliance Dealers Cooperative, TR7006BN Speed Queen Washer Bk",,,,,,,,,,,,,,,,,,,,,,,,,,,,,,,,,,,,,,,,,,,,,,,,,,,,,,,,,,,,,,,,,,,,,,,,,,,,,,,,,,,,,,,,,,,,,,,,,,,,,,,,,,,,,,,,,,,,,,,,,,,,,,,,,,,,,,,,,,,,,,,,,,,,,,,,,,,,,,,,,,,,,,,,,,,,,,,,,,,,,,,,,,,,,,,,,,,,,,,,,,,,,,,,,,,,,,,,,,,,,,,
,,,,,,TR5006WN,,,,TR5006WN,TR5006WN,TR5006WN Speed Queen Washer Wh,,,,Appliance Dealers Cooperative (APPDE),Appliance Dealers Cooperative,Appliance Dealers Cooperative,,TR5006WN,,,"Appliance Dealers Cooperative, Speed Queen Washer Wh, Tr5006Wn",SPEED QUEEN WASHER WH,Appliance Dealers Cooperative Tr5006Wn Speed Queen Washer Wh,"Appliance Dealers Cooperative, TR5006WN Speed Queen Washer Wh",Appliance Dealers Cooperative Tr5006Wn Speed Queen Washer Wh,"Appliance Dealers Cooperative, TR5006WN Speed Queen Washer Wh",,,,,,,,,,,,,,,,,,,,,,,,,,,,,,,,,,,,,,,,,,,,,,,,,,,,,,,,,,,,,,,,,,,,,,,,,,,,,,,,,,,,,,,,,,,,,,,,,,,,,,,,,,,,,,,,,,,,,,,,,,,,,,,,,,,,,,,,,,,,,,,,,,,,,,,,,,,,,,,,,,,,,,,,,,,,,,,,,,,,,,,,,,,,,,,,,,,,,,,,,,,,,,,,,,,,,,,,,,,,,,,
,,,,,,5134545001,,,,5134545001,5134545001,9516 Kneeling Pad& Bttl Opener,,,,Wera Tools NA Inc (WERTO),Wera Tools NA Inc,Wera Tools NA Inc,,5134545001,,,"Wera Tools Na Inc, 9516 Kneeling Pad& Bttl Opener, 5134545001",9516 KNEELING PAD& BTTL OPENER,Wera Tools Na Inc 5134545001 9516 Kneeling Pad& Bttl Opener,"Wera Tools NA Inc, 9516 Kneeling Pad& Bttl Opener, Part Number: 5134545001",Wera Tools Na Inc 5134545001 9516 Kneeling Pad& Bttl Opener,"Wera Tools NA Inc, 9516 Kneeling Pad& Bttl Opener, Part Number: 5134545001",,,,,,,,,,,,,,,,,,,,,,,,,,,,,,,,,,,,,,,,,,,,,,,,,,,,,,,,,,,,,,,,,,,,,,,,,,,,,,,,,,,,,,,,,,,,,,,,,,,,,,,,,,,,,,,,,,,,,,,,,,,,,,,,,,,,,,,,,,,,,,,,,,,,,,,,,,,,,,,,,,,,,,,,,,,,,,,,,,,,,,,,,,,,,,,,,,,,,,,,,,,,,,,,,,,,,,,,,,,,,,,
,,,,,,LNL65301,,,,LNL65301,LNL65301,LNL65301 Digital Tire Pressure - Inflator Gauge,,,,-,-,-,,LNL65301,,,"-, Digital Tire Pressure, Inflator Gauge, Lnl65301, LNL65301",DIGITAL TIRE PRESSURE - INFLATOR GAUGE,- Lnl65301 Digital Tire Pressure - Inflator Gauge,"-, LNL65301 Digital Tire Pressure - Inflator Gauge",- Lnl65301 Digital Tire Pressure - Inflator Gauge,"-, LNL65301 Digital Tire Pressure - Inflator Gauge",,,,,,,,,,,,,,,,,,,,,,,,,,,,,,,,,,,,,,,,,,,,,,,,,,,,,,,,,,,,,,,,,,,,,,,,,,,,,,,,,,,,,,,,,,,,,,,,,,,,,,,,,,,,,,,,,,,,,,,,,,,,,,,,,,,,,,,,,,,,,,,,,,,,,,,,,,,,,,,,,,,,,,,,,,,,,,,,,,,,,,,,,,,,,,,,,,,,,,,,,,,,,,,,,,,,,,,,,,,,,,,
,,,,,,25-A,,,,25-A,25-A,Charcoal Black 25-A Mortar - Type N,,,,Rees Cast Stone Company (REECA),Rees Cast Stone Company,Rees Cast Stone Company,,25-A,,,"Rees Cast Stone Company, Charcoal Black 25, A Mortar, Type N, 25-A",CHARCOAL BLACK 25-A MORTAR - TYPE N,Rees Cast Stone Company 25-A Charcoal Black 25-A Mortar - Type N,"Rees Cast Stone Company, Charcoal Black 25-A Mortar - Type N",Rees Cast Stone Company 25-A Charcoal Black 25-A Mortar - Type N,"Rees Cast Stone Company, Charcoal Black 25-A Mortar - Type N",,,,,,,,,,,,,,,,,,,,,,,,,,,,,,,,,,,,,,,,,,,,,,,,,,,,,,,,,,,,,,,,,,,,,,,,,,,,,,,,,,,,,,,,,,,,,,,,,,,,,,,,,,,,,,,,,,,,,,,,,,,,,,,,,,,,,,,,,,,,,,,,,,,,,,,,,,,,,,,,,,,,,,,,,,,,,,,,,,,,,,,,,,,,,,,,,,,,,,,,,,,,,,,,,,,,,,,,,,,,,,,
,,,,,,38-E,,,,38-E,38-E,Dark Chocolate 38-E Mortar - Type N,,,,Rees Cast Stone Company (REECA),Rees Cast Stone Company,Rees Cast Stone Company,,38-E,,,"Rees Cast Stone Company, Dark Chocolate 38, E Mortar, Type N, 38-E",DARK CHOCOLATE 38-E MORTAR - TYPE N,Rees Cast Stone Company 38-E Dark Chocolate 38-E Mortar - Type N,"Rees Cast Stone Company, Dark Chocolate 38-E Mortar - Type N",Rees Cast Stone Company 38-E Dark Chocolate 38-E Mortar - Type N,"Rees Cast Stone Company, Dark Chocolate 38-E Mortar - Type N",,,,,,,,,,,,,,,,,,,,,,,,,,,,,,,,,,,,,,,,,,,,,,,,,,,,,,,,,,,,,,,,,,,,,,,,,,,,,,,,,,,,,,,,,,,,,,,,,,,,,,,,,,,,,,,,,,,,,,,,,,,,,,,,,,,,,,,,,,,,,,,,,,,,,,,,,,,,,,,,,,,,,,,,,,,,,,,,,,,,,,,,,,,,,,,,,,,,,,,,,,,,,,,,,,,,,,,,,,,,,,,
,,,,,,59-J,,,,59-J,59-J,Light Buff 59-J Mortar - Type N,,,,Rees Cast Stone Company (REECA),Rees Cast Stone Company,Rees Cast Stone Company,,59-J,,,"Rees Cast Stone Company, Light Buff 59, J Mortar, Type N, 59-J",LIGHT BUFF 59-J MORTAR - TYPE N,Rees Cast Stone Company 59-J Light Buff 59-J Mortar - Type N,"Rees Cast Stone Company, Light Buff 59-J Mortar - Type N",Rees Cast Stone Company 59-J Light Buff 59-J Mortar - Type N,"Rees Cast Stone Company, Light Buff 59-J Mortar - Type N",,,,,,,,,,,,,,,,,,,,,,,,,,,,,,,,,,,,,,,,,,,,,,,,,,,,,,,,,,,,,,,,,,,,,,,,,,,,,,,,,,,,,,,,,,,,,,,,,,,,,,,,,,,,,,,,,,,,,,,,,,,,,,,,,,,,,,,,,,,,,,,,,,,,,,,,,,,,,,,,,,,,,,,,,,,,,,,,,,,,,,,,,,,,,,,,,,,,,,,,,,,,,,,,,,,,,,,,,,,,,,,
,,,,,,44-A,,,,44-A,44-A,Light Chocolate 44-A Mortar - Type N,,,,Rees Cast Stone Company (REECA),Rees Cast Stone Company,Rees Cast Stone Company,,44-A,,,"Rees Cast Stone Company, Light Chocolate 44, A Mortar, Type N, 44-A",LIGHT CHOCOLATE 44-A MORTAR - TYPE N,Rees Cast Stone Company 44-A Light Chocolate 44-A Mortar - Type N,"Rees Cast Stone Company, Light Chocolate 44-A Mortar - Type N",Rees Cast Stone Company 44-A Light Chocolate 44-A Mortar - Type N,"Rees Cast Stone Company, Light Chocolate 44-A Mortar - Type N",,,,,,,,,,,,,,,,,,,,,,,,,,,,,,,,,,,,,,,,,,,,,,,,,,,,,,,,,,,,,,,,,,,,,,,,,,,,,,,,,,,,,,,,,,,,,,,,,,,,,,,,,,,,,,,,,,,,,,,,,,,,,,,,,,,,,,,,,,,,,,,,,,,,,,,,,,,,,,,,,,,,,,,,,,,,,,,,,,,,,,,,,,,,,,,,,,,,,,,,,,,,,,,,,,,,,,,,,,,,,,,
,,,,,,543302126,,,,543302126,543302126,6' Wh Select T-Rail Kit Horiz - w/Sq Composite Balusters,TREX,,,U S Lumber (3073),TREX,TREX,,543302126,,,"Trex, 6' Wh Select T, Rail Kit Horiz, W/Sq Composite Balusters, 543302126",6' WH SELECT T-RAIL KIT HORIZ - W/SQ,Trex 543302126 6' Wh Select T-Rail Kit Horiz - W/Sq Composite Balusters,"TREX, 6' Wh Select T-Rail Kit Horiz - w/Sq Composite Balusters, Part Number: 543302126",Trex 543302126 6' Wh Select T-Rail Kit Horiz - W/Sq Composite Balusters,"TREX, 6' Wh Select T-Rail Kit Horiz - w/Sq Composite Balusters, Part Number: 543302126",,,,,,,,,,,,,,,,,,,,,,,,,,,,,,,,,,,,,,,,,,,,,,,,,,,,,,,,,,,,,,,,,,,,,,,,,,,,,,,,,,,,,,,,,,,,,,,,,,,,,,,,,,,,,,,,,,,,,,,,,,,,,,,,,,,,,,,,,,,,,,,,,,,,,,,,,,,,,,,,,,,,,,,,,,,,,,,,,,,,,,,,,,,,,,,,,,,,,,,,,,,,,,,,,,,,,,,,,,,,,,,
,,,,,,543302146,,,,543302146,543302146,8' Wh Select T-Rail Kit Horiz - w/Sq Composite Balusters,TREX,,,U S Lumber (3073),TREX,TREX,,543302146,,,"Trex, 8' Wh Select T, Rail Kit Horiz, W/Sq Composite Balusters, 543302146",8' WH SELECT T-RAIL KIT HORIZ - W/SQ,Trex 543302146 8' Wh Select T-Rail Kit Horiz - W/Sq Composite Balusters,"TREX, 8' Wh Select T-Rail Kit Horiz - w/Sq Composite Balusters, Part Number: 543302146",Trex 543302146 8' Wh Select T-Rail Kit Horiz - W/Sq Composite Balusters,"TREX, 8' Wh Select T-Rail Kit Horiz - w/Sq Composite Balusters, Part Number: 543302146",,,,,,,,,,,,,,,,,,,,,,,,,,,,,,,,,,,,,,,,,,,,,,,,,,,,,,,,,,,,,,,,,,,,,,,,,,,,,,,,,,,,,,,,,,,,,,,,,,,,,,,,,,,,,,,,,,,,,,,,,,,,,,,,,,,,,,,,,,,,,,,,,,,,,,,,,,,,,,,,,,,,,,,,,,,,,,,,,,,,,,,,,,,,,,,,,,,,,,,,,,,,,,,,,,,,,,,,,,,,,,,
,,,,,,73019603,,,,73019603,73019603,Finyline Wh 6' Fl Rail Kit Sq,,,,-,-,-,,73019603,,,"-, Finyline Wh 6' Fl Rail Kit Sq, 73019603, 73019603",FINYLINE WH 6' FL RAIL KIT SQ,- 73019603 Finyline Wh 6' Fl Rail Kit Sq,"-, Finyline Wh 6' Fl Rail Kit Sq, Part Number: 73019603",- 73019603 Finyline Wh 6' Fl Rail Kit Sq,"-, Finyline Wh 6' Fl Rail Kit Sq, Part Number: 73019603",,,,,,,,,,,,,,,,,,,,,,,,,,,,,,,,,,,,,,,,,,,,,,,,,,,,,,,,,,,,,,,,,,,,,,,,,,,,,,,,,,,,,,,,,,,,,,,,,,,,,,,,,,,,,,,,,,,,,,,,,,,,,,,,,,,,,,,,,,,,,,,,,,,,,,,,,,,,,,,,,,,,,,,,,,,,,,,,,,,,,,,,,,,,,,,,,,,,,,,,,,,,,,,,,,,,,,,,,,,,,,,
,,,,,,73019652,,,,73019652,73019652,Finyline Wh 8' Fl Rail Kit Sq,,,,-,-,-,,73019652,,,"-, Finyline Wh 8' Fl Rail Kit Sq, 73019652, 73019652",FINYLINE WH 8' FL RAIL KIT SQ,- 73019652 Finyline Wh 8' Fl Rail Kit Sq,"-, Finyline Wh 8' Fl Rail Kit Sq, Part Number: 73019652",- 73019652 Finyline Wh 8' Fl Rail Kit Sq,"-, Finyline Wh 8' Fl Rail Kit Sq, Part Number: 73019652",,,,,,,,,,,,,,,,,,,,,,,,,,,,,,,,,,,,,,,,,,,,,,,,,,,,,,,,,,,,,,,,,,,,,,,,,,,,,,,,,,,,,,,,,,,,,,,,,,,,,,,,,,,,,,,,,,,,,,,,,,,,,,,,,,,,,,,,,,,,,,,,,,,,,,,,,,,,,,,,,,,,,,,,,,,,,,,,,,,,,,,,,,,,,,,,,,,,,,,,,,,,,,,,,,,,,,,,,,,,,,,
,,,,,,73019517,,,,73019517,73019517,Finyline Wh 10' Fl Rail Kit Sq,,,,-,-,-,,73019517,,,"-, Finyline Wh 10' Fl Rail Kit Sq, 73019517, 73019517",FINYLINE WH 10' FL RAIL KIT SQ,- 73019517 Finyline Wh 10' Fl Rail Kit Sq,"-, Finyline Wh 10' Fl Rail Kit Sq, Part Number: 73019517",- 73019517 Finyline Wh 10' Fl Rail Kit Sq,"-, Finyline Wh 10' Fl Rail Kit Sq, Part Number: 73019517",,,,,,,,,,,,,,,,,,,,,,,,,,,,,,,,,,,,,,,,,,,,,,,,,,,,,,,,,,,,,,,,,,,,,,,,,,,,,,,,,,,,,,,,,,,,,,,,,,,,,,,,,,,,,,,,,,,,,,,,,,,,,,,,,,,,,,,,,,,,,,,,,,,,,,,,,,,,,,,,,,,,,,,,,,,,,,,,,,,,,,,,,,,,,,,,,,,,,,,,,,,,,,,,,,,,,,,,,,,,,,,
,,,,,,73019602,,,,73019602,73019602,Finyline Wh 6' Fl Rail Kit Rd - w/Black Alum Balusters,,,,-,-,-,,73019602,,,"-, Finyline Wh 6' Fl Rail Kit Rd, W/Black Alum Balusters, 73019602",FINYLINE WH 6' FL RAIL KIT RD - W/BLACK,- 73019602 Finyline Wh 6' Fl Rail Kit Rd - W/Black Alum Balusters,"-, Finyline Wh 6' Fl Rail Kit Rd - w/Black Alum Balusters, Part Number: 73019602",- 73019602 Finyline Wh 6' Fl Rail Kit Rd - W/Black Alum Balusters,"-, Finyline Wh 6' Fl Rail Kit Rd - w/Black Alum Balusters, Part Number: 73019602",,,,,,,,,,,,,,,,,,,,,,,,,,,,,,,,,,,,,,,,,,,,,,,,,,,,,,,,,,,,,,,,,,,,,,,,,,,,,,,,,,,,,,,,,,,,,,,,,,,,,,,,,,,,,,,,,,,,,,,,,,,,,,,,,,,,,,,,,,,,,,,,,,,,,,,,,,,,,,,,,,,,,,,,,,,,,,,,,,,,,,,,,,,,,,,,,,,,,,,,,,,,,,,,,,,,,,,,,,,,,,,
,,,,,,73019651,,,,73019651,73019651,Finyline Wh 8' Fl Rail Kit Rd - w/Black Alum Balusters,,,,-,-,-,,73019651,,,"-, Finyline Wh 8' Fl Rail Kit Rd, W/Black Alum Balusters, 73019651",FINYLINE WH 8' FL RAIL KIT RD - W/BLACK,- 73019651 Finyline Wh 8' Fl Rail Kit Rd - W/Black Alum Balusters,"-, Finyline Wh 8' Fl Rail Kit Rd - w/Black Alum Balusters, Part Number: 73019651",- 73019651 Finyline Wh 8' Fl Rail Kit Rd - W/Black Alum Balusters,"-, Finyline Wh 8' Fl Rail Kit Rd - w/Black Alum Balusters, Part Number: 73019651",,,,,,,,,,,,,,,,,,,,,,,,,,,,,,,,,,,,,,,,,,,,,,,,,,,,,,,,,,,,,,,,,,,,,,,,,,,,,,,,,,,,,,,,,,,,,,,,,,,,,,,,,,,,,,,,,,,,,,,,,,,,,,,,,,,,,,,,,,,,,,,,,,,,,,,,,,,,,,,,,,,,,,,,,,,,,,,,,,,,,,,,,,,,,,,,,,,,,,,,,,,,,,,,,,,,,,,,,,,,,,,
,,,,,,73019516,,,,73019516,73019516,Finyline Wh 10' Fl Rail Kit Rd - w/Black Alum Balusters,,,,-,-,-,,73019516,,,"-, Finyline Wh 10' Fl Rail Kit Rd, W/Black Alum Balusters, 73019516",FINYLINE WH 10' FL RAIL KIT RD -,- 73019516 Finyline Wh 10' Fl Rail Kit Rd - W/Black Alum Balusters,"-, Finyline Wh 10' Fl Rail Kit Rd - w/Black Alum Balusters, Part Number: 73019516",- 73019516 Finyline Wh 10' Fl Rail Kit Rd - W/Black Alum Balusters,"-, Finyline Wh 10' Fl Rail Kit Rd - w/Black Alum Balusters, Part Number: 73019516",,,,,,,,,,,,,,,,,,,,,,,,,,,,,,,,,,,,,,,,,,,,,,,,,,,,,,,,,,,,,,,,,,,,,,,,,,,,,,,,,,,,,,,,,,,,,,,,,,,,,,,,,,,,,,,,,,,,,,,,,,,,,,,,,,,,,,,,,,,,,,,,,,,,,,,,,,,,,,,,,,,,,,,,,,,,,,,,,,,,,,,,,,,,,,,,,,,,,,,,,,,,,,,,,,,,,,,,,,,,,,,
,,,,,,543300256,,,,543300256,543300256,6' Black Select Classic Horiz - Rail w/Rnd Black Alum Baluster,TREX,,,Boise Cascade Building Materials (BOICA),TREX,TREX,,543300256,,,"Trex, 6' Black Select Classic Horiz, Rail W/Rnd Black Alum Baluster, 543300256",6' BLACK SELECT CLASSIC HORIZ - RAIL,Trex 543300256 6' Black Select Classic Horiz - Rail W/Rnd Black Alum Baluster,"TREX, 6' Black Select Classic Horiz - Rail w/Rnd Black Alum Baluster, Part Number: 543300256",Trex 543300256 6' Black Select Classic Horiz - Rail W/Rnd Black Alum Baluster,"TREX, 6' Black Select Classic Horiz - Rail w/Rnd Black Alum Baluster, Part Number: 543300256",,,,,,,,,,,,,,,,,,,,,,,,,,,,,,,,,,,,,,,,,,,,,,,,,,,,,,,,,,,,,,,,,,,,,,,,,,,,,,,,,,,,,,,,,,,,,,,,,,,,,,,,,,,,,,,,,,,,,,,,,,,,,,,,,,,,,,,,,,,,,,,,,,,,,,,,,,,,,,,,,,,,,,,,,,,,,,,,,,,,,,,,,,,,,,,,,,,,,,,,,,,,,,,,,,,,,,,,,,,,,,,
,,,,,,543300276,,,,543300276,543300276,8' Black Select Classic Horiz - Rail w/Rnd Black Alum Baluster,TREX,,,Boise Cascade Building Materials (BOICA),TREX,TREX,,543300276,,,"Trex, 8' Black Select Classic Horiz, Rail W/Rnd Black Alum Baluster, 543300276",8' BLACK SELECT CLASSIC HORIZ - RAIL,Trex 543300276 8' Black Select Classic Horiz - Rail W/Rnd Black Alum Baluster,"TREX, 8' Black Select Classic Horiz - Rail w/Rnd Black Alum Baluster, Part Number: 543300276",Trex 543300276 8' Black Select Classic Horiz - Rail W/Rnd Black Alum Baluster,"TREX, 8' Black Select Classic Horiz - Rail w/Rnd Black Alum Baluster, Part Number: 543300276",,,,,,,,,,,,,,,,,,,,,,,,,,,,,,,,,,,,,,,,,,,,,,,,,,,,,,,,,,,,,,,,,,,,,,,,,,,,,,,,,,,,,,,,,,,,,,,,,,,,,,,,,,,,,,,,,,,,,,,,,,,,,,,,,,,,,,,,,,,,,,,,,,,,,,,,,,,,,,,,,,,,,,,,,,,,,,,,,,,,,,,,,,,,,,,,,,,,,,,,,,,,,,,,,,,,,,,,,,,,,,,
,,,,,,73045028,,,,73045028,73045028,Custom Finyline Wh Gate Sq Bal,,,,-,-,-,,73045028,,,"-, Custom Finyline Wh Gate Sq Bal, 73045028, 73045028",CUSTOM FINYLINE WH GATE SQ BAL,- 73045028 Custom Finyline Wh Gate Sq Bal,"-, Custom Finyline Wh Gate Sq Bal, Part Number: 73045028",- 73045028 Custom Finyline Wh Gate Sq Bal,"-, Custom Finyline Wh Gate Sq Bal, Part Number: 73045028",,,,,,,,,,,,,,,,,,,,,,,,,,,,,,,,,,,,,,,,,,,,,,,,,,,,,,,,,,,,,,,,,,,,,,,,,,,,,,,,,,,,,,,,,,,,,,,,,,,,,,,,,,,,,,,,,,,,,,,,,,,,,,,,,,,,,,,,,,,,,,,,,,,,,,,,,,,,,,,,,,,,,,,,,,,,,,,,,,,,,,,,,,,,,,,,,,,,,,,,,,,,,,,,,,,,,,,,,,,,,,,
,,,,,,73045031,,,,73045031,73045031,Custom Finyline Wh Gate Rd - w/Black Alum Balusters,,,,-,-,-,,73045031,,,"-, Custom Finyline Wh Gate Rd, W/Black Alum Balusters, 73045031",CUSTOM FINYLINE WH GATE RD - W/BLACK,- 73045031 Custom Finyline Wh Gate Rd - W/Black Alum Balusters,"-, Custom Finyline Wh Gate Rd - w/Black Alum Balusters, Part Number: 73045031",- 73045031 Custom Finyline Wh Gate Rd - W/Black Alum Balusters,"-, Custom Finyline Wh Gate Rd - w/Black Alum Balusters, Part Number: 73045031",,,,,,,,,,,,,,,,,,,,,,,,,,,,,,,,,,,,,,,,,,,,,,,,,,,,,,,,,,,,,,,,,,,,,,,,,,,,,,,,,,,,,,,,,,,,,,,,,,,,,,,,,,,,,,,,,,,,,,,,,,,,,,,,,,,,,,,,,,,,,,,,,,,,,,,,,,,,,,,,,,,,,,,,,,,,,,,,,,,,,,,,,,,,,,,,,,,,,,,,,,,,,,,,,,,,,,,,,,,,,,,
,,,,,,543340126,,,,543340126,543340126,"6'x36"" Select Alm w/Sq Bal Hor - Assembled Black Rail Panel",TREX,,,Boise Cascade Building Materials (BOICA),TREX,TREX,,543340126,,,"Trex, 6'X36"" Select Alm W/Sq Bal Hor, Assembled Black Rail Panel, 543340126","6'X36"" SELECT ALM W/SQ BAL HOR -","Trex 543340126 6'X36"" Select Alm W/Sq Bal Hor - Assembled Black Rail Panel","TREX, 6'x36"" Select Alm w/Sq Bal Hor - Assembled Black Rail Panel, Part Number: 543340126","Trex 543340126 6'X36"" Select Alm W/Sq Bal Hor - Assembled Black Rail Panel","TREX, 6'x36"" Select Alm w/Sq Bal Hor - Assembled Black Rail Panel, Part Number: 543340126",,,,,,,,,,,,,,,,,,,,,,,,,,,,,,,,,,,,,,,,,,,,,,,,,,,,,,,,,,,,,,,,,,,,,,,,,,,,,,,,,,,,,,,,,,,,,,,,,,,,,,,,,,,,,,,,,,,,,,,,,,,,,,,,,,,,,,,,,,,,,,,,,,,,,,,,,,,,,,,,,,,,,,,,,,,,,,,,,,,,,,,,,,,,,,,,,,,,,,,,,,,,,,,,,,,,,,,,,,,,,,,
,,,,,,543340127,,,,543340127,543340127,"6'x36"" Select Alm w/Sq Bal Str - Assembled Black Rail Panel",TREX,,,Boise Cascade Building Materials (BOICA),TREX,TREX,,543340127,,,"Trex, 6'X36"" Select Alm W/Sq Bal Str, Assembled Black Rail Panel, 543340127","6'X36"" SELECT ALM W/SQ BAL STR -","Trex 543340127 6'X36"" Select Alm W/Sq Bal Str - Assembled Black Rail Panel","TREX, 6'x36"" Select Alm w/Sq Bal Str - Assembled Black Rail Panel, Part Number: 543340127","Trex 543340127 6'X36"" Select Alm W/Sq Bal Str - Assembled Black Rail Panel","TREX, 6'x36"" Select Alm w/Sq Bal Str - Assembled Black Rail Panel, Part Number: 543340127",,,,,,,,,,,,,,,,,,,,,,,,,,,,,,,,,,,,,,,,,,,,,,,,,,,,,,,,,,,,,,,,,,,,,,,,,,,,,,,,,,,,,,,,,,,,,,,,,,,,,,,,,,,,,,,,,,,,,,,,,,,,,,,,,,,,,,,,,,,,,,,,,,,,,,,,,,,,,,,,,,,,,,,,,,,,,,,,,,,,,,,,,,,,,,,,,,,,,,,,,,,,,,,,,,,,,,,,,,,,,,,
,,,,,,543340146,,,,543340146,543340146,"8'x36"" Select Alm w/Sq Bal Hor - Assembled Black Rail Panel",TREX,,,Boise Cascade Building Materials (BOICA),TREX,TREX,,543340146,,,"Trex, 8'X36"" Select Alm W/Sq Bal Hor, Assembled Black Rail Panel, 543340146","8'X36"" SELECT ALM W/SQ BAL HOR -","Trex 543340146 8'X36"" Select Alm W/Sq Bal Hor - Assembled Black Rail Panel","TREX, 8'x36"" Select Alm w/Sq Bal Hor - Assembled Black Rail Panel, Part Number: 543340146","Trex 543340146 8'X36"" Select Alm W/Sq Bal Hor - Assembled Black Rail Panel","TREX, 8'x36"" Select Alm w/Sq Bal Hor - Assembled Black Rail Panel, Part Number: 543340146",,,,,,,,,,,,,,,,,,,,,,,,,,,,,,,,,,,,,,,,,,,,,,,,,,,,,,,,,,,,,,,,,,,,,,,,,,,,,,,,,,,,,,,,,,,,,,,,,,,,,,,,,,,,,,,,,,,,,,,,,,,,,,,,,,,,,,,,,,,,,,,,,,,,,,,,,,,,,,,,,,,,,,,,,,,,,,,,,,,,,,,,,,,,,,,,,,,,,,,,,,,,,,,,,,,,,,,,,,,,,,,
,,,,,,543340147,,,,543340147,543340147,"8'x36"" Select Alm w/Sq Bal Str - Assembled Black Rail Panel",TREX,,,Boise Cascade Building Materials (BOICA),TREX,TREX,,543340147,,,"Trex, 8'X36"" Select Alm W/Sq Bal Str, Assembled Black Rail Panel, 543340147","8'X36"" SELECT ALM W/SQ BAL STR -","Trex 543340147 8'X36"" Select Alm W/Sq Bal Str - Assembled Black Rail Panel","TREX, 8'x36"" Select Alm w/Sq Bal Str - Assembled Black Rail Panel, Part Number: 543340147","Trex 543340147 8'X36"" Select Alm W/Sq Bal Str - Assembled Black Rail Panel","TREX, 8'x36"" Select Alm w/Sq Bal Str - Assembled Black Rail Panel, Part Number: 543340147",,,,,,,,,,,,,,,,,,,,,,,,,,,,,,,,,,,,,,,,,,,,,,,,,,,,,,,,,,,,,,,,,,,,,,,,,,,,,,,,,,,,,,,,,,,,,,,,,,,,,,,,,,,,,,,,,,,,,,,,,,,,,,,,,,,,,,,,,,,,,,,,,,,,,,,,,,,,,,,,,,,,,,,,,,,,,,,,,,,,,,,,,,,,,,,,,,,,,,,,,,,,,,,,,,,,,,,,,,,,,,,
,,,,,,ADB15516CS,,,,ADB15516CS,ADB15516CS,1x6-16' Coastline Sq Edge - Vintage Azek PVC Decking,TIMBERTECH,,,Parksite (6151),TIMBERTECH,TIMBERTECH,,ADB15516CS,,,"Timbertech, 1X6, 16' Coastline Sq Edge, Vintage Azek Pvc Decking, Adb15516Cs",1X6-16' COASTLINE SQ EDGE - VINTAGE,Timbertech Adb15516Cs 1X6-16' Coastline Sq Edge - Vintage Azek Pvc Decking,"TIMBERTECH, 1x6-16' Coastline Sq Edge - Vintage Azek PVC Decking, Part Number: ADB15516CS",Timbertech Adb15516Cs 1X6-16' Coastline Sq Edge - Vintage Azek Pvc Decking,"TIMBERTECH, 1x6-16' Coastline Sq Edge - Vintage Azek PVC Decking, Part Number: ADB15516CS",,,,,,,,,,,,,,,,,,,,,,,,,,,,,,,,,,,,,,,,,,,,,,,,,,,,,,,,,,,,,,,,,,,,,,,,,,,,,,,,,,,,,,,,,,,,,,,,,,,,,,,,,,,,,,,,,,,,,,,,,,,,,,,,,,,,,,,,,,,,,,,,,,,,,,,,,,,,,,,,,,,,,,,,,,,,,,,,,,,,,,,,,,,,,,,,,,,,,,,,,,,,,,,,,,,,,,,,,,,,,,,
,,,,,,ADB15520CS,,,,ADB15520CS,ADB15520CS,1x6-20' Coastline Sq Edge - Vintage Azek PVC Decking,TIMBERTECH,,,Parksite (6151),TIMBERTECH,TIMBERTECH,,ADB15520CS,,,"Timbertech, 1X6, 20' Coastline Sq Edge, Vintage Azek Pvc Decking, Adb15520Cs",1X6-20' COASTLINE SQ EDGE - VINTAGE,Timbertech Adb15520Cs 1X6-20' Coastline Sq Edge - Vintage Azek Pvc Decking,"TIMBERTECH, 1x6-20' Coastline Sq Edge - Vintage Azek PVC Decking, Part Number: ADB15520CS",Timbertech Adb15520Cs 1X6-20' Coastline Sq Edge - Vintage Azek Pvc Decking,"TIMBERTECH, 1x6-20' Coastline Sq Edge - Vintage Azek PVC Decking, Part Number: ADB15520CS",,,,,,,,,,,,,,,,,,,,,,,,,,,,,,,,,,,,,,,,,,,,,,,,,,,,,,,,,,,,,,,,,,,,,,,,,,,,,,,,,,,,,,,,,,,,,,,,,,,,,,,,,,,,,,,,,,,,,,,,,,,,,,,,,,,,,,,,,,,,,,,,,,,,,,,,,,,,,,,,,,,,,,,,,,,,,,,,,,,,,,,,,,,,,,,,,,,,,,,,,,,,,,,,,,,,,,,,,,,,,,,
,,,,,,ADB15516EW,,,,ADB15516EW,ADB15516EW,1x6-16' English Walnut Sq Edge - Vintage Azek PVC Decking,TIMBERTECH,,,Parksite (6151),TIMBERTECH,TIMBERTECH,,ADB15516EW,,,"Timbertech, 1X6, 16' English Walnut Sq Edge, Vintage Azek Pvc Decking",1X6-16' ENGLISH WALNUT SQ EDGE -,Timbertech Adb15516Ew 1X6-16' English Walnut Sq Edge - Vintage Azek Pvc Decking,"TIMBERTECH, 1x6-16' English Walnut Sq Edge - Vintage Azek PVC Decking, Part Number: ADB15516EW",Timbertech Adb15516Ew 1X6-16' English Walnut Sq Edge - Vintage Azek Pvc Decking,"TIMBERTECH, 1x6-16' English Walnut Sq Edge - Vintage Azek PVC Decking, Part Number: ADB15516EW",,,,,,,,,,,,,,,,,,,,,,,,,,,,,,,,,,,,,,,,,,,,,,,,,,,,,,,,,,,,,,,,,,,,,,,,,,,,,,,,,,,,,,,,,,,,,,,,,,,,,,,,,,,,,,,,,,,,,,,,,,,,,,,,,,,,,,,,,,,,,,,,,,,,,,,,,,,,,,,,,,,,,,,,,,,,,,,,,,,,,,,,,,,,,,,,,,,,,,,,,,,,,,,,,,,,,,,,,,,,,,,
,,,,,,ADB15520EW,,,,ADB15520EW,ADB15520EW,1x6-20' English Walnut Sq Edge - Vintage Azek PVC Decking,TIMBERTECH,,,Parksite (6151),TIMBERTECH,TIMBERTECH,,ADB15520EW,,,"Timbertech, 1X6, 20' English Walnut Sq Edge, Vintage Azek Pvc Decking",1X6-20' ENGLISH WALNUT SQ EDGE -,Timbertech Adb15520Ew 1X6-20' English Walnut Sq Edge - Vintage Azek Pvc Decking,"TIMBERTECH, 1x6-20' English Walnut Sq Edge - Vintage Azek PVC Decking, Part Number: ADB15520EW",Timbertech Adb15520Ew 1X6-20' English Walnut Sq Edge - Vintage Azek Pvc Decking,"TIMBERTECH, 1x6-20' English Walnut Sq Edge - Vintage Azek PVC Decking, Part Number: ADB15520EW",,,,,,,,,,,,,,,,,,,,,,,,,,,,,,,,,,,,,,,,,,,,,,,,,,,,,,,,,,,,,,,,,,,,,,,,,,,,,,,,,,,,,,,,,,,,,,,,,,,,,,,,,,,,,,,,,,,,,,,,,,,,,,,,,,,,,,,,,,,,,,,,,,,,,,,,,,,,,,,,,,,,,,,,,,,,,,,,,,,,,,,,,,,,,,,,,,,,,,,,,,,,,,,,,,,,,,,,,,,,,,,
,,,,,,ADB15516MH,,,,ADB15516MH,ADB15516MH,1x6-16' Mahogany Sq Edge - Vintage Azek PVC Decking,TIMBERTECH,,,Parksite (6151),TIMBERTECH,TIMBERTECH,,ADB15516MH,,,"Timbertech, 1X6, 16' Mahogany Sq Edge, Vintage Azek Pvc Decking, Adb15516Mh",1X6-16' MAHOGANY SQ EDGE - VINTAGE AZEK,Timbertech Adb15516Mh 1X6-16' Mahogany Sq Edge - Vintage Azek Pvc Decking,"TIMBERTECH, 1x6-16' Mahogany Sq Edge - Vintage Azek PVC Decking, Part Number: ADB15516MH",Timbertech Adb15516Mh 1X6-16' Mahogany Sq Edge - Vintage Azek Pvc Decking,"TIMBERTECH, 1x6-16' Mahogany Sq Edge - Vintage Azek PVC Decking, Part Number: ADB15516MH",,,,,,,,,,,,,,,,,,,,,,,,,,,,,,,,,,,,,,,,,,,,,,,,,,,,,,,,,,,,,,,,,,,,,,,,,,,,,,,,,,,,,,,,,,,,,,,,,,,,,,,,,,,,,,,,,,,,,,,,,,,,,,,,,,,,,,,,,,,,,,,,,,,,,,,,,,,,,,,,,,,,,,,,,,,,,,,,,,,,,,,,,,,,,,,,,,,,,,,,,,,,,,,,,,,,,,,,,,,,,,,
,,,,,,ADB15520MH,,,,ADB15520MH,ADB15520MH,1x6-20' Mahogany Sq Edge - Vintage Azek PVC Decking,TIMBERTECH,,,Parksite (6151),TIMBERTECH,TIMBERTECH,,ADB15520MH,,,"Timbertech, 1X6, 20' Mahogany Sq Edge, Vintage Azek Pvc Decking, Adb15520Mh",1X6-20' MAHOGANY SQ EDGE - VINTAGE AZEK,Timbertech Adb15520Mh 1X6-20' Mahogany Sq Edge - Vintage Azek Pvc Decking,"TIMBERTECH, 1x6-20' Mahogany Sq Edge - Vintage Azek PVC Decking, Part Number: ADB15520MH",Timbertech Adb15520Mh 1X6-20' Mahogany Sq Edge - Vintage Azek Pvc Decking,"TIMBERTECH, 1x6-20' Mahogany Sq Edge - Vintage Azek PVC Decking, Part Number: ADB15520MH",,,,,,,,,,,,,,,,,,,,,,,,,,,,,,,,,,,,,,,,,,,,,,,,,,,,,,,,,,,,,,,,,,,,,,,,,,,,,,,,,,,,,,,,,,,,,,,,,,,,,,,,,,,,,,,,,,,,,,,,,,,,,,,,,,,,,,,,,,,,,,,,,,,,,,,,,,,,,,,,,,,,,,,,,,,,,,,,,,,,,,,,,,,,,,,,,,,,,,,,,,,,,,,,,,,,,,,,,,,,,,,
,,,,,,ADB15516WT,,,,ADB15516WT,ADB15516WT,1x6-16' Weathered Teak Sq Edge - Vintage Azek PVC Decking,TIMBERTECH,,,Parksite (6151),TIMBERTECH,TIMBERTECH,,ADB15516WT,,,"Timbertech, 1X6, 16' Weathered Teak Sq Edge, Vintage Azek Pvc Decking",1X6-16' WEATHERED TEAK SQ EDGE -,Timbertech Adb15516Wt 1X6-16' Weathered Teak Sq Edge - Vintage Azek Pvc Decking,"TIMBERTECH, 1x6-16' Weathered Teak Sq Edge - Vintage Azek PVC Decking, Part Number: ADB15516WT",Timbertech Adb15516Wt 1X6-16' Weathered Teak Sq Edge - Vintage Azek Pvc Decking,"TIMBERTECH, 1x6-16' Weathered Teak Sq Edge - Vintage Azek PVC Decking, Part Number: ADB15516WT",,,,,,,,,,,,,,,,,,,,,,,,,,,,,,,,,,,,,,,,,,,,,,,,,,,,,,,,,,,,,,,,,,,,,,,,,,,,,,,,,,,,,,,,,,,,,,,,,,,,,,,,,,,,,,,,,,,,,,,,,,,,,,,,,,,,,,,,,,,,,,,,,,,,,,,,,,,,,,,,,,,,,,,,,,,,,,,,,,,,,,,,,,,,,,,,,,,,,,,,,,,,,,,,,,,,,,,,,,,,,,,
,,,,,,ADB15520WT,,,,ADB15520WT,ADB15520WT,1x6-20' Weathered Teak Sq Edge - Vintage Azek PVC Decking,TIMBERTECH,,,Parksite (6151),TIMBERTECH,TIMBERTECH,,ADB15520WT,,,"Timbertech, 1X6, 20' Weathered Teak Sq Edge, Vintage Azek Pvc Decking",1X6-20' WEATHERED TEAK SQ EDGE -,Timbertech Adb15520Wt 1X6-20' Weathered Teak Sq Edge - Vintage Azek Pvc Decking,"TIMBERTECH, 1x6-20' Weathered Teak Sq Edge - Vintage Azek PVC Decking, Part Number: ADB15520WT",Timbertech Adb15520Wt 1X6-20' Weathered Teak Sq Edge - Vintage Azek Pvc Decking,"TIMBERTECH, 1x6-20' Weathered Teak Sq Edge - Vintage Azek PVC Decking, Part Number: ADB15520WT",,,,,,,,,,,,,,,,,,,,,,,,,,,,,,,,,,,,,,,,,,,,,,,,,,,,,,,,,,,,,,,,,,,,,,,,,,,,,,,,,,,,,,,,,,,,,,,,,,,,,,,,,,,,,,,,,,,,,,,,,,,,,,,,,,,,,,,,,,,,,,,,,,,,,,,,,,,,,,,,,,,,,,,,,,,,,,,,,,,,,,,,,,,,,,,,,,,,,,,,,,,,,,,,,,,,,,,,,,,,,,,
,,,,,,AGB15512CS,,,,AGB15512CS,AGB15512CS,1x6-12' Coastline Grooved - Vintage Azek PVC Decking,TIMBERTECH,,,Parksite (6151),TIMBERTECH,TIMBERTECH,,AGB15512CS,,,"Timbertech, 1X6, 12' Coastline Grooved, Vintage Azek Pvc Decking, Agb15512Cs",1X6-12' COASTLINE GROOVED - VINTAGE,Timbertech Agb15512Cs 1X6-12' Coastline Grooved - Vintage Azek Pvc Decking,"TIMBERTECH, 1x6-12' Coastline Grooved - Vintage Azek PVC Decking, Part Number: AGB15512CS",Timbertech Agb15512Cs 1X6-12' Coastline Grooved - Vintage Azek Pvc Decking,"TIMBERTECH, 1x6-12' Coastline Grooved - Vintage Azek PVC Decking, Part Number: AGB15512CS",,,,,,,,,,,,,,,,,,,,,,,,,,,,,,,,,,,,,,,,,,,,,,,,,,,,,,,,,,,,,,,,,,,,,,,,,,,,,,,,,,,,,,,,,,,,,,,,,,,,,,,,,,,,,,,,,,,,,,,,,,,,,,,,,,,,,,,,,,,,,,,,,,,,,,,,,,,,,,,,,,,,,,,,,,,,,,,,,,,,,,,,,,,,,,,,,,,,,,,,,,,,,,,,,,,,,,,,,,,,,,,
,,,,,,AGB15516CS,,,,AGB15516CS,AGB15516CS,1x6-16' Coastline Grooved - Vintage Azek PVC Decking,TIMBERTECH,,,Parksite (6151),TIMBERTECH,TIMBERTECH,,AGB15516CS,,,"Timbertech, 1X6, 16' Coastline Grooved, Vintage Azek Pvc Decking, Agb15516Cs",1X6-16' COASTLINE GROOVED - VINTAGE,Timbertech Agb15516Cs 1X6-16' Coastline Grooved - Vintage Azek Pvc Decking,"TIMBERTECH, 1x6-16' Coastline Grooved - Vintage Azek PVC Decking, Part Number: AGB15516CS",Timbertech Agb15516Cs 1X6-16' Coastline Grooved - Vintage Azek Pvc Decking,"TIMBERTECH, 1x6-16' Coastline Grooved - Vintage Azek PVC Decking, Part Number: AGB15516CS",,,,,,,,,,,,,,,,,,,,,,,,,,,,,,,,,,,,,,,,,,,,,,,,,,,,,,,,,,,,,,,,,,,,,,,,,,,,,,,,,,,,,,,,,,,,,,,,,,,,,,,,,,,,,,,,,,,,,,,,,,,,,,,,,,,,,,,,,,,,,,,,,,,,,,,,,,,,,,,,,,,,,,,,,,,,,,,,,,,,,,,,,,,,,,,,,,,,,,,,,,,,,,,,,,,,,,,,,,,,,,,
,,,,,,AGB15520CS,,,,AGB15520CS,AGB15520CS,1x6-20' Coastline Grooved - Vintage Azek PVC Decking,TIMBERTECH,,,Parksite (6151),TIMBERTECH,TIMBERTECH,,AGB15520CS,,,"Timbertech, 1X6, 20' Coastline Grooved, Vintage Azek Pvc Decking, Agb15520Cs",1X6-20' COASTLINE GROOVED - VINTAGE,Timbertech Agb15520Cs 1X6-20' Coastline Grooved - Vintage Azek Pvc Decking,"TIMBERTECH, 1x6-20' Coastline Grooved - Vintage Azek PVC Decking, Part Number: AGB15520CS",Timbertech Agb15520Cs 1X6-20' Coastline Grooved - Vintage Azek Pvc Decking,"TIMBERTECH, 1x6-20' Coastline Grooved - Vintage Azek PVC Decking, Part Number: AGB15520CS",,,,,,,,,,,,,,,,,,,,,,,,,,,,,,,,,,,,,,,,,,,,,,,,,,,,,,,,,,,,,,,,,,,,,,,,,,,,,,,,,,,,,,,,,,,,,,,,,,,,,,,,,,,,,,,,,,,,,,,,,,,,,,,,,,,,,,,,,,,,,,,,,,,,,,,,,,,,,,,,,,,,,,,,,,,,,,,,,,,,,,,,,,,,,,,,,,,,,,,,,,,,,,,,,,,,,,,,,,,,,,,
,,,,,,AGB15512EW,,,,AGB15512EW,AGB15512EW,1x6-12' English Walnut Grooved - Vintage Azek PVC Decking,TIMBERTECH,,,Parksite (6151),TIMBERTECH,TIMBERTECH,,AGB15512EW,,,"Timbertech, 1X6, 12' English Walnut Grooved, Vintage Azek Pvc Decking",1X6-12' ENGLISH WALNUT GROOVED -,Timbertech Agb15512Ew 1X6-12' English Walnut Grooved - Vintage Azek Pvc Decking,"TIMBERTECH, 1x6-12' English Walnut Grooved - Vintage Azek PVC Decking, Part Number: AGB15512EW",Timbertech Agb15512Ew 1X6-12' English Walnut Grooved - Vintage Azek Pvc Decking,"TIMBERTECH, 1x6-12' English Walnut Grooved - Vintage Azek PVC Decking, Part Number: AGB15512EW",,,,,,,,,,,,,,,,,,,,,,,,,,,,,,,,,,,,,,,,,,,,,,,,,,,,,,,,,,,,,,,,,,,,,,,,,,,,,,,,,,,,,,,,,,,,,,,,,,,,,,,,,,,,,,,,,,,,,,,,,,,,,,,,,,,,,,,,,,,,,,,,,,,,,,,,,,,,,,,,,,,,,,,,,,,,,,,,,,,,,,,,,,,,,,,,,,,,,,,,,,,,,,,,,,,,,,,,,,,,,,,
,,,,,,AGB15516EW,,,,AGB15516EW,AGB15516EW,1x6-16' English Walnut Grooved - Vintage Azek PVC Decking,TIMBERTECH,,,Parksite (6151),TIMBERTECH,TIMBERTECH,,AGB15516EW,,,"Timbertech, 1X6, 16' English Walnut Grooved, Vintage Azek Pvc Decking",1X6-16' ENGLISH WALNUT GROOVED -,Timbertech Agb15516Ew 1X6-16' English Walnut Grooved - Vintage Azek Pvc Decking,"TIMBERTECH, 1x6-16' English Walnut Grooved - Vintage Azek PVC Decking, Part Number: AGB15516EW",Timbertech Agb15516Ew 1X6-16' English Walnut Grooved - Vintage Azek Pvc Decking,"TIMBERTECH, 1x6-16' English Walnut Grooved - Vintage Azek PVC Decking, Part Number: AGB15516EW",,,,,,,,,,,,,,,,,,,,,,,,,,,,,,,,,,,,,,,,,,,,,,,,,,,,,,,,,,,,,,,,,,,,,,,,,,,,,,,,,,,,,,,,,,,,,,,,,,,,,,,,,,,,,,,,,,,,,,,,,,,,,,,,,,,,,,,,,,,,,,,,,,,,,,,,,,,,,,,,,,,,,,,,,,,,,,,,,,,,,,,,,,,,,,,,,,,,,,,,,,,,,,,,,,,,,,,,,,,,,,,
,,,,,,AGB15520EW,,,,AGB15520EW,AGB15520EW,1x6-20' English Walnut Grooved - Vintage Azek PVC Decking,TIMBERTECH,,,Parksite (6151),TIMBERTECH,TIMBERTECH,,AGB15520EW,,,"Timbertech, 1X6, 20' English Walnut Grooved, Vintage Azek Pvc Decking",1X6-20' ENGLISH WALNUT GROOVED -,Timbertech Agb15520Ew 1X6-20' English Walnut Grooved - Vintage Azek Pvc Decking,"TIMBERTECH, 1x6-20' English Walnut Grooved - Vintage Azek PVC Decking, Part Number: AGB15520EW",Timbertech Agb15520Ew 1X6-20' English Walnut Grooved - Vintage Azek Pvc Decking,"TIMBERTECH, 1x6-20' English Walnut Grooved - Vintage Azek PVC Decking, Part Number: AGB15520EW",,,,,,,,,,,,,,,,,,,,,,,,,,,,,,,,,,,,,,,,,,,,,,,,,,,,,,,,,,,,,,,,,,,,,,,,,,,,,,,,,,,,,,,,,,,,,,,,,,,,,,,,,,,,,,,,,,,,,,,,,,,,,,,,,,,,,,,,,,,,,,,,,,,,,,,,,,,,,,,,,,,,,,,,,,,,,,,,,,,,,,,,,,,,,,,,,,,,,,,,,,,,,,,,,,,,,,,,,,,,,,,
,,,,,,AGB15512MH,,,,AGB15512MH,AGB15512MH,1x6-12' Mahogany Grooved - Vintage Azek PVC Decking,TIMBERTECH,,,Parksite (6151),TIMBERTECH,TIMBERTECH,,AGB15512MH,,,"Timbertech, 1X6, 12' Mahogany Grooved, Vintage Azek Pvc Decking, Agb15512Mh",1X6-12' MAHOGANY GROOVED - VINTAGE AZEK,Timbertech Agb15512Mh 1X6-12' Mahogany Grooved - Vintage Azek Pvc Decking,"TIMBERTECH, 1x6-12' Mahogany Grooved - Vintage Azek PVC Decking, Part Number: AGB15512MH",Timbertech Agb15512Mh 1X6-12' Mahogany Grooved - Vintage Azek Pvc Decking,"TIMBERTECH, 1x6-12' Mahogany Grooved - Vintage Azek PVC Decking, Part Number: AGB15512MH",,,,,,,,,,,,,,,,,,,,,,,,,,,,,,,,,,,,,,,,,,,,,,,,,,,,,,,,,,,,,,,,,,,,,,,,,,,,,,,,,,,,,,,,,,,,,,,,,,,,,,,,,,,,,,,,,,,,,,,,,,,,,,,,,,,,,,,,,,,,,,,,,,,,,,,,,,,,,,,,,,,,,,,,,,,,,,,,,,,,,,,,,,,,,,,,,,,,,,,,,,,,,,,,,,,,,,,,,,,,,,,
,,,,,,AGB15516MH,,,,AGB15516MH,AGB15516MH,1x6-16' Mahogany Grooved - Vintage Azek PVC Decking,TIMBERTECH,,,Parksite (6151),TIMBERTECH,TIMBERTECH,,AGB15516MH,,,"Timbertech, 1X6, 16' Mahogany Grooved, Vintage Azek Pvc Decking, Agb15516Mh",1X6-16' MAHOGANY GROOVED - VINTAGE AZEK,Timbertech Agb15516Mh 1X6-16' Mahogany Grooved - Vintage Azek Pvc Decking,"TIMBERTECH, 1x6-16' Mahogany Grooved - Vintage Azek PVC Decking, Part Number: AGB15516MH",Timbertech Agb15516Mh 1X6-16' Mahogany Grooved - Vintage Azek Pvc Decking,"TIMBERTECH, 1x6-16' Mahogany Grooved - Vintage Azek PVC Decking, Part Number: AGB15516MH",,,,,,,,,,,,,,,,,,,,,,,,,,,,,,,,,,,,,,,,,,,,,,,,,,,,,,,,,,,,,,,,,,,,,,,,,,,,,,,,,,,,,,,,,,,,,,,,,,,,,,,,,,,,,,,,,,,,,,,,,,,,,,,,,,,,,,,,,,,,,,,,,,,,,,,,,,,,,,,,,,,,,,,,,,,,,,,,,,,,,,,,,,,,,,,,,,,,,,,,,,,,,,,,,,,,,,,,,,,,,,,
,,,,,,AGB15520MH,,,,AGB15520MH,AGB15520MH,1x6-20' Mahogany Grooved - Vintage Azek PVC Decking,TIMBERTECH,,,Parksite (6151),TIMBERTECH,TIMBERTECH,,AGB15520MH,,,"Timbertech, 1X6, 20' Mahogany Grooved, Vintage Azek Pvc Decking, Agb15520Mh",1X6-20' MAHOGANY GROOVED - VINTAGE AZEK,Timbertech Agb15520Mh 1X6-20' Mahogany Grooved - Vintage Azek Pvc Decking,"TIMBERTECH, 1x6-20' Mahogany Grooved - Vintage Azek PVC Decking, Part Number: AGB15520MH",Timbertech Agb15520Mh 1X6-20' Mahogany Grooved - Vintage Azek Pvc Decking,"TIMBERTECH, 1x6-20' Mahogany Grooved - Vintage Azek PVC Decking, Part Number: AGB15520MH",,,,,,,,,,,,,,,,,,,,,,,,,,,,,,,,,,,,,,,,,,,,,,,,,,,,,,,,,,,,,,,,,,,,,,,,,,,,,,,,,,,,,,,,,,,,,,,,,,,,,,,,,,,,,,,,,,,,,,,,,,,,,,,,,,,,,,,,,,,,,,,,,,,,,,,,,,,,,,,,,,,,,,,,,,,,,,,,,,,,,,,,,,,,,,,,,,,,,,,,,,,,,,,,,,,,,,,,,,,,,,,
,,,,,,AGB15512WT,,,,AGB15512WT,AGB15512WT,1x6-12' Weathered Teak Grooved - Vintage Azek PVC Decking,TIMBERTECH,,,Parksite (6151),TIMBERTECH,TIMBERTECH,,AGB15512WT,,,"Timbertech, 1X6, 12' Weathered Teak Grooved, Vintage Azek Pvc Decking",1X6-12' WEATHERED TEAK GROOVED -,Timbertech Agb15512Wt 1X6-12' Weathered Teak Grooved - Vintage Azek Pvc Decking,"TIMBERTECH, 1x6-12' Weathered Teak Grooved - Vintage Azek PVC Decking, Part Number: AGB15512WT",Timbertech Agb15512Wt 1X6-12' Weathered Teak Grooved - Vintage Azek Pvc Decking,"TIMBERTECH, 1x6-12' Weathered Teak Grooved - Vintage Azek PVC Decking, Part Number: AGB15512WT",,,,,,,,,,,,,,,,,,,,,,,,,,,,,,,,,,,,,,,,,,,,,,,,,,,,,,,,,,,,,,,,,,,,,,,,,,,,,,,,,,,,,,,,,,,,,,,,,,,,,,,,,,,,,,,,,,,,,,,,,,,,,,,,,,,,,,,,,,,,,,,,,,,,,,,,,,,,,,,,,,,,,,,,,,,,,,,,,,,,,,,,,,,,,,,,,,,,,,,,,,,,,,,,,,,,,,,,,,,,,,,
,,,,,,AGB15516WT,,,,AGB15516WT,AGB15516WT,1x6-16' Weathered Teak Grooved - Vintage Azek PVC Decking,TIMBERTECH,,,Parksite (6151),TIMBERTECH,TIMBERTECH,,AGB15516WT,,,"Timbertech, 1X6, 16' Weathered Teak Grooved, Vintage Azek Pvc Decking",1X6-16' WEATHERED TEAK GROOVED -,Timbertech Agb15516Wt 1X6-16' Weathered Teak Grooved - Vintage Azek Pvc Decking,"TIMBERTECH, 1x6-16' Weathered Teak Grooved - Vintage Azek PVC Decking, Part Number: AGB15516WT",Timbertech Agb15516Wt 1X6-16' Weathered Teak Grooved - Vintage Azek Pvc Decking,"TIMBERTECH, 1x6-16' Weathered Teak Grooved - Vintage Azek PVC Decking, Part Number: AGB15516WT",,,,,,,,,,,,,,,,,,,,,,,,,,,,,,,,,,,,,,,,,,,,,,,,,,,,,,,,,,,,,,,,,,,,,,,,,,,,,,,,,,,,,,,,,,,,,,,,,,,,,,,,,,,,,,,,,,,,,,,,,,,,,,,,,,,,,,,,,,,,,,,,,,,,,,,,,,,,,,,,,,,,,,,,,,,,,,,,,,,,,,,,,,,,,,,,,,,,,,,,,,,,,,,,,,,,,,,,,,,,,,,
,,,,,,AGB15520WT,,,,AGB15520WT,AGB15520WT,1x6-20' Weathered Teak Grooved - Vintage Azek PVC Decking,TIMBERTECH,,,Parksite (6151),TIMBERTECH,TIMBERTECH,,AGB15520WT,,,"Timbertech, 1X6, 20' Weathered Teak Grooved, Vintage Azek Pvc Decking",1X6-20' WEATHERED TEAK GROOVED -,Timbertech Agb15520Wt 1X6-20' Weathered Teak Grooved - Vintage Azek Pvc Decking,"TIMBERTECH, 1x6-20' Weathered Teak Grooved - Vintage Azek PVC Decking, Part Number: AGB15520WT",Timbertech Agb15520Wt 1X6-20' Weathered Teak Grooved - Vintage Azek Pvc Decking,"TIMBERTECH, 1x6-20' Weathered Teak Grooved - Vintage Azek PVC Decking, Part Number: AGB15520WT",,,,,,,,,,,,,,,,,,,,,,,,,,,,,,,,,,,,,,,,,,,,,,,,,,,,,,,,,,,,,,,,,,,,,,,,,,,,,,,,,,,,,,,,,,,,,,,,,,,,,,,,,,,,,,,,,,,,,,,,,,,,,,,,,,,,,,,,,,,,,,,,,,,,,,,,,,,,,,,,,,,,,,,,,,,,,,,,,,,,,,,,,,,,,,,,,,,,,,,,,,,,,,,,,,,,,,,,,,,,,,,
,,,,,,ADB15516AW,,,,ADB15516AW,ADB15516AW,1x6-16' American Walnut Sq Edg - Landmark Azek PVC Decking,TIMBERTECH,,,Parksite (6151),TIMBERTECH,TIMBERTECH,,ADB15516AW,,,"Timbertech, 1X6, 16' American Walnut Sq Edg, Landmark Azek Pvc Decking",1X6-16' AMERICAN WALNUT SQ EDG -,Timbertech Adb15516Aw 1X6-16' American Walnut Sq Edg - Landmark Azek Pvc Decking,"TIMBERTECH, 1x6-16' American Walnut Sq Edg - Landmark Azek PVC Decking, Part Number: ADB15516AW",Timbertech Adb15516Aw 1X6-16' American Walnut Sq Edg - Landmark Azek Pvc Decking,"TIMBERTECH, 1x6-16' American Walnut Sq Edg - Landmark Azek PVC Decking, Part Number: ADB15516AW",,,,,,,,,,,,,,,,,,,,,,,,,,,,,,,,,,,,,,,,,,,,,,,,,,,,,,,,,,,,,,,,,,,,,,,,,,,,,,,,,,,,,,,,,,,,,,,,,,,,,,,,,,,,,,,,,,,,,,,,,,,,,,,,,,,,,,,,,,,,,,,,,,,,,,,,,,,,,,,,,,,,,,,,,,,,,,,,,,,,,,,,,,,,,,,,,,,,,,,,,,,,,,,,,,,,,,,,,,,,,,,
,,,,,,ADB15520AW,,,,ADB15520AW,ADB15520AW,1x6-20' American Walnut Sq Edg - Landmark Azek PVC Decking,TIMBERTECH,,,Parksite (6151),TIMBERTECH,TIMBERTECH,,ADB15520AW,,,"Timbertech, 1X6, 20' American Walnut Sq Edg, Landmark Azek Pvc Decking",1X6-20' AMERICAN WALNUT SQ EDG -,Timbertech Adb15520Aw 1X6-20' American Walnut Sq Edg - Landmark Azek Pvc Decking,"TIMBERTECH, 1x6-20' American Walnut Sq Edg - Landmark Azek PVC Decking, Part Number: ADB15520AW",Timbertech Adb15520Aw 1X6-20' American Walnut Sq Edg - Landmark Azek Pvc Decking,"TIMBERTECH, 1x6-20' American Walnut Sq Edg - Landmark Azek PVC Decking, Part Number: ADB15520AW",,,,,,,,,,,,,,,,,,,,,,,,,,,,,,,,,,,,,,,,,,,,,,,,,,,,,,,,,,,,,,,,,,,,,,,,,,,,,,,,,,,,,,,,,,,,,,,,,,,,,,,,,,,,,,,,,,,,,,,,,,,,,,,,,,,,,,,,,,,,,,,,,,,,,,,,,,,,,,,,,,,,,,,,,,,,,,,,,,,,,,,,,,,,,,,,,,,,,,,,,,,,,,,,,,,,,,,,,,,,,,,
,,,,,,ADB15516CG,,,,ADB15516CG,ADB15516CG,1x6-16' Castle Gate Sq Edge - Landmark Azek PVC Decking,TIMBERTECH,,,Parksite (6151),TIMBERTECH,TIMBERTECH,,ADB15516CG,,,"Timbertech, 1X6, 16' Castle Gate Sq Edge, Landmark Azek Pvc Decking, Adb15516Cg",1X6-16' CASTLE GATE SQ EDGE - LANDMARK,Timbertech Adb15516Cg 1X6-16' Castle Gate Sq Edge - Landmark Azek Pvc Decking,"TIMBERTECH, 1x6-16' Castle Gate Sq Edge - Landmark Azek PVC Decking, Part Number: ADB15516CG",Timbertech Adb15516Cg 1X6-16' Castle Gate Sq Edge - Landmark Azek Pvc Decking,"TIMBERTECH, 1x6-16' Castle Gate Sq Edge - Landmark Azek PVC Decking, Part Number: ADB15516CG",,,,,,,,,,,,,,,,,,,,,,,,,,,,,,,,,,,,,,,,,,,,,,,,,,,,,,,,,,,,,,,,,,,,,,,,,,,,,,,,,,,,,,,,,,,,,,,,,,,,,,,,,,,,,,,,,,,,,,,,,,,,,,,,,,,,,,,,,,,,,,,,,,,,,,,,,,,,,,,,,,,,,,,,,,,,,,,,,,,,,,,,,,,,,,,,,,,,,,,,,,,,,,,,,,,,,,,,,,,,,,,
,,,,,,ADB15520CG,,,,ADB15520CG,ADB15520CG,1x6-20' Castle Gate Sq Edge - Landmark Azek PVC Decking,TIMBERTECH,,,Parksite (6151),TIMBERTECH,TIMBERTECH,,ADB15520CG,,,"Timbertech, 1X6, 20' Castle Gate Sq Edge, Landmark Azek Pvc Decking, Adb15520Cg",1X6-20' CASTLE GATE SQ EDGE - LANDMARK,Timbertech Adb15520Cg 1X6-20' Castle Gate Sq Edge - Landmark Azek Pvc Decking,"TIMBERTECH, 1x6-20' Castle Gate Sq Edge - Landmark Azek PVC Decking, Part Number: ADB15520CG",Timbertech Adb15520Cg 1X6-20' Castle Gate Sq Edge - Landmark Azek Pvc Decking,"TIMBERTECH, 1x6-20' Castle Gate Sq Edge - Landmark Azek PVC Decking, Part Number: ADB15520CG",,,,,,,,,,,,,,,,,,,,,,,,,,,,,,,,,,,,,,,,,,,,,,,,,,,,,,,,,,,,,,,,,,,,,,,,,,,,,,,,,,,,,,,,,,,,,,,,,,,,,,,,,,,,,,,,,,,,,,,,,,,,,,,,,,,,,,,,,,,,,,,,,,,,,,,,,,,,,,,,,,,,,,,,,,,,,,,,,,,,,,,,,,,,,,,,,,,,,,,,,,,,,,,,,,,,,,,,,,,,,,,
,,,,,,ADB15516FW,,,,ADB15516FW,ADB15516FW,1x6-16' French White Oak Sq Ed - Landmark Azek PVC Decking,TIMBERTECH,,,Parksite (6151),TIMBERTECH,TIMBERTECH,,ADB15516FW,,,"Timbertech, 1X6, 16' French White Oak Sq Ed, Landmark Azek Pvc Decking",1X6-16' FRENCH WHITE OAK SQ ED -,Timbertech Adb15516Fw 1X6-16' French White Oak Sq Ed - Landmark Azek Pvc Decking,"TIMBERTECH, 1x6-16' French White Oak Sq Ed - Landmark Azek PVC Decking, Part Number: ADB15516FW",Timbertech Adb15516Fw 1X6-16' French White Oak Sq Ed - Landmark Azek Pvc Decking,"TIMBERTECH, 1x6-16' French White Oak Sq Ed - Landmark Azek PVC Decking, Part Number: ADB15516FW",,,,,,,,,,,,,,,,,,,,,,,,,,,,,,,,,,,,,,,,,,,,,,,,,,,,,,,,,,,,,,,,,,,,,,,,,,,,,,,,,,,,,,,,,,,,,,,,,,,,,,,,,,,,,,,,,,,,,,,,,,,,,,,,,,,,,,,,,,,,,,,,,,,,,,,,,,,,,,,,,,,,,,,,,,,,,,,,,,,,,,,,,,,,,,,,,,,,,,,,,,,,,,,,,,,,,,,,,,,,,,,
,,,,,,ADB15520FW,,,,ADB15520FW,ADB15520FW,1x6-20' French White Oak Sq Ed - Landmark Azek PVC Decking,TIMBERTECH,,,Parksite (6151),TIMBERTECH,TIMBERTECH,,ADB15520FW,,,"Timbertech, 1X6, 20' French White Oak Sq Ed, Landmark Azek Pvc Decking",1X6-20' FRENCH WHITE OAK SQ ED -,Timbertech Adb15520Fw 1X6-20' French White Oak Sq Ed - Landmark Azek Pvc Decking,"TIMBERTECH, 1x6-20' French White Oak Sq Ed - Landmark Azek PVC Decking, Part Number: ADB15520FW",Timbertech Adb15520Fw 1X6-20' French White Oak Sq Ed - Landmark Azek Pvc Decking,"TIMBERTECH, 1x6-20' French White Oak Sq Ed - Landmark Azek PVC Decking, Part Number: ADB15520FW",,,,,,,,,,,,,,,,,,,,,,,,,,,,,,,,,,,,,,,,,,,,,,,,,,,,,,,,,,,,,,,,,,,,,,,,,,,,,,,,,,,,,,,,,,,,,,,,,,,,,,,,,,,,,,,,,,,,,,,,,,,,,,,,,,,,,,,,,,,,,,,,,,,,,,,,,,,,,,,,,,,,,,,,,,,,,,,,,,,,,,,,,,,,,,,,,,,,,,,,,,,,,,,,,,,,,,,,,,,,,,,
,,,,,,AGB15512AW,,,,AGB15512AW,AGB15512AW,1x6-12' American Walnut Groove - Landmark Azek PVC Decking,TIMBERTECH,,,Parksite (6151),TIMBERTECH,TIMBERTECH,,AGB15512AW,,,"Timbertech, 1X6, 12' American Walnut Groove, Landmark Azek Pvc Decking",1X6-12' AMERICAN WALNUT GROOVE -,Timbertech Agb15512Aw 1X6-12' American Walnut Groove - Landmark Azek Pvc Decking,"TIMBERTECH, 1x6-12' American Walnut Groove - Landmark Azek PVC Decking, Part Number: AGB15512AW",Timbertech Agb15512Aw 1X6-12' American Walnut Groove - Landmark Azek Pvc Decking,"TIMBERTECH, 1x6-12' American Walnut Groove - Landmark Azek PVC Decking, Part Number: AGB15512AW",,,,,,,,,,,,,,,,,,,,,,,,,,,,,,,,,,,,,,,,,,,,,,,,,,,,,,,,,,,,,,,,,,,,,,,,,,,,,,,,,,,,,,,,,,,,,,,,,,,,,,,,,,,,,,,,,,,,,,,,,,,,,,,,,,,,,,,,,,,,,,,,,,,,,,,,,,,,,,,,,,,,,,,,,,,,,,,,,,,,,,,,,,,,,,,,,,,,,,,,,,,,,,,,,,,,,,,,,,,,,,,
,,,,,,AGB15516AW,,,,AGB15516AW,AGB15516AW,1x6-16' American Walnut Groove - Landmark Azek PVC Decking,TIMBERTECH,,,Parksite (6151),TIMBERTECH,TIMBERTECH,,AGB15516AW,,,"Timbertech, 1X6, 16' American Walnut Groove, Landmark Azek Pvc Decking",1X6-16' AMERICAN WALNUT GROOVE -,Timbertech Agb15516Aw 1X6-16' American Walnut Groove - Landmark Azek Pvc Decking,"TIMBERTECH, 1x6-16' American Walnut Groove - Landmark Azek PVC Decking, Part Number: AGB15516AW",Timbertech Agb15516Aw 1X6-16' American Walnut Groove - Landmark Azek Pvc Decking,"TIMBERTECH, 1x6-16' American Walnut Groove - Landmark Azek PVC Decking, Part Number: AGB15516AW",,,,,,,,,,,,,,,,,,,,,,,,,,,,,,,,,,,,,,,,,,,,,,,,,,,,,,,,,,,,,,,,,,,,,,,,,,,,,,,,,,,,,,,,,,,,,,,,,,,,,,,,,,,,,,,,,,,,,,,,,,,,,,,,,,,,,,,,,,,,,,,,,,,,,,,,,,,,,,,,,,,,,,,,,,,,,,,,,,,,,,,,,,,,,,,,,,,,,,,,,,,,,,,,,,,,,,,,,,,,,,,
,,,,,,AGB15520AW,,,,AGB15520AW,AGB15520AW,1x6-20' American Walnut Groove - Landmark Azek PVC Decking,TIMBERTECH,,,Parksite (6151),TIMBERTECH,TIMBERTECH,,AGB15520AW,,,"Timbertech, 1X6, 20' American Walnut Groove, Landmark Azek Pvc Decking",1X6-20' AMERICAN WALNUT GROOVE -,Timbertech Agb15520Aw 1X6-20' American Walnut Groove - Landmark Azek Pvc Decking,"TIMBERTECH, 1x6-20' American Walnut Groove - Landmark Azek PVC Decking, Part Number: AGB15520AW",Timbertech Agb15520Aw 1X6-20' American Walnut Groove - Landmark Azek Pvc Decking,"TIMBERTECH, 1x6-20' American Walnut Groove - Landmark Azek PVC Decking, Part Number: AGB15520AW",,,,,,,,,,,,,,,,,,,,,,,,,,,,,,,,,,,,,,,,,,,,,,,,,,,,,,,,,,,,,,,,,,,,,,,,,,,,,,,,,,,,,,,,,,,,,,,,,,,,,,,,,,,,,,,,,,,,,,,,,,,,,,,,,,,,,,,,,,,,,,,,,,,,,,,,,,,,,,,,,,,,,,,,,,,,,,,,,,,,,,,,,,,,,,,,,,,,,,,,,,,,,,,,,,,,,,,,,,,,,,,
,,,,,,AGB15512CG,,,,AGB15512CG,AGB15512CG,1x6-12' Castle Gate Grooved - Landmark Azek PVC Decking,TIMBERTECH,,,Parksite (6151),TIMBERTECH,TIMBERTECH,,AGB15512CG,,,"Timbertech, 1X6, 12' Castle Gate Grooved, Landmark Azek Pvc Decking, Agb15512Cg",1X6-12' CASTLE GATE GROOVED - LANDMARK,Timbertech Agb15512Cg 1X6-12' Castle Gate Grooved - Landmark Azek Pvc Decking,"TIMBERTECH, 1x6-12' Castle Gate Grooved - Landmark Azek PVC Decking, Part Number: AGB15512CG",Timbertech Agb15512Cg 1X6-12' Castle Gate Grooved - Landmark Azek Pvc Decking,"TIMBERTECH, 1x6-12' Castle Gate Grooved - Landmark Azek PVC Decking, Part Number: AGB15512CG",,,,,,,,,,,,,,,,,,,,,,,,,,,,,,,,,,,,,,,,,,,,,,,,,,,,,,,,,,,,,,,,,,,,,,,,,,,,,,,,,,,,,,,,,,,,,,,,,,,,,,,,,,,,,,,,,,,,,,,,,,,,,,,,,,,,,,,,,,,,,,,,,,,,,,,,,,,,,,,,,,,,,,,,,,,,,,,,,,,,,,,,,,,,,,,,,,,,,,,,,,,,,,,,,,,,,,,,,,,,,,,
,,,,,,AGB15516CG,,,,AGB15516CG,AGB15516CG,1x6-16' Castle Gate Grooved - Landmark Azek PVC Decking,TIMBERTECH,,,Parksite (6151),TIMBERTECH,TIMBERTECH,,AGB15516CG,,,"Timbertech, 1X6, 16' Castle Gate Grooved, Landmark Azek Pvc Decking, Agb15516Cg",1X6-16' CASTLE GATE GROOVED - LANDMARK,Timbertech Agb15516Cg 1X6-16' Castle Gate Grooved - Landmark Azek Pvc Decking,"TIMBERTECH, 1x6-16' Castle Gate Grooved - Landmark Azek PVC Decking, Part Number: AGB15516CG",Timbertech Agb15516Cg 1X6-16' Castle Gate Grooved - Landmark Azek Pvc Decking,"TIMBERTECH, 1x6-16' Castle Gate Grooved - Landmark Azek PVC Decking, Part Number: AGB15516CG",,,,,,,,,,,,,,,,,,,,,,,,,,,,,,,,,,,,,,,,,,,,,,,,,,,,,,,,,,,,,,,,,,,,,,,,,,,,,,,,,,,,,,,,,,,,,,,,,,,,,,,,,,,,,,,,,,,,,,,,,,,,,,,,,,,,,,,,,,,,,,,,,,,,,,,,,,,,,,,,,,,,,,,,,,,,,,,,,,,,,,,,,,,,,,,,,,,,,,,,,,,,,,,,,,,,,,,,,,,,,,,
,,,,,,AGB15520CG,,,,AGB15520CG,AGB15520CG,1x6-20' Castle Gate Grooved - Landmark Azek PVC Decking,TIMBERTECH,,,Parksite (6151),TIMBERTECH,TIMBERTECH,,AGB15520CG,,,"Timbertech, 1X6, 20' Castle Gate Grooved, Landmark Azek Pvc Decking, Agb15520Cg",1X6-20' CASTLE GATE GROOVED - LANDMARK,Timbertech Agb15520Cg 1X6-20' Castle Gate Grooved - Landmark Azek Pvc Decking,"TIMBERTECH, 1x6-20' Castle Gate Grooved - Landmark Azek PVC Decking, Part Number: AGB15520CG",Timbertech Agb15520Cg 1X6-20' Castle Gate Grooved - Landmark Azek Pvc Decking,"TIMBERTECH, 1x6-20' Castle Gate Grooved - Landmark Azek PVC Decking, Part Number: AGB15520CG",,,,,,,,,,,,,,,,,,,,,,,,,,,,,,,,,,,,,,,,,,,,,,,,,,,,,,,,,,,,,,,,,,,,,,,,,,,,,,,,,,,,,,,,,,,,,,,,,,,,,,,,,,,,,,,,,,,,,,,,,,,,,,,,,,,,,,,,,,,,,,,,,,,,,,,,,,,,,,,,,,,,,,,,,,,,,,,,,,,,,,,,,,,,,,,,,,,,,,,,,,,,,,,,,,,,,,,,,,,,,,,
,,,,,,AGB15512FW,,,,AGB15512FW,AGB15512FW,1x6-12' French White Oak Groov - Landmark Azek PVC Decking,TIMBERTECH,,,Parksite (6151),TIMBERTECH,TIMBERTECH,,AGB15512FW,,,"Timbertech, 1X6, 12' French White Oak Groov, Landmark Azek Pvc Decking",1X6-12' FRENCH WHITE OAK GROOV -,Timbertech Agb15512Fw 1X6-12' French White Oak Groov - Landmark Azek Pvc Decking,"TIMBERTECH, 1x6-12' French White Oak Groov - Landmark Azek PVC Decking, Part Number: AGB15512FW",Timbertech Agb15512Fw 1X6-12' French White Oak Groov - Landmark Azek Pvc Decking,"TIMBERTECH, 1x6-12' French White Oak Groov - Landmark Azek PVC Decking, Part Number: AGB15512FW",,,,,,,,,,,,,,,,,,,,,,,,,,,,,,,,,,,,,,,,,,,,,,,,,,,,,,,,,,,,,,,,,,,,,,,,,,,,,,,,,,,,,,,,,,,,,,,,,,,,,,,,,,,,,,,,,,,,,,,,,,,,,,,,,,,,,,,,,,,,,,,,,,,,,,,,,,,,,,,,,,,,,,,,,,,,,,,,,,,,,,,,,,,,,,,,,,,,,,,,,,,,,,,,,,,,,,,,,,,,,,,
,,,,,,AGB15516FW,,,,AGB15516FW,AGB15516FW,1x6-16' French White Oak Groov - Landmark Azek PVC Decking,TIMBERTECH,,,Parksite (6151),TIMBERTECH,TIMBERTECH,,AGB15516FW,,,"Timbertech, 1X6, 16' French White Oak Groov, Landmark Azek Pvc Decking",1X6-16' FRENCH WHITE OAK GROOV -,Timbertech Agb15516Fw 1X6-16' French White Oak Groov - Landmark Azek Pvc Decking,"TIMBERTECH, 1x6-16' French White Oak Groov - Landmark Azek PVC Decking, Part Number: AGB15516FW",Timbertech Agb15516Fw 1X6-16' French White Oak Groov - Landmark Azek Pvc Decking,"TIMBERTECH, 1x6-16' French White Oak Groov - Landmark Azek PVC Decking, Part Number: AGB15516FW",,,,,,,,,,,,,,,,,,,,,,,,,,,,,,,,,,,,,,,,,,,,,,,,,,,,,,,,,,,,,,,,,,,,,,,,,,,,,,,,,,,,,,,,,,,,,,,,,,,,,,,,,,,,,,,,,,,,,,,,,,,,,,,,,,,,,,,,,,,,,,,,,,,,,,,,,,,,,,,,,,,,,,,,,,,,,,,,,,,,,,,,,,,,,,,,,,,,,,,,,,,,,,,,,,,,,,,,,,,,,,,
,,,,,,AGB15520FW,,,,AGB15520FW,AGB15520FW,1x6-20' French White Oak Groov - Landmark Azek PVC Decking,TIMBERTECH,,,Parksite (6151),TIMBERTECH,TIMBERTECH,,AGB15520FW,,,"Timbertech, 1X6, 20' French White Oak Groov, Landmark Azek Pvc Decking",1X6-20' FRENCH WHITE OAK GROOV -,Timbertech Agb15520Fw 1X6-20' French White Oak Groov - Landmark Azek Pvc Decking,"TIMBERTECH, 1x6-20' French White Oak Groov - Landmark Azek PVC Decking, Part Number: AGB15520FW",Timbertech Agb15520Fw 1X6-20' French White Oak Groov - Landmark Azek Pvc Decking,"TIMBERTECH, 1x6-20' French White Oak Groov - Landmark Azek PVC Decking, Part Number: AGB15520FW",,,,,,,,,,,,,,,,,,,,,,,,,,,,,,,,,,,,,,,,,,,,,,,,,,,,,,,,,,,,,,,,,,,,,,,,,,,,,,,,,,,,,,,,,,,,,,,,,,,,,,,,,,,,,,,,,,,,,,,,,,,,,,,,,,,,,,,,,,,,,,,,,,,,,,,,,,,,,,,,,,,,,,,,,,,,,,,,,,,,,,,,,,,,,,,,,,,,,,,,,,,,,,,,,,,,,,,,,,,,,,,
,,,,,,ADCB15516BS,,,,ADCB15516BS,ADCB15516BS,1x6-16' Brownstone Sq Edge - Harvest Azek PVC Decking,TIMBERTECH,,,Parksite (6151),TIMBERTECH,TIMBERTECH,,ADCB15516BS,,,"Timbertech, 1X6, 16' Brownstone Sq Edge, Harvest Azek Pvc Decking, Adcb15516Bs",1X6-16' BROWNSTONE SQ EDGE - HARVEST,Timbertech Adcb15516Bs 1X6-16' Brownstone Sq Edge - Harvest Azek Pvc Decking,"TIMBERTECH, 1x6-16' Brownstone Sq Edge - Harvest Azek PVC Decking, Part Number: ADCB15516BS",Timbertech Adcb15516Bs 1X6-16' Brownstone Sq Edge - Harvest Azek Pvc Decking,"TIMBERTECH, 1x6-16' Brownstone Sq Edge - Harvest Azek PVC Decking, Part Number: ADCB15516BS",,,,,,,,,,,,,,,,,,,,,,,,,,,,,,,,,,,,,,,,,,,,,,,,,,,,,,,,,,,,,,,,,,,,,,,,,,,,,,,,,,,,,,,,,,,,,,,,,,,,,,,,,,,,,,,,,,,,,,,,,,,,,,,,,,,,,,,,,,,,,,,,,,,,,,,,,,,,,,,,,,,,,,,,,,,,,,,,,,,,,,,,,,,,,,,,,,,,,,,,,,,,,,,,,,,,,,,,,,,,,,,
,,,,,,ADCB15520BS,,,,ADCB15520BS,ADCB15520BS,1x6-20' Brownstone Sq Edge - Harvest Azek PVC Decking,TIMBERTECH,,,Parksite (6151),TIMBERTECH,TIMBERTECH,,ADCB15520BS,,,"Timbertech, 1X6, 20' Brownstone Sq Edge, Harvest Azek Pvc Decking, Adcb15520Bs",1X6-20' BROWNSTONE SQ EDGE - HARVEST,Timbertech Adcb15520Bs 1X6-20' Brownstone Sq Edge - Harvest Azek Pvc Decking,"TIMBERTECH, 1x6-20' Brownstone Sq Edge - Harvest Azek PVC Decking, Part Number: ADCB15520BS",Timbertech Adcb15520Bs 1X6-20' Brownstone Sq Edge - Harvest Azek Pvc Decking,"TIMBERTECH, 1x6-20' Brownstone Sq Edge - Harvest Azek PVC Decking, Part Number: ADCB15520BS",,,,,,,,,,,,,,,,,,,,,,,,,,,,,,,,,,,,,,,,,,,,,,,,,,,,,,,,,,,,,,,,,,,,,,,,,,,,,,,,,,,,,,,,,,,,,,,,,,,,,,,,,,,,,,,,,,,,,,,,,,,,,,,,,,,,,,,,,,,,,,,,,,,,,,,,,,,,,,,,,,,,,,,,,,,,,,,,,,,,,,,,,,,,,,,,,,,,,,,,,,,,,,,,,,,,,,,,,,,,,,,
,,,,,,ADCB15516SG,,,,ADCB15516SG,ADCB15516SG,1x6-16' Slate Gray Sq Edge - Harvest Azek PVC Decking,TIMBERTECH,,,Parksite (6151),TIMBERTECH,TIMBERTECH,,ADCB15516SG,,,"Timbertech, 1X6, 16' Slate Gray Sq Edge, Harvest Azek Pvc Decking, Adcb15516Sg",1X6-16' SLATE GRAY SQ EDGE - HARVEST,Timbertech Adcb15516Sg 1X6-16' Slate Gray Sq Edge - Harvest Azek Pvc Decking,"TIMBERTECH, 1x6-16' Slate Gray Sq Edge - Harvest Azek PVC Decking, Part Number: ADCB15516SG",Timbertech Adcb15516Sg 1X6-16' Slate Gray Sq Edge - Harvest Azek Pvc Decking,"TIMBERTECH, 1x6-16' Slate Gray Sq Edge - Harvest Azek PVC Decking, Part Number: ADCB15516SG",,,,,,,,,,,,,,,,,,,,,,,,,,,,,,,,,,,,,,,,,,,,,,,,,,,,,,,,,,,,,,,,,,,,,,,,,,,,,,,,,,,,,,,,,,,,,,,,,,,,,,,,,,,,,,,,,,,,,,,,,,,,,,,,,,,,,,,,,,,,,,,,,,,,,,,,,,,,,,,,,,,,,,,,,,,,,,,,,,,,,,,,,,,,,,,,,,,,,,,,,,,,,,,,,,,,,,,,,,,,,,,
,,,,,,ADCB15520SG,,,,ADCB15520SG,ADCB15520SG,1x6-20' Slate Gray Sq Edge - Harvest Azek PVC Decking,TIMBERTECH,,,Parksite (6151),TIMBERTECH,TIMBERTECH,,ADCB15520SG,,,"Timbertech, 1X6, 20' Slate Gray Sq Edge, Harvest Azek Pvc Decking, Adcb15520Sg",1X6-20' SLATE GRAY SQ EDGE - HARVEST,Timbertech Adcb15520Sg 1X6-20' Slate Gray Sq Edge - Harvest Azek Pvc Decking,"TIMBERTECH, 1x6-20' Slate Gray Sq Edge - Harvest Azek PVC Decking, Part Number: ADCB15520SG",Timbertech Adcb15520Sg 1X6-20' Slate Gray Sq Edge - Harvest Azek Pvc Decking,"TIMBERTECH, 1x6-20' Slate Gray Sq Edge - Harvest Azek PVC Decking, Part Number: ADCB15520SG",,,,,,,,,,,,,,,,,,,,,,,,,,,,,,,,,,,,,,,,,,,,,,,,,,,,,,,,,,,,,,,,,,,,,,,,,,,,,,,,,,,,,,,,,,,,,,,,,,,,,,,,,,,,,,,,,,,,,,,,,,,,,,,,,,,,,,,,,,,,,,,,,,,,,,,,,,,,,,,,,,,,,,,,,,,,,,,,,,,,,,,,,,,,,,,,,,,,,,,,,,,,,,,,,,,,,,,,,,,,,,,
,,,,,,AGB15512BS,,,,AGB15512BS,AGB15512BS,1x6-12' Brownstone Grooved - Harvest Azek PVC Decking,TIMBERTECH,,,Parksite (6151),TIMBERTECH,TIMBERTECH,,AGB15512BS,,,"Timbertech, 1X6, 12' Brownstone Grooved, Harvest Azek Pvc Decking, Agb15512Bs",1X6-12' BROWNSTONE GROOVED - HARVEST,Timbertech Agb15512Bs 1X6-12' Brownstone Grooved - Harvest Azek Pvc Decking,"TIMBERTECH, 1x6-12' Brownstone Grooved - Harvest Azek PVC Decking, Part Number: AGB15512BS",Timbertech Agb15512Bs 1X6-12' Brownstone Grooved - Harvest Azek Pvc Decking,"TIMBERTECH, 1x6-12' Brownstone Grooved - Harvest Azek PVC Decking, Part Number: AGB15512BS",,,,,,,,,,,,,,,,,,,,,,,,,,,,,,,,,,,,,,,,,,,,,,,,,,,,,,,,,,,,,,,,,,,,,,,,,,,,,,,,,,,,,,,,,,,,,,,,,,,,,,,,,,,,,,,,,,,,,,,,,,,,,,,,,,,,,,,,,,,,,,,,,,,,,,,,,,,,,,,,,,,,,,,,,,,,,,,,,,,,,,,,,,,,,,,,,,,,,,,,,,,,,,,,,,,,,,,,,,,,,,,
,,,,,,AGB15516BS,,,,AGB15516BS,AGB15516BS,1x6-16' Brownstone Grooved - Harvest Azek PVC Decking,TIMBERTECH,,,Parksite (6151),TIMBERTECH,TIMBERTECH,,AGB15516BS,,,"Timbertech, 1X6, 16' Brownstone Grooved, Harvest Azek Pvc Decking, Agb15516Bs",1X6-16' BROWNSTONE GROOVED - HARVEST,Timbertech Agb15516Bs 1X6-16' Brownstone Grooved - Harvest Azek Pvc Decking,"TIMBERTECH, 1x6-16' Brownstone Grooved - Harvest Azek PVC Decking, Part Number: AGB15516BS",Timbertech Agb15516Bs 1X6-16' Brownstone Grooved - Harvest Azek Pvc Decking,"TIMBERTECH, 1x6-16' Brownstone Grooved - Harvest Azek PVC Decking, Part Number: AGB15516BS",,,,,,,,,,,,,,,,,,,,,,,,,,,,,,,,,,,,,,,,,,,,,,,,,,,,,,,,,,,,,,,,,,,,,,,,,,,,,,,,,,,,,,,,,,,,,,,,,,,,,,,,,,,,,,,,,,,,,,,,,,,,,,,,,,,,,,,,,,,,,,,,,,,,,,,,,,,,,,,,,,,,,,,,,,,,,,,,,,,,,,,,,,,,,,,,,,,,,,,,,,,,,,,,,,,,,,,,,,,,,,,
,,,,,,AGB15520BS,,,,AGB15520BS,AGB15520BS,1x6-20' Brownstone Grooved - Harvest Azek PVC Decking,TIMBERTECH,,,Parksite (6151),TIMBERTECH,TIMBERTECH,,AGB15520BS,,,"Timbertech, 1X6, 20' Brownstone Grooved, Harvest Azek Pvc Decking, Agb15520Bs",1X6-20' BROWNSTONE GROOVED - HARVEST,Timbertech Agb15520Bs 1X6-20' Brownstone Grooved - Harvest Azek Pvc Decking,"TIMBERTECH, 1x6-20' Brownstone Grooved - Harvest Azek PVC Decking, Part Number: AGB15520BS",Timbertech Agb15520Bs 1X6-20' Brownstone Grooved - Harvest Azek Pvc Decking,"TIMBERTECH, 1x6-20' Brownstone Grooved - Harvest Azek PVC Decking, Part Number: AGB15520BS",,,,,,,,,,,,,,,,,,,,,,,,,,,,,,,,,,,,,,,,,,,,,,,,,,,,,,,,,,,,,,,,,,,,,,,,,,,,,,,,,,,,,,,,,,,,,,,,,,,,,,,,,,,,,,,,,,,,,,,,,,,,,,,,,,,,,,,,,,,,,,,,,,,,,,,,,,,,,,,,,,,,,,,,,,,,,,,,,,,,,,,,,,,,,,,,,,,,,,,,,,,,,,,,,,,,,,,,,,,,,,,
,,,,,,AGB15512SG,,,,AGB15512SG,AGB15512SG,1x6-12' Slate Gray Grooved - Harvest Azek PVC Decking,TIMBERTECH,,,Parksite (6151),TIMBERTECH,TIMBERTECH,,AGB15512SG,,,"Timbertech, 1X6, 12' Slate Gray Grooved, Harvest Azek Pvc Decking, Agb15512Sg",1X6-12' SLATE GRAY GROOVED - HARVEST,Timbertech Agb15512Sg 1X6-12' Slate Gray Grooved - Harvest Azek Pvc Decking,"TIMBERTECH, 1x6-12' Slate Gray Grooved - Harvest Azek PVC Decking, Part Number: AGB15512SG",Timbertech Agb15512Sg 1X6-12' Slate Gray Grooved - Harvest Azek Pvc Decking,"TIMBERTECH, 1x6-12' Slate Gray Grooved - Harvest Azek PVC Decking, Part Number: AGB15512SG",,,,,,,,,,,,,,,,,,,,,,,,,,,,,,,,,,,,,,,,,,,,,,,,,,,,,,,,,,,,,,,,,,,,,,,,,,,,,,,,,,,,,,,,,,,,,,,,,,,,,,,,,,,,,,,,,,,,,,,,,,,,,,,,,,,,,,,,,,,,,,,,,,,,,,,,,,,,,,,,,,,,,,,,,,,,,,,,,,,,,,,,,,,,,,,,,,,,,,,,,,,,,,,,,,,,,,,,,,,,,,,
,,,,,,AGB15516SG,,,,AGB15516SG,AGB15516SG,1x6-16' Slate Gray Grooved - Harvest Azek PVC Decking,TIMBERTECH,,,Parksite (6151),TIMBERTECH,TIMBERTECH,,AGB15516SG,,,"Timbertech, 1X6, 16' Slate Gray Grooved, Harvest Azek Pvc Decking, Agb15516Sg",1X6-16' SLATE GRAY GROOVED - HARVEST,Timbertech Agb15516Sg 1X6-16' Slate Gray Grooved - Harvest Azek Pvc Decking,"TIMBERTECH, 1x6-16' Slate Gray Grooved - Harvest Azek PVC Decking, Part Number: AGB15516SG",Timbertech Agb15516Sg 1X6-16' Slate Gray Grooved - Harvest Azek Pvc Decking,"TIMBERTECH, 1x6-16' Slate Gray Grooved - Harvest Azek PVC Decking, Part Number: AGB15516SG",,,,,,,,,,,,,,,,,,,,,,,,,,,,,,,,,,,,,,,,,,,,,,,,,,,,,,,,,,,,,,,,,,,,,,,,,,,,,,,,,,,,,,,,,,,,,,,,,,,,,,,,,,,,,,,,,,,,,,,,,,,,,,,,,,,,,,,,,,,,,,,,,,,,,,,,,,,,,,,,,,,,,,,,,,,,,,,,,,,,,,,,,,,,,,,,,,,,,,,,,,,,,,,,,,,,,,,,,,,,,,,
,,,,,,AGB15520SG,,,,AGB15520SG,AGB15520SG,1x6-20' Slate Gray Grooved - Harvest Azek PVC Decking,TIMBERTECH,,,Parksite (6151),TIMBERTECH,TIMBERTECH,,AGB15520SG,,,"Timbertech, 1X6, 20' Slate Gray Grooved, Harvest Azek Pvc Decking, Agb15520Sg",1X6-20' SLATE GRAY GROOVED - HARVEST,Timbertech Agb15520Sg 1X6-20' Slate Gray Grooved - Harvest Azek Pvc Decking,"TIMBERTECH, 1x6-20' Slate Gray Grooved - Harvest Azek PVC Decking, Part Number: AGB15520SG",Timbertech Agb15520Sg 1X6-20' Slate Gray Grooved - Harvest Azek Pvc Decking,"TIMBERTECH, 1x6-20' Slate Gray Grooved - Harvest Azek PVC Decking, Part Number: AGB15520SG",,,,,,,,,,,,,,,,,,,,,,,,,,,,,,,,,,,,,,,,,,,,,,,,,,,,,,,,,,,,,,,,,,,,,,,,,,,,,,,,,,,,,,,,,,,,,,,,,,,,,,,,,,,,,,,,,,,,,,,,,,,,,,,,,,,,,,,,,,,,,,,,,,,,,,,,,,,,,,,,,,,,,,,,,,,,,,,,,,,,,,,,,,,,,,,,,,,,,,,,,,,,,,,,,,,,,,,,,,,,,,,
,,,,,,543140016,,,,543140016,543140016,1nx6-16' Biscayne Sq Edge - Trex Transcend Lineage Decking,TREX,,,U S Lumber (3073),TREX,TREX,,543140016,,,"Trex, 1Nx6, 16' Biscayne Sq Edge, Trex Transcend Lineage Decking, 543140016",1NX6-16' BISCAYNE SQ EDGE - TREX,Trex 543140016 1Nx6-16' Biscayne Sq Edge - Trex Transcend Lineage Decking,"TREX, 1nx6-16' Biscayne Sq Edge - Trex Transcend Lineage Decking, Part Number: 543140016",Trex 543140016 1Nx6-16' Biscayne Sq Edge - Trex Transcend Lineage Decking,"TREX, 1nx6-16' Biscayne Sq Edge - Trex Transcend Lineage Decking, Part Number: 543140016",,,,,,,,,,,,,,,,,,,,,,,,,,,,,,,,,,,,,,,,,,,,,,,,,,,,,,,,,,,,,,,,,,,,,,,,,,,,,,,,,,,,,,,,,,,,,,,,,,,,,,,,,,,,,,,,,,,,,,,,,,,,,,,,,,,,,,,,,,,,,,,,,,,,,,,,,,,,,,,,,,,,,,,,,,,,,,,,,,,,,,,,,,,,,,,,,,,,,,,,,,,,,,,,,,,,,,,,,,,,,,,
,,,,,,543140020,,,,543140020,543140020,1nx6-20' Biscayne Sq Edge - Trex Transcend Lineage Decking,TREX,,,U S Lumber (3073),TREX,TREX,,543140020,,,"Trex, 1Nx6, 20' Biscayne Sq Edge, Trex Transcend Lineage Decking, 543140020",1NX6-20' BISCAYNE SQ EDGE - TREX,Trex 543140020 1Nx6-20' Biscayne Sq Edge - Trex Transcend Lineage Decking,"TREX, 1nx6-20' Biscayne Sq Edge - Trex Transcend Lineage Decking, Part Number: 543140020",Trex 543140020 1Nx6-20' Biscayne Sq Edge - Trex Transcend Lineage Decking,"TREX, 1nx6-20' Biscayne Sq Edge - Trex Transcend Lineage Decking, Part Number: 543140020",,,,,,,,,,,,,,,,,,,,,,,,,,,,,,,,,,,,,,,,,,,,,,,,,,,,,,,,,,,,,,,,,,,,,,,,,,,,,,,,,,,,,,,,,,,,,,,,,,,,,,,,,,,,,,,,,,,,,,,,,,,,,,,,,,,,,,,,,,,,,,,,,,,,,,,,,,,,,,,,,,,,,,,,,,,,,,,,,,,,,,,,,,,,,,,,,,,,,,,,,,,,,,,,,,,,,,,,,,,,,,,
,,,,,,543142016,,,,543142016,543142016,1nx6-16' Carmel Sq Edge - Trex Transcend Lineage Decking,TREX,,,U S Lumber (3073),TREX,TREX,,543142016,,,"Trex, 1Nx6, 16' Carmel Sq Edge, Trex Transcend Lineage Decking, 543142016",1NX6-16' CARMEL SQ EDGE - TREX,Trex 543142016 1Nx6-16' Carmel Sq Edge - Trex Transcend Lineage Decking,"TREX, 1nx6-16' Carmel Sq Edge - Trex Transcend Lineage Decking, Part Number: 543142016",Trex 543142016 1Nx6-16' Carmel Sq Edge - Trex Transcend Lineage Decking,"TREX, 1nx6-16' Carmel Sq Edge - Trex Transcend Lineage Decking, Part Number: 543142016",,,,,,,,,,,,,,,,,,,,,,,,,,,,,,,,,,,,,,,,,,,,,,,,,,,,,,,,,,,,,,,,,,,,,,,,,,,,,,,,,,,,,,,,,,,,,,,,,,,,,,,,,,,,,,,,,,,,,,,,,,,,,,,,,,,,,,,,,,,,,,,,,,,,,,,,,,,,,,,,,,,,,,,,,,,,,,,,,,,,,,,,,,,,,,,,,,,,,,,,,,,,,,,,,,,,,,,,,,,,,,,
,,,,,,543142020,,,,543142020,543142020,1nx6-20' Carmel Sq Edge - Trex Transcend Lineage Decking,TREX,,,U S Lumber (3073),TREX,TREX,,543142020,,,"Trex, 1Nx6, 20' Carmel Sq Edge, Trex Transcend Lineage Decking, 543142020",1NX6-20' CARMEL SQ EDGE - TREX,Trex 543142020 1Nx6-20' Carmel Sq Edge - Trex Transcend Lineage Decking,"TREX, 1nx6-20' Carmel Sq Edge - Trex Transcend Lineage Decking, Part Number: 543142020",Trex 543142020 1Nx6-20' Carmel Sq Edge - Trex Transcend Lineage Decking,"TREX, 1nx6-20' Carmel Sq Edge - Trex Transcend Lineage Decking, Part Number: 543142020",,,,,,,,,,,,,,,,,,,,,,,,,,,,,,,,,,,,,,,,,,,,,,,,,,,,,,,,,,,,,,,,,,,,,,,,,,,,,,,,,,,,,,,,,,,,,,,,,,,,,,,,,,,,,,,,,,,,,,,,,,,,,,,,,,,,,,,,,,,,,,,,,,,,,,,,,,,,,,,,,,,,,,,,,,,,,,,,,,,,,,,,,,,,,,,,,,,,,,,,,,,,,,,,,,,,,,,,,,,,,,,
,,,,,,543144016,,,,543144016,543144016,1nx6-16' Island Mist Sq Edge - Trex Transcend Lineage Decking,TREX,,,U S Lumber (3073),TREX,TREX,,543144016,,,"Trex, 1Nx6, 16' Island Mist Sq Edge, Trex Transcend Lineage Decking, 543144016",1NX6-16' ISLAND MIST SQ EDGE - TREX,Trex 543144016 1Nx6-16' Island Mist Sq Edge - Trex Transcend Lineage Decking,"TREX, 1nx6-16' Island Mist Sq Edge - Trex Transcend Lineage Decking, Part Number: 543144016",Trex 543144016 1Nx6-16' Island Mist Sq Edge - Trex Transcend Lineage Decking,"TREX, 1nx6-16' Island Mist Sq Edge - Trex Transcend Lineage Decking, Part Number: 543144016",,,,,,,,,,,,,,,,,,,,,,,,,,,,,,,,,,,,,,,,,,,,,,,,,,,,,,,,,,,,,,,,,,,,,,,,,,,,,,,,,,,,,,,,,,,,,,,,,,,,,,,,,,,,,,,,,,,,,,,,,,,,,,,,,,,,,,,,,,,,,,,,,,,,,,,,,,,,,,,,,,,,,,,,,,,,,,,,,,,,,,,,,,,,,,,,,,,,,,,,,,,,,,,,,,,,,,,,,,,,,,,
,,,,,,543144020,,,,543144020,543144020,1nx6-20' Island Mist Sq Edge - Trex Transcend Lineage Decking,TREX,,,U S Lumber (3073),TREX,TREX,,543144020,,,"Trex, 1Nx6, 20' Island Mist Sq Edge, Trex Transcend Lineage Decking, 543144020",1NX6-20' ISLAND MIST SQ EDGE - TREX,Trex 543144020 1Nx6-20' Island Mist Sq Edge - Trex Transcend Lineage Decking,"TREX, 1nx6-20' Island Mist Sq Edge - Trex Transcend Lineage Decking, Part Number: 543144020",Trex 543144020 1Nx6-20' Island Mist Sq Edge - Trex Transcend Lineage Decking,"TREX, 1nx6-20' Island Mist Sq Edge - Trex Transcend Lineage Decking, Part Number: 543144020",,,,,,,,,,,,,,,,,,,,,,,,,,,,,,,,,,,,,,,,,,,,,,,,,,,,,,,,,,,,,,,,,,,,,,,,,,,,,,,,,,,,,,,,,,,,,,,,,,,,,,,,,,,,,,,,,,,,,,,,,,,,,,,,,,,,,,,,,,,,,,,,,,,,,,,,,,,,,,,,,,,,,,,,,,,,,,,,,,,,,,,,,,,,,,,,,,,,,,,,,,,,,,,,,,,,,,,,,,,,,,,
,,,,,,543143016,,,,543143016,543143016,1nx6-16' Jasper Sq Edge - Trex Transcend Lineage Decking,TREX,,,U S Lumber (3073),TREX,TREX,,543143016,,,"Trex, 1Nx6, 16' Jasper Sq Edge, Trex Transcend Lineage Decking, 543143016",1NX6-16' JASPER SQ EDGE - TREX,Trex 543143016 1Nx6-16' Jasper Sq Edge - Trex Transcend Lineage Decking,"TREX, 1nx6-16' Jasper Sq Edge - Trex Transcend Lineage Decking, Part Number: 543143016",Trex 543143016 1Nx6-16' Jasper Sq Edge - Trex Transcend Lineage Decking,"TREX, 1nx6-16' Jasper Sq Edge - Trex Transcend Lineage Decking, Part Number: 543143016",,,,,,,,,,,,,,,,,,,,,,,,,,,,,,,,,,,,,,,,,,,,,,,,,,,,,,,,,,,,,,,,,,,,,,,,,,,,,,,,,,,,,,,,,,,,,,,,,,,,,,,,,,,,,,,,,,,,,,,,,,,,,,,,,,,,,,,,,,,,,,,,,,,,,,,,,,,,,,,,,,,,,,,,,,,,,,,,,,,,,,,,,,,,,,,,,,,,,,,,,,,,,,,,,,,,,,,,,,,,,,,
,,,,,,543143020,,,,543143020,543143020,1nx6-20' Jasper Sq Edge - Trex Transcend Lineage Decking,TREX,,,U S Lumber (3073),TREX,TREX,,543143020,,,"Trex, 1Nx6, 20' Jasper Sq Edge, Trex Transcend Lineage Decking, 543143020",1NX6-20' JASPER SQ EDGE - TREX,Trex 543143020 1Nx6-20' Jasper Sq Edge - Trex Transcend Lineage Decking,"TREX, 1nx6-20' Jasper Sq Edge - Trex Transcend Lineage Decking, Part Number: 543143020",Trex 543143020 1Nx6-20' Jasper Sq Edge - Trex Transcend Lineage Decking,"TREX, 1nx6-20' Jasper Sq Edge - Trex Transcend Lineage Decking, Part Number: 543143020",,,,,,,,,,,,,,,,,,,,,,,,,,,,,,,,,,,,,,,,,,,,,,,,,,,,,,,,,,,,,,,,,,,,,,,,,,,,,,,,,,,,,,,,,,,,,,,,,,,,,,,,,,,,,,,,,,,,,,,,,,,,,,,,,,,,,,,,,,,,,,,,,,,,,,,,,,,,,,,,,,,,,,,,,,,,,,,,,,,,,,,,,,,,,,,,,,,,,,,,,,,,,,,,,,,,,,,,,,,,,,,
,,,,,,543141016,,,,543141016,543141016,1nx6-16' Rainier Sq Edge - Trex Transcend Lineage Decking,TREX,,,U S Lumber (3073),TREX,TREX,,543141016,,,"Trex, 1Nx6, 16' Rainier Sq Edge, Trex Transcend Lineage Decking, 543141016",1NX6-16' RAINIER SQ EDGE - TREX,Trex 543141016 1Nx6-16' Rainier Sq Edge - Trex Transcend Lineage Decking,"TREX, 1nx6-16' Rainier Sq Edge - Trex Transcend Lineage Decking, Part Number: 543141016",Trex 543141016 1Nx6-16' Rainier Sq Edge - Trex Transcend Lineage Decking,"TREX, 1nx6-16' Rainier Sq Edge - Trex Transcend Lineage Decking, Part Number: 543141016",,,,,,,,,,,,,,,,,,,,,,,,,,,,,,,,,,,,,,,,,,,,,,,,,,,,,,,,,,,,,,,,,,,,,,,,,,,,,,,,,,,,,,,,,,,,,,,,,,,,,,,,,,,,,,,,,,,,,,,,,,,,,,,,,,,,,,,,,,,,,,,,,,,,,,,,,,,,,,,,,,,,,,,,,,,,,,,,,,,,,,,,,,,,,,,,,,,,,,,,,,,,,,,,,,,,,,,,,,,,,,,
,,,,,,543141020,,,,543141020,543141020,1nx6-20' Rainier Sq Edge - Trex Transcend Lineage Decking,TREX,,,U S Lumber (3073),TREX,TREX,,543141020,,,"Trex, 1Nx6, 20' Rainier Sq Edge, Trex Transcend Lineage Decking, 543141020",1NX6-20' RAINIER SQ EDGE - TREX,Trex 543141020 1Nx6-20' Rainier Sq Edge - Trex Transcend Lineage Decking,"TREX, 1nx6-20' Rainier Sq Edge - Trex Transcend Lineage Decking, Part Number: 543141020",Trex 543141020 1Nx6-20' Rainier Sq Edge - Trex Transcend Lineage Decking,"TREX, 1nx6-20' Rainier Sq Edge - Trex Transcend Lineage Decking, Part Number: 543141020",,,,,,,,,,,,,,,,,,,,,,,,,,,,,,,,,,,,,,,,,,,,,,,,,,,,,,,,,,,,,,,,,,,,,,,,,,,,,,,,,,,,,,,,,,,,,,,,,,,,,,,,,,,,,,,,,,,,,,,,,,,,,,,,,,,,,,,,,,,,,,,,,,,,,,,,,,,,,,,,,,,,,,,,,,,,,,,,,,,,,,,,,,,,,,,,,,,,,,,,,,,,,,,,,,,,,,,,,,,,,,,
,,,,,,543140412,,,,543140412,543140412,1nx6-12' Biscayne Grooved - Trex Transcend Lineage Decking,TREX,,,U S Lumber (3073),TREX,TREX,,543140412,,,"Trex, 1Nx6, 12' Biscayne Grooved, Trex Transcend Lineage Decking, 543140412",1NX6-12' BISCAYNE GROOVED - TREX,Trex 543140412 1Nx6-12' Biscayne Grooved - Trex Transcend Lineage Decking,"TREX, 1nx6-12' Biscayne Grooved - Trex Transcend Lineage Decking, Part Number: 543140412",Trex 543140412 1Nx6-12' Biscayne Grooved - Trex Transcend Lineage Decking,"TREX, 1nx6-12' Biscayne Grooved - Trex Transcend Lineage Decking, Part Number: 543140412",,,,,,,,,,,,,,,,,,,,,,,,,,,,,,,,,,,,,,,,,,,,,,,,,,,,,,,,,,,,,,,,,,,,,,,,,,,,,,,,,,,,,,,,,,,,,,,,,,,,,,,,,,,,,,,,,,,,,,,,,,,,,,,,,,,,,,,,,,,,,,,,,,,,,,,,,,,,,,,,,,,,,,,,,,,,,,,,,,,,,,,,,,,,,,,,,,,,,,,,,,,,,,,,,,,,,,,,,,,,,,,
,,,,,,543140416,,,,543140416,543140416,1nx6-16' Biscayne Grooved - Trex Transcend Lineage Decking,TREX,,,U S Lumber (3073),TREX,TREX,,543140416,,,"Trex, 1Nx6, 16' Biscayne Grooved, Trex Transcend Lineage Decking, 543140416",1NX6-16' BISCAYNE GROOVED - TREX,Trex 543140416 1Nx6-16' Biscayne Grooved - Trex Transcend Lineage Decking,"TREX, 1nx6-16' Biscayne Grooved - Trex Transcend Lineage Decking, Part Number: 543140416",Trex 543140416 1Nx6-16' Biscayne Grooved - Trex Transcend Lineage Decking,"TREX, 1nx6-16' Biscayne Grooved - Trex Transcend Lineage Decking, Part Number: 543140416",,,,,,,,,,,,,,,,,,,,,,,,,,,,,,,,,,,,,,,,,,,,,,,,,,,,,,,,,,,,,,,,,,,,,,,,,,,,,,,,,,,,,,,,,,,,,,,,,,,,,,,,,,,,,,,,,,,,,,,,,,,,,,,,,,,,,,,,,,,,,,,,,,,,,,,,,,,,,,,,,,,,,,,,,,,,,,,,,,,,,,,,,,,,,,,,,,,,,,,,,,,,,,,,,,,,,,,,,,,,,,,
,,,,,,543140420,,,,543140420,543140420,1nx6-20' Biscayne Grooved - Trex Transcend Lineage Decking,TREX,,,U S Lumber (3073),TREX,TREX,,543140420,,,"Trex, 1Nx6, 20' Biscayne Grooved, Trex Transcend Lineage Decking, 543140420",1NX6-20' BISCAYNE GROOVED - TREX,Trex 543140420 1Nx6-20' Biscayne Grooved - Trex Transcend Lineage Decking,"TREX, 1nx6-20' Biscayne Grooved - Trex Transcend Lineage Decking, Part Number: 543140420",Trex 543140420 1Nx6-20' Biscayne Grooved - Trex Transcend Lineage Decking,"TREX, 1nx6-20' Biscayne Grooved - Trex Transcend Lineage Decking, Part Number: 543140420",,,,,,,,,,,,,,,,,,,,,,,,,,,,,,,,,,,,,,,,,,,,,,,,,,,,,,,,,,,,,,,,,,,,,,,,,,,,,,,,,,,,,,,,,,,,,,,,,,,,,,,,,,,,,,,,,,,,,,,,,,,,,,,,,,,,,,,,,,,,,,,,,,,,,,,,,,,,,,,,,,,,,,,,,,,,,,,,,,,,,,,,,,,,,,,,,,,,,,,,,,,,,,,,,,,,,,,,,,,,,,,
,,,,,,543142412,,,,543142412,543142412,1nx6-12' Carmel Grooved - Trex Transcend Lineage Decking,TREX,,,U S Lumber (3073),TREX,TREX,,543142412,,,"Trex, 1Nx6, 12' Carmel Grooved, Trex Transcend Lineage Decking, 543142412",1NX6-12' CARMEL GROOVED - TREX,Trex 543142412 1Nx6-12' Carmel Grooved - Trex Transcend Lineage Decking,"TREX, 1nx6-12' Carmel Grooved - Trex Transcend Lineage Decking, Part Number: 543142412",Trex 543142412 1Nx6-12' Carmel Grooved - Trex Transcend Lineage Decking,"TREX, 1nx6-12' Carmel Grooved - Trex Transcend Lineage Decking, Part Number: 543142412",,,,,,,,,,,,,,,,,,,,,,,,,,,,,,,,,,,,,,,,,,,,,,,,,,,,,,,,,,,,,,,,,,,,,,,,,,,,,,,,,,,,,,,,,,,,,,,,,,,,,,,,,,,,,,,,,,,,,,,,,,,,,,,,,,,,,,,,,,,,,,,,,,,,,,,,,,,,,,,,,,,,,,,,,,,,,,,,,,,,,,,,,,,,,,,,,,,,,,,,,,,,,,,,,,,,,,,,,,,,,,,
,,,,,,543142416,,,,543142416,543142416,1nx6-16' Carmel Grooved - Trex Transcend Lineage Decking,TREX,,,U S Lumber (3073),TREX,TREX,,543142416,,,"Trex, 1Nx6, 16' Carmel Grooved, Trex Transcend Lineage Decking, 543142416",1NX6-16' CARMEL GROOVED - TREX,Trex 543142416 1Nx6-16' Carmel Grooved - Trex Transcend Lineage Decking,"TREX, 1nx6-16' Carmel Grooved - Trex Transcend Lineage Decking, Part Number: 543142416",Trex 543142416 1Nx6-16' Carmel Grooved - Trex Transcend Lineage Decking,"TREX, 1nx6-16' Carmel Grooved - Trex Transcend Lineage Decking, Part Number: 543142416",,,,,,,,,,,,,,,,,,,,,,,,,,,,,,,,,,,,,,,,,,,,,,,,,,,,,,,,,,,,,,,,,,,,,,,,,,,,,,,,,,,,,,,,,,,,,,,,,,,,,,,,,,,,,,,,,,,,,,,,,,,,,,,,,,,,,,,,,,,,,,,,,,,,,,,,,,,,,,,,,,,,,,,,,,,,,,,,,,,,,,,,,,,,,,,,,,,,,,,,,,,,,,,,,,,,,,,,,,,,,,,
,,,,,,543142420,,,,543142420,543142420,1nx6-20' Carmel Grooved - Trex Transcend Lineage Decking,TREX,,,U S Lumber (3073),TREX,TREX,,543142420,,,"Trex, 1Nx6, 20' Carmel Grooved, Trex Transcend Lineage Decking, 543142420",1NX6-20' CARMEL GROOVED - TREX,Trex 543142420 1Nx6-20' Carmel Grooved - Trex Transcend Lineage Decking,"TREX, 1nx6-20' Carmel Grooved - Trex Transcend Lineage Decking, Part Number: 543142420",Trex 543142420 1Nx6-20' Carmel Grooved - Trex Transcend Lineage Decking,"TREX, 1nx6-20' Carmel Grooved - Trex Transcend Lineage Decking, Part Number: 543142420",,,,,,,,,,,,,,,,,,,,,,,,,,,,,,,,,,,,,,,,,,,,,,,,,,,,,,,,,,,,,,,,,,,,,,,,,,,,,,,,,,,,,,,,,,,,,,,,,,,,,,,,,,,,,,,,,,,,,,,,,,,,,,,,,,,,,,,,,,,,,,,,,,,,,,,,,,,,,,,,,,,,,,,,,,,,,,,,,,,,,,,,,,,,,,,,,,,,,,,,,,,,,,,,,,,,,,,,,,,,,,,
,,,,,,543144412,,,,543144412,543144412,1nx6-12' Island Mist Grooved - Trex Transcend Lineage Decking,TREX,,,U S Lumber (3073),TREX,TREX,,543144412,,,"Trex, 1Nx6, 12' Island Mist Grooved, Trex Transcend Lineage Decking, 543144412",1NX6-12' ISLAND MIST GROOVED - TREX,Trex 543144412 1Nx6-12' Island Mist Grooved - Trex Transcend Lineage Decking,"TREX, 1nx6-12' Island Mist Grooved - Trex Transcend Lineage Decking, Part Number: 543144412",Trex 543144412 1Nx6-12' Island Mist Grooved - Trex Transcend Lineage Decking,"TREX, 1nx6-12' Island Mist Grooved - Trex Transcend Lineage Decking, Part Number: 543144412",,,,,,,,,,,,,,,,,,,,,,,,,,,,,,,,,,,,,,,,,,,,,,,,,,,,,,,,,,,,,,,,,,,,,,,,,,,,,,,,,,,,,,,,,,,,,,,,,,,,,,,,,,,,,,,,,,,,,,,,,,,,,,,,,,,,,,,,,,,,,,,,,,,,,,,,,,,,,,,,,,,,,,,,,,,,,,,,,,,,,,,,,,,,,,,,,,,,,,,,,,,,,,,,,,,,,,,,,,,,,,,
,,,,,,543144416,,,,543144416,543144416,1nx6-16' Island Mist Grooved - Trex Transcend Lineage Decking,TREX,,,U S Lumber (3073),TREX,TREX,,543144416,,,"Trex, 1Nx6, 16' Island Mist Grooved, Trex Transcend Lineage Decking, 543144416",1NX6-16' ISLAND MIST GROOVED - TREX,Trex 543144416 1Nx6-16' Island Mist Grooved - Trex Transcend Lineage Decking,"TREX, 1nx6-16' Island Mist Grooved - Trex Transcend Lineage Decking, Part Number: 543144416",Trex 543144416 1Nx6-16' Island Mist Grooved - Trex Transcend Lineage Decking,"TREX, 1nx6-16' Island Mist Grooved - Trex Transcend Lineage Decking, Part Number: 543144416",,,,,,,,,,,,,,,,,,,,,,,,,,,,,,,,,,,,,,,,,,,,,,,,,,,,,,,,,,,,,,,,,,,,,,,,,,,,,,,,,,,,,,,,,,,,,,,,,,,,,,,,,,,,,,,,,,,,,,,,,,,,,,,,,,,,,,,,,,,,,,,,,,,,,,,,,,,,,,,,,,,,,,,,,,,,,,,,,,,,,,,,,,,,,,,,,,,,,,,,,,,,,,,,,,,,,,,,,,,,,,,
,,,,,,543144420,,,,543144420,543144420,1nx6-20' Island Mist Grooved - Trex Transcend Lineage Decking,TREX,,,U S Lumber (3073),TREX,TREX,,543144420,,,"Trex, 1Nx6, 20' Island Mist Grooved, Trex Transcend Lineage Decking, 543144420",1NX6-20' ISLAND MIST GROOVED - TREX,Trex 543144420 1Nx6-20' Island Mist Grooved - Trex Transcend Lineage Decking,"TREX, 1nx6-20' Island Mist Grooved - Trex Transcend Lineage Decking, Part Number: 543144420",Trex 543144420 1Nx6-20' Island Mist Grooved - Trex Transcend Lineage Decking,"TREX, 1nx6-20' Island Mist Grooved - Trex Transcend Lineage Decking, Part Number: 543144420",,,,,,,,,,,,,,,,,,,,,,,,,,,,,,,,,,,,,,,,,,,,,,,,,,,,,,,,,,,,,,,,,,,,,,,,,,,,,,,,,,,,,,,,,,,,,,,,,,,,,,,,,,,,,,,,,,,,,,,,,,,,,,,,,,,,,,,,,,,,,,,,,,,,,,,,,,,,,,,,,,,,,,,,,,,,,,,,,,,,,,,,,,,,,,,,,,,,,,,,,,,,,,,,,,,,,,,,,,,,,,,
,,,,,,543143412,,,,543143412,543143412,1nx6-12' Jasper Grooved - Trex Transcend Lineage Decking,TREX,,,U S Lumber (3073),TREX,TREX,,543143412,,,"Trex, 1Nx6, 12' Jasper Grooved, Trex Transcend Lineage Decking, 543143412",1NX6-12' JASPER GROOVED - TREX,Trex 543143412 1Nx6-12' Jasper Grooved - Trex Transcend Lineage Decking,"TREX, 1nx6-12' Jasper Grooved - Trex Transcend Lineage Decking, Part Number: 543143412",Trex 543143412 1Nx6-12' Jasper Grooved - Trex Transcend Lineage Decking,"TREX, 1nx6-12' Jasper Grooved - Trex Transcend Lineage Decking, Part Number: 543143412",,,,,,,,,,,,,,,,,,,,,,,,,,,,,,,,,,,,,,,,,,,,,,,,,,,,,,,,,,,,,,,,,,,,,,,,,,,,,,,,,,,,,,,,,,,,,,,,,,,,,,,,,,,,,,,,,,,,,,,,,,,,,,,,,,,,,,,,,,,,,,,,,,,,,,,,,,,,,,,,,,,,,,,,,,,,,,,,,,,,,,,,,,,,,,,,,,,,,,,,,,,,,,,,,,,,,,,,,,,,,,,
,,,,,,543143416,,,,543143416,543143416,1nx6-16' Jasper Grooved - Trex Transcend Lineage Decking,TREX,,,U S Lumber (3073),TREX,TREX,,543143416,,,"Trex, 1Nx6, 16' Jasper Grooved, Trex Transcend Lineage Decking, 543143416",1NX6-16' JASPER GROOVED - TREX,Trex 543143416 1Nx6-16' Jasper Grooved - Trex Transcend Lineage Decking,"TREX, 1nx6-16' Jasper Grooved - Trex Transcend Lineage Decking, Part Number: 543143416",Trex 543143416 1Nx6-16' Jasper Grooved - Trex Transcend Lineage Decking,"TREX, 1nx6-16' Jasper Grooved - Trex Transcend Lineage Decking, Part Number: 543143416",,,,,,,,,,,,,,,,,,,,,,,,,,,,,,,,,,,,,,,,,,,,,,,,,,,,,,,,,,,,,,,,,,,,,,,,,,,,,,,,,,,,,,,,,,,,,,,,,,,,,,,,,,,,,,,,,,,,,,,,,,,,,,,,,,,,,,,,,,,,,,,,,,,,,,,,,,,,,,,,,,,,,,,,,,,,,,,,,,,,,,,,,,,,,,,,,,,,,,,,,,,,,,,,,,,,,,,,,,,,,,,
,,,,,,543143420,,,,543143420,543143420,1nx6-20' Jasper Grooved - Trex Transcend Lineage Decking,TREX,,,U S Lumber (3073),TREX,TREX,,543143420,,,"Trex, 1Nx6, 20' Jasper Grooved, Trex Transcend Lineage Decking, 543143420",1NX6-20' JASPER GROOVED - TREX,Trex 543143420 1Nx6-20' Jasper Grooved - Trex Transcend Lineage Decking,"TREX, 1nx6-20' Jasper Grooved - Trex Transcend Lineage Decking, Part Number: 543143420",Trex 543143420 1Nx6-20' Jasper Grooved - Trex Transcend Lineage Decking,"TREX, 1nx6-20' Jasper Grooved - Trex Transcend Lineage Decking, Part Number: 543143420",,,,,,,,,,,,,,,,,,,,,,,,,,,,,,,,,,,,,,,,,,,,,,,,,,,,,,,,,,,,,,,,,,,,,,,,,,,,,,,,,,,,,,,,,,,,,,,,,,,,,,,,,,,,,,,,,,,,,,,,,,,,,,,,,,,,,,,,,,,,,,,,,,,,,,,,,,,,,,,,,,,,,,,,,,,,,,,,,,,,,,,,,,,,,,,,,,,,,,,,,,,,,,,,,,,,,,,,,,,,,,,
,,,,,,543141412,,,,543141412,543141412,1nx6-12' Rainier Grooved - Trex Transcend Lineage Decking,TREX,,,U S Lumber (3073),TREX,TREX,,543141412,,,"Trex, 1Nx6, 12' Rainier Grooved, Trex Transcend Lineage Decking, 543141412",1NX6-12' RAINIER GROOVED - TREX,Trex 543141412 1Nx6-12' Rainier Grooved - Trex Transcend Lineage Decking,"TREX, 1nx6-12' Rainier Grooved - Trex Transcend Lineage Decking, Part Number: 543141412",Trex 543141412 1Nx6-12' Rainier Grooved - Trex Transcend Lineage Decking,"TREX, 1nx6-12' Rainier Grooved - Trex Transcend Lineage Decking, Part Number: 543141412",,,,,,,,,,,,,,,,,,,,,,,,,,,,,,,,,,,,,,,,,,,,,,,,,,,,,,,,,,,,,,,,,,,,,,,,,,,,,,,,,,,,,,,,,,,,,,,,,,,,,,,,,,,,,,,,,,,,,,,,,,,,,,,,,,,,,,,,,,,,,,,,,,,,,,,,,,,,,,,,,,,,,,,,,,,,,,,,,,,,,,,,,,,,,,,,,,,,,,,,,,,,,,,,,,,,,,,,,,,,,,,
,,,,,,543141416,,,,543141416,543141416,1nx6-16' Rainier Grooved - Trex Transcend Lineage Decking,TREX,,,U S Lumber (3073),TREX,TREX,,543141416,,,"Trex, 1Nx6, 16' Rainier Grooved, Trex Transcend Lineage Decking, 543141416",1NX6-16' RAINIER GROOVED - TREX,Trex 543141416 1Nx6-16' Rainier Grooved - Trex Transcend Lineage Decking,"TREX, 1nx6-16' Rainier Grooved - Trex Transcend Lineage Decking, Part Number: 543141416",Trex 543141416 1Nx6-16' Rainier Grooved - Trex Transcend Lineage Decking,"TREX, 1nx6-16' Rainier Grooved - Trex Transcend Lineage Decking, Part Number: 543141416",,,,,,,,,,,,,,,,,,,,,,,,,,,,,,,,,,,,,,,,,,,,,,,,,,,,,,,,,,,,,,,,,,,,,,,,,,,,,,,,,,,,,,,,,,,,,,,,,,,,,,,,,,,,,,,,,,,,,,,,,,,,,,,,,,,,,,,,,,,,,,,,,,,,,,,,,,,,,,,,,,,,,,,,,,,,,,,,,,,,,,,,,,,,,,,,,,,,,,,,,,,,,,,,,,,,,,,,,,,,,,,
,,,,,,543141420,,,,543141420,543141420,1nx6-20' Rainier Grooved - Trex Transcend Lineage Decking,TREX,,,U S Lumber (3073),TREX,TREX,,543141420,,,"Trex, 1Nx6, 20' Rainier Grooved, Trex Transcend Lineage Decking, 543141420",1NX6-20' RAINIER GROOVED - TREX,Trex 543141420 1Nx6-20' Rainier Grooved - Trex Transcend Lineage Decking,"TREX, 1nx6-20' Rainier Grooved - Trex Transcend Lineage Decking, Part Number: 543141420",Trex 543141420 1Nx6-20' Rainier Grooved - Trex Transcend Lineage Decking,"TREX, 1nx6-20' Rainier Grooved - Trex Transcend Lineage Decking, Part Number: 543141420",,,,,,,,,,,,,,,,,,,,,,,,,,,,,,,,,,,,,,,,,,,,,,,,,,,,,,,,,,,,,,,,,,,,,,,,,,,,,,,,,,,,,,,,,,,,,,,,,,,,,,,,,,,,,,,,,,,,,,,,,,,,,,,,,,,,,,,,,,,,,,,,,,,,,,,,,,,,,,,,,,,,,,,,,,,,,,,,,,,,,,,,,,,,,,,,,,,,,,,,,,,,,,,,,,,,,,,,,,,,,,,
,,,,,,1513703,,,,1513703,1513703,1nx6-16' Hatteras Sq Edge - Trex Transcend Lineage Decking,TREX,,,Boise Cascade Building Materials (BOICA),TREX,TREX,,1513703,,,"Trex, 1Nx6, 16' Hatteras Sq Edge, Trex Transcend Lineage Decking, 1513703",1NX6-16' HATTERAS SQ EDGE - TREX,Trex 1513703 1Nx6-16' Hatteras Sq Edge - Trex Transcend Lineage Decking,"TREX, 1nx6-16' Hatteras Sq Edge - Trex Transcend Lineage Decking, Part Number: 1513703",Trex 1513703 1Nx6-16' Hatteras Sq Edge - Trex Transcend Lineage Decking,"TREX, 1nx6-16' Hatteras Sq Edge - Trex Transcend Lineage Decking, Part Number: 1513703",,,,,,,,,,,,,,,,,,,,,,,,,,,,,,,,,,,,,,,,,,,,,,,,,,,,,,,,,,,,,,,,,,,,,,,,,,,,,,,,,,,,,,,,,,,,,,,,,,,,,,,,,,,,,,,,,,,,,,,,,,,,,,,,,,,,,,,,,,,,,,,,,,,,,,,,,,,,,,,,,,,,,,,,,,,,,,,,,,,,,,,,,,,,,,,,,,,,,,,,,,,,,,,,,,,,,,,,,,,,,,,
,,,,,,1513704,,,,1513704,1513704,1nx6-20' Hatteras Sq Edge - Trex Transcend Lineage Decking,TREX,,,Boise Cascade Building Materials (BOICA),TREX,TREX,,1513704,,,"Trex, 1Nx6, 20' Hatteras Sq Edge, Trex Transcend Lineage Decking, 1513704",1NX6-20' HATTERAS SQ EDGE - TREX,Trex 1513704 1Nx6-20' Hatteras Sq Edge - Trex Transcend Lineage Decking,"TREX, 1nx6-20' Hatteras Sq Edge - Trex Transcend Lineage Decking, Part Number: 1513704",Trex 1513704 1Nx6-20' Hatteras Sq Edge - Trex Transcend Lineage Decking,"TREX, 1nx6-20' Hatteras Sq Edge - Trex Transcend Lineage Decking, Part Number: 1513704",,,,,,,,,,,,,,,,,,,,,,,,,,,,,,,,,,,,,,,,,,,,,,,,,,,,,,,,,,,,,,,,,,,,,,,,,,,,,,,,,,,,,,,,,,,,,,,,,,,,,,,,,,,,,,,,,,,,,,,,,,,,,,,,,,,,,,,,,,,,,,,,,,,,,,,,,,,,,,,,,,,,,,,,,,,,,,,,,,,,,,,,,,,,,,,,,,,,,,,,,,,,,,,,,,,,,,,,,,,,,,,
,,,,,,1513705,,,,1513705,1513705,1nx6-12' Hatteras Grooved - Trex Transcend Lineage Decking,TREX,,,Boise Cascade Building Materials (BOICA),TREX,TREX,,1513705,,,"Trex, 1Nx6, 12' Hatteras Grooved, Trex Transcend Lineage Decking, 1513705",1NX6-12' HATTERAS GROOVED - TREX,Trex 1513705 1Nx6-12' Hatteras Grooved - Trex Transcend Lineage Decking,"TREX, 1nx6-12' Hatteras Grooved - Trex Transcend Lineage Decking, Part Number: 1513705",Trex 1513705 1Nx6-12' Hatteras Grooved - Trex Transcend Lineage Decking,"TREX, 1nx6-12' Hatteras Grooved - Trex Transcend Lineage Decking, Part Number: 1513705",,,,,,,,,,,,,,,,,,,,,,,,,,,,,,,,,,,,,,,,,,,,,,,,,,,,,,,,,,,,,,,,,,,,,,,,,,,,,,,,,,,,,,,,,,,,,,,,,,,,,,,,,,,,,,,,,,,,,,,,,,,,,,,,,,,,,,,,,,,,,,,,,,,,,,,,,,,,,,,,,,,,,,,,,,,,,,,,,,,,,,,,,,,,,,,,,,,,,,,,,,,,,,,,,,,,,,,,,,,,,,,
,,,,,,1513706,,,,1513706,1513706,1nx6-16' Hatteras Grooved - Trex Transcend Lineage Decking,TREX,,,Boise Cascade Building Materials (BOICA),TREX,TREX,,1513706,,,"Trex, 1Nx6, 16' Hatteras Grooved, Trex Transcend Lineage Decking, 1513706",1NX6-16' HATTERAS GROOVED - TREX,Trex 1513706 1Nx6-16' Hatteras Grooved - Trex Transcend Lineage Decking,"TREX, 1nx6-16' Hatteras Grooved - Trex Transcend Lineage Decking, Part Number: 1513706",Trex 1513706 1Nx6-16' Hatteras Grooved - Trex Transcend Lineage Decking,"TREX, 1nx6-16' Hatteras Grooved - Trex Transcend Lineage Decking, Part Number: 1513706",,,,,,,,,,,,,,,,,,,,,,,,,,,,,,,,,,,,,,,,,,,,,,,,,,,,,,,,,,,,,,,,,,,,,,,,,,,,,,,,,,,,,,,,,,,,,,,,,,,,,,,,,,,,,,,,,,,,,,,,,,,,,,,,,,,,,,,,,,,,,,,,,,,,,,,,,,,,,,,,,,,,,,,,,,,,,,,,,,,,,,,,,,,,,,,,,,,,,,,,,,,,,,,,,,,,,,,,,,,,,,,
,,,,,,1513707,,,,1513707,1513707,1nx6-20' Hatteras Grooved - Trex Transcend Lineage Decking,TREX,,,Boise Cascade Building Materials (BOICA),TREX,TREX,,1513707,,,"Trex, 1Nx6, 20' Hatteras Grooved, Trex Transcend Lineage Decking, 1513707",1NX6-20' HATTERAS GROOVED - TREX,Trex 1513707 1Nx6-20' Hatteras Grooved - Trex Transcend Lineage Decking,"TREX, 1nx6-20' Hatteras Grooved - Trex Transcend Lineage Decking, Part Number: 1513707",Trex 1513707 1Nx6-20' Hatteras Grooved - Trex Transcend Lineage Decking,"TREX, 1nx6-20' Hatteras Grooved - Trex Transcend Lineage Decking, Part Number: 1513707",,,,,,,,,,,,,,,,,,,,,,,,,,,,,,,,,,,,,,,,,,,,,,,,,,,,,,,,,,,,,,,,,,,,,,,,,,,,,,,,,,,,,,,,,,,,,,,,,,,,,,,,,,,,,,,,,,,,,,,,,,,,,,,,,,,,,,,,,,,,,,,,,,,,,,,,,,,,,,,,,,,,,,,,,,,,,,,,,,,,,,,,,,,,,,,,,,,,,,,,,,,,,,,,,,,,,,,,,,,,,,,
,,,,,,1513708,,,,1513708,1513708,1nx6-16' Salt Flat Sq Edge - Trex Transcend Lineage Decking,TREX,,,Boise Cascade Building Materials (BOICA),TREX,TREX,,1513708,,,"Trex, 1Nx6, 16' Salt Flat Sq Edge, Trex Transcend Lineage Decking, 1513708",1NX6-16' SALT FLAT SQ EDGE - TREX,Trex 1513708 1Nx6-16' Salt Flat Sq Edge - Trex Transcend Lineage Decking,"TREX, 1nx6-16' Salt Flat Sq Edge - Trex Transcend Lineage Decking, Part Number: 1513708",Trex 1513708 1Nx6-16' Salt Flat Sq Edge - Trex Transcend Lineage Decking,"TREX, 1nx6-16' Salt Flat Sq Edge - Trex Transcend Lineage Decking, Part Number: 1513708",,,,,,,,,,,,,,,,,,,,,,,,,,,,,,,,,,,,,,,,,,,,,,,,,,,,,,,,,,,,,,,,,,,,,,,,,,,,,,,,,,,,,,,,,,,,,,,,,,,,,,,,,,,,,,,,,,,,,,,,,,,,,,,,,,,,,,,,,,,,,,,,,,,,,,,,,,,,,,,,,,,,,,,,,,,,,,,,,,,,,,,,,,,,,,,,,,,,,,,,,,,,,,,,,,,,,,,,,,,,,,,
,,,,,,1513709,,,,1513709,1513709,1nx6-20' Salt Flat Sq Edge - Trex Transcend Lineage Decking,TREX,,,Boise Cascade Building Materials (BOICA),TREX,TREX,,1513709,,,"Trex, 1Nx6, 20' Salt Flat Sq Edge, Trex Transcend Lineage Decking, 1513709",1NX6-20' SALT FLAT SQ EDGE - TREX,Trex 1513709 1Nx6-20' Salt Flat Sq Edge - Trex Transcend Lineage Decking,"TREX, 1nx6-20' Salt Flat Sq Edge - Trex Transcend Lineage Decking, Part Number: 1513709",Trex 1513709 1Nx6-20' Salt Flat Sq Edge - Trex Transcend Lineage Decking,"TREX, 1nx6-20' Salt Flat Sq Edge - Trex Transcend Lineage Decking, Part Number: 1513709",,,,,,,,,,,,,,,,,,,,,,,,,,,,,,,,,,,,,,,,,,,,,,,,,,,,,,,,,,,,,,,,,,,,,,,,,,,,,,,,,,,,,,,,,,,,,,,,,,,,,,,,,,,,,,,,,,,,,,,,,,,,,,,,,,,,,,,,,,,,,,,,,,,,,,,,,,,,,,,,,,,,,,,,,,,,,,,,,,,,,,,,,,,,,,,,,,,,,,,,,,,,,,,,,,,,,,,,,,,,,,,
,,,,,,1513710,,,,1513710,1513710,1nx6-12' Salt Flat Grooved - Trex Transcend Lineage Decking,TREX,,,Boise Cascade Building Materials (BOICA),TREX,TREX,,1513710,,,"Trex, 1Nx6, 12' Salt Flat Grooved, Trex Transcend Lineage Decking, 1513710",1NX6-12' SALT FLAT GROOVED - TREX,Trex 1513710 1Nx6-12' Salt Flat Grooved - Trex Transcend Lineage Decking,"TREX, 1nx6-12' Salt Flat Grooved - Trex Transcend Lineage Decking, Part Number: 1513710",Trex 1513710 1Nx6-12' Salt Flat Grooved - Trex Transcend Lineage Decking,"TREX, 1nx6-12' Salt Flat Grooved - Trex Transcend Lineage Decking, Part Number: 1513710",,,,,,,,,,,,,,,,,,,,,,,,,,,,,,,,,,,,,,,,,,,,,,,,,,,,,,,,,,,,,,,,,,,,,,,,,,,,,,,,,,,,,,,,,,,,,,,,,,,,,,,,,,,,,,,,,,,,,,,,,,,,,,,,,,,,,,,,,,,,,,,,,,,,,,,,,,,,,,,,,,,,,,,,,,,,,,,,,,,,,,,,,,,,,,,,,,,,,,,,,,,,,,,,,,,,,,,,,,,,,,,
,,,,,,1513711,,,,1513711,1513711,1nx6-16' Salt Flat Grooved - Trex Transcend Lineage Decking,TREX,,,Boise Cascade Building Materials (BOICA),TREX,TREX,,1513711,,,"Trex, 1Nx6, 16' Salt Flat Grooved, Trex Transcend Lineage Decking, 1513711",1NX6-16' SALT FLAT GROOVED - TREX,Trex 1513711 1Nx6-16' Salt Flat Grooved - Trex Transcend Lineage Decking,"TREX, 1nx6-16' Salt Flat Grooved - Trex Transcend Lineage Decking, Part Number: 1513711",Trex 1513711 1Nx6-16' Salt Flat Grooved - Trex Transcend Lineage Decking,"TREX, 1nx6-16' Salt Flat Grooved - Trex Transcend Lineage Decking, Part Number: 1513711",,,,,,,,,,,,,,,,,,,,,,,,,,,,,,,,,,,,,,,,,,,,,,,,,,,,,,,,,,,,,,,,,,,,,,,,,,,,,,,,,,,,,,,,,,,,,,,,,,,,,,,,,,,,,,,,,,,,,,,,,,,,,,,,,,,,,,,,,,,,,,,,,,,,,,,,,,,,,,,,,,,,,,,,,,,,,,,,,,,,,,,,,,,,,,,,,,,,,,,,,,,,,,,,,,,,,,,,,,,,,,,
,,,,,,1513712,,,,1513712,1513712,1nx6-20' Salt Flat Grooved - Trex Transcend Lineage Decking,TREX,,,Boise Cascade Building Materials (BOICA),TREX,TREX,,1513712,,,"Trex, 1Nx6, 20' Salt Flat Grooved, Trex Transcend Lineage Decking, 1513712",1NX6-20' SALT FLAT GROOVED - TREX,Trex 1513712 1Nx6-20' Salt Flat Grooved - Trex Transcend Lineage Decking,"TREX, 1nx6-20' Salt Flat Grooved - Trex Transcend Lineage Decking, Part Number: 1513712",Trex 1513712 1Nx6-20' Salt Flat Grooved - Trex Transcend Lineage Decking,"TREX, 1nx6-20' Salt Flat Grooved - Trex Transcend Lineage Decking, Part Number: 1513712",,,,,,,,,,,,,,,,,,,,,,,,,,,,,,,,,,,,,,,,,,,,,,,,,,,,,,,,,,,,,,,,,,,,,,,,,,,,,,,,,,,,,,,,,,,,,,,,,,,,,,,,,,,,,,,,,,,,,,,,,,,,,,,,,,,,,,,,,,,,,,,,,,,,,,,,,,,,,,,,,,,,,,,,,,,,,,,,,,,,,,,,,,,,,,,,,,,,,,,,,,,,,,,,,,,,,,,,,,,,,,,
,,,,,,1513717,,,,1513717,1513717,1nx6-16' Honey Grove Sq Edge - Trex Enhance Naturals Decking,TREX,,,Boise Cascade Building Materials (BOICA),TREX,TREX,,1513717,,,"Trex, 1Nx6, 16' Honey Grove Sq Edge, Trex Enhance Naturals Decking, 1513717",1NX6-16' HONEY GROVE SQ EDGE - TREX,Trex 1513717 1Nx6-16' Honey Grove Sq Edge - Trex Enhance Naturals Decking,"TREX, 1nx6-16' Honey Grove Sq Edge - Trex Enhance Naturals Decking, Part Number: 1513717",Trex 1513717 1Nx6-16' Honey Grove Sq Edge - Trex Enhance Naturals Decking,"TREX, 1nx6-16' Honey Grove Sq Edge - Trex Enhance Naturals Decking, Part Number: 1513717",,,,,,,,,,,,,,,,,,,,,,,,,,,,,,,,,,,,,,,,,,,,,,,,,,,,,,,,,,,,,,,,,,,,,,,,,,,,,,,,,,,,,,,,,,,,,,,,,,,,,,,,,,,,,,,,,,,,,,,,,,,,,,,,,,,,,,,,,,,,,,,,,,,,,,,,,,,,,,,,,,,,,,,,,,,,,,,,,,,,,,,,,,,,,,,,,,,,,,,,,,,,,,,,,,,,,,,,,,,,,,,
,,,,,,1513718,,,,1513718,1513718,1nx6-20' Honey Grove Sq Edge - Trex Enhance Naturals Decking,TREX,,,Boise Cascade Building Materials (BOICA),TREX,TREX,,1513718,,,"Trex, 1Nx6, 20' Honey Grove Sq Edge, Trex Enhance Naturals Decking, 1513718",1NX6-20' HONEY GROVE SQ EDGE - TREX,Trex 1513718 1Nx6-20' Honey Grove Sq Edge - Trex Enhance Naturals Decking,"TREX, 1nx6-20' Honey Grove Sq Edge - Trex Enhance Naturals Decking, Part Number: 1513718",Trex 1513718 1Nx6-20' Honey Grove Sq Edge - Trex Enhance Naturals Decking,"TREX, 1nx6-20' Honey Grove Sq Edge - Trex Enhance Naturals Decking, Part Number: 1513718",,,,,,,,,,,,,,,,,,,,,,,,,,,,,,,,,,,,,,,,,,,,,,,,,,,,,,,,,,,,,,,,,,,,,,,,,,,,,,,,,,,,,,,,,,,,,,,,,,,,,,,,,,,,,,,,,,,,,,,,,,,,,,,,,,,,,,,,,,,,,,,,,,,,,,,,,,,,,,,,,,,,,,,,,,,,,,,,,,,,,,,,,,,,,,,,,,,,,,,,,,,,,,,,,,,,,,,,,,,,,,,
,,,,,,1513719,,,,1513719,1513719,1nx6-12' Honey Grove Grooved - Trex Enhance Naturals Decking,TREX,,,Boise Cascade Building Materials (BOICA),TREX,TREX,,1513719,,,"Trex, 1Nx6, 12' Honey Grove Grooved, Trex Enhance Naturals Decking, 1513719",1NX6-12' HONEY GROVE GROOVED - TREX,Trex 1513719 1Nx6-12' Honey Grove Grooved - Trex Enhance Naturals Decking,"TREX, 1nx6-12' Honey Grove Grooved - Trex Enhance Naturals Decking, Part Number: 1513719",Trex 1513719 1Nx6-12' Honey Grove Grooved - Trex Enhance Naturals Decking,"TREX, 1nx6-12' Honey Grove Grooved - Trex Enhance Naturals Decking, Part Number: 1513719",,,,,,,,,,,,,,,,,,,,,,,,,,,,,,,,,,,,,,,,,,,,,,,,,,,,,,,,,,,,,,,,,,,,,,,,,,,,,,,,,,,,,,,,,,,,,,,,,,,,,,,,,,,,,,,,,,,,,,,,,,,,,,,,,,,,,,,,,,,,,,,,,,,,,,,,,,,,,,,,,,,,,,,,,,,,,,,,,,,,,,,,,,,,,,,,,,,,,,,,,,,,,,,,,,,,,,,,,,,,,,,
,,,,,,1513720,,,,1513720,1513720,1nx6-16' Honey Grove Grooved - Trex Enhance Naturals Decking,TREX,,,Boise Cascade Building Materials (BOICA),TREX,TREX,,1513720,,,"Trex, 1Nx6, 16' Honey Grove Grooved, Trex Enhance Naturals Decking, 1513720",1NX6-16' HONEY GROVE GROOVED - TREX,Trex 1513720 1Nx6-16' Honey Grove Grooved - Trex Enhance Naturals Decking,"TREX, 1nx6-16' Honey Grove Grooved - Trex Enhance Naturals Decking, Part Number: 1513720",Trex 1513720 1Nx6-16' Honey Grove Grooved - Trex Enhance Naturals Decking,"TREX, 1nx6-16' Honey Grove Grooved - Trex Enhance Naturals Decking, Part Number: 1513720",,,,,,,,,,,,,,,,,,,,,,,,,,,,,,,,,,,,,,,,,,,,,,,,,,,,,,,,,,,,,,,,,,,,,,,,,,,,,,,,,,,,,,,,,,,,,,,,,,,,,,,,,,,,,,,,,,,,,,,,,,,,,,,,,,,,,,,,,,,,,,,,,,,,,,,,,,,,,,,,,,,,,,,,,,,,,,,,,,,,,,,,,,,,,,,,,,,,,,,,,,,,,,,,,,,,,,,,,,,,,,,
,,,,,,1513721,,,,1513721,1513721,1nx6-20' Honey Grove Grooved - Trex Enhance Naturals Decking,TREX,,,Boise Cascade Building Materials (BOICA),TREX,TREX,,1513721,,,"Trex, 1Nx6, 20' Honey Grove Grooved, Trex Enhance Naturals Decking, 1513721",1NX6-20' HONEY GROVE GROOVED - TREX,Trex 1513721 1Nx6-20' Honey Grove Grooved - Trex Enhance Naturals Decking,"TREX, 1nx6-20' Honey Grove Grooved - Trex Enhance Naturals Decking, Part Number: 1513721",Trex 1513721 1Nx6-20' Honey Grove Grooved - Trex Enhance Naturals Decking,"TREX, 1nx6-20' Honey Grove Grooved - Trex Enhance Naturals Decking, Part Number: 1513721",,,,,,,,,,,,,,,,,,,,,,,,,,,,,,,,,,,,,,,,,,,,,,,,,,,,,,,,,,,,,,,,,,,,,,,,,,,,,,,,,,,,,,,,,,,,,,,,,,,,,,,,,,,,,,,,,,,,,,,,,,,,,,,,,,,,,,,,,,,,,,,,,,,,,,,,,,,,,,,,,,,,,,,,,,,,,,,,,,,,,,,,,,,,,,,,,,,,,,,,,,,,,,,,,,,,,,,,,,,,,,,
,,,,,,1513724,,,,1513724,1513724,1nx6-16' Tide Pool Sq Edge - Trex Enhance Basics Decking,TREX,,,Boise Cascade Building Materials (BOICA),TREX,TREX,,1513724,,,"Trex, 1Nx6, 16' Tide Pool Sq Edge, Trex Enhance Basics Decking, 1513724",1NX6-16' TIDE POOL SQ EDGE - TREX,Trex 1513724 1Nx6-16' Tide Pool Sq Edge - Trex Enhance Basics Decking,"TREX, 1nx6-16' Tide Pool Sq Edge - Trex Enhance Basics Decking, Part Number: 1513724",Trex 1513724 1Nx6-16' Tide Pool Sq Edge - Trex Enhance Basics Decking,"TREX, 1nx6-16' Tide Pool Sq Edge - Trex Enhance Basics Decking, Part Number: 1513724",,,,,,,,,,,,,,,,,,,,,,,,,,,,,,,,,,,,,,,,,,,,,,,,,,,,,,,,,,,,,,,,,,,,,,,,,,,,,,,,,,,,,,,,,,,,,,,,,,,,,,,,,,,,,,,,,,,,,,,,,,,,,,,,,,,,,,,,,,,,,,,,,,,,,,,,,,,,,,,,,,,,,,,,,,,,,,,,,,,,,,,,,,,,,,,,,,,,,,,,,,,,,,,,,,,,,,,,,,,,,,,
,,,,,,1513725,,,,1513725,1513725,1nx6-20' Tide Pool Sq Edge - Trex Enhance Basics Decking,TREX,,,Boise Cascade Building Materials (BOICA),TREX,TREX,,1513725,,,"Trex, 1Nx6, 20' Tide Pool Sq Edge, Trex Enhance Basics Decking, 1513725",1NX6-20' TIDE POOL SQ EDGE - TREX,Trex 1513725 1Nx6-20' Tide Pool Sq Edge - Trex Enhance Basics Decking,"TREX, 1nx6-20' Tide Pool Sq Edge - Trex Enhance Basics Decking, Part Number: 1513725",Trex 1513725 1Nx6-20' Tide Pool Sq Edge - Trex Enhance Basics Decking,"TREX, 1nx6-20' Tide Pool Sq Edge - Trex Enhance Basics Decking, Part Number: 1513725",,,,,,,,,,,,,,,,,,,,,,,,,,,,,,,,,,,,,,,,,,,,,,,,,,,,,,,,,,,,,,,,,,,,,,,,,,,,,,,,,,,,,,,,,,,,,,,,,,,,,,,,,,,,,,,,,,,,,,,,,,,,,,,,,,,,,,,,,,,,,,,,,,,,,,,,,,,,,,,,,,,,,,,,,,,,,,,,,,,,,,,,,,,,,,,,,,,,,,,,,,,,,,,,,,,,,,,,,,,,,,,
,,,,,,1513726,,,,1513726,1513726,1nx6-12' Tide Pool Grooved - Trex Enhance Basics Decking,TREX,,,Boise Cascade Building Materials (BOICA),TREX,TREX,,1513726,,,"Trex, 1Nx6, 12' Tide Pool Grooved, Trex Enhance Basics Decking, 1513726",1NX6-12' TIDE POOL GROOVED - TREX,Trex 1513726 1Nx6-12' Tide Pool Grooved - Trex Enhance Basics Decking,"TREX, 1nx6-12' Tide Pool Grooved - Trex Enhance Basics Decking, Part Number: 1513726",Trex 1513726 1Nx6-12' Tide Pool Grooved - Trex Enhance Basics Decking,"TREX, 1nx6-12' Tide Pool Grooved - Trex Enhance Basics Decking, Part Number: 1513726",,,,,,,,,,,,,,,,,,,,,,,,,,,,,,,,,,,,,,,,,,,,,,,,,,,,,,,,,,,,,,,,,,,,,,,,,,,,,,,,,,,,,,,,,,,,,,,,,,,,,,,,,,,,,,,,,,,,,,,,,,,,,,,,,,,,,,,,,,,,,,,,,,,,,,,,,,,,,,,,,,,,,,,,,,,,,,,,,,,,,,,,,,,,,,,,,,,,,,,,,,,,,,,,,,,,,,,,,,,,,,,
,,,,,,1513727,,,,1513727,1513727,1nx6-16' Tide Pool Grooved - Trex Enhance Basics Decking,TREX,,,Boise Cascade Building Materials (BOICA),TREX,TREX,,1513727,,,"Trex, 1Nx6, 16' Tide Pool Grooved, Trex Enhance Basics Decking, 1513727",1NX6-16' TIDE POOL GROOVED - TREX,Trex 1513727 1Nx6-16' Tide Pool Grooved - Trex Enhance Basics Decking,"TREX, 1nx6-16' Tide Pool Grooved - Trex Enhance Basics Decking, Part Number: 1513727",Trex 1513727 1Nx6-16' Tide Pool Grooved - Trex Enhance Basics Decking,"TREX, 1nx6-16' Tide Pool Grooved - Trex Enhance Basics Decking, Part Number: 1513727",,,,,,,,,,,,,,,,,,,,,,,,,,,,,,,,,,,,,,,,,,,,,,,,,,,,,,,,,,,,,,,,,,,,,,,,,,,,,,,,,,,,,,,,,,,,,,,,,,,,,,,,,,,,,,,,,,,,,,,,,,,,,,,,,,,,,,,,,,,,,,,,,,,,,,,,,,,,,,,,,,,,,,,,,,,,,,,,,,,,,,,,,,,,,,,,,,,,,,,,,,,,,,,,,,,,,,,,,,,,,,,
,,,,,,1513728,,,,1513728,1513728,1nx6-20' Tide Pool Grooved - Trex Enhance Basics Decking,TREX,,,Boise Cascade Building Materials (BOICA),TREX,TREX,,1513728,,,"Trex, 1Nx6, 20' Tide Pool Grooved, Trex Enhance Basics Decking, 1513728",1NX6-20' TIDE POOL GROOVED - TREX,Trex 1513728 1Nx6-20' Tide Pool Grooved - Trex Enhance Basics Decking,"TREX, 1nx6-20' Tide Pool Grooved - Trex Enhance Basics Decking, Part Number: 1513728",Trex 1513728 1Nx6-20' Tide Pool Grooved - Trex Enhance Basics Decking,"TREX, 1nx6-20' Tide Pool Grooved - Trex Enhance Basics Decking, Part Number: 1513728",,,,,,,,,,,,,,,,,,,,,,,,,,,,,,,,,,,,,,,,,,,,,,,,,,,,,,,,,,,,,,,,,,,,,,,,,,,,,,,,,,,,,,,,,,,,,,,,,,,,,,,,,,,,,,,,,,,,,,,,,,,,,,,,,,,,,,,,,,,,,,,,,,,,,,,,,,,,,,,,,,,,,,,,,,,,,,,,,,,,,,,,,,,,,,,,,,,,,,,,,,,,,,,,,,,,,,,,,,,,,,,
,,,,,,543076016,,,,543076016,543076016,1nx6-16' Cinnamon Cove Sq Edge - Trex Enhance Naturals Decking,TREX,,,Boise Cascade Building Materials (BOICA),TREX,TREX,,543076016,,,"Trex, 1Nx6, 16' Cinnamon Cove Sq Edge, Trex Enhance Naturals Decking, 543076016",1NX6-16' CINNAMON COVE SQ EDGE - TREX,Trex 543076016 1Nx6-16' Cinnamon Cove Sq Edge - Trex Enhance Naturals Decking,"TREX, 1nx6-16' Cinnamon Cove Sq Edge - Trex Enhance Naturals Decking, Part Number: 543076016",Trex 543076016 1Nx6-16' Cinnamon Cove Sq Edge - Trex Enhance Naturals Decking,"TREX, 1nx6-16' Cinnamon Cove Sq Edge - Trex Enhance Naturals Decking, Part Number: 543076016",,,,,,,,,,,,,,,,,,,,,,,,,,,,,,,,,,,,,,,,,,,,,,,,,,,,,,,,,,,,,,,,,,,,,,,,,,,,,,,,,,,,,,,,,,,,,,,,,,,,,,,,,,,,,,,,,,,,,,,,,,,,,,,,,,,,,,,,,,,,,,,,,,,,,,,,,,,,,,,,,,,,,,,,,,,,,,,,,,,,,,,,,,,,,,,,,,,,,,,,,,,,,,,,,,,,,,,,,,,,,,,
,,,,,,543076020,,,,543076020,543076020,1nx6-20' Cinnamon Cove Sq Edge - Trex Enhance Naturals Decking,TREX,,,Boise Cascade Building Materials (BOICA),TREX,TREX,,543076020,,,"Trex, 1Nx6, 20' Cinnamon Cove Sq Edge, Trex Enhance Naturals Decking, 543076020",1NX6-20' CINNAMON COVE SQ EDGE - TREX,Trex 543076020 1Nx6-20' Cinnamon Cove Sq Edge - Trex Enhance Naturals Decking,"TREX, 1nx6-20' Cinnamon Cove Sq Edge - Trex Enhance Naturals Decking, Part Number: 543076020",Trex 543076020 1Nx6-20' Cinnamon Cove Sq Edge - Trex Enhance Naturals Decking,"TREX, 1nx6-20' Cinnamon Cove Sq Edge - Trex Enhance Naturals Decking, Part Number: 543076020",,,,,,,,,,,,,,,,,,,,,,,,,,,,,,,,,,,,,,,,,,,,,,,,,,,,,,,,,,,,,,,,,,,,,,,,,,,,,,,,,,,,,,,,,,,,,,,,,,,,,,,,,,,,,,,,,,,,,,,,,,,,,,,,,,,,,,,,,,,,,,,,,,,,,,,,,,,,,,,,,,,,,,,,,,,,,,,,,,,,,,,,,,,,,,,,,,,,,,,,,,,,,,,,,,,,,,,,,,,,,,,
,,,,,,543076412,,,,543076412,543076412,1nx6-12' Cinnamon Cove Grooved - Trex Enhance Naturals Decking,TREX,,,Boise Cascade Building Materials (BOICA),TREX,TREX,,543076412,,,"Trex, 1Nx6, 12' Cinnamon Cove Grooved, Trex Enhance Naturals Decking, 543076412",1NX6-12' CINNAMON COVE GROOVED - TREX,Trex 543076412 1Nx6-12' Cinnamon Cove Grooved - Trex Enhance Naturals Decking,"TREX, 1nx6-12' Cinnamon Cove Grooved - Trex Enhance Naturals Decking, Part Number: 543076412",Trex 543076412 1Nx6-12' Cinnamon Cove Grooved - Trex Enhance Naturals Decking,"TREX, 1nx6-12' Cinnamon Cove Grooved - Trex Enhance Naturals Decking, Part Number: 543076412",,,,,,,,,,,,,,,,,,,,,,,,,,,,,,,,,,,,,,,,,,,,,,,,,,,,,,,,,,,,,,,,,,,,,,,,,,,,,,,,,,,,,,,,,,,,,,,,,,,,,,,,,,,,,,,,,,,,,,,,,,,,,,,,,,,,,,,,,,,,,,,,,,,,,,,,,,,,,,,,,,,,,,,,,,,,,,,,,,,,,,,,,,,,,,,,,,,,,,,,,,,,,,,,,,,,,,,,,,,,,,,
,,,,,,543076416,,,,543076416,543076416,1nx6-16' Cinnamon Cove Grooved - Trex Enhance Naturals Decking,TREX,,,Boise Cascade Building Materials (BOICA),TREX,TREX,,543076416,,,"Trex, 1Nx6, 16' Cinnamon Cove Grooved, Trex Enhance Naturals Decking, 543076416",1NX6-16' CINNAMON COVE GROOVED - TREX,Trex 543076416 1Nx6-16' Cinnamon Cove Grooved - Trex Enhance Naturals Decking,"TREX, 1nx6-16' Cinnamon Cove Grooved - Trex Enhance Naturals Decking, Part Number: 543076416",Trex 543076416 1Nx6-16' Cinnamon Cove Grooved - Trex Enhance Naturals Decking,"TREX, 1nx6-16' Cinnamon Cove Grooved - Trex Enhance Naturals Decking, Part Number: 543076416",,,,,,,,,,,,,,,,,,,,,,,,,,,,,,,,,,,,,,,,,,,,,,,,,,,,,,,,,,,,,,,,,,,,,,,,,,,,,,,,,,,,,,,,,,,,,,,,,,,,,,,,,,,,,,,,,,,,,,,,,,,,,,,,,,,,,,,,,,,,,,,,,,,,,,,,,,,,,,,,,,,,,,,,,,,,,,,,,,,,,,,,,,,,,,,,,,,,,,,,,,,,,,,,,,,,,,,,,,,,,,,
,,,,,,543076420,,,,543076420,543076420,1nx6-20' Cinnamon Cove Grooved - Trex Enhance Naturals Decking,TREX,,,Boise Cascade Building Materials (BOICA),TREX,TREX,,543076420,,,"Trex, 1Nx6, 20' Cinnamon Cove Grooved, Trex Enhance Naturals Decking, 543076420",1NX6-20' CINNAMON COVE GROOVED - TREX,Trex 543076420 1Nx6-20' Cinnamon Cove Grooved - Trex Enhance Naturals Decking,"TREX, 1nx6-20' Cinnamon Cove Grooved - Trex Enhance Naturals Decking, Part Number: 543076420",Trex 543076420 1Nx6-20' Cinnamon Cove Grooved - Trex Enhance Naturals Decking,"TREX, 1nx6-20' Cinnamon Cove Grooved - Trex Enhance Naturals Decking, Part Number: 543076420",,,,,,,,,,,,,,,,,,,,,,,,,,,,,,,,,,,,,,,,,,,,,,,,,,,,,,,,,,,,,,,,,,,,,,,,,,,,,,,,,,,,,,,,,,,,,,,,,,,,,,,,,,,,,,,,,,,,,,,,,,,,,,,,,,,,,,,,,,,,,,,,,,,,,,,,,,,,,,,,,,,,,,,,,,,,,,,,,,,,,,,,,,,,,,,,,,,,,,,,,,,,,,,,,,,,,,,,,,,,,,,
,,,,,,1516870,,,,1516870,1516870,1nx6-16' Golden Hour Sq Edge - Trex Enhance Naturals Decking,TREX,,,Boise Cascade Building Materials (BOICA),TREX,TREX,,1516870,,,"Trex, 1Nx6, 16' Golden Hour Sq Edge, Trex Enhance Naturals Decking, 1516870",1NX6-16' GOLDEN HOUR SQ EDGE - TREX,Trex 1516870 1Nx6-16' Golden Hour Sq Edge - Trex Enhance Naturals Decking,"TREX, 1nx6-16' Golden Hour Sq Edge - Trex Enhance Naturals Decking, Part Number: 1516870",Trex 1516870 1Nx6-16' Golden Hour Sq Edge - Trex Enhance Naturals Decking,"TREX, 1nx6-16' Golden Hour Sq Edge - Trex Enhance Naturals Decking, Part Number: 1516870",,,,,,,,,,,,,,,,,,,,,,,,,,,,,,,,,,,,,,,,,,,,,,,,,,,,,,,,,,,,,,,,,,,,,,,,,,,,,,,,,,,,,,,,,,,,,,,,,,,,,,,,,,,,,,,,,,,,,,,,,,,,,,,,,,,,,,,,,,,,,,,,,,,,,,,,,,,,,,,,,,,,,,,,,,,,,,,,,,,,,,,,,,,,,,,,,,,,,,,,,,,,,,,,,,,,,,,,,,,,,,,
,,,,,,1516871,,,,1516871,1516871,1nx6-20' Golden Hour Sq Edge - Trex Enhance Naturals Decking,TREX,,,Boise Cascade Building Materials (BOICA),TREX,TREX,,1516871,,,"Trex, 1Nx6, 20' Golden Hour Sq Edge, Trex Enhance Naturals Decking, 1516871",1NX6-20' GOLDEN HOUR SQ EDGE - TREX,Trex 1516871 1Nx6-20' Golden Hour Sq Edge - Trex Enhance Naturals Decking,"TREX, 1nx6-20' Golden Hour Sq Edge - Trex Enhance Naturals Decking, Part Number: 1516871",Trex 1516871 1Nx6-20' Golden Hour Sq Edge - Trex Enhance Naturals Decking,"TREX, 1nx6-20' Golden Hour Sq Edge - Trex Enhance Naturals Decking, Part Number: 1516871",,,,,,,,,,,,,,,,,,,,,,,,,,,,,,,,,,,,,,,,,,,,,,,,,,,,,,,,,,,,,,,,,,,,,,,,,,,,,,,,,,,,,,,,,,,,,,,,,,,,,,,,,,,,,,,,,,,,,,,,,,,,,,,,,,,,,,,,,,,,,,,,,,,,,,,,,,,,,,,,,,,,,,,,,,,,,,,,,,,,,,,,,,,,,,,,,,,,,,,,,,,,,,,,,,,,,,,,,,,,,,,
,,,,,,1516872,,,,1516872,1516872,1nx6-12' Golden Hour Grooved - Trex Enhance Naturals Decking,TREX,,,Boise Cascade Building Materials (BOICA),TREX,TREX,,1516872,,,"Trex, 1Nx6, 12' Golden Hour Grooved, Trex Enhance Naturals Decking, 1516872",1NX6-12' GOLDEN HOUR GROOVED - TREX,Trex 1516872 1Nx6-12' Golden Hour Grooved - Trex Enhance Naturals Decking,"TREX, 1nx6-12' Golden Hour Grooved - Trex Enhance Naturals Decking, Part Number: 1516872",Trex 1516872 1Nx6-12' Golden Hour Grooved - Trex Enhance Naturals Decking,"TREX, 1nx6-12' Golden Hour Grooved - Trex Enhance Naturals Decking, Part Number: 1516872",,,,,,,,,,,,,,,,,,,,,,,,,,,,,,,,,,,,,,,,,,,,,,,,,,,,,,,,,,,,,,,,,,,,,,,,,,,,,,,,,,,,,,,,,,,,,,,,,,,,,,,,,,,,,,,,,,,,,,,,,,,,,,,,,,,,,,,,,,,,,,,,,,,,,,,,,,,,,,,,,,,,,,,,,,,,,,,,,,,,,,,,,,,,,,,,,,,,,,,,,,,,,,,,,,,,,,,,,,,,,,,
,,,,,,1516873,,,,1516873,1516873,1nx6-16' Golden Hour Grooved - Trex Enhance Naturals Decking,TREX,,,Boise Cascade Building Materials (BOICA),TREX,TREX,,1516873,,,"Trex, 1Nx6, 16' Golden Hour Grooved, Trex Enhance Naturals Decking, 1516873",1NX6-16' GOLDEN HOUR GROOVED - TREX,Trex 1516873 1Nx6-16' Golden Hour Grooved - Trex Enhance Naturals Decking,"TREX, 1nx6-16' Golden Hour Grooved - Trex Enhance Naturals Decking, Part Number: 1516873",Trex 1516873 1Nx6-16' Golden Hour Grooved - Trex Enhance Naturals Decking,"TREX, 1nx6-16' Golden Hour Grooved - Trex Enhance Naturals Decking, Part Number: 1516873",,,,,,,,,,,,,,,,,,,,,,,,,,,,,,,,,,,,,,,,,,,,,,,,,,,,,,,,,,,,,,,,,,,,,,,,,,,,,,,,,,,,,,,,,,,,,,,,,,,,,,,,,,,,,,,,,,,,,,,,,,,,,,,,,,,,,,,,,,,,,,,,,,,,,,,,,,,,,,,,,,,,,,,,,,,,,,,,,,,,,,,,,,,,,,,,,,,,,,,,,,,,,,,,,,,,,,,,,,,,,,,
,,,,,,1516874,,,,1516874,1516874,1nx6-20' Golden Hour Grooved - Trex Enhance Naturals Decking,TREX,,,Boise Cascade Building Materials (BOICA),TREX,TREX,,1516874,,,"Trex, 1Nx6, 20' Golden Hour Grooved, Trex Enhance Naturals Decking, 1516874",1NX6-20' GOLDEN HOUR GROOVED - TREX,Trex 1516874 1Nx6-20' Golden Hour Grooved - Trex Enhance Naturals Decking,"TREX, 1nx6-20' Golden Hour Grooved - Trex Enhance Naturals Decking, Part Number: 1516874",Trex 1516874 1Nx6-20' Golden Hour Grooved - Trex Enhance Naturals Decking,"TREX, 1nx6-20' Golden Hour Grooved - Trex Enhance Naturals Decking, Part Number: 1516874",,,,,,,,,,,,,,,,,,,,,,,,,,,,,,,,,,,,,,,,,,,,,,,,,,,,,,,,,,,,,,,,,,,,,,,,,,,,,,,,,,,,,,,,,,,,,,,,,,,,,,,,,,,,,,,,,,,,,,,,,,,,,,,,,,,,,,,,,,,,,,,,,,,,,,,,,,,,,,,,,,,,,,,,,,,,,,,,,,,,,,,,,,,,,,,,,,,,,,,,,,,,,,,,,,,,,,,,,,,,,,,
,,,,,,1516879,,,,1516879,1516879,1nx6-16' Pebble Beach Sq Edge - Trex Enhance Basics Decking,TREX,,,Boise Cascade Building Materials (BOICA),TREX,TREX,,1516879,,,"Trex, 1Nx6, 16' Pebble Beach Sq Edge, Trex Enhance Basics Decking, 1516879",1NX6-16' PEBBLE BEACH SQ EDGE - TREX,Trex 1516879 1Nx6-16' Pebble Beach Sq Edge - Trex Enhance Basics Decking,"TREX, 1nx6-16' Pebble Beach Sq Edge - Trex Enhance Basics Decking, Part Number: 1516879",Trex 1516879 1Nx6-16' Pebble Beach Sq Edge - Trex Enhance Basics Decking,"TREX, 1nx6-16' Pebble Beach Sq Edge - Trex Enhance Basics Decking, Part Number: 1516879",,,,,,,,,,,,,,,,,,,,,,,,,,,,,,,,,,,,,,,,,,,,,,,,,,,,,,,,,,,,,,,,,,,,,,,,,,,,,,,,,,,,,,,,,,,,,,,,,,,,,,,,,,,,,,,,,,,,,,,,,,,,,,,,,,,,,,,,,,,,,,,,,,,,,,,,,,,,,,,,,,,,,,,,,,,,,,,,,,,,,,,,,,,,,,,,,,,,,,,,,,,,,,,,,,,,,,,,,,,,,,,
,,,,,,1516880,,,,1516880,1516880,1nx6-20' Pebble Beach Sq Edge - Trex Enhance Basics Decking,TREX,,,Boise Cascade Building Materials (BOICA),TREX,TREX,,1516880,,,"Trex, 1Nx6, 20' Pebble Beach Sq Edge, Trex Enhance Basics Decking, 1516880",1NX6-20' PEBBLE BEACH SQ EDGE - TREX,Trex 1516880 1Nx6-20' Pebble Beach Sq Edge - Trex Enhance Basics Decking,"TREX, 1nx6-20' Pebble Beach Sq Edge - Trex Enhance Basics Decking, Part Number: 1516880",Trex 1516880 1Nx6-20' Pebble Beach Sq Edge - Trex Enhance Basics Decking,"TREX, 1nx6-20' Pebble Beach Sq Edge - Trex Enhance Basics Decking, Part Number: 1516880",,,,,,,,,,,,,,,,,,,,,,,,,,,,,,,,,,,,,,,,,,,,,,,,,,,,,,,,,,,,,,,,,,,,,,,,,,,,,,,,,,,,,,,,,,,,,,,,,,,,,,,,,,,,,,,,,,,,,,,,,,,,,,,,,,,,,,,,,,,,,,,,,,,,,,,,,,,,,,,,,,,,,,,,,,,,,,,,,,,,,,,,,,,,,,,,,,,,,,,,,,,,,,,,,,,,,,,,,,,,,,,
,,,,,,1516881,,,,1516881,1516881,1nx6-12' Pebble Beach Grooved - Trex Enhance Basics Decking,TREX,,,Boise Cascade Building Materials (BOICA),TREX,TREX,,1516881,,,"Trex, 1Nx6, 12' Pebble Beach Grooved, Trex Enhance Basics Decking, 1516881",1NX6-12' PEBBLE BEACH GROOVED - TREX,Trex 1516881 1Nx6-12' Pebble Beach Grooved - Trex Enhance Basics Decking,"TREX, 1nx6-12' Pebble Beach Grooved - Trex Enhance Basics Decking, Part Number: 1516881",Trex 1516881 1Nx6-12' Pebble Beach Grooved - Trex Enhance Basics Decking,"TREX, 1nx6-12' Pebble Beach Grooved - Trex Enhance Basics Decking, Part Number: 1516881",,,,,,,,,,,,,,,,,,,,,,,,,,,,,,,,,,,,,,,,,,,,,,,,,,,,,,,,,,,,,,,,,,,,,,,,,,,,,,,,,,,,,,,,,,,,,,,,,,,,,,,,,,,,,,,,,,,,,,,,,,,,,,,,,,,,,,,,,,,,,,,,,,,,,,,,,,,,,,,,,,,,,,,,,,,,,,,,,,,,,,,,,,,,,,,,,,,,,,,,,,,,,,,,,,,,,,,,,,,,,,,
,,,,,,1516882,,,,1516882,1516882,1nx6-16' Pebble Beach Grooved - Trex Enhance Basics Decking,TREX,,,Boise Cascade Building Materials (BOICA),TREX,TREX,,1516882,,,"Trex, 1Nx6, 16' Pebble Beach Grooved, Trex Enhance Basics Decking, 1516882",1NX6-16' PEBBLE BEACH GROOVED - TREX,Trex 1516882 1Nx6-16' Pebble Beach Grooved - Trex Enhance Basics Decking,"TREX, 1nx6-16' Pebble Beach Grooved - Trex Enhance Basics Decking, Part Number: 1516882",Trex 1516882 1Nx6-16' Pebble Beach Grooved - Trex Enhance Basics Decking,"TREX, 1nx6-16' Pebble Beach Grooved - Trex Enhance Basics Decking, Part Number: 1516882",,,,,,,,,,,,,,,,,,,,,,,,,,,,,,,,,,,,,,,,,,,,,,,,,,,,,,,,,,,,,,,,,,,,,,,,,,,,,,,,,,,,,,,,,,,,,,,,,,,,,,,,,,,,,,,,,,,,,,,,,,,,,,,,,,,,,,,,,,,,,,,,,,,,,,,,,,,,,,,,,,,,,,,,,,,,,,,,,,,,,,,,,,,,,,,,,,,,,,,,,,,,,,,,,,,,,,,,,,,,,,,
,,,,,,1516883,,,,1516883,1516883,1nx6-20' Pebble Beach Grooved - Trex Enhance Basics Decking,TREX,,,Boise Cascade Building Materials (BOICA),TREX,TREX,,1516883,,,"Trex, 1Nx6, 20' Pebble Beach Grooved, Trex Enhance Basics Decking, 1516883",1NX6-20' PEBBLE BEACH GROOVED - TREX,Trex 1516883 1Nx6-20' Pebble Beach Grooved - Trex Enhance Basics Decking,"TREX, 1nx6-20' Pebble Beach Grooved - Trex Enhance Basics Decking, Part Number: 1516883",Trex 1516883 1Nx6-20' Pebble Beach Grooved - Trex Enhance Basics Decking,"TREX, 1nx6-20' Pebble Beach Grooved - Trex Enhance Basics Decking, Part Number: 1516883",,,,,,,,,,,,,,,,,,,,,,,,,,,,,,,,,,,,,,,,,,,,,,,,,,,,,,,,,,,,,,,,,,,,,,,,,,,,,,,,,,,,,,,,,,,,,,,,,,,,,,,,,,,,,,,,,,,,,,,,,,,,,,,,,,,,,,,,,,,,,,,,,,,,,,,,,,,,,,,,,,,,,,,,,,,,,,,,,,,,,,,,,,,,,,,,,,,,,,,,,,,,,,,,,,,,,,,,,,,,,,,
,,,,,,543005016,,,,543005016,543005016,7/8nx6-16' Malted Barley Sq Edge - Trex Select 2.0 Decking,TREX,,,Boise Cascade Building Materials (BOICA),TREX,TREX,,543005016,,,"Trex, 7/8Nx6, 16' Malted Barley Sq Edge, Trex Select 2.0 Decking, 543005016",7/8NX6-16' MALTED BARLEY SQ EDGE - TREX,Trex 543005016 7/8Nx6-16' Malted Barley Sq Edge - Trex Select 2.0 Decking,"TREX, 7/8nx6-16' Malted Barley Sq Edge - Trex Select 2.0 Decking, Part Number: 543005016",Trex 543005016 7/8Nx6-16' Malted Barley Sq Edge - Trex Select 2.0 Decking,"TREX, 7/8nx6-16' Malted Barley Sq Edge - Trex Select 2.0 Decking, Part Number: 543005016",,,,,,,,,,,,,,,,,,,,,,,,,,,,,,,,,,,,,,,,,,,,,,,,,,,,,,,,,,,,,,,,,,,,,,,,,,,,,,,,,,,,,,,,,,,,,,,,,,,,,,,,,,,,,,,,,,,,,,,,,,,,,,,,,,,,,,,,,,,,,,,,,,,,,,,,,,,,,,,,,,,,,,,,,,,,,,,,,,,,,,,,,,,,,,,,,,,,,,,,,,,,,,,,,,,,,,,,,,,,,,,
,,,,,,543005020,,,,543005020,543005020,7/8nx6-20' Malted Barley Sq Edge - Trex Select 2.0 Decking,TREX,,,Boise Cascade Building Materials (BOICA),TREX,TREX,,543005020,,,"Trex, 7/8Nx6, 20' Malted Barley Sq Edge, Trex Select 2.0 Decking, 543005020",7/8NX6-20' MALTED BARLEY SQ EDGE - TREX,Trex 543005020 7/8Nx6-20' Malted Barley Sq Edge - Trex Select 2.0 Decking,"TREX, 7/8nx6-20' Malted Barley Sq Edge - Trex Select 2.0 Decking, Part Number: 543005020",Trex 543005020 7/8Nx6-20' Malted Barley Sq Edge - Trex Select 2.0 Decking,"TREX, 7/8nx6-20' Malted Barley Sq Edge - Trex Select 2.0 Decking, Part Number: 543005020",,,,,,,,,,,,,,,,,,,,,,,,,,,,,,,,,,,,,,,,,,,,,,,,,,,,,,,,,,,,,,,,,,,,,,,,,,,,,,,,,,,,,,,,,,,,,,,,,,,,,,,,,,,,,,,,,,,,,,,,,,,,,,,,,,,,,,,,,,,,,,,,,,,,,,,,,,,,,,,,,,,,,,,,,,,,,,,,,,,,,,,,,,,,,,,,,,,,,,,,,,,,,,,,,,,,,,,,,,,,,,,
,,,,,,543005412,,,,543005412,543005412,7/8nx6-12' Malted Barley Grooved - Trex Select 2.0 Decking,TREX,,,Boise Cascade Building Materials (BOICA),TREX,TREX,,543005412,,,"Trex, 7/8Nx6, 12' Malted Barley Grooved, Trex Select 2.0 Decking, 543005412",7/8NX6-12' MALTED BARLEY GROOVED - TREX,Trex 543005412 7/8Nx6-12' Malted Barley Grooved - Trex Select 2.0 Decking,"TREX, 7/8nx6-12' Malted Barley Grooved - Trex Select 2.0 Decking, Part Number: 543005412",Trex 543005412 7/8Nx6-12' Malted Barley Grooved - Trex Select 2.0 Decking,"TREX, 7/8nx6-12' Malted Barley Grooved - Trex Select 2.0 Decking, Part Number: 543005412",,,,,,,,,,,,,,,,,,,,,,,,,,,,,,,,,,,,,,,,,,,,,,,,,,,,,,,,,,,,,,,,,,,,,,,,,,,,,,,,,,,,,,,,,,,,,,,,,,,,,,,,,,,,,,,,,,,,,,,,,,,,,,,,,,,,,,,,,,,,,,,,,,,,,,,,,,,,,,,,,,,,,,,,,,,,,,,,,,,,,,,,,,,,,,,,,,,,,,,,,,,,,,,,,,,,,,,,,,,,,,,
,,,,,,543005416,,,,543005416,543005416,7/8nx6-16' Malted Barley Grooved - Trex Select 2.0 Decking,TREX,,,Boise Cascade Building Materials (BOICA),TREX,TREX,,543005416,,,"Trex, 7/8Nx6, 16' Malted Barley Grooved, Trex Select 2.0 Decking, 543005416",7/8NX6-16' MALTED BARLEY GROOVED - TREX,Trex 543005416 7/8Nx6-16' Malted Barley Grooved - Trex Select 2.0 Decking,"TREX, 7/8nx6-16' Malted Barley Grooved - Trex Select 2.0 Decking, Part Number: 543005416",Trex 543005416 7/8Nx6-16' Malted Barley Grooved - Trex Select 2.0 Decking,"TREX, 7/8nx6-16' Malted Barley Grooved - Trex Select 2.0 Decking, Part Number: 543005416",,,,,,,,,,,,,,,,,,,,,,,,,,,,,,,,,,,,,,,,,,,,,,,,,,,,,,,,,,,,,,,,,,,,,,,,,,,,,,,,,,,,,,,,,,,,,,,,,,,,,,,,,,,,,,,,,,,,,,,,,,,,,,,,,,,,,,,,,,,,,,,,,,,,,,,,,,,,,,,,,,,,,,,,,,,,,,,,,,,,,,,,,,,,,,,,,,,,,,,,,,,,,,,,,,,,,,,,,,,,,,,
,,,,,,543005420,,,,543005420,543005420,7/8nx6-20' Malted Barley Grooved - Trex Select 2.0 Decking,TREX,,,Boise Cascade Building Materials (BOICA),TREX,TREX,,543005420,,,"Trex, 7/8Nx6, 20' Malted Barley Grooved, Trex Select 2.0 Decking, 543005420",7/8NX6-20' MALTED BARLEY GROOVED - TREX,Trex 543005420 7/8Nx6-20' Malted Barley Grooved - Trex Select 2.0 Decking,"TREX, 7/8nx6-20' Malted Barley Grooved - Trex Select 2.0 Decking, Part Number: 543005420",Trex 543005420 7/8Nx6-20' Malted Barley Grooved - Trex Select 2.0 Decking,"TREX, 7/8nx6-20' Malted Barley Grooved - Trex Select 2.0 Decking, Part Number: 543005420",,,,,,,,,,,,,,,,,,,,,,,,,,,,,,,,,,,,,,,,,,,,,,,,,,,,,,,,,,,,,,,,,,,,,,,,,,,,,,,,,,,,,,,,,,,,,,,,,,,,,,,,,,,,,,,,,,,,,,,,,,,,,,,,,,,,,,,,,,,,,,,,,,,,,,,,,,,,,,,,,,,,,,,,,,,,,,,,,,,,,,,,,,,,,,,,,,,,,,,,,,,,,,,,,,,,,,,,,,,,,,,
,,,,,,1516891,,,,1516891,1516891,7/8nx6-16' Millstone Sq Edge - Trex Select 2.0 Decking,TREX,,,Boise Cascade Building Materials (BOICA),TREX,TREX,,1516891,,,"Trex, 7/8Nx6, 16' Millstone Sq Edge, Trex Select 2.0 Decking, 1516891",7/8NX6-16' MILLSTONE SQ EDGE - TREX,Trex 1516891 7/8Nx6-16' Millstone Sq Edge - Trex Select 2.0 Decking,"TREX, 7/8nx6-16' Millstone Sq Edge - Trex Select 2.0 Decking, Part Number: 1516891",Trex 1516891 7/8Nx6-16' Millstone Sq Edge - Trex Select 2.0 Decking,"TREX, 7/8nx6-16' Millstone Sq Edge - Trex Select 2.0 Decking, Part Number: 1516891",,,,,,,,,,,,,,,,,,,,,,,,,,,,,,,,,,,,,,,,,,,,,,,,,,,,,,,,,,,,,,,,,,,,,,,,,,,,,,,,,,,,,,,,,,,,,,,,,,,,,,,,,,,,,,,,,,,,,,,,,,,,,,,,,,,,,,,,,,,,,,,,,,,,,,,,,,,,,,,,,,,,,,,,,,,,,,,,,,,,,,,,,,,,,,,,,,,,,,,,,,,,,,,,,,,,,,,,,,,,,,,
,,,,,,1516892,,,,1516892,1516892,7/8nx6-20' Millstone Sq Edge -Trex Select 2.0 Decking,TREX,,,Boise Cascade Building Materials (BOICA),TREX,TREX,,1516892,,,"Trex, 7/8Nx6, 20' Millstone Sq Edge, Trex Select 2.0 Decking, 1516892",7/8NX6-20' MILLSTONE SQ EDGE -TREX,Trex 1516892 7/8Nx6-20' Millstone Sq Edge -Trex Select 2.0 Decking,"TREX, 7/8nx6-20' Millstone Sq Edge -Trex Select 2.0 Decking, Part Number: 1516892",Trex 1516892 7/8Nx6-20' Millstone Sq Edge -Trex Select 2.0 Decking,"TREX, 7/8nx6-20' Millstone Sq Edge -Trex Select 2.0 Decking, Part Number: 1516892",,,,,,,,,,,,,,,,,,,,,,,,,,,,,,,,,,,,,,,,,,,,,,,,,,,,,,,,,,,,,,,,,,,,,,,,,,,,,,,,,,,,,,,,,,,,,,,,,,,,,,,,,,,,,,,,,,,,,,,,,,,,,,,,,,,,,,,,,,,,,,,,,,,,,,,,,,,,,,,,,,,,,,,,,,,,,,,,,,,,,,,,,,,,,,,,,,,,,,,,,,,,,,,,,,,,,,,,,,,,,,,
,,,,,,1516893,,,,1516893,1516893,7/8nx6-12' Millstone Grooved - Trex Select 2.0 Decking,TREX,,,Boise Cascade Building Materials (BOICA),TREX,TREX,,1516893,,,"Trex, 7/8Nx6, 12' Millstone Grooved, Trex Select 2.0 Decking, 1516893",7/8NX6-12' MILLSTONE GROOVED - TREX,Trex 1516893 7/8Nx6-12' Millstone Grooved - Trex Select 2.0 Decking,"TREX, 7/8nx6-12' Millstone Grooved - Trex Select 2.0 Decking, Part Number: 1516893",Trex 1516893 7/8Nx6-12' Millstone Grooved - Trex Select 2.0 Decking,"TREX, 7/8nx6-12' Millstone Grooved - Trex Select 2.0 Decking, Part Number: 1516893",,,,,,,,,,,,,,,,,,,,,,,,,,,,,,,,,,,,,,,,,,,,,,,,,,,,,,,,,,,,,,,,,,,,,,,,,,,,,,,,,,,,,,,,,,,,,,,,,,,,,,,,,,,,,,,,,,,,,,,,,,,,,,,,,,,,,,,,,,,,,,,,,,,,,,,,,,,,,,,,,,,,,,,,,,,,,,,,,,,,,,,,,,,,,,,,,,,,,,,,,,,,,,,,,,,,,,,,,,,,,,,
,,,,,,1516894,,,,1516894,1516894,7/8nx6-16' Millstone Grooved - Trex Select 2.0 Decking,TREX,,,Boise Cascade Building Materials (BOICA),TREX,TREX,,1516894,,,"Trex, 7/8Nx6, 16' Millstone Grooved, Trex Select 2.0 Decking, 1516894",7/8NX6-16' MILLSTONE GROOVED - TREX,Trex 1516894 7/8Nx6-16' Millstone Grooved - Trex Select 2.0 Decking,"TREX, 7/8nx6-16' Millstone Grooved - Trex Select 2.0 Decking, Part Number: 1516894",Trex 1516894 7/8Nx6-16' Millstone Grooved - Trex Select 2.0 Decking,"TREX, 7/8nx6-16' Millstone Grooved - Trex Select 2.0 Decking, Part Number: 1516894",,,,,,,,,,,,,,,,,,,,,,,,,,,,,,,,,,,,,,,,,,,,,,,,,,,,,,,,,,,,,,,,,,,,,,,,,,,,,,,,,,,,,,,,,,,,,,,,,,,,,,,,,,,,,,,,,,,,,,,,,,,,,,,,,,,,,,,,,,,,,,,,,,,,,,,,,,,,,,,,,,,,,,,,,,,,,,,,,,,,,,,,,,,,,,,,,,,,,,,,,,,,,,,,,,,,,,,,,,,,,,,
,,,,,,1516895,,,,1516895,1516895,7/8nx6-20' Millstone Grooved - Trex Select 2.0 Decking,TREX,,,Boise Cascade Building Materials (BOICA),TREX,TREX,,1516895,,,"Trex, 7/8Nx6, 20' Millstone Grooved, Trex Select 2.0 Decking, 1516895",7/8NX6-20' MILLSTONE GROOVED - TREX,Trex 1516895 7/8Nx6-20' Millstone Grooved - Trex Select 2.0 Decking,"TREX, 7/8nx6-20' Millstone Grooved - Trex Select 2.0 Decking, Part Number: 1516895",Trex 1516895 7/8Nx6-20' Millstone Grooved - Trex Select 2.0 Decking,"TREX, 7/8nx6-20' Millstone Grooved - Trex Select 2.0 Decking, Part Number: 1516895",,,,,,,,,,,,,,,,,,,,,,,,,,,,,,,,,,,,,,,,,,,,,,,,,,,,,,,,,,,,,,,,,,,,,,,,,,,,,,,,,,,,,,,,,,,,,,,,,,,,,,,,,,,,,,,,,,,,,,,,,,,,,,,,,,,,,,,,,,,,,,,,,,,,,,,,,,,,,,,,,,,,,,,,,,,,,,,,,,,,,,,,,,,,,,,,,,,,,,,,,,,,,,,,,,,,,,,,,,,,,,,
,,,,,,543007016,,,,543007016,543007016,7/8nx6-16' Whiskey Barrel Sq Edge - Trex Select 2.0 Decking,TREX,,,Boise Cascade Building Materials (BOICA),TREX,TREX,,543007016,,,"Trex, 7/8Nx6, 16' Whiskey Barrel Sq Edge, Trex Select 2.0 Decking, 543007016",7/8NX6-16' WHISKEY BARREL SQ EDGE -,Trex 543007016 7/8Nx6-16' Whiskey Barrel Sq Edge - Trex Select 2.0 Decking,"TREX, 7/8nx6-16' Whiskey Barrel Sq Edge - Trex Select 2.0 Decking, Part Number: 543007016",Trex 543007016 7/8Nx6-16' Whiskey Barrel Sq Edge - Trex Select 2.0 Decking,"TREX, 7/8nx6-16' Whiskey Barrel Sq Edge - Trex Select 2.0 Decking, Part Number: 543007016",,,,,,,,,,,,,,,,,,,,,,,,,,,,,,,,,,,,,,,,,,,,,,,,,,,,,,,,,,,,,,,,,,,,,,,,,,,,,,,,,,,,,,,,,,,,,,,,,,,,,,,,,,,,,,,,,,,,,,,,,,,,,,,,,,,,,,,,,,,,,,,,,,,,,,,,,,,,,,,,,,,,,,,,,,,,,,,,,,,,,,,,,,,,,,,,,,,,,,,,,,,,,,,,,,,,,,,,,,,,,,,
,,,,,,543007020,,,,543007020,543007020,7/8nx6-20' Whiskey Barrel Sq Edge - Trex Select 2.0 Decking,TREX,,,Boise Cascade Building Materials (BOICA),TREX,TREX,,543007020,,,"Trex, 7/8Nx6, 20' Whiskey Barrel Sq Edge, Trex Select 2.0 Decking, 543007020",7/8NX6-20' WHISKEY BARREL SQ EDGE -,Trex 543007020 7/8Nx6-20' Whiskey Barrel Sq Edge - Trex Select 2.0 Decking,"TREX, 7/8nx6-20' Whiskey Barrel Sq Edge - Trex Select 2.0 Decking, Part Number: 543007020",Trex 543007020 7/8Nx6-20' Whiskey Barrel Sq Edge - Trex Select 2.0 Decking,"TREX, 7/8nx6-20' Whiskey Barrel Sq Edge - Trex Select 2.0 Decking, Part Number: 543007020",,,,,,,,,,,,,,,,,,,,,,,,,,,,,,,,,,,,,,,,,,,,,,,,,,,,,,,,,,,,,,,,,,,,,,,,,,,,,,,,,,,,,,,,,,,,,,,,,,,,,,,,,,,,,,,,,,,,,,,,,,,,,,,,,,,,,,,,,,,,,,,,,,,,,,,,,,,,,,,,,,,,,,,,,,,,,,,,,,,,,,,,,,,,,,,,,,,,,,,,,,,,,,,,,,,,,,,,,,,,,,,
,,,,,,543007412,,,,543007412,543007412,7/8nx6-12' Whiskey Barrel Grooved - Trex Select 2.0 Decking,TREX,,,Boise Cascade Building Materials (BOICA),TREX,TREX,,543007412,,,"Trex, 7/8Nx6, 12' Whiskey Barrel Grooved, Trex Select 2.0 Decking, 543007412",7/8NX6-12' WHISKEY BARREL GROOVED -,Trex 543007412 7/8Nx6-12' Whiskey Barrel Grooved - Trex Select 2.0 Decking,"TREX, 7/8nx6-12' Whiskey Barrel Grooved - Trex Select 2.0 Decking, Part Number: 543007412",Trex 543007412 7/8Nx6-12' Whiskey Barrel Grooved - Trex Select 2.0 Decking,"TREX, 7/8nx6-12' Whiskey Barrel Grooved - Trex Select 2.0 Decking, Part Number: 543007412",,,,,,,,,,,,,,,,,,,,,,,,,,,,,,,,,,,,,,,,,,,,,,,,,,,,,,,,,,,,,,,,,,,,,,,,,,,,,,,,,,,,,,,,,,,,,,,,,,,,,,,,,,,,,,,,,,,,,,,,,,,,,,,,,,,,,,,,,,,,,,,,,,,,,,,,,,,,,,,,,,,,,,,,,,,,,,,,,,,,,,,,,,,,,,,,,,,,,,,,,,,,,,,,,,,,,,,,,,,,,,,
,,,,,,543007416,,,,543007416,543007416,7/8nx6-16' Whiskey Barrel Grooved - Trex Select 2.0 Decking,TREX,,,Boise Cascade Building Materials (BOICA),TREX,TREX,,543007416,,,"Trex, 7/8Nx6, 16' Whiskey Barrel Grooved, Trex Select 2.0 Decking, 543007416",7/8NX6-16' WHISKEY BARREL GROOVED -,Trex 543007416 7/8Nx6-16' Whiskey Barrel Grooved - Trex Select 2.0 Decking,"TREX, 7/8nx6-16' Whiskey Barrel Grooved - Trex Select 2.0 Decking, Part Number: 543007416",Trex 543007416 7/8Nx6-16' Whiskey Barrel Grooved - Trex Select 2.0 Decking,"TREX, 7/8nx6-16' Whiskey Barrel Grooved - Trex Select 2.0 Decking, Part Number: 543007416",,,,,,,,,,,,,,,,,,,,,,,,,,,,,,,,,,,,,,,,,,,,,,,,,,,,,,,,,,,,,,,,,,,,,,,,,,,,,,,,,,,,,,,,,,,,,,,,,,,,,,,,,,,,,,,,,,,,,,,,,,,,,,,,,,,,,,,,,,,,,,,,,,,,,,,,,,,,,,,,,,,,,,,,,,,,,,,,,,,,,,,,,,,,,,,,,,,,,,,,,,,,,,,,,,,,,,,,,,,,,,,
,,,,,,543007420,,,,543007420,543007420,7/8nx6-20' Whiskey Barrel Grooved - Trex Select 2.0 Decking,TREX,,,Boise Cascade Building Materials (BOICA),TREX,TREX,,543007420,,,"Trex, 7/8Nx6, 20' Whiskey Barrel Grooved, Trex Select 2.0 Decking, 543007420",7/8NX6-20' WHISKEY BARREL GROOVED -,Trex 543007420 7/8Nx6-20' Whiskey Barrel Grooved - Trex Select 2.0 Decking,"TREX, 7/8nx6-20' Whiskey Barrel Grooved - Trex Select 2.0 Decking, Part Number: 543007420",Trex 543007420 7/8Nx6-20' Whiskey Barrel Grooved - Trex Select 2.0 Decking,"TREX, 7/8nx6-20' Whiskey Barrel Grooved - Trex Select 2.0 Decking, Part Number: 543007420",,,,,,,,,,,,,,,,,,,,,,,,,,,,,,,,,,,,,,,,,,,,,,,,,,,,,,,,,,,,,,,,,,,,,,,,,,,,,,,,,,,,,,,,,,,,,,,,,,,,,,,,,,,,,,,,,,,,,,,,,,,,,,,,,,,,,,,,,,,,,,,,,,,,,,,,,,,,,,,,,,,,,,,,,,,,,,,,,,,,,,,,,,,,,,,,,,,,,,,,,,,,,,,,,,,,,,,,,,,,,,,
,,,,,,ADR5117512CS,,,,ADR5117512CS,ADR5117512CS,1x12-12' Coastline - Vintage Azek PVC Fascia,TIMBERTECH,,,Parksite (6151),TIMBERTECH,TIMBERTECH,,ADR5117512CS,,,"Timbertech, 1X12, 12' Coastline, Vintage Azek Pvc Fascia, Adr5117512Cs",1X12-12' COASTLINE - VINTAGE AZEK PVC,Timbertech Adr5117512Cs 1X12-12' Coastline - Vintage Azek Pvc Fascia,"TIMBERTECH, 1x12-12' Coastline - Vintage Azek PVC Fascia, Part Number: ADR5117512CS",Timbertech Adr5117512Cs 1X12-12' Coastline - Vintage Azek Pvc Fascia,"TIMBERTECH, 1x12-12' Coastline - Vintage Azek PVC Fascia, Part Number: ADR5117512CS",,,,,,,,,,,,,,,,,,,,,,,,,,,,,,,,,,,,,,,,,,,,,,,,,,,,,,,,,,,,,,,,,,,,,,,,,,,,,,,,,,,,,,,,,,,,,,,,,,,,,,,,,,,,,,,,,,,,,,,,,,,,,,,,,,,,,,,,,,,,,,,,,,,,,,,,,,,,,,,,,,,,,,,,,,,,,,,,,,,,,,,,,,,,,,,,,,,,,,,,,,,,,,,,,,,,,,,,,,,,,,,
,,,,,,ADR5117512MH,,,,ADR5117512MH,ADR5117512MH,1x12-12' Mahogany - Vintage Azek PVC Fascia,TIMBERTECH,,,Parksite (6151),TIMBERTECH,TIMBERTECH,,ADR5117512MH,,,"Timbertech, 1X12, 12' Mahogany, Vintage Azek Pvc Fascia, Adr5117512Mh",1X12-12' MAHOGANY - VINTAGE AZEK PVC,Timbertech Adr5117512Mh 1X12-12' Mahogany - Vintage Azek Pvc Fascia,"TIMBERTECH, 1x12-12' Mahogany - Vintage Azek PVC Fascia, Part Number: ADR5117512MH",Timbertech Adr5117512Mh 1X12-12' Mahogany - Vintage Azek Pvc Fascia,"TIMBERTECH, 1x12-12' Mahogany - Vintage Azek PVC Fascia, Part Number: ADR5117512MH",,,,,,,,,,,,,,,,,,,,,,,,,,,,,,,,,,,,,,,,,,,,,,,,,,,,,,,,,,,,,,,,,,,,,,,,,,,,,,,,,,,,,,,,,,,,,,,,,,,,,,,,,,,,,,,,,,,,,,,,,,,,,,,,,,,,,,,,,,,,,,,,,,,,,,,,,,,,,,,,,,,,,,,,,,,,,,,,,,,,,,,,,,,,,,,,,,,,,,,,,,,,,,,,,,,,,,,,,,,,,,,
,,,,,,ADR5117512WT,,,,ADR5117512WT,ADR5117512WT,1x12-12' Weathered Teak - Vintage Azek PVC Fascia,TIMBERTECH,,,Parksite (6151),TIMBERTECH,TIMBERTECH,,ADR5117512WT,,,"Timbertech, 1X12, 12' Weathered Teak, Vintage Azek Pvc Fascia, Adr5117512Wt",1X12-12' WEATHERED TEAK - VINTAGE AZEK,Timbertech Adr5117512Wt 1X12-12' Weathered Teak - Vintage Azek Pvc Fascia,"TIMBERTECH, 1x12-12' Weathered Teak - Vintage Azek PVC Fascia, Part Number: ADR5117512WT",Timbertech Adr5117512Wt 1X12-12' Weathered Teak - Vintage Azek Pvc Fascia,"TIMBERTECH, 1x12-12' Weathered Teak - Vintage Azek PVC Fascia, Part Number: ADR5117512WT",,,,,,,,,,,,,,,,,,,,,,,,,,,,,,,,,,,,,,,,,,,,,,,,,,,,,,,,,,,,,,,,,,,,,,,,,,,,,,,,,,,,,,,,,,,,,,,,,,,,,,,,,,,,,,,,,,,,,,,,,,,,,,,,,,,,,,,,,,,,,,,,,,,,,,,,,,,,,,,,,,,,,,,,,,,,,,,,,,,,,,,,,,,,,,,,,,,,,,,,,,,,,,,,,,,,,,,,,,,,,,,
,,,,,,ADR5117512AW,,,,ADR5117512AW,ADR5117512AW,1x12-12' American Walnut - Landmark Azek PVC Fascia,TIMBERTECH,,,Parksite (6151),TIMBERTECH,TIMBERTECH,,ADR5117512AW,,,"Timbertech, 1X12, 12' American Walnut, Landmark Azek Pvc Fascia, Adr5117512Aw",1X12-12' AMERICAN WALNUT - LANDMARK,Timbertech Adr5117512Aw 1X12-12' American Walnut - Landmark Azek Pvc Fascia,"TIMBERTECH, 1x12-12' American Walnut - Landmark Azek PVC Fascia, Part Number: ADR5117512AW",Timbertech Adr5117512Aw 1X12-12' American Walnut - Landmark Azek Pvc Fascia,"TIMBERTECH, 1x12-12' American Walnut - Landmark Azek PVC Fascia, Part Number: ADR5117512AW",,,,,,,,,,,,,,,,,,,,,,,,,,,,,,,,,,,,,,,,,,,,,,,,,,,,,,,,,,,,,,,,,,,,,,,,,,,,,,,,,,,,,,,,,,,,,,,,,,,,,,,,,,,,,,,,,,,,,,,,,,,,,,,,,,,,,,,,,,,,,,,,,,,,,,,,,,,,,,,,,,,,,,,,,,,,,,,,,,,,,,,,,,,,,,,,,,,,,,,,,,,,,,,,,,,,,,,,,,,,,,,
,,,,,,ADR5117512CG,,,,ADR5117512CG,ADR5117512CG,1x12-12' Castle Gate - Landmark Azek PVC Fascia,TIMBERTECH,,,Parksite (6151),TIMBERTECH,TIMBERTECH,,ADR5117512CG,,,"Timbertech, 1X12, 12' Castle Gate, Landmark Azek Pvc Fascia, Adr5117512Cg",1X12-12' CASTLE GATE - LANDMARK AZEK,Timbertech Adr5117512Cg 1X12-12' Castle Gate - Landmark Azek Pvc Fascia,"TIMBERTECH, 1x12-12' Castle Gate - Landmark Azek PVC Fascia, Part Number: ADR5117512CG",Timbertech Adr5117512Cg 1X12-12' Castle Gate - Landmark Azek Pvc Fascia,"TIMBERTECH, 1x12-12' Castle Gate - Landmark Azek PVC Fascia, Part Number: ADR5117512CG",,,,,,,,,,,,,,,,,,,,,,,,,,,,,,,,,,,,,,,,,,,,,,,,,,,,,,,,,,,,,,,,,,,,,,,,,,,,,,,,,,,,,,,,,,,,,,,,,,,,,,,,,,,,,,,,,,,,,,,,,,,,,,,,,,,,,,,,,,,,,,,,,,,,,,,,,,,,,,,,,,,,,,,,,,,,,,,,,,,,,,,,,,,,,,,,,,,,,,,,,,,,,,,,,,,,,,,,,,,,,,,
,,,,,,ADR5117512FW,,,,ADR5117512FW,ADR5117512FW,1x12-12' French White Oak - Landmark Azek PVC Fascia,TIMBERTECH,,,Parksite (6151),TIMBERTECH,TIMBERTECH,,ADR5117512FW,,,"Timbertech, 1X12, 12' French White Oak, Landmark Azek Pvc Fascia, Adr5117512Fw",1X12-12' FRENCH WHITE OAK - LANDMARK,Timbertech Adr5117512Fw 1X12-12' French White Oak - Landmark Azek Pvc Fascia,"TIMBERTECH, 1x12-12' French White Oak - Landmark Azek PVC Fascia, Part Number: ADR5117512FW",Timbertech Adr5117512Fw 1X12-12' French White Oak - Landmark Azek Pvc Fascia,"TIMBERTECH, 1x12-12' French White Oak - Landmark Azek PVC Fascia, Part Number: ADR5117512FW",,,,,,,,,,,,,,,,,,,,,,,,,,,,,,,,,,,,,,,,,,,,,,,,,,,,,,,,,,,,,,,,,,,,,,,,,,,,,,,,,,,,,,,,,,,,,,,,,,,,,,,,,,,,,,,,,,,,,,,,,,,,,,,,,,,,,,,,,,,,,,,,,,,,,,,,,,,,,,,,,,,,,,,,,,,,,,,,,,,,,,,,,,,,,,,,,,,,,,,,,,,,,,,,,,,,,,,,,,,,,,,
,,,,,,1508395,,,,1508395,1508395,1x8-12' Brownstone - Harvest Azek PVC Fascia,TIMBERTECH,,,Parksite (6151),TIMBERTECH,TIMBERTECH,,1508395,,,"Timbertech, 1X8, 12' Brownstone, Harvest Azek Pvc Fascia, 1508395",1X8-12' BROWNSTONE - HARVEST AZEK PVC,Timbertech 1508395 1X8-12' Brownstone - Harvest Azek Pvc Fascia,"TIMBERTECH, 1x8-12' Brownstone - Harvest Azek PVC Fascia, Part Number: 1508395",Timbertech 1508395 1X8-12' Brownstone - Harvest Azek Pvc Fascia,"TIMBERTECH, 1x8-12' Brownstone - Harvest Azek PVC Fascia, Part Number: 1508395",,,,,,,,,,,,,,,,,,,,,,,,,,,,,,,,,,,,,,,,,,,,,,,,,,,,,,,,,,,,,,,,,,,,,,,,,,,,,,,,,,,,,,,,,,,,,,,,,,,,,,,,,,,,,,,,,,,,,,,,,,,,,,,,,,,,,,,,,,,,,,,,,,,,,,,,,,,,,,,,,,,,,,,,,,,,,,,,,,,,,,,,,,,,,,,,,,,,,,,,,,,,,,,,,,,,,,,,,,,,,,,
,,,,,,1508396,,,,1508396,1508396,1x8-12' Slate Gray - Harvest Azek PVC Fascia,TIMBERTECH,,,Parksite (6151),TIMBERTECH,TIMBERTECH,,1508396,,,"Timbertech, 1X8, 12' Slate Gray, Harvest Azek Pvc Fascia, 1508396",1X8-12' SLATE GRAY - HARVEST AZEK PVC,Timbertech 1508396 1X8-12' Slate Gray - Harvest Azek Pvc Fascia,"TIMBERTECH, 1x8-12' Slate Gray - Harvest Azek PVC Fascia, Part Number: 1508396",Timbertech 1508396 1X8-12' Slate Gray - Harvest Azek Pvc Fascia,"TIMBERTECH, 1x8-12' Slate Gray - Harvest Azek PVC Fascia, Part Number: 1508396",,,,,,,,,,,,,,,,,,,,,,,,,,,,,,,,,,,,,,,,,,,,,,,,,,,,,,,,,,,,,,,,,,,,,,,,,,,,,,,,,,,,,,,,,,,,,,,,,,,,,,,,,,,,,,,,,,,,,,,,,,,,,,,,,,,,,,,,,,,,,,,,,,,,,,,,,,,,,,,,,,,,,,,,,,,,,,,,,,,,,,,,,,,,,,,,,,,,,,,,,,,,,,,,,,,,,,,,,,,,,,,
,,,,,,ADCR5117512BS,,,,ADCR5117512BS,ADCR5117512BS,1x12-12' Brownstone - Harvest Azek PVC Fascia,TIMBERTECH,,,Parksite (6151),TIMBERTECH,TIMBERTECH,,ADCR5117512BS,,,"Timbertech, 1X12, 12' Brownstone, Harvest Azek Pvc Fascia, Adcr5117512Bs",1X12-12' BROWNSTONE - HARVEST AZEK PVC,Timbertech Adcr5117512Bs 1X12-12' Brownstone - Harvest Azek Pvc Fascia,"TIMBERTECH, 1x12-12' Brownstone - Harvest Azek PVC Fascia, Part Number: ADCR5117512BS",Timbertech Adcr5117512Bs 1X12-12' Brownstone - Harvest Azek Pvc Fascia,"TIMBERTECH, 1x12-12' Brownstone - Harvest Azek PVC Fascia, Part Number: ADCR5117512BS",,,,,,,,,,,,,,,,,,,,,,,,,,,,,,,,,,,,,,,,,,,,,,,,,,,,,,,,,,,,,,,,,,,,,,,,,,,,,,,,,,,,,,,,,,,,,,,,,,,,,,,,,,,,,,,,,,,,,,,,,,,,,,,,,,,,,,,,,,,,,,,,,,,,,,,,,,,,,,,,,,,,,,,,,,,,,,,,,,,,,,,,,,,,,,,,,,,,,,,,,,,,,,,,,,,,,,,,,,,,,,,
,,,,,,ADCR5117512SG,,,,ADCR5117512SG,ADCR5117512SG,1x12-12' Slate Gray - Harvest Azek PVC Fascia,TIMBERTECH,,,Parksite (6151),TIMBERTECH,TIMBERTECH,,ADCR5117512SG,,,"Timbertech, 1X12, 12' Slate Gray, Harvest Azek Pvc Fascia, Adcr5117512Sg",1X12-12' SLATE GRAY - HARVEST AZEK PVC,Timbertech Adcr5117512Sg 1X12-12' Slate Gray - Harvest Azek Pvc Fascia,"TIMBERTECH, 1x12-12' Slate Gray - Harvest Azek PVC Fascia, Part Number: ADCR5117512SG",Timbertech Adcr5117512Sg 1X12-12' Slate Gray - Harvest Azek Pvc Fascia,"TIMBERTECH, 1x12-12' Slate Gray - Harvest Azek PVC Fascia, Part Number: ADCR5117512SG",,,,,,,,,,,,,,,,,,,,,,,,,,,,,,,,,,,,,,,,,,,,,,,,,,,,,,,,,,,,,,,,,,,,,,,,,,,,,,,,,,,,,,,,,,,,,,,,,,,,,,,,,,,,,,,,,,,,,,,,,,,,,,,,,,,,,,,,,,,,,,,,,,,,,,,,,,,,,,,,,,,,,,,,,,,,,,,,,,,,,,,,,,,,,,,,,,,,,,,,,,,,,,,,,,,,,,,,,,,,,,,
,,,,,,543140908,,,,543140908,543140908,1x8-12' Biscayne - Trex Lineage,TREX,,,U S Lumber (3073),TREX,TREX,,543140908,,,"TREX, Trex, 1X8, 12' Biscayne, Trex Lineage, 543140908, 5431",1X8-12' BISCAYNE - TREX LINEAGE,Trex 543140908 1X8-12' Biscayne - Trex Lineage,"TREX, 1x8-12' Biscayne - Trex Lineage, Part Number: 543140908",Trex 543140908 1X8-12' Biscayne - Trex Lineage,"TREX, 1x8-12' Biscayne - Trex Lineage, Part Number: 543140908",,,,,,,,,,,,,,,,,,,,,,,,,,,,,,,,,,,,,,,,,,,,,,,,,,,,,,,,,,,,,,,,,,,,,,,,,,,,,,,,,,,,,,,,,,,,,,,,,,,,,,,,,,,,,,,,,,,,,,,,,,,,,,,,,,,,,,,,,,,,,,,,,,,,,,,,,,,,,,,,,,,,,,,,,,,,,,,,,,,,,,,,,,,,,,,,,,,,,,,,,,,,,,,,,,,,,,,,,,,,,,,
,,,,,,543142908,,,,543142908,543142908,1x8-12' Carmel - Trex Lineage,TREX,,,U S Lumber (3073),TREX,TREX,,543142908,,,"TREX, Trex, 1X8, 12' Carmel, Trex Lineage, 543142908, 543142",1X8-12' CARMEL - TREX LINEAGE,Trex 543142908 1X8-12' Carmel - Trex Lineage,"TREX, 1x8-12' Carmel - Trex Lineage, Part Number: 543142908",Trex 543142908 1X8-12' Carmel - Trex Lineage,"TREX, 1x8-12' Carmel - Trex Lineage, Part Number: 543142908",,,,,,,,,,,,,,,,,,,,,,,,,,,,,,,,,,,,,,,,,,,,,,,,,,,,,,,,,,,,,,,,,,,,,,,,,,,,,,,,,,,,,,,,,,,,,,,,,,,,,,,,,,,,,,,,,,,,,,,,,,,,,,,,,,,,,,,,,,,,,,,,,,,,,,,,,,,,,,,,,,,,,,,,,,,,,,,,,,,,,,,,,,,,,,,,,,,,,,,,,,,,,,,,,,,,,,,,,,,,,,,
,,,,,,543143908,,,,543143908,543143908,1x8-12' Jasper - Trex Lineage,TREX,,,U S Lumber (3073),TREX,TREX,,543143908,,,"TREX, Trex, 1X8, 12' Jasper, Trex Lineage, 543143908, 543143",1X8-12' JASPER - TREX LINEAGE,Trex 543143908 1X8-12' Jasper - Trex Lineage,"TREX, 1x8-12' Jasper - Trex Lineage, Part Number: 543143908",Trex 543143908 1X8-12' Jasper - Trex Lineage,"TREX, 1x8-12' Jasper - Trex Lineage, Part Number: 543143908",,,,,,,,,,,,,,,,,,,,,,,,,,,,,,,,,,,,,,,,,,,,,,,,,,,,,,,,,,,,,,,,,,,,,,,,,,,,,,,,,,,,,,,,,,,,,,,,,,,,,,,,,,,,,,,,,,,,,,,,,,,,,,,,,,,,,,,,,,,,,,,,,,,,,,,,,,,,,,,,,,,,,,,,,,,,,,,,,,,,,,,,,,,,,,,,,,,,,,,,,,,,,,,,,,,,,,,,,,,,,,,
,,,,,,543140912,,,,543140912,543140912,1x12-12' Biscayne - Trex Lineage,TREX,,,U S Lumber (3073),TREX,TREX,,543140912,,,"TREX, Trex, 1X12, 12' Biscayne, Trex Lineage, 543140912, 543",1X12-12' BISCAYNE - TREX LINEAGE,Trex 543140912 1X12-12' Biscayne - Trex Lineage,"TREX, 1x12-12' Biscayne - Trex Lineage, Part Number: 543140912",Trex 543140912 1X12-12' Biscayne - Trex Lineage,"TREX, 1x12-12' Biscayne - Trex Lineage, Part Number: 543140912",,,,,,,,,,,,,,,,,,,,,,,,,,,,,,,,,,,,,,,,,,,,,,,,,,,,,,,,,,,,,,,,,,,,,,,,,,,,,,,,,,,,,,,,,,,,,,,,,,,,,,,,,,,,,,,,,,,,,,,,,,,,,,,,,,,,,,,,,,,,,,,,,,,,,,,,,,,,,,,,,,,,,,,,,,,,,,,,,,,,,,,,,,,,,,,,,,,,,,,,,,,,,,,,,,,,,,,,,,,,,,,
,,,,,,543142912,,,,543142912,543142912,1x12-12' Carmel - Trex Lineage,TREX,,,U S Lumber (3073),TREX,TREX,,543142912,,,"TREX, Trex, 1X12, 12' Carmel, Trex Lineage, 543142912, 54314",1X12-12' CARMEL - TREX LINEAGE,Trex 543142912 1X12-12' Carmel - Trex Lineage,"TREX, 1x12-12' Carmel - Trex Lineage, Part Number: 543142912",Trex 543142912 1X12-12' Carmel - Trex Lineage,"TREX, 1x12-12' Carmel - Trex Lineage, Part Number: 543142912",,,,,,,,,,,,,,,,,,,,,,,,,,,,,,,,,,,,,,,,,,,,,,,,,,,,,,,,,,,,,,,,,,,,,,,,,,,,,,,,,,,,,,,,,,,,,,,,,,,,,,,,,,,,,,,,,,,,,,,,,,,,,,,,,,,,,,,,,,,,,,,,,,,,,,,,,,,,,,,,,,,,,,,,,,,,,,,,,,,,,,,,,,,,,,,,,,,,,,,,,,,,,,,,,,,,,,,,,,,,,,,
,,,,,,543143912,,,,543143912,543143912,1x12-12' Jasper - Trex Lineage,TREX,,,U S Lumber (3073),TREX,TREX,,543143912,,,"TREX, Trex, 1X12, 12' Jasper, Trex Lineage, 543143912, 54314",1X12-12' JASPER - TREX LINEAGE,Trex 543143912 1X12-12' Jasper - Trex Lineage,"TREX, 1x12-12' Jasper - Trex Lineage, Part Number: 543143912",Trex 543143912 1X12-12' Jasper - Trex Lineage,"TREX, 1x12-12' Jasper - Trex Lineage, Part Number: 543143912",,,,,,,,,,,,,,,,,,,,,,,,,,,,,,,,,,,,,,,,,,,,,,,,,,,,,,,,,,,,,,,,,,,,,,,,,,,,,,,,,,,,,,,,,,,,,,,,,,,,,,,,,,,,,,,,,,,,,,,,,,,,,,,,,,,,,,,,,,,,,,,,,,,,,,,,,,,,,,,,,,,,,,,,,,,,,,,,,,,,,,,,,,,,,,,,,,,,,,,,,,,,,,,,,,,,,,,,,,,,,,,
,,,,,,1513715,,,,1513715,1513715,1x12-12' Hatteras - Trex Lineage,TREX,,,Boise Cascade Building Materials (BOICA),TREX,TREX,,1513715,,,"TREX, Trex, 1X12, 12' Hatteras, Trex Lineage, 1513715, 15137",1X12-12' HATTERAS - TREX LINEAGE,Trex 1513715 1X12-12' Hatteras - Trex Lineage,"TREX, 1x12-12' Hatteras - Trex Lineage, Part Number: 1513715",Trex 1513715 1X12-12' Hatteras - Trex Lineage,"TREX, 1x12-12' Hatteras - Trex Lineage, Part Number: 1513715",,,,,,,,,,,,,,,,,,,,,,,,,,,,,,,,,,,,,,,,,,,,,,,,,,,,,,,,,,,,,,,,,,,,,,,,,,,,,,,,,,,,,,,,,,,,,,,,,,,,,,,,,,,,,,,,,,,,,,,,,,,,,,,,,,,,,,,,,,,,,,,,,,,,,,,,,,,,,,,,,,,,,,,,,,,,,,,,,,,,,,,,,,,,,,,,,,,,,,,,,,,,,,,,,,,,,,,,,,,,,,,
,,,,,,1513716,,,,1513716,1513716,1x12-12' Salt Flat - Trex Lineage,TREX,,,Boise Cascade Building Materials (BOICA),TREX,TREX,,1513716,,,"TREX, Trex, 1X12, 12' Salt Flat, Trex Lineage, 1513716, 1513",1X12-12' SALT FLAT - TREX LINEAGE,Trex 1513716 1X12-12' Salt Flat - Trex Lineage,"TREX, 1x12-12' Salt Flat - Trex Lineage, Part Number: 1513716",Trex 1513716 1X12-12' Salt Flat - Trex Lineage,"TREX, 1x12-12' Salt Flat - Trex Lineage, Part Number: 1513716",,,,,,,,,,,,,,,,,,,,,,,,,,,,,,,,,,,,,,,,,,,,,,,,,,,,,,,,,,,,,,,,,,,,,,,,,,,,,,,,,,,,,,,,,,,,,,,,,,,,,,,,,,,,,,,,,,,,,,,,,,,,,,,,,,,,,,,,,,,,,,,,,,,,,,,,,,,,,,,,,,,,,,,,,,,,,,,,,,,,,,,,,,,,,,,,,,,,,,,,,,,,,,,,,,,,,,,,,,,,,,,
,,,,,,1513722,,,,1513722,1513722,1x8-12' Honey Grove - Trex Enhance Naturals Fascia,TREX,,,Boise Cascade Building Materials (BOICA),TREX,TREX,,1513722,,,"Trex, 1X8, 12' Honey Grove, Trex Enhance Naturals Fascia, 1513722",1X8-12' HONEY GROVE - TREX ENHANCE,Trex 1513722 1X8-12' Honey Grove - Trex Enhance Naturals Fascia,"TREX, 1x8-12' Honey Grove - Trex Enhance Naturals Fascia, Part Number: 1513722",Trex 1513722 1X8-12' Honey Grove - Trex Enhance Naturals Fascia,"TREX, 1x8-12' Honey Grove - Trex Enhance Naturals Fascia, Part Number: 1513722",,,,,,,,,,,,,,,,,,,,,,,,,,,,,,,,,,,,,,,,,,,,,,,,,,,,,,,,,,,,,,,,,,,,,,,,,,,,,,,,,,,,,,,,,,,,,,,,,,,,,,,,,,,,,,,,,,,,,,,,,,,,,,,,,,,,,,,,,,,,,,,,,,,,,,,,,,,,,,,,,,,,,,,,,,,,,,,,,,,,,,,,,,,,,,,,,,,,,,,,,,,,,,,,,,,,,,,,,,,,,,,
,,,,,,1513723,,,,1513723,1513723,1x12-12' Honey Grove - Trex Enhance Naturals Fascia,TREX,,,Boise Cascade Building Materials (BOICA),TREX,TREX,,1513723,,,"Trex, 1X12, 12' Honey Grove, Trex Enhance Naturals Fascia, 1513723",1X12-12' HONEY GROVE - TREX ENHANCE,Trex 1513723 1X12-12' Honey Grove - Trex Enhance Naturals Fascia,"TREX, 1x12-12' Honey Grove - Trex Enhance Naturals Fascia, Part Number: 1513723",Trex 1513723 1X12-12' Honey Grove - Trex Enhance Naturals Fascia,"TREX, 1x12-12' Honey Grove - Trex Enhance Naturals Fascia, Part Number: 1513723",,,,,,,,,,,,,,,,,,,,,,,,,,,,,,,,,,,,,,,,,,,,,,,,,,,,,,,,,,,,,,,,,,,,,,,,,,,,,,,,,,,,,,,,,,,,,,,,,,,,,,,,,,,,,,,,,,,,,,,,,,,,,,,,,,,,,,,,,,,,,,,,,,,,,,,,,,,,,,,,,,,,,,,,,,,,,,,,,,,,,,,,,,,,,,,,,,,,,,,,,,,,,,,,,,,,,,,,,,,,,,,
,,,,,,1513729,,,,1513729,1513729,1x8-12' Tide Pool - Trex Enhance Basics Fascia,TREX,,,Boise Cascade Building Materials (BOICA),TREX,TREX,,1513729,,,"Trex, 1X8, 12' Tide Pool, Trex Enhance Basics Fascia, 1513729",1X8-12' TIDE POOL - TREX ENHANCE BASICS,Trex 1513729 1X8-12' Tide Pool - Trex Enhance Basics Fascia,"TREX, 1x8-12' Tide Pool - Trex Enhance Basics Fascia, Part Number: 1513729",Trex 1513729 1X8-12' Tide Pool - Trex Enhance Basics Fascia,"TREX, 1x8-12' Tide Pool - Trex Enhance Basics Fascia, Part Number: 1513729",,,,,,,,,,,,,,,,,,,,,,,,,,,,,,,,,,,,,,,,,,,,,,,,,,,,,,,,,,,,,,,,,,,,,,,,,,,,,,,,,,,,,,,,,,,,,,,,,,,,,,,,,,,,,,,,,,,,,,,,,,,,,,,,,,,,,,,,,,,,,,,,,,,,,,,,,,,,,,,,,,,,,,,,,,,,,,,,,,,,,,,,,,,,,,,,,,,,,,,,,,,,,,,,,,,,,,,,,,,,,,,
,,,,,,1513730,,,,1513730,1513730,1x12-12' Tide Pool - Trex Enhance Basics Fascia,TREX,,,Boise Cascade Building Materials (BOICA),TREX,TREX,,1513730,,,"Trex, 1X12, 12' Tide Pool, Trex Enhance Basics Fascia, 1513730",1X12-12' TIDE POOL - TREX ENHANCE,Trex 1513730 1X12-12' Tide Pool - Trex Enhance Basics Fascia,"TREX, 1x12-12' Tide Pool - Trex Enhance Basics Fascia, Part Number: 1513730",Trex 1513730 1X12-12' Tide Pool - Trex Enhance Basics Fascia,"TREX, 1x12-12' Tide Pool - Trex Enhance Basics Fascia, Part Number: 1513730",,,,,,,,,,,,,,,,,,,,,,,,,,,,,,,,,,,,,,,,,,,,,,,,,,,,,,,,,,,,,,,,,,,,,,,,,,,,,,,,,,,,,,,,,,,,,,,,,,,,,,,,,,,,,,,,,,,,,,,,,,,,,,,,,,,,,,,,,,,,,,,,,,,,,,,,,,,,,,,,,,,,,,,,,,,,,,,,,,,,,,,,,,,,,,,,,,,,,,,,,,,,,,,,,,,,,,,,,,,,,,,
,,,,,,543076916,,,,543076916,543076916,1x8-12' Cinnamon Cove - Trex Enhance Naturals Fascia,TREX,,,Boise Cascade Building Materials (BOICA),TREX,TREX,,543076916,,,"Trex, 1X8, 12' Cinnamon Cove, Trex Enhance Naturals Fascia, 543076916",1X8-12' CINNAMON COVE - TREX ENHANCE,Trex 543076916 1X8-12' Cinnamon Cove - Trex Enhance Naturals Fascia,"TREX, 1x8-12' Cinnamon Cove - Trex Enhance Naturals Fascia, Part Number: 543076916",Trex 543076916 1X8-12' Cinnamon Cove - Trex Enhance Naturals Fascia,"TREX, 1x8-12' Cinnamon Cove - Trex Enhance Naturals Fascia, Part Number: 543076916",,,,,,,,,,,,,,,,,,,,,,,,,,,,,,,,,,,,,,,,,,,,,,,,,,,,,,,,,,,,,,,,,,,,,,,,,,,,,,,,,,,,,,,,,,,,,,,,,,,,,,,,,,,,,,,,,,,,,,,,,,,,,,,,,,,,,,,,,,,,,,,,,,,,,,,,,,,,,,,,,,,,,,,,,,,,,,,,,,,,,,,,,,,,,,,,,,,,,,,,,,,,,,,,,,,,,,,,,,,,,,,
,,,,,,1516876,,,,1516876,1516876,1x8-12' Golden Hour - Trex Enhance Naturals Fascia,TREX,,,Boise Cascade Building Materials (BOICA),TREX,TREX,,1516876,,,"Trex, 1X8, 12' Golden Hour, Trex Enhance Naturals Fascia, 1516876",1X8-12' GOLDEN HOUR - TREX ENHANCE,Trex 1516876 1X8-12' Golden Hour - Trex Enhance Naturals Fascia,"TREX, 1x8-12' Golden Hour - Trex Enhance Naturals Fascia, Part Number: 1516876",Trex 1516876 1X8-12' Golden Hour - Trex Enhance Naturals Fascia,"TREX, 1x8-12' Golden Hour - Trex Enhance Naturals Fascia, Part Number: 1516876",,,,,,,,,,,,,,,,,,,,,,,,,,,,,,,,,,,,,,,,,,,,,,,,,,,,,,,,,,,,,,,,,,,,,,,,,,,,,,,,,,,,,,,,,,,,,,,,,,,,,,,,,,,,,,,,,,,,,,,,,,,,,,,,,,,,,,,,,,,,,,,,,,,,,,,,,,,,,,,,,,,,,,,,,,,,,,,,,,,,,,,,,,,,,,,,,,,,,,,,,,,,,,,,,,,,,,,,,,,,,,,
,,,,,,543076936,,,,543076936,543076936,1x12-12' Cinnamon Cove - Trex Enhance Naturals Fascia,TREX,,,Boise Cascade Building Materials (BOICA),TREX,TREX,,543076936,,,"Trex, 1X12, 12' Cinnamon Cove, Trex Enhance Naturals Fascia, 543076936",1X12-12' CINNAMON COVE - TREX ENHANCE,Trex 543076936 1X12-12' Cinnamon Cove - Trex Enhance Naturals Fascia,"TREX, 1x12-12' Cinnamon Cove - Trex Enhance Naturals Fascia, Part Number: 543076936",Trex 543076936 1X12-12' Cinnamon Cove - Trex Enhance Naturals Fascia,"TREX, 1x12-12' Cinnamon Cove - Trex Enhance Naturals Fascia, Part Number: 543076936",,,,,,,,,,,,,,,,,,,,,,,,,,,,,,,,,,,,,,,,,,,,,,,,,,,,,,,,,,,,,,,,,,,,,,,,,,,,,,,,,,,,,,,,,,,,,,,,,,,,,,,,,,,,,,,,,,,,,,,,,,,,,,,,,,,,,,,,,,,,,,,,,,,,,,,,,,,,,,,,,,,,,,,,,,,,,,,,,,,,,,,,,,,,,,,,,,,,,,,,,,,,,,,,,,,,,,,,,,,,,,,
,,,,,,1516878,,,,1516878,1516878,1x12-12' Golden Hour - Trex Enhance Naturals Fascia,TREX,,,Boise Cascade Building Materials (BOICA),TREX,TREX,,1516878,,,"Trex, 1X12, 12' Golden Hour, Trex Enhance Naturals Fascia, 1516878",1X12-12' GOLDEN HOUR - TREX ENHANCE,Trex 1516878 1X12-12' Golden Hour - Trex Enhance Naturals Fascia,"TREX, 1x12-12' Golden Hour - Trex Enhance Naturals Fascia, Part Number: 1516878",Trex 1516878 1X12-12' Golden Hour - Trex Enhance Naturals Fascia,"TREX, 1x12-12' Golden Hour - Trex Enhance Naturals Fascia, Part Number: 1516878",,,,,,,,,,,,,,,,,,,,,,,,,,,,,,,,,,,,,,,,,,,,,,,,,,,,,,,,,,,,,,,,,,,,,,,,,,,,,,,,,,,,,,,,,,,,,,,,,,,,,,,,,,,,,,,,,,,,,,,,,,,,,,,,,,,,,,,,,,,,,,,,,,,,,,,,,,,,,,,,,,,,,,,,,,,,,,,,,,,,,,,,,,,,,,,,,,,,,,,,,,,,,,,,,,,,,,,,,,,,,,,
,,,,,,1516884,,,,1516884,1516884,1x8-12' Pebble Beach - Trex Enhance Basics Fascia,TREX,,,Boise Cascade Building Materials (BOICA),TREX,TREX,,1516884,,,"Trex, 1X8, 12' Pebble Beach, Trex Enhance Basics Fascia, 1516884",1X8-12' PEBBLE BEACH - TREX ENHANCE,Trex 1516884 1X8-12' Pebble Beach - Trex Enhance Basics Fascia,"TREX, 1x8-12' Pebble Beach - Trex Enhance Basics Fascia, Part Number: 1516884",Trex 1516884 1X8-12' Pebble Beach - Trex Enhance Basics Fascia,"TREX, 1x8-12' Pebble Beach - Trex Enhance Basics Fascia, Part Number: 1516884",,,,,,,,,,,,,,,,,,,,,,,,,,,,,,,,,,,,,,,,,,,,,,,,,,,,,,,,,,,,,,,,,,,,,,,,,,,,,,,,,,,,,,,,,,,,,,,,,,,,,,,,,,,,,,,,,,,,,,,,,,,,,,,,,,,,,,,,,,,,,,,,,,,,,,,,,,,,,,,,,,,,,,,,,,,,,,,,,,,,,,,,,,,,,,,,,,,,,,,,,,,,,,,,,,,,,,,,,,,,,,,
,,,,,,1516885,,,,1516885,1516885,1x12-12' Pebble Beach - Trex Enhance Basics Fascia,TREX,,,Boise Cascade Building Materials (BOICA),TREX,TREX,,1516885,,,"Trex, 1X12, 12' Pebble Beach, Trex Enhance Basics Fascia, 1516885",1X12-12' PEBBLE BEACH - TREX ENHANCE,Trex 1516885 1X12-12' Pebble Beach - Trex Enhance Basics Fascia,"TREX, 1x12-12' Pebble Beach - Trex Enhance Basics Fascia, Part Number: 1516885",Trex 1516885 1X12-12' Pebble Beach - Trex Enhance Basics Fascia,"TREX, 1x12-12' Pebble Beach - Trex Enhance Basics Fascia, Part Number: 1516885",,,,,,,,,,,,,,,,,,,,,,,,,,,,,,,,,,,,,,,,,,,,,,,,,,,,,,,,,,,,,,,,,,,,,,,,,,,,,,,,,,,,,,,,,,,,,,,,,,,,,,,,,,,,,,,,,,,,,,,,,,,,,,,,,,,,,,,,,,,,,,,,,,,,,,,,,,,,,,,,,,,,,,,,,,,,,,,,,,,,,,,,,,,,,,,,,,,,,,,,,,,,,,,,,,,,,,,,,,,,,,,
,,,,,,543005916,,,,543005916,543005916,1x8-12' Malted Barley - Trex Select 2.0 Fascia,TREX,,,Boise Cascade Building Materials (BOICA),TREX,TREX,,543005916,,,"Trex, 1X8, 12' Malted Barley, Trex Select 2.0 Fascia, 543005916",1X8-12' MALTED BARLEY - TREX SELECT 2.0,Trex 543005916 1X8-12' Malted Barley - Trex Select 2.0 Fascia,"TREX, 1x8-12' Malted Barley - Trex Select 2.0 Fascia, Part Number: 543005916",Trex 543005916 1X8-12' Malted Barley - Trex Select 2.0 Fascia,"TREX, 1x8-12' Malted Barley - Trex Select 2.0 Fascia, Part Number: 543005916",,,,,,,,,,,,,,,,,,,,,,,,,,,,,,,,,,,,,,,,,,,,,,,,,,,,,,,,,,,,,,,,,,,,,,,,,,,,,,,,,,,,,,,,,,,,,,,,,,,,,,,,,,,,,,,,,,,,,,,,,,,,,,,,,,,,,,,,,,,,,,,,,,,,,,,,,,,,,,,,,,,,,,,,,,,,,,,,,,,,,,,,,,,,,,,,,,,,,,,,,,,,,,,,,,,,,,,,,,,,,,,
,,,,,,1516902,,,,1516902,1516902,1x8-12' Millstone - Trex Select 2.0 Fascia,TREX,,,Boise Cascade Building Materials (BOICA),TREX,TREX,,1516902,,,"TREX, Trex, 1X8, 12' Millstone, Trex Select 2.0 Fascia, 1516902",1X8-12' MILLSTONE - TREX SELECT 2.0,Trex 1516902 1X8-12' Millstone - Trex Select 2.0 Fascia,"TREX, 1x8-12' Millstone - Trex Select 2.0 Fascia, Part Number: 1516902",Trex 1516902 1X8-12' Millstone - Trex Select 2.0 Fascia,"TREX, 1x8-12' Millstone - Trex Select 2.0 Fascia, Part Number: 1516902",,,,,,,,,,,,,,,,,,,,,,,,,,,,,,,,,,,,,,,,,,,,,,,,,,,,,,,,,,,,,,,,,,,,,,,,,,,,,,,,,,,,,,,,,,,,,,,,,,,,,,,,,,,,,,,,,,,,,,,,,,,,,,,,,,,,,,,,,,,,,,,,,,,,,,,,,,,,,,,,,,,,,,,,,,,,,,,,,,,,,,,,,,,,,,,,,,,,,,,,,,,,,,,,,,,,,,,,,,,,,,,
,,,,,,543007916,,,,543007916,543007916,1x8-12' Whiskey Barrel - Trex Select 2.0 Fascia,TREX,,,Boise Cascade Building Materials (BOICA),TREX,TREX,,543007916,,,"Trex, 1X8, 12' Whiskey Barrel, Trex Select 2.0 Fascia, 543007916",1X8-12' WHISKEY BARREL - TREX SELECT,Trex 543007916 1X8-12' Whiskey Barrel - Trex Select 2.0 Fascia,"TREX, 1x8-12' Whiskey Barrel - Trex Select 2.0 Fascia, Part Number: 543007916",Trex 543007916 1X8-12' Whiskey Barrel - Trex Select 2.0 Fascia,"TREX, 1x8-12' Whiskey Barrel - Trex Select 2.0 Fascia, Part Number: 543007916",,,,,,,,,,,,,,,,,,,,,,,,,,,,,,,,,,,,,,,,,,,,,,,,,,,,,,,,,,,,,,,,,,,,,,,,,,,,,,,,,,,,,,,,,,,,,,,,,,,,,,,,,,,,,,,,,,,,,,,,,,,,,,,,,,,,,,,,,,,,,,,,,,,,,,,,,,,,,,,,,,,,,,,,,,,,,,,,,,,,,,,,,,,,,,,,,,,,,,,,,,,,,,,,,,,,,,,,,,,,,,,
,,,,,,543005936,,,,543005936,543005936,1x12-12' Malted Barley - Trex Select 2.0 Fascia,TREX,,,Boise Cascade Building Materials (BOICA),TREX,TREX,,543005936,,,"Trex, 1X12, 12' Malted Barley, Trex Select 2.0 Fascia, 543005936",1X12-12' MALTED BARLEY - TREX SELECT,Trex 543005936 1X12-12' Malted Barley - Trex Select 2.0 Fascia,"TREX, 1x12-12' Malted Barley - Trex Select 2.0 Fascia, Part Number: 543005936",Trex 543005936 1X12-12' Malted Barley - Trex Select 2.0 Fascia,"TREX, 1x12-12' Malted Barley - Trex Select 2.0 Fascia, Part Number: 543005936",,,,,,,,,,,,,,,,,,,,,,,,,,,,,,,,,,,,,,,,,,,,,,,,,,,,,,,,,,,,,,,,,,,,,,,,,,,,,,,,,,,,,,,,,,,,,,,,,,,,,,,,,,,,,,,,,,,,,,,,,,,,,,,,,,,,,,,,,,,,,,,,,,,,,,,,,,,,,,,,,,,,,,,,,,,,,,,,,,,,,,,,,,,,,,,,,,,,,,,,,,,,,,,,,,,,,,,,,,,,,,,
,,,,,,1516905,,,,1516905,1516905,1x12-12' Millstone - Trex Select 2.0 Fascia,TREX,,,Boise Cascade Building Materials (BOICA),TREX,TREX,,1516905,,,"TREX, Trex, 1X12, 12' Millstone, Trex Select 2.0 Fascia, 1516905",1X12-12' MILLSTONE - TREX SELECT 2.0,Trex 1516905 1X12-12' Millstone - Trex Select 2.0 Fascia,"TREX, 1x12-12' Millstone - Trex Select 2.0 Fascia, Part Number: 1516905",Trex 1516905 1X12-12' Millstone - Trex Select 2.0 Fascia,"TREX, 1x12-12' Millstone - Trex Select 2.0 Fascia, Part Number: 1516905",,,,,,,,,,,,,,,,,,,,,,,,,,,,,,,,,,,,,,,,,,,,,,,,,,,,,,,,,,,,,,,,,,,,,,,,,,,,,,,,,,,,,,,,,,,,,,,,,,,,,,,,,,,,,,,,,,,,,,,,,,,,,,,,,,,,,,,,,,,,,,,,,,,,,,,,,,,,,,,,,,,,,,,,,,,,,,,,,,,,,,,,,,,,,,,,,,,,,,,,,,,,,,,,,,,,,,,,,,,,,,,
,,,,,,543007936,,,,543007936,543007936,1x12-12' Whiskey Barrel - Trex Select 2.0 Fascia,TREX,,,Boise Cascade Building Materials (BOICA),TREX,TREX,,543007936,,,"Trex, 1X12, 12' Whiskey Barrel, Trex Select 2.0 Fascia, 543007936",1X12-12' WHISKEY BARREL - TREX SELECT,Trex 543007936 1X12-12' Whiskey Barrel - Trex Select 2.0 Fascia,"TREX, 1x12-12' Whiskey Barrel - Trex Select 2.0 Fascia, Part Number: 543007936",Trex 543007936 1X12-12' Whiskey Barrel - Trex Select 2.0 Fascia,"TREX, 1x12-12' Whiskey Barrel - Trex Select 2.0 Fascia, Part Number: 543007936",,,,,,,,,,,,,,,,,,,,,,,,,,,,,,,,,,,,,,,,,,,,,,,,,,,,,,,,,,,,,,,,,,,,,,,,,,,,,,,,,,,,,,,,,,,,,,,,,,,,,,,,,,,,,,,,,,,,,,,,,,,,,,,,,,,,,,,,,,,,,,,,,,,,,,,,,,,,,,,,,,,,,,,,,,,,,,,,,,,,,,,,,,,,,,,,,,,,,,,,,,,,,,,,,,,,,,,,,,,,,,,
,,,,,,543144908,,,,543144908,543144908,1x8-12' Island Mist - Trex Lineage,TREX,,,U S Lumber (3073),TREX,TREX,,543144908,,,"TREX, Trex, 1X8, 12' Island Mist, Trex Lineage, 543144908, 5",1X8-12' ISLAND MIST - TREX LINEAGE,Trex 543144908 1X8-12' Island Mist - Trex Lineage,"TREX, 1x8-12' Island Mist - Trex Lineage, Part Number: 543144908",Trex 543144908 1X8-12' Island Mist - Trex Lineage,"TREX, 1x8-12' Island Mist - Trex Lineage, Part Number: 543144908",,,,,,,,,,,,,,,,,,,,,,,,,,,,,,,,,,,,,,,,,,,,,,,,,,,,,,,,,,,,,,,,,,,,,,,,,,,,,,,,,,,,,,,,,,,,,,,,,,,,,,,,,,,,,,,,,,,,,,,,,,,,,,,,,,,,,,,,,,,,,,,,,,,,,,,,,,,,,,,,,,,,,,,,,,,,,,,,,,,,,,,,,,,,,,,,,,,,,,,,,,,,,,,,,,,,,,,,,,,,,,,
,,,,,,543141908,,,,543141908,543141908,1x8-12' Rainier - Trex Lineage,TREX,,,U S Lumber (3073),TREX,TREX,,543141908,,,"TREX, Trex, 1X8, 12' Rainier, Trex Lineage, 543141908, 54314",1X8-12' RAINIER - TREX LINEAGE,Trex 543141908 1X8-12' Rainier - Trex Lineage,"TREX, 1x8-12' Rainier - Trex Lineage, Part Number: 543141908",Trex 543141908 1X8-12' Rainier - Trex Lineage,"TREX, 1x8-12' Rainier - Trex Lineage, Part Number: 543141908",,,,,,,,,,,,,,,,,,,,,,,,,,,,,,,,,,,,,,,,,,,,,,,,,,,,,,,,,,,,,,,,,,,,,,,,,,,,,,,,,,,,,,,,,,,,,,,,,,,,,,,,,,,,,,,,,,,,,,,,,,,,,,,,,,,,,,,,,,,,,,,,,,,,,,,,,,,,,,,,,,,,,,,,,,,,,,,,,,,,,,,,,,,,,,,,,,,,,,,,,,,,,,,,,,,,,,,,,,,,,,,
,,,,,,543144912,,,,543144912,543144912,1x12-12' Island Mist - Trex Lineage,TREX,,,U S Lumber (3073),TREX,TREX,,543144912,,,"TREX, Trex, 1X12, 12' Island Mist, Trex Lineage, 543144912, ",1X12-12' ISLAND MIST - TREX LINEAGE,Trex 543144912 1X12-12' Island Mist - Trex Lineage,"TREX, 1x12-12' Island Mist - Trex Lineage, Part Number: 543144912",Trex 543144912 1X12-12' Island Mist - Trex Lineage,"TREX, 1x12-12' Island Mist - Trex Lineage, Part Number: 543144912",,,,,,,,,,,,,,,,,,,,,,,,,,,,,,,,,,,,,,,,,,,,,,,,,,,,,,,,,,,,,,,,,,,,,,,,,,,,,,,,,,,,,,,,,,,,,,,,,,,,,,,,,,,,,,,,,,,,,,,,,,,,,,,,,,,,,,,,,,,,,,,,,,,,,,,,,,,,,,,,,,,,,,,,,,,,,,,,,,,,,,,,,,,,,,,,,,,,,,,,,,,,,,,,,,,,,,,,,,,,,,,
,,,,,,543141912,,,,543141912,543141912,1x12-12' Rainier - Trex Lineage,TREX,,,U S Lumber (3073),TREX,TREX,,543141912,,,"TREX, Trex, 1X12, 12' Rainier, Trex Lineage, 543141912, 5431",1X12-12' RAINIER - TREX LINEAGE,Trex 543141912 1X12-12' Rainier - Trex Lineage,"TREX, 1x12-12' Rainier - Trex Lineage, Part Number: 543141912",Trex 543141912 1X12-12' Rainier - Trex Lineage,"TREX, 1x12-12' Rainier - Trex Lineage, Part Number: 543141912",,,,,,,,,,,,,,,,,,,,,,,,,,,,,,,,,,,,,,,,,,,,,,,,,,,,,,,,,,,,,,,,,,,,,,,,,,,,,,,,,,,,,,,,,,,,,,,,,,,,,,,,,,,,,,,,,,,,,,,,,,,,,,,,,,,,,,,,,,,,,,,,,,,,,,,,,,,,,,,,,,,,,,,,,,,,,,,,,,,,,,,,,,,,,,,,,,,,,,,,,,,,,,,,,,,,,,,,,,,,,,,
,,,,,,1513713,,,,1513713,1513713,1x8-12' Hatteras - Trex Lineage,TREX,,,Boise Cascade Building Materials (BOICA),TREX,TREX,,1513713,,,"TREX, Trex, 1X8, 12' Hatteras, Trex Lineage, 1513713, 151371",1X8-12' HATTERAS - TREX LINEAGE,Trex 1513713 1X8-12' Hatteras - Trex Lineage,"TREX, 1x8-12' Hatteras - Trex Lineage, Part Number: 1513713",Trex 1513713 1X8-12' Hatteras - Trex Lineage,"TREX, 1x8-12' Hatteras - Trex Lineage, Part Number: 1513713",,,,,,,,,,,,,,,,,,,,,,,,,,,,,,,,,,,,,,,,,,,,,,,,,,,,,,,,,,,,,,,,,,,,,,,,,,,,,,,,,,,,,,,,,,,,,,,,,,,,,,,,,,,,,,,,,,,,,,,,,,,,,,,,,,,,,,,,,,,,,,,,,,,,,,,,,,,,,,,,,,,,,,,,,,,,,,,,,,,,,,,,,,,,,,,,,,,,,,,,,,,,,,,,,,,,,,,,,,,,,,,
,,,,,,1513714,,,,1513714,1513714,1x8-12' Salt Flat - Trex Lineage,TREX,,,Boise Cascade Building Materials (BOICA),TREX,TREX,,1513714,,,"TREX, Trex, 1X8, 12' Salt Flat, Trex Lineage, 1513714, 15137",1X8-12' SALT FLAT - TREX LINEAGE,Trex 1513714 1X8-12' Salt Flat - Trex Lineage,"TREX, 1x8-12' Salt Flat - Trex Lineage, Part Number: 1513714",Trex 1513714 1X8-12' Salt Flat - Trex Lineage,"TREX, 1x8-12' Salt Flat - Trex Lineage, Part Number: 1513714",,,,,,,,,,,,,,,,,,,,,,,,,,,,,,,,,,,,,,,,,,,,,,,,,,,,,,,,,,,,,,,,,,,,,,,,,,,,,,,,,,,,,,,,,,,,,,,,,,,,,,,,,,,,,,,,,,,,,,,,,,,,,,,,,,,,,,,,,,,,,,,,,,,,,,,,,,,,,,,,,,,,,,,,,,,,,,,,,,,,,,,,,,,,,,,,,,,,,,,,,,,,,,,,,,,,,,,,,,,,,,,
,,,,,,73012503,,,,73012503,73012503,4x4 Wh Heritage Post Trim RDI,,,,-,-,-,,73012503,,,"-, 4X4 Wh Heritage Post Trim Rdi, 73012503, 73012503",4X4 WH HERITAGE POST TRIM RDI,- 73012503 4X4 Wh Heritage Post Trim Rdi,"-, 4x4 Wh Heritage Post Trim RDI, Part Number: 73012503",- 73012503 4X4 Wh Heritage Post Trim Rdi,"-, 4x4 Wh Heritage Post Trim RDI, Part Number: 73012503",,,,,,,,,,,,,,,,,,,,,,,,,,,,,,,,,,,,,,,,,,,,,,,,,,,,,,,,,,,,,,,,,,,,,,,,,,,,,,,,,,,,,,,,,,,,,,,,,,,,,,,,,,,,,,,,,,,,,,,,,,,,,,,,,,,,,,,,,,,,,,,,,,,,,,,,,,,,,,,,,,,,,,,,,,,,,,,,,,,,,,,,,,,,,,,,,,,,,,,,,,,,,,,,,,,,,,,,,,,,,,,
,,,,,,73018131,,,,73018131,73018131,6x6 Wh Elite Post Trim 4pc RDI,,,,-,-,-,,73018131,,,"-, 6X6 Wh Elite Post Trim 4Pc Rdi, 73018131, 73018131",6X6 WH ELITE POST TRIM 4PC RDI,- 73018131 6X6 Wh Elite Post Trim 4Pc Rdi,"-, 6x6 Wh Elite Post Trim 4pc RDI, Part Number: 73018131",- 73018131 6X6 Wh Elite Post Trim 4Pc Rdi,"-, 6x6 Wh Elite Post Trim 4pc RDI, Part Number: 73018131",,,,,,,,,,,,,,,,,,,,,,,,,,,,,,,,,,,,,,,,,,,,,,,,,,,,,,,,,,,,,,,,,,,,,,,,,,,,,,,,,,,,,,,,,,,,,,,,,,,,,,,,,,,,,,,,,,,,,,,,,,,,,,,,,,,,,,,,,,,,,,,,,,,,,,,,,,,,,,,,,,,,,,,,,,,,,,,,,,,,,,,,,,,,,,,,,,,,,,,,,,,,,,,,,,,,,,,,,,,,,,,
,,,,,,73018091,,,,73018091,73018091,4x4 Wh Elite Post Trim RDI,,,,-,-,-,,73018091,,,"-, 4X4 Wh Elite Post Trim Rdi, 73018091, 73018091",4X4 WH ELITE POST TRIM RDI,- 73018091 4X4 Wh Elite Post Trim Rdi,"-, 4x4 Wh Elite Post Trim RDI, Part Number: 73018091",- 73018091 4X4 Wh Elite Post Trim Rdi,"-, 4x4 Wh Elite Post Trim RDI, Part Number: 73018091",,,,,,,,,,,,,,,,,,,,,,,,,,,,,,,,,,,,,,,,,,,,,,,,,,,,,,,,,,,,,,,,,,,,,,,,,,,,,,,,,,,,,,,,,,,,,,,,,,,,,,,,,,,,,,,,,,,,,,,,,,,,,,,,,,,,,,,,,,,,,,,,,,,,,,,,,,,,,,,,,,,,,,,,,,,,,,,,,,,,,,,,,,,,,,,,,,,,,,,,,,,,,,,,,,,,,,,,,,,,,,,
,,,,,,73018066,,,,73018066,73018066,Clay 6x6 Elite Post Trim RDI - 4pc,,,,-,-,-,,73018066,,,"-, Clay 6X6 Elite Post Trim Rdi, 4Pc, 73018066, 73018066",CLAY 6X6 ELITE POST TRIM RDI - 4PC,- 73018066 Clay 6X6 Elite Post Trim Rdi - 4Pc,"-, Clay 6x6 Elite Post Trim RDI - 4pc, Part Number: 73018066",- 73018066 Clay 6X6 Elite Post Trim Rdi - 4Pc,"-, Clay 6x6 Elite Post Trim RDI - 4pc, Part Number: 73018066",,,,,,,,,,,,,,,,,,,,,,,,,,,,,,,,,,,,,,,,,,,,,,,,,,,,,,,,,,,,,,,,,,,,,,,,,,,,,,,,,,,,,,,,,,,,,,,,,,,,,,,,,,,,,,,,,,,,,,,,,,,,,,,,,,,,,,,,,,,,,,,,,,,,,,,,,,,,,,,,,,,,,,,,,,,,,,,,,,,,,,,,,,,,,,,,,,,,,,,,,,,,,,,,,,,,,,,,,,,,,,,
,,,,,,73018076,,,,73018076,73018076,4x4 Wh Flat Post Cap RDI,,,,-,-,-,,73018076,,,"-, 4X4 Wh Flat Post Cap Rdi, 73018076, 73018076",4X4 WH FLAT POST CAP RDI,- 73018076 4X4 Wh Flat Post Cap Rdi,"-, 4x4 Wh Flat Post Cap RDI, Part Number: 73018076",- 73018076 4X4 Wh Flat Post Cap Rdi,"-, 4x4 Wh Flat Post Cap RDI, Part Number: 73018076",,,,,,,,,,,,,,,,,,,,,,,,,,,,,,,,,,,,,,,,,,,,,,,,,,,,,,,,,,,,,,,,,,,,,,,,,,,,,,,,,,,,,,,,,,,,,,,,,,,,,,,,,,,,,,,,,,,,,,,,,,,,,,,,,,,,,,,,,,,,,,,,,,,,,,,,,,,,,,,,,,,,,,,,,,,,,,,,,,,,,,,,,,,,,,,,,,,,,,,,,,,,,,,,,,,,,,,,,,,,,,,
,,,,,,61109087,,,,61109087,61109087,Wh 4x4-39 Blank Post RDI,,,,-,-,-,,61109087,,,"-, Wh 4X4, 39 Blank Post Rdi, 61109087, 61109087",WH 4X4-39 BLANK POST RDI,- 61109087 Wh 4X4-39 Blank Post Rdi,"-, Wh 4x4-39 Blank Post RDI, Part Number: 61109087",- 61109087 Wh 4X4-39 Blank Post Rdi,"-, Wh 4x4-39 Blank Post RDI, Part Number: 61109087",,,,,,,,,,,,,,,,,,,,,,,,,,,,,,,,,,,,,,,,,,,,,,,,,,,,,,,,,,,,,,,,,,,,,,,,,,,,,,,,,,,,,,,,,,,,,,,,,,,,,,,,,,,,,,,,,,,,,,,,,,,,,,,,,,,,,,,,,,,,,,,,,,,,,,,,,,,,,,,,,,,,,,,,,,,,,,,,,,,,,,,,,,,,,,,,,,,,,,,,,,,,,,,,,,,,,,,,,,,,,,,
,,,,,,73018731,,,,73018731,73018731,Wh 6x6-108 Post Sleeve RDI,,,,-,-,-,,73018731,,,"-, Wh 6X6, 108 Post Sleeve Rdi, 73018731, 73018731",WH 6X6-108 POST SLEEVE RDI,- 73018731 Wh 6X6-108 Post Sleeve Rdi,"-, Wh 6x6-108 Post Sleeve RDI, Part Number: 73018731",- 73018731 Wh 6X6-108 Post Sleeve Rdi,"-, Wh 6x6-108 Post Sleeve RDI, Part Number: 73018731",,,,,,,,,,,,,,,,,,,,,,,,,,,,,,,,,,,,,,,,,,,,,,,,,,,,,,,,,,,,,,,,,,,,,,,,,,,,,,,,,,,,,,,,,,,,,,,,,,,,,,,,,,,,,,,,,,,,,,,,,,,,,,,,,,,,,,,,,,,,,,,,,,,,,,,,,,,,,,,,,,,,,,,,,,,,,,,,,,,,,,,,,,,,,,,,,,,,,,,,,,,,,,,,,,,,,,,,,,,,,,,
,,,,,,61109090,,,,61109090,61109090,Wh 4x4-108 Post Sleeve RDI,,,,-,-,-,,61109090,,,"-, Wh 4X4, 108 Post Sleeve Rdi, 61109090, 61109090",WH 4X4-108 POST SLEEVE RDI,- 61109090 Wh 4X4-108 Post Sleeve Rdi,"-, Wh 4x4-108 Post Sleeve RDI, Part Number: 61109090",- 61109090 Wh 4X4-108 Post Sleeve Rdi,"-, Wh 4x4-108 Post Sleeve RDI, Part Number: 61109090",,,,,,,,,,,,,,,,,,,,,,,,,,,,,,,,,,,,,,,,,,,,,,,,,,,,,,,,,,,,,,,,,,,,,,,,,,,,,,,,,,,,,,,,,,,,,,,,,,,,,,,,,,,,,,,,,,,,,,,,,,,,,,,,,,,,,,,,,,,,,,,,,,,,,,,,,,,,,,,,,,,,,,,,,,,,,,,,,,,,,,,,,,,,,,,,,,,,,,,,,,,,,,,,,,,,,,,,,,,,,,,
,,,,,,73053603,,,,73053603,73053603,Clay 4x4-108 Post Sleeve RDI,,,,-,-,-,,73053603,,,"-, Clay 4X4, 108 Post Sleeve Rdi, 73053603, 73053603",CLAY 4X4-108 POST SLEEVE RDI,- 73053603 Clay 4X4-108 Post Sleeve Rdi,"-, Clay 4x4-108 Post Sleeve RDI, Part Number: 73053603",- 73053603 Clay 4X4-108 Post Sleeve Rdi,"-, Clay 4x4-108 Post Sleeve RDI, Part Number: 73053603",,,,,,,,,,,,,,,,,,,,,,,,,,,,,,,,,,,,,,,,,,,,,,,,,,,,,,,,,,,,,,,,,,,,,,,,,,,,,,,,,,,,,,,,,,,,,,,,,,,,,,,,,,,,,,,,,,,,,,,,,,,,,,,,,,,,,,,,,,,,,,,,,,,,,,,,,,,,,,,,,,,,,,,,,,,,,,,,,,,,,,,,,,,,,,,,,,,,,,,,,,,,,,,,,,,,,,,,,,,,,,,
,,,,,,73053608,,,,73053608,73053608,Clay 6x6-108 Post Sleeve RDI,,,,-,-,-,,73053608,,,"-, Clay 6X6, 108 Post Sleeve Rdi, 73053608, 73053608",CLAY 6X6-108 POST SLEEVE RDI,- 73053608 Clay 6X6-108 Post Sleeve Rdi,"-, Clay 6x6-108 Post Sleeve RDI, Part Number: 73053608",- 73053608 Clay 6X6-108 Post Sleeve Rdi,"-, Clay 6x6-108 Post Sleeve RDI, Part Number: 73053608",,,,,,,,,,,,,,,,,,,,,,,,,,,,,,,,,,,,,,,,,,,,,,,,,,,,,,,,,,,,,,,,,,,,,,,,,,,,,,,,,,,,,,,,,,,,,,,,,,,,,,,,,,,,,,,,,,,,,,,,,,,,,,,,,,,,,,,,,,,,,,,,,,,,,,,,,,,,,,,,,,,,,,,,,,,,,,,,,,,,,,,,,,,,,,,,,,,,,,,,,,,,,,,,,,,,,,,,,,,,,,,
,,,,,,543340896,,,,543340896,543340896,"4x4-37"" Black Alum Post Sleeve Select Alum Railing - w/Cap & Skirt",TREX,,,Boise Cascade Building Materials (BOICA),TREX,TREX,,543340896,,,"Trex, 4X4, 37"" Black Alum Post Sleeve Select Alum Railing, W/Cap & Skirt","4X4-37"" BLACK ALUM POST SLEEVE SELECT","Trex 543340896 4X4-37"" Black Alum Post Sleeve Select Alum Railing - W/Cap & Skirt","TREX, 4x4-37"" Black Alum Post Sleeve Select Alum Railing - w/Cap & Skirt, Part Number: 543340896","Trex 543340896 4X4-37"" Black Alum Post Sleeve Select Alum Railing - W/Cap & Skirt","TREX, 4x4-37"" Black Alum Post Sleeve Select Alum Railing - w/Cap & Skirt, Part Number: 543340896",,,,,,,,,,,,,,,,,,,,,,,,,,,,,,,,,,,,,,,,,,,,,,,,,,,,,,,,,,,,,,,,,,,,,,,,,,,,,,,,,,,,,,,,,,,,,,,,,,,,,,,,,,,,,,,,,,,,,,,,,,,,,,,,,,,,,,,,,,,,,,,,,,,,,,,,,,,,,,,,,,,,,,,,,,,,,,,,,,,,,,,,,,,,,,,,,,,,,,,,,,,,,,,,,,,,,,,,,,,,,,,
,,,,,,543340898,,,,543340898,543340898,"4x4-43"" Black Alum Post Sleeve Select Alum Railing w/Cap & Skirt",TREX,,,Boise Cascade Building Materials (BOICA),TREX,TREX,,543340898,,,"Trex, 4X4, 43"" Black Alum Post Sleeve Select Alum Railing W/Cap & Skirt","4X4-43"" BLACK ALUM POST SLEEVE SELECT","Trex 543340898 4X4-43"" Black Alum Post Sleeve Select Alum Railing W/Cap & Skirt","TREX, 4x4-43"" Black Alum Post Sleeve Select Alum Railing w/Cap & Skirt, Part Number: 543340898","Trex 543340898 4X4-43"" Black Alum Post Sleeve Select Alum Railing W/Cap & Skirt","TREX, 4x4-43"" Black Alum Post Sleeve Select Alum Railing w/Cap & Skirt, Part Number: 543340898",,,,,,,,,,,,,,,,,,,,,,,,,,,,,,,,,,,,,,,,,,,,,,,,,,,,,,,,,,,,,,,,,,,,,,,,,,,,,,,,,,,,,,,,,,,,,,,,,,,,,,,,,,,,,,,,,,,,,,,,,,,,,,,,,,,,,,,,,,,,,,,,,,,,,,,,,,,,,,,,,,,,,,,,,,,,,,,,,,,,,,,,,,,,,,,,,,,,,,,,,,,,,,,,,,,,,,,,,,,,,,,
,,,,,,73272TBK,,,,73272TBK,73272TBK,6x6-10' Black Alum Deco - Support Post,DSI Westbury,,,Palmer Donavin Mfg Company (PALDO),DSI Westbury,DSI Westbury,,73272TBK,,,"Dsi Westbury, 6X6, 10' Black Alum Deco, Support Post, 73272Tbk",6X6-10' BLACK ALUM DECO - SUPPORT POST,Dsi Westbury 73272Tbk 6X6-10' Black Alum Deco - Support Post,"DSI Westbury, 6x6-10' Black Alum Deco - Support Post, Part Number: 73272TBK",Dsi Westbury 73272Tbk 6X6-10' Black Alum Deco - Support Post,"DSI Westbury, 6x6-10' Black Alum Deco - Support Post, Part Number: 73272TBK",,,,,,,,,,,,,,,,,,,,,,,,,,,,,,,,,,,,,,,,,,,,,,,,,,,,,,,,,,,,,,,,,,,,,,,,,,,,,,,,,,,,,,,,,,,,,,,,,,,,,,,,,,,,,,,,,,,,,,,,,,,,,,,,,,,,,,,,,,,,,,,,,,,,,,,,,,,,,,,,,,,,,,,,,,,,,,,,,,,,,,,,,,,,,,,,,,,,,,,,,,,,,,,,,,,,,,,,,,,,,,,
,,,,,,543302127,,,,543302127,543302127,6' Wh Select T-Rail Kit Stair - w/Sq Composite Balusters,TREX,,,U S Lumber (3073),TREX,TREX,,543302127,,,"Trex, 6' Wh Select T, Rail Kit Stair, W/Sq Composite Balusters, 543302127",6' WH SELECT T-RAIL KIT STAIR - W/SQ,Trex 543302127 6' Wh Select T-Rail Kit Stair - W/Sq Composite Balusters,"TREX, 6' Wh Select T-Rail Kit Stair - w/Sq Composite Balusters, Part Number: 543302127",Trex 543302127 6' Wh Select T-Rail Kit Stair - W/Sq Composite Balusters,"TREX, 6' Wh Select T-Rail Kit Stair - w/Sq Composite Balusters, Part Number: 543302127",,,,,,,,,,,,,,,,,,,,,,,,,,,,,,,,,,,,,,,,,,,,,,,,,,,,,,,,,,,,,,,,,,,,,,,,,,,,,,,,,,,,,,,,,,,,,,,,,,,,,,,,,,,,,,,,,,,,,,,,,,,,,,,,,,,,,,,,,,,,,,,,,,,,,,,,,,,,,,,,,,,,,,,,,,,,,,,,,,,,,,,,,,,,,,,,,,,,,,,,,,,,,,,,,,,,,,,,,,,,,,,
,,,,,,543302147,,,,543302147,543302147,8' Wh Select T-Rail Kit Stair - w/Sq Composite Balusters,TREX,,,U S Lumber (3073),TREX,TREX,,543302147,,,"Trex, 8' Wh Select T, Rail Kit Stair, W/Sq Composite Balusters, 543302147",8' WH SELECT T-RAIL KIT STAIR - W/SQ,Trex 543302147 8' Wh Select T-Rail Kit Stair - W/Sq Composite Balusters,"TREX, 8' Wh Select T-Rail Kit Stair - w/Sq Composite Balusters, Part Number: 543302147",Trex 543302147 8' Wh Select T-Rail Kit Stair - W/Sq Composite Balusters,"TREX, 8' Wh Select T-Rail Kit Stair - w/Sq Composite Balusters, Part Number: 543302147",,,,,,,,,,,,,,,,,,,,,,,,,,,,,,,,,,,,,,,,,,,,,,,,,,,,,,,,,,,,,,,,,,,,,,,,,,,,,,,,,,,,,,,,,,,,,,,,,,,,,,,,,,,,,,,,,,,,,,,,,,,,,,,,,,,,,,,,,,,,,,,,,,,,,,,,,,,,,,,,,,,,,,,,,,,,,,,,,,,,,,,,,,,,,,,,,,,,,,,,,,,,,,,,,,,,,,,,,,,,,,,
,,,,,,73019599,,,,73019599,73019599,Finyline Wh 6' Str Rail Kit Sq,,,,-,-,-,,73019599,,,"-, Finyline Wh 6' Str Rail Kit Sq, 73019599, 73019599",FINYLINE WH 6' STR RAIL KIT SQ,- 73019599 Finyline Wh 6' Str Rail Kit Sq,"-, Finyline Wh 6' Str Rail Kit Sq, Part Number: 73019599",- 73019599 Finyline Wh 6' Str Rail Kit Sq,"-, Finyline Wh 6' Str Rail Kit Sq, Part Number: 73019599",,,,,,,,,,,,,,,,,,,,,,,,,,,,,,,,,,,,,,,,,,,,,,,,,,,,,,,,,,,,,,,,,,,,,,,,,,,,,,,,,,,,,,,,,,,,,,,,,,,,,,,,,,,,,,,,,,,,,,,,,,,,,,,,,,,,,,,,,,,,,,,,,,,,,,,,,,,,,,,,,,,,,,,,,,,,,,,,,,,,,,,,,,,,,,,,,,,,,,,,,,,,,,,,,,,,,,,,,,,,,,,
,,,,,,73019648,,,,73019648,73019648,Finyline Wh 8' Str Rail Kit Sq,,,,-,-,-,,73019648,,,"-, Finyline Wh 8' Str Rail Kit Sq, 73019648, 73019648",FINYLINE WH 8' STR RAIL KIT SQ,- 73019648 Finyline Wh 8' Str Rail Kit Sq,"-, Finyline Wh 8' Str Rail Kit Sq, Part Number: 73019648",- 73019648 Finyline Wh 8' Str Rail Kit Sq,"-, Finyline Wh 8' Str Rail Kit Sq, Part Number: 73019648",,,,,,,,,,,,,,,,,,,,,,,,,,,,,,,,,,,,,,,,,,,,,,,,,,,,,,,,,,,,,,,,,,,,,,,,,,,,,,,,,,,,,,,,,,,,,,,,,,,,,,,,,,,,,,,,,,,,,,,,,,,,,,,,,,,,,,,,,,,,,,,,,,,,,,,,,,,,,,,,,,,,,,,,,,,,,,,,,,,,,,,,,,,,,,,,,,,,,,,,,,,,,,,,,,,,,,,,,,,,,,,
,,,,,,73019598,,,,73019598,73019598,Finyline Wh 6' Str Rail Kit Rd - w/Black Alum Balusters,,,,-,-,-,,73019598,,,"-, Finyline Wh 6' Str Rail Kit Rd, W/Black Alum Balusters, 73019598",FINYLINE WH 6' STR RAIL KIT RD -,- 73019598 Finyline Wh 6' Str Rail Kit Rd - W/Black Alum Balusters,"-, Finyline Wh 6' Str Rail Kit Rd - w/Black Alum Balusters, Part Number: 73019598",- 73019598 Finyline Wh 6' Str Rail Kit Rd - W/Black Alum Balusters,"-, Finyline Wh 6' Str Rail Kit Rd - w/Black Alum Balusters, Part Number: 73019598",,,,,,,,,,,,,,,,,,,,,,,,,,,,,,,,,,,,,,,,,,,,,,,,,,,,,,,,,,,,,,,,,,,,,,,,,,,,,,,,,,,,,,,,,,,,,,,,,,,,,,,,,,,,,,,,,,,,,,,,,,,,,,,,,,,,,,,,,,,,,,,,,,,,,,,,,,,,,,,,,,,,,,,,,,,,,,,,,,,,,,,,,,,,,,,,,,,,,,,,,,,,,,,,,,,,,,,,,,,,,,,
,,,,,,73019647,,,,73019647,73019647,Finyline Wh 8' Str Rail Kit Rd - w/Black Alum Balusters,,,,-,-,-,,73019647,,,"-, Finyline Wh 8' Str Rail Kit Rd, W/Black Alum Balusters, 73019647",FINYLINE WH 8' STR RAIL KIT RD -,- 73019647 Finyline Wh 8' Str Rail Kit Rd - W/Black Alum Balusters,"-, Finyline Wh 8' Str Rail Kit Rd - w/Black Alum Balusters, Part Number: 73019647",- 73019647 Finyline Wh 8' Str Rail Kit Rd - W/Black Alum Balusters,"-, Finyline Wh 8' Str Rail Kit Rd - w/Black Alum Balusters, Part Number: 73019647",,,,,,,,,,,,,,,,,,,,,,,,,,,,,,,,,,,,,,,,,,,,,,,,,,,,,,,,,,,,,,,,,,,,,,,,,,,,,,,,,,,,,,,,,,,,,,,,,,,,,,,,,,,,,,,,,,,,,,,,,,,,,,,,,,,,,,,,,,,,,,,,,,,,,,,,,,,,,,,,,,,,,,,,,,,,,,,,,,,,,,,,,,,,,,,,,,,,,,,,,,,,,,,,,,,,,,,,,,,,,,,
,,,,,,543300257,,,,543300257,543300257,6' Black Select Classic Stair - Rail w/Rnd Black Alum Baluster,TREX,,,Boise Cascade Building Materials (BOICA),TREX,TREX,,543300257,,,"Trex, 6' Black Select Classic Stair, Rail W/Rnd Black Alum Baluster, 543300257",6' BLACK SELECT CLASSIC STAIR - RAIL,Trex 543300257 6' Black Select Classic Stair - Rail W/Rnd Black Alum Baluster,"TREX, 6' Black Select Classic Stair - Rail w/Rnd Black Alum Baluster, Part Number: 543300257",Trex 543300257 6' Black Select Classic Stair - Rail W/Rnd Black Alum Baluster,"TREX, 6' Black Select Classic Stair - Rail w/Rnd Black Alum Baluster, Part Number: 543300257",,,,,,,,,,,,,,,,,,,,,,,,,,,,,,,,,,,,,,,,,,,,,,,,,,,,,,,,,,,,,,,,,,,,,,,,,,,,,,,,,,,,,,,,,,,,,,,,,,,,,,,,,,,,,,,,,,,,,,,,,,,,,,,,,,,,,,,,,,,,,,,,,,,,,,,,,,,,,,,,,,,,,,,,,,,,,,,,,,,,,,,,,,,,,,,,,,,,,,,,,,,,,,,,,,,,,,,,,,,,,,,
,,,,,,543300277,,,,543300277,543300277,8' Black Select Classic Stair - Rail w/Rnd Black Alum Baluster,TREX,,,Boise Cascade Building Materials (BOICA),TREX,TREX,,543300277,,,"Trex, 8' Black Select Classic Stair, Rail W/Rnd Black Alum Baluster, 543300277",8' BLACK SELECT CLASSIC STAIR - RAIL,Trex 543300277 8' Black Select Classic Stair - Rail W/Rnd Black Alum Baluster,"TREX, 8' Black Select Classic Stair - Rail w/Rnd Black Alum Baluster, Part Number: 543300277",Trex 543300277 8' Black Select Classic Stair - Rail W/Rnd Black Alum Baluster,"TREX, 8' Black Select Classic Stair - Rail w/Rnd Black Alum Baluster, Part Number: 543300277",,,,,,,,,,,,,,,,,,,,,,,,,,,,,,,,,,,,,,,,,,,,,,,,,,,,,,,,,,,,,,,,,,,,,,,,,,,,,,,,,,,,,,,,,,,,,,,,,,,,,,,,,,,,,,,,,,,,,,,,,,,,,,,,,,,,,,,,,,,,,,,,,,,,,,,,,,,,,,,,,,,,,,,,,,,,,,,,,,,,,,,,,,,,,,,,,,,,,,,,,,,,,,,,,,,,,,,,,,,,,,,
,,,,,,SPB-44BPL,,,,SPB-44BPL,SPB-44BPL,"Patriot 4""x4""x37""/43"" Adjustable Self Leveling Support Post",,,,-,-,-,,SPB-44BPL,,,"-, Patriot 4""X4""X37""/43"" Adjustable Self Leveling Support Post, Spb-44Bpl","PATRIOT 4""X4""X37""/43"" ADJUSTABLE SELF","- Spb-44Bpl Patriot 4""X4""X37""/43"" Adjustable Self Leveling Support Post","-, Patriot 4""x4""x37""/43"" Adjustable Self Leveling Support Post, Part Number: SPB-44BPL","- Spb-44Bpl Patriot 4""X4""X37""/43"" Adjustable Self Leveling Support Post","-, Patriot 4""x4""x37""/43"" Adjustable Self Leveling Support Post, Part Number: SPB-44BPL",,,,,,,,,,,,,,,,,,,,,,,,,,,,,,,,,,,,,,,,,,,,,,,,,,,,,,,,,,,,,,,,,,,,,,,,,,,,,,,,,,,,,,,,,,,,,,,,,,,,,,,,,,,,,,,,,,,,,,,,,,,,,,,,,,,,,,,,,,,,,,,,,,,,,,,,,,,,,,,,,,,,,,,,,,,,,,,,,,,,,,,,,,,,,,,,,,,,,,,,,,,,,,,,,,,,,,,,,,,,,,,
,,,,,,925219,,,,925219,925219,"2""x50' Deck Joist Tape - Protecto Wrap",,,,Palmer Donavin Mfg Company (PALDO),Palmer Donavin Mfg Company,Palmer Donavin Mfg Company,,925219,,,"Palmer Donavin Mfg Company, 2""X50' Deck Joist Tape, Protecto Wrap, 925219","2""X50' DECK JOIST TAPE - PROTECTO WRAP","Palmer Donavin Mfg Company 925219 2""X50' Deck Joist Tape - Protecto Wrap","Palmer Donavin Mfg Company, 2""x50' Deck Joist Tape - Protecto Wrap, Part Number: 925219","Palmer Donavin Mfg Company 925219 2""X50' Deck Joist Tape - Protecto Wrap","Palmer Donavin Mfg Company, 2""x50' Deck Joist Tape - Protecto Wrap, Part Number: 925219",,,,,,,,,,,,,,,,,,,,,,,,,,,,,,,,,,,,,,,,,,,,,,,,,,,,,,,,,,,,,,,,,,,,,,,,,,,,,,,,,,,,,,,,,,,,,,,,,,,,,,,,,,,,,,,,,,,,,,,,,,,,,,,,,,,,,,,,,,,,,,,,,,,,,,,,,,,,,,,,,,,,,,,,,,,,,,,,,,,,,,,,,,,,,,,,,,,,,,,,,,,,,,,,,,,,,,,,,,,,,,,
,,,,,,27233,,,,27233,27233,24x48 WH Attic Access Door,AJM,,,A J Manufacturing Inc (AJMAN),AJM,AJM,,27233,,,"AJM, Ajm, 24X48 Wh Attic Access Door, 27233, 27233",24X48 WH ATTIC ACCESS DOOR,Ajm 27233 24X48 Wh Attic Access Door,"AJM, 24x48 WH Attic Access Door, Part Number: 27233",Ajm 27233 24X48 Wh Attic Access Door,"AJM, 24x48 WH Attic Access Door, Part Number: 27233",,,,,,,,,,,,,,,,,,,,,,,,,,,,,,,,,,,,,,,,,,,,,,,,,,,,,,,,,,,,,,,,,,,,,,,,,,,,,,,,,,,,,,,,,,,,,,,,,,,,,,,,,,,,,,,,,,,,,,,,,,,,,,,,,,,,,,,,,,,,,,,,,,,,,,,,,,,,,,,,,,,,,,,,,,,,,,,,,,,,,,,,,,,,,,,,,,,,,,,,,,,,,,,,,,,,,,,,,,,,,,,
,,,,,,1517602,,,,1517602,1517602,6068R Gliding Patio Dr 4500 United Blk Ext/WH Int LowE Arg w/J,United Window & Door,,,United Window & Door Manufacturing (UNIWI),United Window & Door,United Window & Door,,1517602,,,United Window & Door,6068R GLIDING PATIO DR 4500 UNITED BLK,United Window & Door 1517602 6068R Gliding Patio Dr 4500 United Blk Ext/Wh Int Lowe Arg W/J,"United Window & Door, 6068R Gliding Patio Dr 4500 United Blk Ext/WH Int LowE Arg w/J, Part Number: 1517602",United Window & Door 1517602 6068R Gliding Patio Dr 4500 United Blk Ext/Wh Int Lowe Arg W/J,"United Window & Door, 6068R Gliding Patio Dr 4500 United Blk Ext/WH Int LowE Arg w/J, Part Number: 1517602",,,,,,,,,,,,,,,,,,,,,,,,,,,,,,,,,,,,,,,,,,,,,,,,,,,,,,,,,,,,,,,,,,,,,,,,,,,,,,,,,,,,,,,,,,,,,,,,,,,,,,,,,,,,,,,,,,,,,,,,,,,,,,,,,,,,,,,,,,,,,,,,,,,,,,,,,,,,,,,,,,,,,,,,,,,,,,,,,,,,,,,,,,,,,,,,,,,,,,,,,,,,,,,,,,,,,,,,,,,,,,,
,,,,,,1517603,,,,1517603,1517603,6068L Gliding Patio Dr 4500 United Blk Ext/WH Int LowE Arg w/J,United Window & Door,,,United Window & Door Manufacturing (UNIWI),United Window & Door,United Window & Door,,1517603,,,United Window & Door,6068L GLIDING PATIO DR 4500 UNITED BLK,United Window & Door 1517603 6068L Gliding Patio Dr 4500 United Blk Ext/Wh Int Lowe Arg W/J,"United Window & Door, 6068L Gliding Patio Dr 4500 United Blk Ext/WH Int LowE Arg w/J, Part Number: 1517603",United Window & Door 1517603 6068L Gliding Patio Dr 4500 United Blk Ext/Wh Int Lowe Arg W/J,"United Window & Door, 6068L Gliding Patio Dr 4500 United Blk Ext/WH Int LowE Arg w/J, Part Number: 1517603",,,,,,,,,,,,,,,,,,,,,,,,,,,,,,,,,,,,,,,,,,,,,,,,,,,,,,,,,,,,,,,,,,,,,,,,,,,,,,,,,,,,,,,,,,,,,,,,,,,,,,,,,,,,,,,,,,,,,,,,,,,,,,,,,,,,,,,,,,,,,,,,,,,,,,,,,,,,,,,,,,,,,,,,,,,,,,,,,,,,,,,,,,,,,,,,,,,,,,,,,,,,,,,,,,,,,,,,,,,,,,,
,,,,,,1517604,,,,1517604,1517604,6068L Gliding Patio Dr 4500 United White LowE Arg w/J,United Window & Door,,,United Window & Door Manufacturing (UNIWI),United Window & Door,United Window & Door,,1517604,,,"United Window & Door, 6068L Gliding Patio Dr 4500 United White Lowe Arg W/J",6068L GLIDING PATIO DR 4500 UNITED,United Window & Door 1517604 6068L Gliding Patio Dr 4500 United White Lowe Arg W/J,"United Window & Door, 6068L Gliding Patio Dr 4500 United White LowE Arg w/J, Part Number: 1517604",United Window & Door 1517604 6068L Gliding Patio Dr 4500 United White Lowe Arg W/J,"United Window & Door, 6068L Gliding Patio Dr 4500 United White LowE Arg w/J, Part Number: 1517604",,,,,,,,,,,,,,,,,,,,,,,,,,,,,,,,,,,,,,,,,,,,,,,,,,,,,,,,,,,,,,,,,,,,,,,,,,,,,,,,,,,,,,,,,,,,,,,,,,,,,,,,,,,,,,,,,,,,,,,,,,,,,,,,,,,,,,,,,,,,,,,,,,,,,,,,,,,,,,,,,,,,,,,,,,,,,,,,,,,,,,,,,,,,,,,,,,,,,,,,,,,,,,,,,,,,,,,,,,,,,,,
,,,,,,1517605,,,,1517605,1517605,6068R Gliding Patio Dr 4500 United White LowE Arg w/J,United Window & Door,,,United Window & Door Manufacturing (UNIWI),United Window & Door,United Window & Door,,1517605,,,"United Window & Door, 6068R Gliding Patio Dr 4500 United White Lowe Arg W/J",6068R GLIDING PATIO DR 4500 UNITED,United Window & Door 1517605 6068R Gliding Patio Dr 4500 United White Lowe Arg W/J,"United Window & Door, 6068R Gliding Patio Dr 4500 United White LowE Arg w/J, Part Number: 1517605",United Window & Door 1517605 6068R Gliding Patio Dr 4500 United White Lowe Arg W/J,"United Window & Door, 6068R Gliding Patio Dr 4500 United White LowE Arg w/J, Part Number: 1517605",,,,,,,,,,,,,,,,,,,,,,,,,,,,,,,,,,,,,,,,,,,,,,,,,,,,,,,,,,,,,,,,,,,,,,,,,,,,,,,,,,,,,,,,,,,,,,,,,,,,,,,,,,,,,,,,,,,,,,,,,,,,,,,,,,,,,,,,,,,,,,,,,,,,,,,,,,,,,,,,,,,,,,,,,,,,,,,,,,,,,,,,,,,,,,,,,,,,,,,,,,,,,,,,,,,,,,,,,,,,,,,
,,,,,,FS C01 2004S,,,,FS C01 2004S,FS C01 2004S,"FS C01 Velux Fxd Skylt Gry/Wh - w/Solar Shade RO 21""x26-7/8""",,,,Velux America Inc (VELAM),Velux America Inc,Velux America Inc,,FS C01 2004S,,,"Velux America Inc, Fs C01 Velux Fxd Skylt Gry/Wh, W/Solar Shade Ro 21""X26, 7/8""",FS C01 VELUX FXD SKYLT GRY/WH - W/SOLAR,"Velux America Inc Fs C01 2004S Fs C01 Velux Fxd Skylt Gry/Wh - W/Solar Shade Ro 21""X26-7/8""","Velux America Inc, FS C01 Velux Fxd Skylt Gry/Wh - w/Solar Shade RO 21""x26-7/8"", Part Number: FS C01 2004S","Velux America Inc Fs C01 2004S Fs C01 Velux Fxd Skylt Gry/Wh - W/Solar Shade Ro 21""X26-7/8""","Velux America Inc, FS C01 Velux Fxd Skylt Gry/Wh - w/Solar Shade RO 21""x26-7/8"", Part Number: FS C01 2004S",,,,,,,,,,,,,,,,,,,,,,,,,,,,,,,,,,,,,,,,,,,,,,,,,,,,,,,,,,,,,,,,,,,,,,,,,,,,,,,,,,,,,,,,,,,,,,,,,,,,,,,,,,,,,,,,,,,,,,,,,,,,,,,,,,,,,,,,,,,,,,,,,,,,,,,,,,,,,,,,,,,,,,,,,,,,,,,,,,,,,,,,,,,,,,,,,,,,,,,,,,,,,,,,,,,,,,,,,,,,,,,
,,,,,,FS C04 2004S,,,,FS C04 2004S,FS C04 2004S,"FS C04 Velux Fxd Skylt Gry/Wh - w/Solar Shade RO 21""x37-7/8""",,,,Velux America Inc (VELAM),Velux America Inc,Velux America Inc,,FS C04 2004S,,,"Velux America Inc, Fs C04 Velux Fxd Skylt Gry/Wh, W/Solar Shade Ro 21""X37, 7/8""",FS C04 VELUX FXD SKYLT GRY/WH - W/SOLAR,"Velux America Inc Fs C04 2004S Fs C04 Velux Fxd Skylt Gry/Wh - W/Solar Shade Ro 21""X37-7/8""","Velux America Inc, FS C04 Velux Fxd Skylt Gry/Wh - w/Solar Shade RO 21""x37-7/8"", Part Number: FS C04 2004S","Velux America Inc Fs C04 2004S Fs C04 Velux Fxd Skylt Gry/Wh - W/Solar Shade Ro 21""X37-7/8""","Velux America Inc, FS C04 Velux Fxd Skylt Gry/Wh - w/Solar Shade RO 21""x37-7/8"", Part Number: FS C04 2004S",,,,,,,,,,,,,,,,,,,,,,,,,,,,,,,,,,,,,,,,,,,,,,,,,,,,,,,,,,,,,,,,,,,,,,,,,,,,,,,,,,,,,,,,,,,,,,,,,,,,,,,,,,,,,,,,,,,,,,,,,,,,,,,,,,,,,,,,,,,,,,,,,,,,,,,,,,,,,,,,,,,,,,,,,,,,,,,,,,,,,,,,,,,,,,,,,,,,,,,,,,,,,,,,,,,,,,,,,,,,,,,
,,,,,,FS C06 2004S,,,,FS C06 2004S,FS C06 2004S,"FS C06 Velux Fxd Skylt Gry/Wh - w/Solar Shade RO 21""x45-7/8""",,,,Velux America Inc (VELAM),Velux America Inc,Velux America Inc,,FS C06 2004S,,,"Velux America Inc, Fs C06 Velux Fxd Skylt Gry/Wh, W/Solar Shade Ro 21""X45, 7/8""",FS C06 VELUX FXD SKYLT GRY/WH - W/SOLAR,"Velux America Inc Fs C06 2004S Fs C06 Velux Fxd Skylt Gry/Wh - W/Solar Shade Ro 21""X45-7/8""","Velux America Inc, FS C06 Velux Fxd Skylt Gry/Wh - w/Solar Shade RO 21""x45-7/8"", Part Number: FS C06 2004S","Velux America Inc Fs C06 2004S Fs C06 Velux Fxd Skylt Gry/Wh - W/Solar Shade Ro 21""X45-7/8""","Velux America Inc, FS C06 Velux Fxd Skylt Gry/Wh - w/Solar Shade RO 21""x45-7/8"", Part Number: FS C06 2004S",,,,,,,,,,,,,,,,,,,,,,,,,,,,,,,,,,,,,,,,,,,,,,,,,,,,,,,,,,,,,,,,,,,,,,,,,,,,,,,,,,,,,,,,,,,,,,,,,,,,,,,,,,,,,,,,,,,,,,,,,,,,,,,,,,,,,,,,,,,,,,,,,,,,,,,,,,,,,,,,,,,,,,,,,,,,,,,,,,,,,,,,,,,,,,,,,,,,,,,,,,,,,,,,,,,,,,,,,,,,,,,
,,,,,,1501831,,,,1501831,1501831,31.5x14.75 Bsmt ecoLitePlus WH - Hopper DLA w/Screen,PROVIA,,,ProVia (PRODO),PROVIA,PROVIA,,1501831,,,"Provia, 31.5X14.75 Bsmt Ecoliteplus Wh, Hopper Dla W/Screen, 1501831",31.5X14.75 BSMT ECOLITEPLUS WH - HOPPER,Provia 1501831 31.5X14.75 Bsmt Ecoliteplus Wh - Hopper Dla W/Screen,"PROVIA, 31.5x14.75 Bsmt ecoLitePlus WH - Hopper DLA w/Screen, Part Number: 1501831",Provia 1501831 31.5X14.75 Bsmt Ecoliteplus Wh - Hopper Dla W/Screen,"PROVIA, 31.5x14.75 Bsmt ecoLitePlus WH - Hopper DLA w/Screen, Part Number: 1501831",,,,,,,,,,,,,,,,,,,,,,,,,,,,,,,,,,,,,,,,,,,,,,,,,,,,,,,,,,,,,,,,,,,,,,,,,,,,,,,,,,,,,,,,,,,,,,,,,,,,,,,,,,,,,,,,,,,,,,,,,,,,,,,,,,,,,,,,,,,,,,,,,,,,,,,,,,,,,,,,,,,,,,,,,,,,,,,,,,,,,,,,,,,,,,,,,,,,,,,,,,,,,,,,,,,,,,,,,,,,,,,
,,,,,,1501832,,,,1501832,1501832,31.5x22.75 Bsmt ecoLitePlus WH - Hopper DLA w/Screen,PROVIA,,,ProVia (PRODO),PROVIA,PROVIA,,1501832,,,"Provia, 31.5X22.75 Bsmt Ecoliteplus Wh, Hopper Dla W/Screen, 1501832",31.5X22.75 BSMT ECOLITEPLUS WH - HOPPER,Provia 1501832 31.5X22.75 Bsmt Ecoliteplus Wh - Hopper Dla W/Screen,"PROVIA, 31.5x22.75 Bsmt ecoLitePlus WH - Hopper DLA w/Screen, Part Number: 1501832",Provia 1501832 31.5X22.75 Bsmt Ecoliteplus Wh - Hopper Dla W/Screen,"PROVIA, 31.5x22.75 Bsmt ecoLitePlus WH - Hopper DLA w/Screen, Part Number: 1501832",,,,,,,,,,,,,,,,,,,,,,,,,,,,,,,,,,,,,,,,,,,,,,,,,,,,,,,,,,,,,,,,,,,,,,,,,,,,,,,,,,,,,,,,,,,,,,,,,,,,,,,,,,,,,,,,,,,,,,,,,,,,,,,,,,,,,,,,,,,,,,,,,,,,,,,,,,,,,,,,,,,,,,,,,,,,,,,,,,,,,,,,,,,,,,,,,,,,,,,,,,,,,,,,,,,,,,,,,,,,,,,
,,,,,,1515974,,,,1515974,1515974,3030 Slider 3900 United Black WH Int LowE-2 w/Half Scrn w/J,United Window & Door,,,-,United Window & Door,United Window & Door,,1515974,,,"United Window & Door, 3030 Slider 3900 United Black Wh Int Lowe",3030 SLIDER 3900 UNITED BLACK WH INT,United Window & Door 1515974 3030 Slider 3900 United Black Wh Int Lowe-2 W/Half Scrn W/J,"United Window & Door, 3030 Slider 3900 United Black WH Int LowE-2 w/Half Scrn w/J, Part Number: 1515974",United Window & Door 1515974 3030 Slider 3900 United Black Wh Int Lowe-2 W/Half Scrn W/J,"United Window & Door, 3030 Slider 3900 United Black WH Int LowE-2 w/Half Scrn w/J, Part Number: 1515974",,,,,,,,,,,,,,,,,,,,,,,,,,,,,,,,,,,,,,,,,,,,,,,,,,,,,,,,,,,,,,,,,,,,,,,,,,,,,,,,,,,,,,,,,,,,,,,,,,,,,,,,,,,,,,,,,,,,,,,,,,,,,,,,,,,,,,,,,,,,,,,,,,,,,,,,,,,,,,,,,,,,,,,,,,,,,,,,,,,,,,,,,,,,,,,,,,,,,,,,,,,,,,,,,,,,,,,,,,,,,,,
,,,,,,640383,,,,640383,640383,"1/2"" 54""x10 Drywall Easi-Lite",,,,Certainteed Gypsum (2765),Certainteed Gypsum,Certainteed Gypsum,,640383,,,"Certainteed Gypsum, 1/2"" 54""X10 Drywall Easi, Lite, 640383, ","1/2"" 54""X10 DRYWALL EASI-LITE","Certainteed Gypsum 640383 1/2"" 54""X10 Drywall Easi-Lite","Certainteed Gypsum, 1/2"" 54""x10 Drywall Easi-Lite, Part Number: 640383","Certainteed Gypsum 640383 1/2"" 54""X10 Drywall Easi-Lite","Certainteed Gypsum, 1/2"" 54""x10 Drywall Easi-Lite, Part Number: 640383",,,,,,,,,,,,,,,,,,,,,,,,,,,,,,,,,,,,,,,,,,,,,,,,,,,,,,,,,,,,,,,,,,,,,,,,,,,,,,,,,,,,,,,,,,,,,,,,,,,,,,,,,,,,,,,,,,,,,,,,,,,,,,,,,,,,,,,,,,,,,,,,,,,,,,,,,,,,,,,,,,,,,,,,,,,,,,,,,,,,,,,,,,,,,,,,,,,,,,,,,,,,,,,,,,,,,,,,,,,,,,,
,,,,,,653258,,,,653258,653258,"5/8"" 4x9 Drywall Firelite",,,,Certainteed Gypsum (2765),Certainteed Gypsum,Certainteed Gypsum,,653258,,,"Certainteed Gypsum, 5/8"" 4X9 Drywall Firelite, 653258, 65325","5/8"" 4X9 DRYWALL FIRELITE","Certainteed Gypsum 653258 5/8"" 4X9 Drywall Firelite","Certainteed Gypsum, 5/8"" 4x9 Drywall Firelite, Part Number: 653258","Certainteed Gypsum 653258 5/8"" 4X9 Drywall Firelite","Certainteed Gypsum, 5/8"" 4x9 Drywall Firelite, Part Number: 653258",,,,,,,,,,,,,,,,,,,,,,,,,,,,,,,,,,,,,,,,,,,,,,,,,,,,,,,,,,,,,,,,,,,,,,,,,,,,,,,,,,,,,,,,,,,,,,,,,,,,,,,,,,,,,,,,,,,,,,,,,,,,,,,,,,,,,,,,,,,,,,,,,,,,,,,,,,,,,,,,,,,,,,,,,,,,,,,,,,,,,,,,,,,,,,,,,,,,,,,,,,,,,,,,,,,,,,,,,,,,,,,
,,,,,,413S-DBA-36,,,,413S-DBA-36,413S-DBA-36,"413S 36"" Alum Threshold DBZ",HAGER,,,Hager Hinge Co (4189),HAGER,HAGER,,413S-DBA-36,,,"HAGER, Hager, 413S 36"" Alum Threshold Dbz, 413S-Dba-36, 413S","413S 36"" ALUM THRESHOLD DBZ","Hager 413S-Dba-36 413S 36"" Alum Threshold Dbz","HAGER, 413S 36"" Alum Threshold DBZ, Part Number: 413S-DBA-36","Hager 413S-Dba-36 413S 36"" Alum Threshold Dbz","HAGER, 413S 36"" Alum Threshold DBZ, Part Number: 413S-DBA-36",,,,,,,,,,,,,,,,,,,,,,,,,,,,,,,,,,,,,,,,,,,,,,,,,,,,,,,,,,,,,,,,,,,,,,,,,,,,,,,,,,,,,,,,,,,,,,,,,,,,,,,,,,,,,,,,,,,,,,,,,,,,,,,,,,,,,,,,,,,,,,,,,,,,,,,,,,,,,,,,,,,,,,,,,,,,,,,,,,,,,,,,,,,,,,,,,,,,,,,,,,,,,,,,,,,,,,,,,,,,,,,
,,,,,,413S-DBA-72,,,,413S-DBA-72,413S-DBA-72,"413S 72"" Alum Threshold DBZ",HAGER,,,Hager Hinge Co (4189),HAGER,HAGER,,413S-DBA-72,,,"HAGER, Hager, 413S 72"" Alum Threshold Dbz, 413S-Dba-72, 413S","413S 72"" ALUM THRESHOLD DBZ","Hager 413S-Dba-72 413S 72"" Alum Threshold Dbz","HAGER, 413S 72"" Alum Threshold DBZ, Part Number: 413S-DBA-72","Hager 413S-Dba-72 413S 72"" Alum Threshold Dbz","HAGER, 413S 72"" Alum Threshold DBZ, Part Number: 413S-DBA-72",,,,,,,,,,,,,,,,,,,,,,,,,,,,,,,,,,,,,,,,,,,,,,,,,,,,,,,,,,,,,,,,,,,,,,,,,,,,,,,,,,,,,,,,,,,,,,,,,,,,,,,,,,,,,,,,,,,,,,,,,,,,,,,,,,,,,,,,,,,,,,,,,,,,,,,,,,,,,,,,,,,,,,,,,,,,,,,,,,,,,,,,,,,,,,,,,,,,,,,,,,,,,,,,,,,,,,,,,,,,,,,
,,,,,,1511506,,,,1511506,1511506,4'x65' Zip Rainscreen,,,,Huber Eng Wood LLC (3158),Huber Eng Wood LLC,Huber Eng Wood LLC,,1511506,,,"Huber Eng Wood LLC, Huber Eng Wood Llc, 4'X65' Zip Rainscreen, 1511506",4'X65' ZIP RAINSCREEN,Huber Eng Wood Llc 1511506 4'X65' Zip Rainscreen,"Huber Eng Wood LLC, 4'x65' Zip Rainscreen, Part Number: 1511506",Huber Eng Wood Llc 1511506 4'X65' Zip Rainscreen,"Huber Eng Wood LLC, 4'x65' Zip Rainscreen, Part Number: 1511506",,,,,,,,,,,,,,,,,,,,,,,,,,,,,,,,,,,,,,,,,,,,,,,,,,,,,,,,,,,,,,,,,,,,,,,,,,,,,,,,,,,,,,,,,,,,,,,,,,,,,,,,,,,,,,,,,,,,,,,,,,,,,,,,,,,,,,,,,,,,,,,,,,,,,,,,,,,,,,,,,,,,,,,,,,,,,,,,,,,,,,,,,,,,,,,,,,,,,,,,,,,,,,,,,,,,,,,,,,,,,,,
,,,,,,1513577,,,,1513577,1513577,1x8-12' Doug Fir STK Smooth 1S2E,COMMODITY - UNBRANDED,,,Westwood Lumber Sales (WESLU),COMMODITY - UNBRANDED,COMMODITY - UNBRANDED,,1513577,,,"Commodity - Unbranded, 1X8, 12' Doug Fir Stk Smooth 1S2E, 1513577",1X8-12' DOUG FIR STK SMOOTH 1S2E,Commodity - Unbranded 1513577 1X8-12' Doug Fir Stk Smooth 1S2E,"COMMODITY - UNBRANDED, 1x8-12' Doug Fir STK Smooth 1S2E, Part Number: 1513577",Commodity - Unbranded 1513577 1X8-12' Doug Fir Stk Smooth 1S2E,"COMMODITY - UNBRANDED, 1x8-12' Doug Fir STK Smooth 1S2E, Part Number: 1513577",,,,,,,,,,,,,,,,,,,,,,,,,,,,,,,,,,,,,,,,,,,,,,,,,,,,,,,,,,,,,,,,,,,,,,,,,,,,,,,,,,,,,,,,,,,,,,,,,,,,,,,,,,,,,,,,,,,,,,,,,,,,,,,,,,,,,,,,,,,,,,,,,,,,,,,,,,,,,,,,,,,,,,,,,,,,,,,,,,,,,,,,,,,,,,,,,,,,,,,,,,,,,,,,,,,,,,,,,,,,,,,
,,,,,,1513578,,,,1513578,1513578,1x8-16' Doug Fir STK Smooth 1S2E,COMMODITY - UNBRANDED,,,Westwood Lumber Sales (WESLU),COMMODITY - UNBRANDED,COMMODITY - UNBRANDED,,1513578,,,"Commodity - Unbranded, 1X8, 16' Doug Fir Stk Smooth 1S2E, 1513578",1X8-16' DOUG FIR STK SMOOTH 1S2E,Commodity - Unbranded 1513578 1X8-16' Doug Fir Stk Smooth 1S2E,"COMMODITY - UNBRANDED, 1x8-16' Doug Fir STK Smooth 1S2E, Part Number: 1513578",Commodity - Unbranded 1513578 1X8-16' Doug Fir Stk Smooth 1S2E,"COMMODITY - UNBRANDED, 1x8-16' Doug Fir STK Smooth 1S2E, Part Number: 1513578",,,,,,,,,,,,,,,,,,,,,,,,,,,,,,,,,,,,,,,,,,,,,,,,,,,,,,,,,,,,,,,,,,,,,,,,,,,,,,,,,,,,,,,,,,,,,,,,,,,,,,,,,,,,,,,,,,,,,,,,,,,,,,,,,,,,,,,,,,,,,,,,,,,,,,,,,,,,,,,,,,,,,,,,,,,,,,,,,,,,,,,,,,,,,,,,,,,,,,,,,,,,,,,,,,,,,,,,,,,,,,,
,,,,,,1513579,,,,1513579,1513579,1x12-12 'Doug Fir STK Smooth 1S2E,COMMODITY - UNBRANDED,,,Westwood Lumber Sales (WESLU),COMMODITY - UNBRANDED,COMMODITY - UNBRANDED,,1513579,,,"Commodity - Unbranded, 1X12, 12 'Doug Fir Stk Smooth 1S2E, 1513579",1X12-12 'DOUG FIR STK SMOOTH 1S2E,Commodity - Unbranded 1513579 1X12-12 'Doug Fir Stk Smooth 1S2E,"COMMODITY - UNBRANDED, 1x12-12 'Doug Fir STK Smooth 1S2E, Part Number: 1513579",Commodity - Unbranded 1513579 1X12-12 'Doug Fir Stk Smooth 1S2E,"COMMODITY - UNBRANDED, 1x12-12 'Doug Fir STK Smooth 1S2E, Part Number: 1513579",,,,,,,,,,,,,,,,,,,,,,,,,,,,,,,,,,,,,,,,,,,,,,,,,,,,,,,,,,,,,,,,,,,,,,,,,,,,,,,,,,,,,,,,,,,,,,,,,,,,,,,,,,,,,,,,,,,,,,,,,,,,,,,,,,,,,,,,,,,,,,,,,,,,,,,,,,,,,,,,,,,,,,,,,,,,,,,,,,,,,,,,,,,,,,,,,,,,,,,,,,,,,,,,,,,,,,,,,,,,,,,
,,,,,,1513580,,,,1513580,1513580,1x12-16' Doug Fir STK Smooth 1S2E,COMMODITY - UNBRANDED,,,Westwood Lumber Sales (WESLU),COMMODITY - UNBRANDED,COMMODITY - UNBRANDED,,1513580,,,"Commodity - Unbranded, 1X12, 16' Doug Fir Stk Smooth 1S2E, 1513580",1X12-16' DOUG FIR STK SMOOTH 1S2E,Commodity - Unbranded 1513580 1X12-16' Doug Fir Stk Smooth 1S2E,"COMMODITY - UNBRANDED, 1x12-16' Doug Fir STK Smooth 1S2E, Part Number: 1513580",Commodity - Unbranded 1513580 1X12-16' Doug Fir Stk Smooth 1S2E,"COMMODITY - UNBRANDED, 1x12-16' Doug Fir STK Smooth 1S2E, Part Number: 1513580",,,,,,,,,,,,,,,,,,,,,,,,,,,,,,,,,,,,,,,,,,,,,,,,,,,,,,,,,,,,,,,,,,,,,,,,,,,,,,,,,,,,,,,,,,,,,,,,,,,,,,,,,,,,,,,,,,,,,,,,,,,,,,,,,,,,,,,,,,,,,,,,,,,,,,,,,,,,,,,,,,,,,,,,,,,,,,,,,,,,,,,,,,,,,,,,,,,,,,,,,,,,,,,,,,,,,,,,,,,,,,,
,,,,,,1501767,,,,1501767,1501767,"3/4"" 4x8T&G Huber Blue PlusOSB - Sub Floor",,,,-,-,-,,1501767,,,"-, 3/4"" 4X8T&G Huber Blue Plusosb, Sub Floor, 1501767, 15017","3/4"" 4X8T&G HUBER BLUE PLUSOSB - SUB","- 1501767 3/4"" 4X8T&G Huber Blue Plusosb - Sub Floor","-, 3/4"" 4x8T&G Huber Blue PlusOSB - Sub Floor, Part Number: 1501767","- 1501767 3/4"" 4X8T&G Huber Blue Plusosb - Sub Floor","-, 3/4"" 4x8T&G Huber Blue PlusOSB - Sub Floor, Part Number: 1501767",,,,,,,,,,,,,,,,,,,,,,,,,,,,,,,,,,,,,,,,,,,,,,,,,,,,,,,,,,,,,,,,,,,,,,,,,,,,,,,,,,,,,,,,,,,,,,,,,,,,,,,,,,,,,,,,,,,,,,,,,,,,,,,,,,,,,,,,,,,,,,,,,,,,,,,,,,,,,,,,,,,,,,,,,,,,,,,,,,,,,,,,,,,,,,,,,,,,,,,,,,,,,,,,,,,,,,,,,,,,,,,
,,,,,,PP-8BL,,,,PP-8BL,PP-8BL,8' Premier Rib XL Black,,,,Premier Metals (PREME),Premier Metals,Premier Metals,,PP-8BL,,,"Premier Metals, 8' Premier Rib Xl Black, Pp-8Bl, PP-8BL",8' PREMIER RIB XL BLACK,Premier Metals Pp-8Bl 8' Premier Rib Xl Black,"Premier Metals, 8' Premier Rib XL Black, Part Number: PP-8BL",Premier Metals Pp-8Bl 8' Premier Rib Xl Black,"Premier Metals, 8' Premier Rib XL Black, Part Number: PP-8BL",,,,,,,,,,,,,,,,,,,,,,,,,,,,,,,,,,,,,,,,,,,,,,,,,,,,,,,,,,,,,,,,,,,,,,,,,,,,,,,,,,,,,,,,,,,,,,,,,,,,,,,,,,,,,,,,,,,,,,,,,,,,,,,,,,,,,,,,,,,,,,,,,,,,,,,,,,,,,,,,,,,,,,,,,,,,,,,,,,,,,,,,,,,,,,,,,,,,,,,,,,,,,,,,,,,,,,,,,,,,,,,
,,,,,,PP-10BL,,,,PP-10BL,PP-10BL,10' Premier Rib XL Black,,,,Premier Metals (PREME),Premier Metals,Premier Metals,,PP-10BL,,,"Premier Metals, 10' Premier Rib Xl Black, Pp-10Bl, PP-10BL",10' PREMIER RIB XL BLACK,Premier Metals Pp-10Bl 10' Premier Rib Xl Black,"Premier Metals, 10' Premier Rib XL Black, Part Number: PP-10BL",Premier Metals Pp-10Bl 10' Premier Rib Xl Black,"Premier Metals, 10' Premier Rib XL Black, Part Number: PP-10BL",,,,,,,,,,,,,,,,,,,,,,,,,,,,,,,,,,,,,,,,,,,,,,,,,,,,,,,,,,,,,,,,,,,,,,,,,,,,,,,,,,,,,,,,,,,,,,,,,,,,,,,,,,,,,,,,,,,,,,,,,,,,,,,,,,,,,,,,,,,,,,,,,,,,,,,,,,,,,,,,,,,,,,,,,,,,,,,,,,,,,,,,,,,,,,,,,,,,,,,,,,,,,,,,,,,,,,,,,,,,,,,
,,,,,,PP-12BL,,,,PP-12BL,PP-12BL,12' Premier Rib XL Black,,,,Premier Metals (PREME),Premier Metals,Premier Metals,,PP-12BL,,,"Premier Metals, 12' Premier Rib Xl Black, Pp-12Bl, PP-12BL",12' PREMIER RIB XL BLACK,Premier Metals Pp-12Bl 12' Premier Rib Xl Black,"Premier Metals, 12' Premier Rib XL Black, Part Number: PP-12BL",Premier Metals Pp-12Bl 12' Premier Rib Xl Black,"Premier Metals, 12' Premier Rib XL Black, Part Number: PP-12BL",,,,,,,,,,,,,,,,,,,,,,,,,,,,,,,,,,,,,,,,,,,,,,,,,,,,,,,,,,,,,,,,,,,,,,,,,,,,,,,,,,,,,,,,,,,,,,,,,,,,,,,,,,,,,,,,,,,,,,,,,,,,,,,,,,,,,,,,,,,,,,,,,,,,,,,,,,,,,,,,,,,,,,,,,,,,,,,,,,,,,,,,,,,,,,,,,,,,,,,,,,,,,,,,,,,,,,,,,,,,,,,
,,,,,,PP-8CH,,,,PP-8CH,PP-8CH,8' Premier Rib XL Charcoal,,,,Premier Metals (PREME),Premier Metals,Premier Metals,,PP-8CH,,,"Premier Metals, 8' Premier Rib Xl Charcoal, Pp-8Ch, PP-8CH",8' PREMIER RIB XL CHARCOAL,Premier Metals Pp-8Ch 8' Premier Rib Xl Charcoal,"Premier Metals, 8' Premier Rib XL Charcoal, Part Number: PP-8CH",Premier Metals Pp-8Ch 8' Premier Rib Xl Charcoal,"Premier Metals, 8' Premier Rib XL Charcoal, Part Number: PP-8CH",,,,,,,,,,,,,,,,,,,,,,,,,,,,,,,,,,,,,,,,,,,,,,,,,,,,,,,,,,,,,,,,,,,,,,,,,,,,,,,,,,,,,,,,,,,,,,,,,,,,,,,,,,,,,,,,,,,,,,,,,,,,,,,,,,,,,,,,,,,,,,,,,,,,,,,,,,,,,,,,,,,,,,,,,,,,,,,,,,,,,,,,,,,,,,,,,,,,,,,,,,,,,,,,,,,,,,,,,,,,,,,
,,,,,,PP-10CH,,,,PP-10CH,PP-10CH,10' Premier Rib XL Charcoal,,,,Premier Metals (PREME),Premier Metals,Premier Metals,,PP-10CH,,,"Premier Metals, 10' Premier Rib Xl Charcoal, Pp-10Ch, PP-10C",10' PREMIER RIB XL CHARCOAL,Premier Metals Pp-10Ch 10' Premier Rib Xl Charcoal,"Premier Metals, 10' Premier Rib XL Charcoal, Part Number: PP-10CH",Premier Metals Pp-10Ch 10' Premier Rib Xl Charcoal,"Premier Metals, 10' Premier Rib XL Charcoal, Part Number: PP-10CH",,,,,,,,,,,,,,,,,,,,,,,,,,,,,,,,,,,,,,,,,,,,,,,,,,,,,,,,,,,,,,,,,,,,,,,,,,,,,,,,,,,,,,,,,,,,,,,,,,,,,,,,,,,,,,,,,,,,,,,,,,,,,,,,,,,,,,,,,,,,,,,,,,,,,,,,,,,,,,,,,,,,,,,,,,,,,,,,,,,,,,,,,,,,,,,,,,,,,,,,,,,,,,,,,,,,,,,,,,,,,,,
,,,,,,PP-12CH,,,,PP-12CH,PP-12CH,12' Premier Rib XL Charcoal,,,,Premier Metals (PREME),Premier Metals,Premier Metals,,PP-12CH,,,"Premier Metals, 12' Premier Rib Xl Charcoal, Pp-12Ch, PP-12C",12' PREMIER RIB XL CHARCOAL,Premier Metals Pp-12Ch 12' Premier Rib Xl Charcoal,"Premier Metals, 12' Premier Rib XL Charcoal, Part Number: PP-12CH",Premier Metals Pp-12Ch 12' Premier Rib Xl Charcoal,"Premier Metals, 12' Premier Rib XL Charcoal, Part Number: PP-12CH",,,,,,,,,,,,,,,,,,,,,,,,,,,,,,,,,,,,,,,,,,,,,,,,,,,,,,,,,,,,,,,,,,,,,,,,,,,,,,,,,,,,,,,,,,,,,,,,,,,,,,,,,,,,,,,,,,,,,,,,,,,,,,,,,,,,,,,,,,,,,,,,,,,,,,,,,,,,,,,,,,,,,,,,,,,,,,,,,,,,,,,,,,,,,,,,,,,,,,,,,,,,,,,,,,,,,,,,,,,,,,,
,,,,,,PP-8WH,,,,PP-8WH,PP-8WH,8' Premier Rib XL White,,,,Premier Metals (PREME),Premier Metals,Premier Metals,,PP-8WH,,,"Premier Metals, 8' Premier Rib Xl White, Pp-8Wh, PP-8WH",8' PREMIER RIB XL WHITE,Premier Metals Pp-8Wh 8' Premier Rib Xl White,"Premier Metals, 8' Premier Rib XL White, Part Number: PP-8WH",Premier Metals Pp-8Wh 8' Premier Rib Xl White,"Premier Metals, 8' Premier Rib XL White, Part Number: PP-8WH",,,,,,,,,,,,,,,,,,,,,,,,,,,,,,,,,,,,,,,,,,,,,,,,,,,,,,,,,,,,,,,,,,,,,,,,,,,,,,,,,,,,,,,,,,,,,,,,,,,,,,,,,,,,,,,,,,,,,,,,,,,,,,,,,,,,,,,,,,,,,,,,,,,,,,,,,,,,,,,,,,,,,,,,,,,,,,,,,,,,,,,,,,,,,,,,,,,,,,,,,,,,,,,,,,,,,,,,,,,,,,,
,,,,,,PP-10WH,,,,PP-10WH,PP-10WH,10' Premier Rib XL White,,,,Premier Metals (PREME),Premier Metals,Premier Metals,,PP-10WH,,,"Premier Metals, 10' Premier Rib Xl White, Pp-10Wh, PP-10WH",10' PREMIER RIB XL WHITE,Premier Metals Pp-10Wh 10' Premier Rib Xl White,"Premier Metals, 10' Premier Rib XL White, Part Number: PP-10WH",Premier Metals Pp-10Wh 10' Premier Rib Xl White,"Premier Metals, 10' Premier Rib XL White, Part Number: PP-10WH",,,,,,,,,,,,,,,,,,,,,,,,,,,,,,,,,,,,,,,,,,,,,,,,,,,,,,,,,,,,,,,,,,,,,,,,,,,,,,,,,,,,,,,,,,,,,,,,,,,,,,,,,,,,,,,,,,,,,,,,,,,,,,,,,,,,,,,,,,,,,,,,,,,,,,,,,,,,,,,,,,,,,,,,,,,,,,,,,,,,,,,,,,,,,,,,,,,,,,,,,,,,,,,,,,,,,,,,,,,,,,,
,,,,,,1504345,,,,1504345,1504345,OC Duration TruDef Wburg Gray (BDL),,,,Palmer Donavin Mfg Company (PALDO),Palmer Donavin Mfg Company,Palmer Donavin Mfg Company,,1504345,,,"Palmer Donavin Mfg Company, Oc Duration Trudef Wburg Gray (Bdl), 1504345",OC DURATION TRUDEF WBURG GRAY (BDL),Palmer Donavin Mfg Company 1504345 Oc Duration Trudef Wburg Gray (Bdl),"Palmer Donavin Mfg Company, OC Duration TruDef Wburg Gray (BDL), Part Number: 1504345",Palmer Donavin Mfg Company 1504345 Oc Duration Trudef Wburg Gray (Bdl),"Palmer Donavin Mfg Company, OC Duration TruDef Wburg Gray (BDL), Part Number: 1504345",,,,,,,,,,,,,,,,,,,,,,,,,,,,,,,,,,,,,,,,,,,,,,,,,,,,,,,,,,,,,,,,,,,,,,,,,,,,,,,,,,,,,,,,,,,,,,,,,,,,,,,,,,,,,,,,,,,,,,,,,,,,,,,,,,,,,,,,,,,,,,,,,,,,,,,,,,,,,,,,,,,,,,,,,,,,,,,,,,,,,,,,,,,,,,,,,,,,,,,,,,,,,,,,,,,,,,,,,,,,,,,
,,,,,,2733,,,,2733,2733,3'x65' Henry Eaveguard - Ice Guard,,,,Palmer Donavin Mfg Company (PALDO),Palmer Donavin Mfg Company,Palmer Donavin Mfg Company,,2733,,,"Palmer Donavin Mfg Company, 3'X65' Henry Eaveguard, Ice Guard, 2733",3'X65' HENRY EAVEGUARD - ICE GUARD,Palmer Donavin Mfg Company 2733 3'X65' Henry Eaveguard - Ice Guard,"Palmer Donavin Mfg Company, 3'x65' Henry Eaveguard - Ice Guard, Part Number: 2733",Palmer Donavin Mfg Company 2733 3'X65' Henry Eaveguard - Ice Guard,"Palmer Donavin Mfg Company, 3'x65' Henry Eaveguard - Ice Guard, Part Number: 2733",,,,,,,,,,,,,,,,,,,,,,,,,,,,,,,,,,,,,,,,,,,,,,,,,,,,,,,,,,,,,,,,,,,,,,,,,,,,,,,,,,,,,,,,,,,,,,,,,,,,,,,,,,,,,,,,,,,,,,,,,,,,,,,,,,,,,,,,,,,,,,,,,,,,,,,,,,,,,,,,,,,,,,,,,,,,,,,,,,,,,,,,,,,,,,,,,,,,,,,,,,,,,,,,,,,,,,,,,,,,,,,
,,,,,,7547,,,,7547,7547,Ice Guard OC Weathr Lk Mat 2sq,,,,-,-,-,,7547,,,"-, Ice Guard Oc Weathr Lk Mat 2Sq, 7547, 7547",ICE GUARD OC WEATHR LK MAT 2SQ,- 7547 Ice Guard Oc Weathr Lk Mat 2Sq,"-, Ice Guard OC Weathr Lk Mat 2sq, Part Number: 7547",- 7547 Ice Guard Oc Weathr Lk Mat 2Sq,"-, Ice Guard OC Weathr Lk Mat 2sq, Part Number: 7547",,,,,,,,,,,,,,,,,,,,,,,,,,,,,,,,,,,,,,,,,,,,,,,,,,,,,,,,,,,,,,,,,,,,,,,,,,,,,,,,,,,,,,,,,,,,,,,,,,,,,,,,,,,,,,,,,,,,,,,,,,,,,,,,,,,,,,,,,,,,,,,,,,,,,,,,,,,,,,,,,,,,,,,,,,,,,,,,,,,,,,,,,,,,,,,,,,,,,,,,,,,,,,,,,,,,,,,,,,,,,,,
,,,,,,8912220,,,,8912220,8912220,"7-1/4""x12' Hardie Sdg Smooth - Primed HardiePlank",JAMESHARDIE,,,Boise Cascade Building Materials (BOICA),JAMESHARDIE,JAMESHARDIE,,8912220,,,"Jameshardie, 7, 1/4""X12' Hardie Sdg Smooth, Primed Hardieplank, 8912220","7-1/4""X12' HARDIE SDG SMOOTH - PRIMED","Jameshardie 8912220 7-1/4""X12' Hardie Sdg Smooth - Primed Hardieplank","JAMESHARDIE, 7-1/4""x12' Hardie Sdg Smooth - Primed HardiePlank, Part Number: 8912220","Jameshardie 8912220 7-1/4""X12' Hardie Sdg Smooth - Primed Hardieplank","JAMESHARDIE, 7-1/4""x12' Hardie Sdg Smooth - Primed HardiePlank, Part Number: 8912220",,,,,,,,,,,,,,,,,,,,,,,,,,,,,,,,,,,,,,,,,,,,,,,,,,,,,,,,,,,,,,,,,,,,,,,,,,,,,,,,,,,,,,,,,,,,,,,,,,,,,,,,,,,,,,,,,,,,,,,,,,,,,,,,,,,,,,,,,,,,,,,,,,,,,,,,,,,,,,,,,,,,,,,,,,,,,,,,,,,,,,,,,,,,,,,,,,,,,,,,,,,,,,,,,,,,,,,,,,,,,,,
,,,,,,8904015,,,,8904015,8904015,4'x10' HardiePanel Smooth - Primed,JAMESHARDIE,,,Boise Cascade Building Materials (BOICA),JAMESHARDIE,JAMESHARDIE,,8904015,,,"JAMESHARDIE, Jameshardie, 4'X10' Hardiepanel Smooth, Primed, 8904015",4'X10' HARDIEPANEL SMOOTH - PRIMED,Jameshardie 8904015 4'X10' Hardiepanel Smooth - Primed,"JAMESHARDIE, 4'x10' HardiePanel Smooth - Primed, Part Number: 8904015",Jameshardie 8904015 4'X10' Hardiepanel Smooth - Primed,"JAMESHARDIE, 4'x10' HardiePanel Smooth - Primed, Part Number: 8904015",,,,,,,,,,,,,,,,,,,,,,,,,,,,,,,,,,,,,,,,,,,,,,,,,,,,,,,,,,,,,,,,,,,,,,,,,,,,,,,,,,,,,,,,,,,,,,,,,,,,,,,,,,,,,,,,,,,,,,,,,,,,,,,,,,,,,,,,,,,,,,,,,,,,,,,,,,,,,,,,,,,,,,,,,,,,,,,,,,,,,,,,,,,,,,,,,,,,,,,,,,,,,,,,,,,,,,,,,,,,,,,
,,,,,,25796,,,,25796,25796,"6""x16' Smart Lap Sdg Cedar",LP SMARTSIDE,,,U S Lumber (3073),LP SMARTSIDE,LP SMARTSIDE,,25796,,,"LP SMARTSIDE, Lp Smartside, 6""X16' Smart Lap Sdg Cedar, 25796","6""X16' SMART LAP SDG CEDAR","Lp Smartside 25796 6""X16' Smart Lap Sdg Cedar","LP SMARTSIDE, 6""x16' Smart Lap Sdg Cedar, Part Number: 25796","Lp Smartside 25796 6""X16' Smart Lap Sdg Cedar","LP SMARTSIDE, 6""x16' Smart Lap Sdg Cedar, Part Number: 25796",,,,,,,,,,,,,,,,,,,,,,,,,,,,,,,,,,,,,,,,,,,,,,,,,,,,,,,,,,,,,,,,,,,,,,,,,,,,,,,,,,,,,,,,,,,,,,,,,,,,,,,,,,,,,,,,,,,,,,,,,,,,,,,,,,,,,,,,,,,,,,,,,,,,,,,,,,,,,,,,,,,,,,,,,,,,,,,,,,,,,,,,,,,,,,,,,,,,,,,,,,,,,,,,,,,,,,,,,,,,,,,
,,,,,,40503,,,,40503,40503,"3/8"" 16""x16' Smart Pan Cedar - No-Groove Sq Edge B&B",LP SMARTSIDE,,,U S Lumber (3073),LP SMARTSIDE,LP SMARTSIDE,,40503,,,"Lp Smartside, 3/8"" 16""X16' Smart Pan Cedar, No, Groove Sq Edge B&B, 40503","3/8"" 16""X16' SMART PAN CEDAR -","Lp Smartside 40503 3/8"" 16""X16' Smart Pan Cedar - No-Groove Sq Edge B&B","LP SMARTSIDE, 3/8"" 16""x16' Smart Pan Cedar - No-Groove Sq Edge B&B, Part Number: 40503","Lp Smartside 40503 3/8"" 16""X16' Smart Pan Cedar - No-Groove Sq Edge B&B","LP SMARTSIDE, 3/8"" 16""x16' Smart Pan Cedar - No-Groove Sq Edge B&B, Part Number: 40503",,,,,,,,,,,,,,,,,,,,,,,,,,,,,,,,,,,,,,,,,,,,,,,,,,,,,,,,,,,,,,,,,,,,,,,,,,,,,,,,,,,,,,,,,,,,,,,,,,,,,,,,,,,,,,,,,,,,,,,,,,,,,,,,,,,,,,,,,,,,,,,,,,,,,,,,,,,,,,,,,,,,,,,,,,,,,,,,,,,,,,,,,,,,,,,,,,,,,,,,,,,,,,,,,,,,,,,,,,,,,,,
,,,,,,25825,,,,25825,25825,"3/8"" 4x10 Smart Pan Cedar - No-Groove w/Shiplap Edges",LP SMARTSIDE,,,U S Lumber (3073),LP SMARTSIDE,LP SMARTSIDE,,25825,,,"Lp Smartside, 3/8"" 4X10 Smart Pan Cedar, No, Groove W/Shiplap Edges, 25825","3/8"" 4X10 SMART PAN CEDAR - NO-GROOVE","Lp Smartside 25825 3/8"" 4X10 Smart Pan Cedar - No-Groove W/Shiplap Edges","LP SMARTSIDE, 3/8"" 4x10 Smart Pan Cedar - No-Groove w/Shiplap Edges, Part Number: 25825","Lp Smartside 25825 3/8"" 4X10 Smart Pan Cedar - No-Groove W/Shiplap Edges","LP SMARTSIDE, 3/8"" 4x10 Smart Pan Cedar - No-Groove w/Shiplap Edges, Part Number: 25825",,,,,,,,,,,,,,,,,,,,,,,,,,,,,,,,,,,,,,,,,,,,,,,,,,,,,,,,,,,,,,,,,,,,,,,,,,,,,,,,,,,,,,,,,,,,,,,,,,,,,,,,,,,,,,,,,,,,,,,,,,,,,,,,,,,,,,,,,,,,,,,,,,,,,,,,,,,,,,,,,,,,,,,,,,,,,,,,,,,,,,,,,,,,,,,,,,,,,,,,,,,,,,,,,,,,,,,,,,,,,,,
,,,,,,25822,,,,25822,25822,"3/8"" 12""x16' Smart Vented Soff - Cedar Soffit",LP SMARTSIDE,,,U S Lumber (3073),LP SMARTSIDE,LP SMARTSIDE,,25822,,,"Lp Smartside, 3/8"" 12""X16' Smart Vented Soff, Cedar Soffit, 25822","3/8"" 12""X16' SMART VENTED SOFF - CEDAR","Lp Smartside 25822 3/8"" 12""X16' Smart Vented Soff - Cedar Soffit","LP SMARTSIDE, 3/8"" 12""x16' Smart Vented Soff - Cedar Soffit, Part Number: 25822","Lp Smartside 25822 3/8"" 12""X16' Smart Vented Soff - Cedar Soffit","LP SMARTSIDE, 3/8"" 12""x16' Smart Vented Soff - Cedar Soffit, Part Number: 25822",,,,,,,,,,,,,,,,,,,,,,,,,,,,,,,,,,,,,,,,,,,,,,,,,,,,,,,,,,,,,,,,,,,,,,,,,,,,,,,,,,,,,,,,,,,,,,,,,,,,,,,,,,,,,,,,,,,,,,,,,,,,,,,,,,,,,,,,,,,,,,,,,,,,,,,,,,,,,,,,,,,,,,,,,,,,,,,,,,,,,,,,,,,,,,,,,,,,,,,,,,,,,,,,,,,,,,,,,,,,,,,
,,,,,,543650101,,,,543650101,543650101,Black Alum ADA Wall Mount Trex,TREX,,,Boise Cascade Building Materials (BOICA),TREX,TREX,,543650101,,,"TREX, Trex, Black Alum Ada Wall Mount Trex, 543650101, 54365",BLACK ALUM ADA WALL MOUNT TREX,Trex 543650101 Black Alum Ada Wall Mount Trex,"TREX, Black Alum ADA Wall Mount Trex, Part Number: 543650101",Trex 543650101 Black Alum Ada Wall Mount Trex,"TREX, Black Alum ADA Wall Mount Trex, Part Number: 543650101",,,,,,,,,,,,,,,,,,,,,,,,,,,,,,,,,,,,,,,,,,,,,,,,,,,,,,,,,,,,,,,,,,,,,,,,,,,,,,,,,,,,,,,,,,,,,,,,,,,,,,,,,,,,,,,,,,,,,,,,,,,,,,,,,,,,,,,,,,,,,,,,,,,,,,,,,,,,,,,,,,,,,,,,,,,,,,,,,,,,,,,,,,,,,,,,,,,,,,,,,,,,,,,,,,,,,,,,,,,,,,,
,,,,,,543650010,,,,543650010,543650010,Black Alum ADA Int End Cap - Trex,TREX,,,Boise Cascade Building Materials (BOICA),TREX,TREX,,543650010,,,"TREX, Trex, Black Alum Ada Int End Cap, Trex, 543650010, 543",BLACK ALUM ADA INT END CAP - TREX,Trex 543650010 Black Alum Ada Int End Cap - Trex,"TREX, Black Alum ADA Int End Cap - Trex, Part Number: 543650010",Trex 543650010 Black Alum Ada Int End Cap - Trex,"TREX, Black Alum ADA Int End Cap - Trex, Part Number: 543650010",,,,,,,,,,,,,,,,,,,,,,,,,,,,,,,,,,,,,,,,,,,,,,,,,,,,,,,,,,,,,,,,,,,,,,,,,,,,,,,,,,,,,,,,,,,,,,,,,,,,,,,,,,,,,,,,,,,,,,,,,,,,,,,,,,,,,,,,,,,,,,,,,,,,,,,,,,,,,,,,,,,,,,,,,,,,,,,,,,,,,,,,,,,,,,,,,,,,,,,,,,,,,,,,,,,,,,,,,,,,,,,
,,,,,,543650048,,,,543650048,543650048,8' Black Alum ADA Rail Trex,TREX,,,Boise Cascade Building Materials (BOICA),TREX,TREX,,543650048,,,"TREX, Trex, 8' Black Alum Ada Rail Trex, 543650048, 54365004",8' BLACK ALUM ADA RAIL TREX,Trex 543650048 8' Black Alum Ada Rail Trex,"TREX, 8' Black Alum ADA Rail Trex, Part Number: 543650048",Trex 543650048 8' Black Alum Ada Rail Trex,"TREX, 8' Black Alum ADA Rail Trex, Part Number: 543650048",,,,,,,,,,,,,,,,,,,,,,,,,,,,,,,,,,,,,,,,,,,,,,,,,,,,,,,,,,,,,,,,,,,,,,,,,,,,,,,,,,,,,,,,,,,,,,,,,,,,,,,,,,,,,,,,,,,,,,,,,,,,,,,,,,,,,,,,,,,,,,,,,,,,,,,,,,,,,,,,,,,,,,,,,,,,,,,,,,,,,,,,,,,,,,,,,,,,,,,,,,,,,,,,,,,,,,,,,,,,,,,
,,,,,,1506969,,,,1506969,1506969,"1-1/2"" 4x8 Huber Zip R6.6 - Insulated R-Sheathing",,,,-,-,-,,1506969,,,"-, 1, 1/2"" 4X8 Huber Zip R6.6, Insulated R, Sheathing, 1506969","1-1/2"" 4X8 HUBER ZIP R6.6 - INSULATED","- 1506969 1-1/2"" 4X8 Huber Zip R6.6 - Insulated R-Sheathing","-, 1-1/2"" 4x8 Huber Zip R6.6 - Insulated R-Sheathing, Part Number: 1506969","- 1506969 1-1/2"" 4X8 Huber Zip R6.6 - Insulated R-Sheathing","-, 1-1/2"" 4x8 Huber Zip R6.6 - Insulated R-Sheathing, Part Number: 1506969",,,,,,,,,,,,,,,,,,,,,,,,,,,,,,,,,,,,,,,,,,,,,,,,,,,,,,,,,,,,,,,,,,,,,,,,,,,,,,,,,,,,,,,,,,,,,,,,,,,,,,,,,,,,,,,,,,,,,,,,,,,,,,,,,,,,,,,,,,,,,,,,,,,,,,,,,,,,,,,,,,,,,,,,,,,,,,,,,,,,,,,,,,,,,,,,,,,,,,,,,,,,,,,,,,,,,,,,,,,,,,,
,,,,,,1514681,,,,1514681,1514681,"1"" 4x8 Huber Zip R3.6 - Insulated R-Sheathing",,,,-,-,-,,1514681,,,"-, 1"" 4X8 Huber Zip R3.6, Insulated R, Sheathing, 1514681, 1","1"" 4X8 HUBER ZIP R3.6 - INSULATED","- 1514681 1"" 4X8 Huber Zip R3.6 - Insulated R-Sheathing","-, 1"" 4x8 Huber Zip R3.6 - Insulated R-Sheathing, Part Number: 1514681","- 1514681 1"" 4X8 Huber Zip R3.6 - Insulated R-Sheathing","-, 1"" 4x8 Huber Zip R3.6 - Insulated R-Sheathing, Part Number: 1514681",,,,,,,,,,,,,,,,,,,,,,,,,,,,,,,,,,,,,,,,,,,,,,,,,,,,,,,,,,,,,,,,,,,,,,,,,,,,,,,,,,,,,,,,,,,,,,,,,,,,,,,,,,,,,,,,,,,,,,,,,,,,,,,,,,,,,,,,,,,,,,,,,,,,,,,,,,,,,,,,,,,,,,,,,,,,,,,,,,,,,,,,,,,,,,,,,,,,,,,,,,,,,,,,,,,,,,,,,,,,,,,
,,,,,,1514726,,,,1514726,1514726,"2"" 4x8 Huber Zip R9.6 - Insulated R-Sheathing",,,,-,-,-,,1514726,,,"-, 2"" 4X8 Huber Zip R9.6, Insulated R, Sheathing, 1514726, 1","2"" 4X8 HUBER ZIP R9.6 - INSULATED","- 1514726 2"" 4X8 Huber Zip R9.6 - Insulated R-Sheathing","-, 2"" 4x8 Huber Zip R9.6 - Insulated R-Sheathing, Part Number: 1514726","- 1514726 2"" 4X8 Huber Zip R9.6 - Insulated R-Sheathing","-, 2"" 4x8 Huber Zip R9.6 - Insulated R-Sheathing, Part Number: 1514726",,,,,,,,,,,,,,,,,,,,,,,,,,,,,,,,,,,,,,,,,,,,,,,,,,,,,,,,,,,,,,,,,,,,,,,,,,,,,,,,,,,,,,,,,,,,,,,,,,,,,,,,,,,,,,,,,,,,,,,,,,,,,,,,,,,,,,,,,,,,,,,,,,,,,,,,,,,,,,,,,,,,,,,,,,,,,,,,,,,,,,,,,,,,,,,,,,,,,,,,,,,,,,,,,,,,,,,,,,,,,,,
,,,,,,1728ABL,,,,1728ABL,1728ABL,2x2 Black Fine Fissured 1728BL,,,,Palmer Donavin Mfg Company (PALDO),Palmer Donavin Mfg Company,Palmer Donavin Mfg Company,,1728ABL,,,"Palmer Donavin Mfg Company, 2X2 Black Fine Fissured 1728Bl, 1728Abl",2X2 BLACK FINE FISSURED 1728BL,Palmer Donavin Mfg Company 1728Abl 2X2 Black Fine Fissured 1728Bl,"Palmer Donavin Mfg Company, 2x2 Black Fine Fissured 1728BL, Part Number: 1728ABL",Palmer Donavin Mfg Company 1728Abl 2X2 Black Fine Fissured 1728Bl,"Palmer Donavin Mfg Company, 2x2 Black Fine Fissured 1728BL, Part Number: 1728ABL",,,,,,,,,,,,,,,,,,,,,,,,,,,,,,,,,,,,,,,,,,,,,,,,,,,,,,,,,,,,,,,,,,,,,,,,,,,,,,,,,,,,,,,,,,,,,,,,,,,,,,,,,,,,,,,,,,,,,,,,,,,,,,,,,,,,,,,,,,,,,,,,,,,,,,,,,,,,,,,,,,,,,,,,,,,,,,,,,,,,,,,,,,,,,,,,,,,,,,,,,,,,,,,,,,,,,,,,,,,,,,,
,,,,,,402-R,,,,402-R,402-R,402R 12V12AH 8D Battery,,,,MillerTech Energy Solutions (MILTE),MillerTech Energy Solutions,MillerTech Energy Solutions,,402-R,,,"MillerTech Energy Solutions, Millertech Energy Solutions, 402R 12V12Ah 8D Batter",402R 12V12AH 8D BATTERY,Millertech Energy Solutions 402-R 402R 12V12Ah 8D Battery,"MillerTech Energy Solutions, 402R 12V12AH 8D Battery, Part Number: 402-R",Millertech Energy Solutions 402-R 402R 12V12Ah 8D Battery,"MillerTech Energy Solutions, 402R 12V12AH 8D Battery, Part Number: 402-R",,,,,,,,,,,,,,,,,,,,,,,,,,,,,,,,,,,,,,,,,,,,,,,,,,,,,,,,,,,,,,,,,,,,,,,,,,,,,,,,,,,,,,,,,,,,,,,,,,,,,,,,,,,,,,,,,,,,,,,,,,,,,,,,,,,,,,,,,,,,,,,,,,,,,,,,,,,,,,,,,,,,,,,,,,,,,,,,,,,,,,,,,,,,,,,,,,,,,,,,,,,,,,,,,,,,,,,,,,,,,,,
,,,,,,SL1672,,,,SL1672,SL1672,SL1672 Jumpstart & Pwr Supply,,,Schumacher,-,Schumacher,Schumacher,,SL1672,,,"Schumacher, Jumpstart & Pwr Supply, Sl1672, SL1672",JUMPSTART & PWR SUPPLY,Schumacher Sl1672 Jumpstart & Pwr Supply,"Schumacher, SL1672 Jumpstart & Pwr Supply",Schumacher Sl1672 Jumpstart & Pwr Supply,"Schumacher, SL1672 Jumpstart & Pwr Supply",,,,,,,,,,,,,,,,,,,,,,,,,,,,,,,,,,,,,,,,,,,,,,,,,,,,,,,,,,,,,,,,,,,,,,,,,,,,,,,,,,,,,,,,,,,,,,,,,,,,,,,,,,,,,,,,,,,,,,,,,,,,,,,,,,,,,,,,,,,,,,,,,,,,,,,,,,,,,,,,,,,,,,,,,,,,,,,,,,,,,,,,,,,,,,,,,,,,,,,,,,,,,,,,,,,,,,,,,,,,,,,
,,,,,,BM-DW20-YLW-6,,,,BM-DW20-YLW-6,BM-DW20-YLW-6,BM-DW20-YLW-6 Dewalt - Battery Mounts 6pk,,,StealthMounts,Metalmark Industrial Inc (METIN),StealthMounts,StealthMounts,,BM-DW20-YLW-6,,,"StealthMounts, Stealthmounts, Dewalt, Battery Mounts 6Pk, Bm-Dw20-Ylw-6",DEWALT - BATTERY MOUNTS 6PK,Stealthmounts Bm-Dw20-Ylw-6 Dewalt - Battery Mounts 6Pk,"StealthMounts, BM-DW20-YLW-6 Dewalt - Battery Mounts 6pk",Stealthmounts Bm-Dw20-Ylw-6 Dewalt - Battery Mounts 6Pk,"StealthMounts, BM-DW20-YLW-6 Dewalt - Battery Mounts 6pk",,,,,,,,,,,,,,,,,,,,,,,,,,,,,,,,,,,,,,,,,,,,,,,,,,,,,,,,,,,,,,,,,,,,,,,,,,,,,,,,,,,,,,,,,,,,,,,,,,,,,,,,,,,,,,,,,,,,,,,,,,,,,,,,,,,,,,,,,,,,,,,,,,,,,,,,,,,,,,,,,,,,,,,,,,,,,,,,,,,,,,,,,,,,,,,,,,,,,,,,,,,,,,,,,,,,,,,,,,,,,,,
,,,,,,BHA1-UPC,,,,BHA1-UPC,BHA1-UPC,16-24 Adjust Hanger,,,Southwire,Southwire/g Turner (6603),Southwire,Southwire,,BHA1-UPC,,,"Southwire, 16, 24 Adjust Hanger, Bha1-Upc, BHA1-UPC",16-24 ADJUST HANGER,Southwire Bha1-Upc 16-24 Adjust Hanger,"Southwire, 16-24 Adjust Hanger, Part Number: BHA1-UPC",Southwire Bha1-Upc 16-24 Adjust Hanger,"Southwire, 16-24 Adjust Hanger, Part Number: BHA1-UPC",,,,,,,,,,,,,,,,,,,,,,,,,,,,,,,,,,,,,,,,,,,,,,,,,,,,,,,,,,,,,,,,,,,,,,,,,,,,,,,,,,,,,,,,,,,,,,,,,,,,,,,,,,,,,,,,,,,,,,,,,,,,,,,,,,,,,,,,,,,,,,,,,,,,,,,,,,,,,,,,,,,,,,,,,,,,,,,,,,,,,,,,,,,,,,,,,,,,,,,,,,,,,,,,,,,,,,,,,,,,,,,
,,,,,,G1941-UPC,,,,G1941-UPC,G1941-UPC,"G1941UPC 4"" Sq Cover Sw/Outlet",,,Southwire,Southwire/g Turner (6603),Southwire,Southwire,,G1941-UPC,,,"Southwire, G1941Upc 4"" Sq Cover Sw/Outlet, G1941-Upc, G1941-","G1941UPC 4"" SQ COVER SW/OUTLET","Southwire G1941-Upc G1941Upc 4"" Sq Cover Sw/Outlet","Southwire, G1941UPC 4"" Sq Cover Sw/Outlet, Part Number: G1941-UPC","Southwire G1941-Upc G1941Upc 4"" Sq Cover Sw/Outlet","Southwire, G1941UPC 4"" Sq Cover Sw/Outlet, Part Number: G1941-UPC",,,,,,,,,,,,,,,,,,,,,,,,,,,,,,,,,,,,,,,,,,,,,,,,,,,,,,,,,,,,,,,,,,,,,,,,,,,,,,,,,,,,,,,,,,,,,,,,,,,,,,,,,,,,,,,,,,,,,,,,,,,,,,,,,,,,,,,,,,,,,,,,,,,,,,,,,,,,,,,,,,,,,,,,,,,,,,,,,,,,,,,,,,,,,,,,,,,,,,,,,,,,,,,,,,,,,,,,,,,,,,,
,,,,,,G1950-UPC,,,,G1950-UPC,G1950-UPC,4x4 2G GFI Box Cover,,,Southwire,Southwire/g Turner (6603),Southwire,Southwire,,G1950-UPC,,,"Southwire, 4X4 2G Gfi Box Cover, G1950-Upc, G1950-UPC",4X4 2G GFI BOX COVER,Southwire G1950-Upc 4X4 2G Gfi Box Cover,"Southwire, 4x4 2G GFI Box Cover, Part Number: G1950-UPC",Southwire G1950-Upc 4X4 2G Gfi Box Cover,"Southwire, 4x4 2G GFI Box Cover, Part Number: G1950-UPC",,,,,,,,,,,,,,,,,,,,,,,,,,,,,,,,,,,,,,,,,,,,,,,,,,,,,,,,,,,,,,,,,,,,,,,,,,,,,,,,,,,,,,,,,,,,,,,,,,,,,,,,,,,,,,,,,,,,,,,,,,,,,,,,,,,,,,,,,,,,,,,,,,,,,,,,,,,,,,,,,,,,,,,,,,,,,,,,,,,,,,,,,,,,,,,,,,,,,,,,,,,,,,,,,,,,,,,,,,,,,,,
,,,,,,A410RCAR,,,,A410RCAR,A410RCAR,4x4 1G PVC Box Cover,,,Carlon,Thomas & Betts (7405),Carlon,Carlon,,A410RCAR,,,"Carlon, 4X4 1G Pvc Box Cover, A410Rcar, A410RCAR",4X4 1G PVC BOX COVER,Carlon A410Rcar 4X4 1G Pvc Box Cover,"Carlon, 4x4 1G PVC Box Cover, Part Number: A410RCAR",Carlon A410Rcar 4X4 1G Pvc Box Cover,"Carlon, 4x4 1G PVC Box Cover, Part Number: A410RCAR",,,,,,,,,,,,,,,,,,,,,,,,,,,,,,,,,,,,,,,,,,,,,,,,,,,,,,,,,,,,,,,,,,,,,,,,,,,,,,,,,,,,,,,,,,,,,,,,,,,,,,,,,,,,,,,,,,,,,,,,,,,,,,,,,,,,,,,,,,,,,,,,,,,,,,,,,,,,,,,,,,,,,,,,,,,,,,,,,,,,,,,,,,,,,,,,,,,,,,,,,,,,,,,,,,,,,,,,,,,,,,,
,,,,,,G1951-UPC,,,,G1951-UPC,G1951-UPC,4x4 2G GFCI Duplex Box Cover,,,Southwire,Southwire/g Turner (6603),Southwire,Southwire,,G1951-UPC,,,"Southwire, 4X4 2G Gfci Duplex Box Cover, G1951-Upc, G1951-UP",4X4 2G GFCI DUPLEX BOX COVER,Southwire G1951-Upc 4X4 2G Gfci Duplex Box Cover,"Southwire, 4x4 2G GFCI Duplex Box Cover, Part Number: G1951-UPC",Southwire G1951-Upc 4X4 2G Gfci Duplex Box Cover,"Southwire, 4x4 2G GFCI Duplex Box Cover, Part Number: G1951-UPC",,,,,,,,,,,,,,,,,,,,,,,,,,,,,,,,,,,,,,,,,,,,,,,,,,,,,,,,,,,,,,,,,,,,,,,,,,,,,,,,,,,,,,,,,,,,,,,,,,,,,,,,,,,,,,,,,,,,,,,,,,,,,,,,,,,,,,,,,,,,,,,,,,,,,,,,,,,,,,,,,,,,,,,,,,,,,,,,,,,,,,,,,,,,,,,,,,,,,,,,,,,,,,,,,,,,,,,,,,,,,,,
,,,,,,52C3-5/8-UPC,,,,52C3-5/8-UPC,52C3-5/8-UPC,4x4 1G Box Cover,,,Southwire,Southwire/g Turner (6603),Southwire,Southwire,,52C3-5/8-UPC,,,"Southwire, 4X4 1G Box Cover, 52C3-5/8-Upc, 52C3-5/8-UPC",4X4 1G BOX COVER,Southwire 52C3-5/8-Upc 4X4 1G Box Cover,"Southwire, 4x4 1G Box Cover, Part Number: 52C3-5/8-UPC",Southwire 52C3-5/8-Upc 4X4 1G Box Cover,"Southwire, 4x4 1G Box Cover, Part Number: 52C3-5/8-UPC",,,,,,,,,,,,,,,,,,,,,,,,,,,,,,,,,,,,,,,,,,,,,,,,,,,,,,,,,,,,,,,,,,,,,,,,,,,,,,,,,,,,,,,,,,,,,,,,,,,,,,,,,,,,,,,,,,,,,,,,,,,,,,,,,,,,,,,,,,,,,,,,,,,,,,,,,,,,,,,,,,,,,,,,,,,,,,,,,,,,,,,,,,,,,,,,,,,,,,,,,,,,,,,,,,,,,,,,,,,,,,,
,,,,,,52C14-5/8-UPC,,,,52C14-5/8-UPC,52C14-5/8-UPC,4x4 1G Box Cover,,,Southwire,Southwire/g Turner (6603),Southwire,Southwire,,52C14-5/8-UPC,,,"Southwire, 4X4 1G Box Cover, 52C14-5/8-Upc, 52C14-5/8-UPC",4X4 1G BOX COVER,Southwire 52C14-5/8-Upc 4X4 1G Box Cover,"Southwire, 4x4 1G Box Cover, Part Number: 52C14-5/8-UPC",Southwire 52C14-5/8-Upc 4X4 1G Box Cover,"Southwire, 4x4 1G Box Cover, Part Number: 52C14-5/8-UPC",,,,,,,,,,,,,,,,,,,,,,,,,,,,,,,,,,,,,,,,,,,,,,,,,,,,,,,,,,,,,,,,,,,,,,,,,,,,,,,,,,,,,,,,,,,,,,,,,,,,,,,,,,,,,,,,,,,,,,,,,,,,,,,,,,,,,,,,,,,,,,,,,,,,,,,,,,,,,,,,,,,,,,,,,,,,,,,,,,,,,,,,,,,,,,,,,,,,,,,,,,,,,,,,,,,,,,,,,,,,,,,
,,,,,,52C3-UPC,,,,52C3-UPC,52C3-UPC,4x4 1G Box Cover,,,Southwire,Southwire/g Turner (6603),Southwire,Southwire,,52C3-UPC,,,"Southwire, 4X4 1G Box Cover, 52C3-Upc, 52C3-UPC",4X4 1G BOX COVER,Southwire 52C3-Upc 4X4 1G Box Cover,"Southwire, 4x4 1G Box Cover, Part Number: 52C3-UPC",Southwire 52C3-Upc 4X4 1G Box Cover,"Southwire, 4x4 1G Box Cover, Part Number: 52C3-UPC",,,,,,,,,,,,,,,,,,,,,,,,,,,,,,,,,,,,,,,,,,,,,,,,,,,,,,,,,,,,,,,,,,,,,,,,,,,,,,,,,,,,,,,,,,,,,,,,,,,,,,,,,,,,,,,,,,,,,,,,,,,,,,,,,,,,,,,,,,,,,,,,,,,,,,,,,,,,,,,,,,,,,,,,,,,,,,,,,,,,,,,,,,,,,,,,,,,,,,,,,,,,,,,,,,,,,,,,,,,,,,,
,,,,,,54151-F-UPC,,,,54151-F-UPC,54151-F-UPC,4x4x1-1/2 Oct Box w/Bracket,,,Southwire,Southwire/g Turner (6603),Southwire,Southwire,,54151-F-UPC,,,"Southwire, 4X4X1, 1/2 Oct Box W/Bracket, 54151-F-Upc, 54151-",4X4X1-1/2 OCT BOX W/BRKT,Southwire 54151-F-Upc 4X4X1-1/2 Oct Box W/Bracket,"Southwire, 4x4x1-1/2 Oct Box w/Bracket, Part Number: 54151-F-UPC",Southwire 54151-F-Upc 4X4X1-1/2 Oct Box W/Bracket,"Southwire, 4x4x1-1/2 Oct Box w/Bracket, Part Number: 54151-F-UPC",,,,,,,,,,,,,,,,,,,,,,,,,,,,,,,,,,,,,,,,,,,,,,,,,,,,,,,,,,,,,,,,,,,,,,,,,,,,,,,,,,,,,,,,,,,,,,,,,,,,,,,,,,,,,,,,,,,,,,,,,,,,,,,,,,,,,,,,,,,,,,,,,,,,,,,,,,,,,,,,,,,,,,,,,,,,,,,,,,,,,,,,,,,,,,,,,,,,,,,,,,,,,,,,,,,,,,,,,,,,,,,
,,,,,,54151-HUR-UPC,,,,54151-HUR-UPC,54151-HUR-UPC,4x4x1-1/2 Oct Box w/Hanger,,,Southwire,Southwire/g Turner (6603),Southwire,Southwire,,54151-HUR-UPC,,,"Southwire, 4X4X1, 1/2 Oct Box W/Hanger, 54151-Hur-Upc, 54151",4X4X1-1/2 OCT BOX W/HANGER,Southwire 54151-Hur-Upc 4X4X1-1/2 Oct Box W/Hanger,"Southwire, 4x4x1-1/2 Oct Box w/Hanger, Part Number: 54151-HUR-UPC",Southwire 54151-Hur-Upc 4X4X1-1/2 Oct Box W/Hanger,"Southwire, 4x4x1-1/2 Oct Box w/Hanger, Part Number: 54151-HUR-UPC",,,,,,,,,,,,,,,,,,,,,,,,,,,,,,,,,,,,,,,,,,,,,,,,,,,,,,,,,,,,,,,,,,,,,,,,,,,,,,,,,,,,,,,,,,,,,,,,,,,,,,,,,,,,,,,,,,,,,,,,,,,,,,,,,,,,,,,,,,,,,,,,,,,,,,,,,,,,,,,,,,,,,,,,,,,,,,,,,,,,,,,,,,,,,,,,,,,,,,,,,,,,,,,,,,,,,,,,,,,,,,,
,,,,,,54151-JR-UPC,,,,54151-JR-UPC,54151-JR-UPC,4x4x1-1/2 Oct Box w/Brakcet,,,Southwire,Southwire/g Turner (6603),Southwire,Southwire,,54151-JR-UPC,,,"Southwire, 4X4X1, 1/2 Oct Box W/Brakcet, 54151-Jr-Upc, 54151",4X4X1-1/2 OCT BOX W/BRAKCET,Southwire 54151-Jr-Upc 4X4X1-1/2 Oct Box W/Brakcet,"Southwire, 4x4x1-1/2 Oct Box w/Brakcet, Part Number: 54151-JR-UPC",Southwire 54151-Jr-Upc 4X4X1-1/2 Oct Box W/Brakcet,"Southwire, 4x4x1-1/2 Oct Box w/Brakcet, Part Number: 54151-JR-UPC",,,,,,,,,,,,,,,,,,,,,,,,,,,,,,,,,,,,,,,,,,,,,,,,,,,,,,,,,,,,,,,,,,,,,,,,,,,,,,,,,,,,,,,,,,,,,,,,,,,,,,,,,,,,,,,,,,,,,,,,,,,,,,,,,,,,,,,,,,,,,,,,,,,,,,,,,,,,,,,,,,,,,,,,,,,,,,,,,,,,,,,,,,,,,,,,,,,,,,,,,,,,,,,,,,,,,,,,,,,,,,,
,,,,,,54171-R-UPC,,,,54171-R-UPC,54171-R-UPC,4x4x2 Oct Box,,,Southwire,Southwire/g Turner (6603),Southwire,Southwire,,54171-R-UPC,,,"Southwire, 4X4X2 Oct Box, 54171-R-Upc, 54171-R-UPC",4X4X2 OCT BOX,Southwire 54171-R-Upc 4X4X2 Oct Box,"Southwire, 4x4x2 Oct Box, Part Number: 54171-R-UPC",Southwire 54171-R-Upc 4X4X2 Oct Box,"Southwire, 4x4x2 Oct Box, Part Number: 54171-R-UPC",,,,,,,,,,,,,,,,,,,,,,,,,,,,,,,,,,,,,,,,,,,,,,,,,,,,,,,,,,,,,,,,,,,,,,,,,,,,,,,,,,,,,,,,,,,,,,,,,,,,,,,,,,,,,,,,,,,,,,,,,,,,,,,,,,,,,,,,,,,,,,,,,,,,,,,,,,,,,,,,,,,,,,,,,,,,,,,,,,,,,,,,,,,,,,,,,,,,,,,,,,,,,,,,,,,,,,,,,,,,,,,
,,,,,,52151-S-UPC,,,,52151-S-UPC,52151-S-UPC,4x4x1-1/2 Square Box,,,Southwire,Southwire/g Turner (6603),Southwire,Southwire,,52151-S-UPC,,,"Southwire, 4X4X1, 1/2 Square Box, 52151-S-Upc, 52151-S-UPC",4X4X1-1/2 SQUARE BOX,Southwire 52151-S-Upc 4X4X1-1/2 Square Box,"Southwire, 4x4x1-1/2 Square Box, Part Number: 52151-S-UPC",Southwire 52151-S-Upc 4X4X1-1/2 Square Box,"Southwire, 4x4x1-1/2 Square Box, Part Number: 52151-S-UPC",,,,,,,,,,,,,,,,,,,,,,,,,,,,,,,,,,,,,,,,,,,,,,,,,,,,,,,,,,,,,,,,,,,,,,,,,,,,,,,,,,,,,,,,,,,,,,,,,,,,,,,,,,,,,,,,,,,,,,,,,,,,,,,,,,,,,,,,,,,,,,,,,,,,,,,,,,,,,,,,,,,,,,,,,,,,,,,,,,,,,,,,,,,,,,,,,,,,,,,,,,,,,,,,,,,,,,,,,,,,,,,
,,,,,,72171-3/4-1W-UPC,,,,72171-3/4-1W-UPC,72171-3/4-1W-UPC,4-1/2x4-1/2x2 2G Box,,,Southwire,Southwire/g Turner (6603),Southwire,Southwire,,72171-3/4-1W-UPC,,,"Southwire, 4, 1/2X4, 1/2X2 2G Box, 72171-3/4-1W-Upc, 72171-3",4-1/2X4-1/2X2 2G BOX,Southwire 72171-3/4-1W-Upc 4-1/2X4-1/2X2 2G Box,"Southwire, 4-1/2x4-1/2x2 2G Box, Part Number: 72171-3/4-1W-UPC",Southwire 72171-3/4-1W-Upc 4-1/2X4-1/2X2 2G Box,"Southwire, 4-1/2x4-1/2x2 2G Box, Part Number: 72171-3/4-1W-UPC",,,,,,,,,,,,,,,,,,,,,,,,,,,,,,,,,,,,,,,,,,,,,,,,,,,,,,,,,,,,,,,,,,,,,,,,,,,,,,,,,,,,,,,,,,,,,,,,,,,,,,,,,,,,,,,,,,,,,,,,,,,,,,,,,,,,,,,,,,,,,,,,,,,,,,,,,,,,,,,,,,,,,,,,,,,,,,,,,,,,,,,,,,,,,,,,,,,,,,,,,,,,,,,,,,,,,,,,,,,,,,,
,,,,,,5522-5EV,,,,5522-5EV,5522-5EV,5522-5EV 2 Port Decor Plate,,,,Cooper Wiring Devices (3560),Cooper Wiring Devices,Cooper Wiring Devices,,5522-5EV,,,"Cooper Wiring Devices, 2 Port Decor Plate, 5522-5Ev, 5522-5E",2 PORT DECOR PLATE,Cooper Wiring Devices 5522-5Ev 2 Port Decor Plate,"Cooper Wiring Devices, 5522-5EV 2 Port Decor Plate",Cooper Wiring Devices 5522-5Ev 2 Port Decor Plate,"Cooper Wiring Devices, 5522-5EV 2 Port Decor Plate",,,,,,,,,,,,,,,,,,,,,,,,,,,,,,,,,,,,,,,,,,,,,,,,,,,,,,,,,,,,,,,,,,,,,,,,,,,,,,,,,,,,,,,,,,,,,,,,,,,,,,,,,,,,,,,,,,,,,,,,,,,,,,,,,,,,,,,,,,,,,,,,,,,,,,,,,,,,,,,,,,,,,,,,,,,,,,,,,,,,,,,,,,,,,,,,,,,,,,,,,,,,,,,,,,,,,,,,,,,,,,,
,,,,,,AYCL-153PH-LA,,,,AYCL-153PH-LA,AYCL-153PH-LA,AYCL-153PH-LA Lutron Dimmer LA,,,,Fenton Bros Electric Inc (FENBR),Fenton Bros Electric Inc,Fenton Bros Electric Inc,,AYCL-153PH-LA,,,"Fenton Bros Electric Inc, Lutron Dimmer La, Aycl-153Ph-La, A",LUTRON DIMMER LA,Fenton Bros Electric Inc Aycl-153Ph-La Lutron Dimmer La,"Fenton Bros Electric Inc, AYCL-153PH-LA Lutron Dimmer LA",Fenton Bros Electric Inc Aycl-153Ph-La Lutron Dimmer La,"Fenton Bros Electric Inc, AYCL-153PH-LA Lutron Dimmer LA",,,,,,,,,,,,,,,,,,,,,,,,,,,,,,,,,,,,,,,,,,,,,,,,,,,,,,,,,,,,,,,,,,,,,,,,,,,,,,,,,,,,,,,,,,,,,,,,,,,,,,,,,,,,,,,,,,,,,,,,,,,,,,,,,,,,,,,,,,,,,,,,,,,,,,,,,,,,,,,,,,,,,,,,,,,,,,,,,,,,,,,,,,,,,,,,,,,,,,,,,,,,,,,,,,,,,,,,,,,,,,,
,,,,,,AYCL-153PH-WH,,,,AYCL-153PH-WH,AYCL-153PH-WH,AYCL-153PH-WH Lutron Dimmer Wh,,,,Fenton Bros Electric Inc (FENBR),Fenton Bros Electric Inc,Fenton Bros Electric Inc,,AYCL-153PH-WH,,,"Fenton Bros Electric Inc, Lutron Dimmer Wh, Aycl-153Ph-Wh, A",LUTRON DIMMER WH,Fenton Bros Electric Inc Aycl-153Ph-Wh Lutron Dimmer Wh,"Fenton Bros Electric Inc, AYCL-153PH-WH Lutron Dimmer Wh",Fenton Bros Electric Inc Aycl-153Ph-Wh Lutron Dimmer Wh,"Fenton Bros Electric Inc, AYCL-153PH-WH Lutron Dimmer Wh",,,,,,,,,,,,,,,,,,,,,,,,,,,,,,,,,,,,,,,,,,,,,,,,,,,,,,,,,,,,,,,,,,,,,,,,,,,,,,,,,,,,,,,,,,,,,,,,,,,,,,,,,,,,,,,,,,,,,,,,,,,,,,,,,,,,,,,,,,,,,,,,,,,,,,,,,,,,,,,,,,,,,,,,,,,,,,,,,,,,,,,,,,,,,,,,,,,,,,,,,,,,,,,,,,,,,,,,,,,,,,,
,,,,,,D23LP-R02-1RW,,,,D23LP-R02-1RW,D23LP-R02-1RW,D23LPR021RW Plug In Dimmer Wh,,,Leviton,Leviton Mfg Co (4927),Leviton,Leviton,,D23LP-R02-1RW,,,"Leviton, D23Lpr021Rw Plug In Dimmer Wh, D23Lp-R02-1Rw, D23LP",D23LPR021RW PLUG IN DIMMER WH,Leviton D23Lp-R02-1Rw D23Lpr021Rw Plug In Dimmer Wh,"Leviton, D23LPR021RW Plug In Dimmer Wh, Part Number: D23LP-R02-1RW",Leviton D23Lp-R02-1Rw D23Lpr021Rw Plug In Dimmer Wh,"Leviton, D23LPR021RW Plug In Dimmer Wh, Part Number: D23LP-R02-1RW",,,,,,,,,,,,,,,,,,,,,,,,,,,,,,,,,,,,,,,,,,,,,,,,,,,,,,,,,,,,,,,,,,,,,,,,,,,,,,,,,,,,,,,,,,,,,,,,,,,,,,,,,,,,,,,,,,,,,,,,,,,,,,,,,,,,,,,,,,,,,,,,,,,,,,,,,,,,,,,,,,,,,,,,,,,,,,,,,,,,,,,,,,,,,,,,,,,,,,,,,,,,,,,,,,,,,,,,,,,,,,,
,,,,,,TNOCD002,,,,TNOCD002,TNOCD002,TNOCD002 125V Outdooor Timer,,,Prime,Prime Wire & Cable (3562),Prime,Prime,,TNOCD002,,,"Prime, 125V Outdooor Timer, Tnocd002, TNOCD002",125V OUTDOOOR TIMER,Prime Tnocd002 125V Outdooor Timer,"Prime, TNOCD002 125V Outdooor Timer",Prime Tnocd002 125V Outdooor Timer,"Prime, TNOCD002 125V Outdooor Timer",,,,,,,,,,,,,,,,,,,,,,,,,,,,,,,,,,,,,,,,,,,,,,,,,,,,,,,,,,,,,,,,,,,,,,,,,,,,,,,,,,,,,,,,,,,,,,,,,,,,,,,,,,,,,,,,,,,,,,,,,,,,,,,,,,,,,,,,,,,,,,,,,,,,,,,,,,,,,,,,,,,,,,,,,,,,,,,,,,,,,,,,,,,,,,,,,,,,,,,,,,,,,,,,,,,,,,,,,,,,,,,
,,,,,,TNDHD002,,,,TNDHD002,TNDHD002,TNDHD002 125V 7Day Timer,,,Prime,Prime Wire & Cable (3562),Prime,Prime,,TNDHD002,,,"Prime, 125V 7Day Timer, Tndhd002, TNDHD002",125V 7DAY TIMER,Prime Tndhd002 125V 7Day Timer,"Prime, TNDHD002 125V 7Day Timer",Prime Tndhd002 125V 7Day Timer,"Prime, TNDHD002 125V 7Day Timer",,,,,,,,,,,,,,,,,,,,,,,,,,,,,,,,,,,,,,,,,,,,,,,,,,,,,,,,,,,,,,,,,,,,,,,,,,,,,,,,,,,,,,,,,,,,,,,,,,,,,,,,,,,,,,,,,,,,,,,,,,,,,,,,,,,,,,,,,,,,,,,,,,,,,,,,,,,,,,,,,,,,,,,,,,,,,,,,,,,,,,,,,,,,,,,,,,,,,,,,,,,,,,,,,,,,,,,,,,,,,,,
,,,,,,TNIDP12,,,,TNIDP12,TNIDP12,TNIDP12 125V Dig Indoor Timer,,,Prime,Prime Wire & Cable (3562),Prime,Prime,,TNIDP12,,,"Prime, 125V Dig Indoor Timer, Tnidp12, TNIDP12",125V DIG INDOOR TIMER,Prime Tnidp12 125V Dig Indoor Timer,"Prime, TNIDP12 125V Dig Indoor Timer",Prime Tnidp12 125V Dig Indoor Timer,"Prime, TNIDP12 125V Dig Indoor Timer",,,,,,,,,,,,,,,,,,,,,,,,,,,,,,,,,,,,,,,,,,,,,,,,,,,,,,,,,,,,,,,,,,,,,,,,,,,,,,,,,,,,,,,,,,,,,,,,,,,,,,,,,,,,,,,,,,,,,,,,,,,,,,,,,,,,,,,,,,,,,,,,,,,,,,,,,,,,,,,,,,,,,,,,,,,,,,,,,,,,,,,,,,,,,,,,,,,,,,,,,,,,,,,,,,,,,,,,,,,,,,,
,,,,,,TNIW24,,,,TNIW24,TNIW24,TNIW24 125V 24hr Mech Timer,,,Prime,Prime Wire & Cable (3562),Prime,Prime,,TNIW24,,,"Prime, 125V 24Hr Mech Timer, Tniw24, TNIW24",125V 24HR MECH TIMER,Prime Tniw24 125V 24Hr Mech Timer,"Prime, TNIW24 125V 24hr Mech Timer",Prime Tniw24 125V 24Hr Mech Timer,"Prime, TNIW24 125V 24hr Mech Timer",,,,,,,,,,,,,,,,,,,,,,,,,,,,,,,,,,,,,,,,,,,,,,,,,,,,,,,,,,,,,,,,,,,,,,,,,,,,,,,,,,,,,,,,,,,,,,,,,,,,,,,,,,,,,,,,,,,,,,,,,,,,,,,,,,,,,,,,,,,,,,,,,,,,,,,,,,,,,,,,,,,,,,,,,,,,,,,,,,,,,,,,,,,,,,,,,,,,,,,,,,,,,,,,,,,,,,,,,,,,,,,
,,,,,,65-1222,,,,65-1222,65-1222,65-1222 1' Led Lt Multi CCT,,,,Satco Prod Inc (5573),Satco Prod Inc,Satco Prod Inc,,65-1222,,,"Satco Prod Inc, 1' Led Lt Multi Cct, 65-1222, 65-1222",1' LED LT MULTI CCT,Satco Prod Inc 65-1222 1' Led Lt Multi Cct,"Satco Prod Inc, 65-1222 1' Led Lt Multi CCT",Satco Prod Inc 65-1222 1' Led Lt Multi Cct,"Satco Prod Inc, 65-1222 1' Led Lt Multi CCT",,,,,,,,,,,,,,,,,,,,,,,,,,,,,,,,,,,,,,,,,,,,,,,,,,,,,,,,,,,,,,,,,,,,,,,,,,,,,,,,,,,,,,,,,,,,,,,,,,,,,,,,,,,,,,,,,,,,,,,,,,,,,,,,,,,,,,,,,,,,,,,,,,,,,,,,,,,,,,,,,,,,,,,,,,,,,,,,,,,,,,,,,,,,,,,,,,,,,,,,,,,,,,,,,,,,,,,,,,,,,,,
,,,,,,65-1224,,,,65-1224,65-1224,65-1224 4' Led Strip Light,,,Satco,Satco Prod Inc (5573),Satco,Satco,,65-1224,,,"Satco, 4' Led Strip Light, 65-1224, 65-1224",4' LED STRIP LIGHT,Satco 65-1224 4' Led Strip Light,"Satco, 65-1224 4' Led Strip Light",Satco 65-1224 4' Led Strip Light,"Satco, 65-1224 4' Led Strip Light",,,,,,,,,,,,,,,,,,,,,,,,,,,,,,,,,,,,,,,,,,,,,,,,,,,,,,,,,,,,,,,,,,,,,,,,,,,,,,,,,,,,,,,,,,,,,,,,,,,,,,,,,,,,,,,,,,,,,,,,,,,,,,,,,,,,,,,,,,,,,,,,,,,,,,,,,,,,,,,,,,,,,,,,,,,,,,,,,,,,,,,,,,,,,,,,,,,,,,,,,,,,,,,,,,,,,,,,,,,,,,,
,,,,,,45297BK,,,,45297BK,45297BK,45297BK Kichler Wall Lt,,,,Kichler Lighting (KICLI),Kichler Lighting,Kichler Lighting,,45297BK,,,"Kichler Lighting, Kichler Wall Lt, 45297Bk, 45297BK",KICHLER WALL LT,Kichler Lighting 45297Bk Kichler Wall Lt,"Kichler Lighting, 45297BK Kichler Wall Lt",Kichler Lighting 45297Bk Kichler Wall Lt,"Kichler Lighting, 45297BK Kichler Wall Lt",,,,,,,,,,,,,,,,,,,,,,,,,,,,,,,,,,,,,,,,,,,,,,,,,,,,,,,,,,,,,,,,,,,,,,,,,,,,,,,,,,,,,,,,,,,,,,,,,,,,,,,,,,,,,,,,,,,,,,,,,,,,,,,,,,,,,,,,,,,,,,,,,,,,,,,,,,,,,,,,,,,,,,,,,,,,,,,,,,,,,,,,,,,,,,,,,,,,,,,,,,,,,,,,,,,,,,,,,,,,,,,
,,,,,,45573BK,,,,45573BK,45573BK,45573BK Kichler Wall Light,,,,Kichler Lighting (KICLI),Kichler Lighting,Kichler Lighting,,45573BK,,,"Kichler Lighting, Kichler Wall Light, 45573Bk, 45573BK",KICHLER WALL LIGHT,Kichler Lighting 45573Bk Kichler Wall Light,"Kichler Lighting, 45573BK Kichler Wall Light",Kichler Lighting 45573Bk Kichler Wall Light,"Kichler Lighting, 45573BK Kichler Wall Light",,,,,,,,,,,,,,,,,,,,,,,,,,,,,,,,,,,,,,,,,,,,,,,,,,,,,,,,,,,,,,,,,,,,,,,,,,,,,,,,,,,,,,,,,,,,,,,,,,,,,,,,,,,,,,,,,,,,,,,,,,,,,,,,,,,,,,,,,,,,,,,,,,,,,,,,,,,,,,,,,,,,,,,,,,,,,,,,,,,,,,,,,,,,,,,,,,,,,,,,,,,,,,,,,,,,,,,,,,,,,,,
,,,,,,37418A,,,,37418A,37418A,37418A Kichler Bath Light,,,,Kichler Lighting (KICLI),Kichler Lighting,Kichler Lighting,,37418A,,,"Kichler Lighting, Kichler Bath Light, 37418A, 37418A",KICHLER BATH LIGHT,Kichler Lighting 37418A Kichler Bath Light,"Kichler Lighting, 37418A Kichler Bath Light",Kichler Lighting 37418A Kichler Bath Light,"Kichler Lighting, 37418A Kichler Bath Light",,,,,,,,,,,,,,,,,,,,,,,,,,,,,,,,,,,,,,,,,,,,,,,,,,,,,,,,,,,,,,,,,,,,,,,,,,,,,,,,,,,,,,,,,,,,,,,,,,,,,,,,,,,,,,,,,,,,,,,,,,,,,,,,,,,,,,,,,,,,,,,,,,,,,,,,,,,,,,,,,,,,,,,,,,,,,,,,,,,,,,,,,,,,,,,,,,,,,,,,,,,,,,,,,,,,,,,,,,,,,,,
,,,,,,37423A,,,,37423A,37423A,37423A Kichler Bath Light,,,,Kichler Lighting (KICLI),Kichler Lighting,Kichler Lighting,,37423A,,,"Kichler Lighting, Kichler Bath Light, 37423A, 37423A",KICHLER BATH LIGHT,Kichler Lighting 37423A Kichler Bath Light,"Kichler Lighting, 37423A Kichler Bath Light",Kichler Lighting 37423A Kichler Bath Light,"Kichler Lighting, 37423A Kichler Bath Light",,,,,,,,,,,,,,,,,,,,,,,,,,,,,,,,,,,,,,,,,,,,,,,,,,,,,,,,,,,,,,,,,,,,,,,,,,,,,,,,,,,,,,,,,,,,,,,,,,,,,,,,,,,,,,,,,,,,,,,,,,,,,,,,,,,,,,,,,,,,,,,,,,,,,,,,,,,,,,,,,,,,,,,,,,,,,,,,,,,,,,,,,,,,,,,,,,,,,,,,,,,,,,,,,,,,,,,,,,,,,,,
,,,,,,45496BKCLR,,,,45496BKCLR,45496BKCLR,45496BKCLR Kichler Bath Light,,,,Kichler Lighting (KICLI),Kichler Lighting,Kichler Lighting,,45496BKCLR,,,"Kichler Lighting, Kichler Bath Light, 45496Bkclr, 45496BKCLR",KICHLER BATH LIGHT,Kichler Lighting 45496Bkclr Kichler Bath Light,"Kichler Lighting, 45496BKCLR Kichler Bath Light",Kichler Lighting 45496Bkclr Kichler Bath Light,"Kichler Lighting, 45496BKCLR Kichler Bath Light",,,,,,,,,,,,,,,,,,,,,,,,,,,,,,,,,,,,,,,,,,,,,,,,,,,,,,,,,,,,,,,,,,,,,,,,,,,,,,,,,,,,,,,,,,,,,,,,,,,,,,,,,,,,,,,,,,,,,,,,,,,,,,,,,,,,,,,,,,,,,,,,,,,,,,,,,,,,,,,,,,,,,,,,,,,,,,,,,,,,,,,,,,,,,,,,,,,,,,,,,,,,,,,,,,,,,,,,,,,,,,,
,,,,,,45973BK,,,,45973BK,45973BK,45973BK Kichler Wall Light,,,,Kichler Lighting (KICLI),Kichler Lighting,Kichler Lighting,,45973BK,,,"Kichler Lighting, Kichler Wall Light, 45973Bk, 45973BK",KICHLER WALL LIGHT,Kichler Lighting 45973Bk Kichler Wall Light,"Kichler Lighting, 45973BK Kichler Wall Light",Kichler Lighting 45973Bk Kichler Wall Light,"Kichler Lighting, 45973BK Kichler Wall Light",,,,,,,,,,,,,,,,,,,,,,,,,,,,,,,,,,,,,,,,,,,,,,,,,,,,,,,,,,,,,,,,,,,,,,,,,,,,,,,,,,,,,,,,,,,,,,,,,,,,,,,,,,,,,,,,,,,,,,,,,,,,,,,,,,,,,,,,,,,,,,,,,,,,,,,,,,,,,,,,,,,,,,,,,,,,,,,,,,,,,,,,,,,,,,,,,,,,,,,,,,,,,,,,,,,,,,,,,,,,,,,
,,,,,,55155BK,,,,55155BK,55155BK,55155BK Kichler Wall Lt,,,,Kichler Lighting (KICLI),Kichler Lighting,Kichler Lighting,,55155BK,,,"Kichler Lighting, Kichler Wall Lt, 55155Bk, 55155BK",KICHLER WALL LT,Kichler Lighting 55155Bk Kichler Wall Lt,"Kichler Lighting, 55155BK Kichler Wall Lt",Kichler Lighting 55155Bk Kichler Wall Lt,"Kichler Lighting, 55155BK Kichler Wall Lt",,,,,,,,,,,,,,,,,,,,,,,,,,,,,,,,,,,,,,,,,,,,,,,,,,,,,,,,,,,,,,,,,,,,,,,,,,,,,,,,,,,,,,,,,,,,,,,,,,,,,,,,,,,,,,,,,,,,,,,,,,,,,,,,,,,,,,,,,,,,,,,,,,,,,,,,,,,,,,,,,,,,,,,,,,,,,,,,,,,,,,,,,,,,,,,,,,,,,,,,,,,,,,,,,,,,,,,,,,,,,,,
,,,,,,55157CPZ,,,,55157CPZ,55157CPZ,55157CPZ Kichler Wall Light,,,,Kichler Lighting (KICLI),Kichler Lighting,Kichler Lighting,,55157CPZ,,,"Kichler Lighting, Kichler Wall Light, 55157Cpz, 55157CPZ",KICHLER WALL LIGHT,Kichler Lighting 55157Cpz Kichler Wall Light,"Kichler Lighting, 55157CPZ Kichler Wall Light",Kichler Lighting 55157Cpz Kichler Wall Light,"Kichler Lighting, 55157CPZ Kichler Wall Light",,,,,,,,,,,,,,,,,,,,,,,,,,,,,,,,,,,,,,,,,,,,,,,,,,,,,,,,,,,,,,,,,,,,,,,,,,,,,,,,,,,,,,,,,,,,,,,,,,,,,,,,,,,,,,,,,,,,,,,,,,,,,,,,,,,,,,,,,,,,,,,,,,,,,,,,,,,,,,,,,,,,,,,,,,,,,,,,,,,,,,,,,,,,,,,,,,,,,,,,,,,,,,,,,,,,,,,,,,,,,,,
,,,,,,55184BK,,,,55184BK,55184BK,55184BK Kichler Wall Lt,,,,Kichler Lighting (KICLI),Kichler Lighting,Kichler Lighting,,55184BK,,,"Kichler Lighting, Kichler Wall Lt, 55184Bk, 55184BK",KICHLER WALL LT,Kichler Lighting 55184Bk Kichler Wall Lt,"Kichler Lighting, 55184BK Kichler Wall Lt",Kichler Lighting 55184Bk Kichler Wall Lt,"Kichler Lighting, 55184BK Kichler Wall Lt",,,,,,,,,,,,,,,,,,,,,,,,,,,,,,,,,,,,,,,,,,,,,,,,,,,,,,,,,,,,,,,,,,,,,,,,,,,,,,,,,,,,,,,,,,,,,,,,,,,,,,,,,,,,,,,,,,,,,,,,,,,,,,,,,,,,,,,,,,,,,,,,,,,,,,,,,,,,,,,,,,,,,,,,,,,,,,,,,,,,,,,,,,,,,,,,,,,,,,,,,,,,,,,,,,,,,,,,,,,,,,,
,,,,,,55185BK,,,,55185BK,55185BK,55185BK Kichler Wall Lt,,,,Kichler Lighting (KICLI),Kichler Lighting,Kichler Lighting,,55185BK,,,"Kichler Lighting, Kichler Wall Lt, 55185Bk, 55185BK",KICHLER WALL LT,Kichler Lighting 55185Bk Kichler Wall Lt,"Kichler Lighting, 55185BK Kichler Wall Lt",Kichler Lighting 55185Bk Kichler Wall Lt,"Kichler Lighting, 55185BK Kichler Wall Lt",,,,,,,,,,,,,,,,,,,,,,,,,,,,,,,,,,,,,,,,,,,,,,,,,,,,,,,,,,,,,,,,,,,,,,,,,,,,,,,,,,,,,,,,,,,,,,,,,,,,,,,,,,,,,,,,,,,,,,,,,,,,,,,,,,,,,,,,,,,,,,,,,,,,,,,,,,,,,,,,,,,,,,,,,,,,,,,,,,,,,,,,,,,,,,,,,,,,,,,,,,,,,,,,,,,,,,,,,,,,,,,
,,,,,,55186CH,,,,55186CH,55186CH,55186CH Kichler Wall Lt,,,,Kichler Lighting (KICLI),Kichler Lighting,Kichler Lighting,,55186CH,,,"Kichler Lighting, Kichler Wall Lt, 55186Ch, 55186CH",KICHLER WALL LT,Kichler Lighting 55186Ch Kichler Wall Lt,"Kichler Lighting, 55186CH Kichler Wall Lt",Kichler Lighting 55186Ch Kichler Wall Lt,"Kichler Lighting, 55186CH Kichler Wall Lt",,,,,,,,,,,,,,,,,,,,,,,,,,,,,,,,,,,,,,,,,,,,,,,,,,,,,,,,,,,,,,,,,,,,,,,,,,,,,,,,,,,,,,,,,,,,,,,,,,,,,,,,,,,,,,,,,,,,,,,,,,,,,,,,,,,,,,,,,,,,,,,,,,,,,,,,,,,,,,,,,,,,,,,,,,,,,,,,,,,,,,,,,,,,,,,,,,,,,,,,,,,,,,,,,,,,,,,,,,,,,,,
,,,,,,55210NI,,,,55210NI,55210NI,55210NI Kichler Wall Light,,,,Kichler Lighting (KICLI),Kichler Lighting,Kichler Lighting,,55210NI,,,"Kichler Lighting, Kichler Wall Light, 55210Ni, 55210NI",KICHLER WALL LIGHT,Kichler Lighting 55210Ni Kichler Wall Light,"Kichler Lighting, 55210NI Kichler Wall Light",Kichler Lighting 55210Ni Kichler Wall Light,"Kichler Lighting, 55210NI Kichler Wall Light",,,,,,,,,,,,,,,,,,,,,,,,,,,,,,,,,,,,,,,,,,,,,,,,,,,,,,,,,,,,,,,,,,,,,,,,,,,,,,,,,,,,,,,,,,,,,,,,,,,,,,,,,,,,,,,,,,,,,,,,,,,,,,,,,,,,,,,,,,,,,,,,,,,,,,,,,,,,,,,,,,,,,,,,,,,,,,,,,,,,,,,,,,,,,,,,,,,,,,,,,,,,,,,,,,,,,,,,,,,,,,,
,,,,,,55211BK,,,,55211BK,55211BK,55211BK Kichler Wall Light,,,,Kichler Lighting (KICLI),Kichler Lighting,Kichler Lighting,,55211BK,,,"Kichler Lighting, Kichler Wall Light, 55211Bk, 55211BK",KICHLER WALL LIGHT,Kichler Lighting 55211Bk Kichler Wall Light,"Kichler Lighting, 55211BK Kichler Wall Light",Kichler Lighting 55211Bk Kichler Wall Light,"Kichler Lighting, 55211BK Kichler Wall Light",,,,,,,,,,,,,,,,,,,,,,,,,,,,,,,,,,,,,,,,,,,,,,,,,,,,,,,,,,,,,,,,,,,,,,,,,,,,,,,,,,,,,,,,,,,,,,,,,,,,,,,,,,,,,,,,,,,,,,,,,,,,,,,,,,,,,,,,,,,,,,,,,,,,,,,,,,,,,,,,,,,,,,,,,,,,,,,,,,,,,,,,,,,,,,,,,,,,,,,,,,,,,,,,,,,,,,,,,,,,,,,
,,,,,,55211NI,,,,55211NI,55211NI,55211NI Kichler Wall Light,,,,Kichler Lighting (KICLI),Kichler Lighting,Kichler Lighting,,55211NI,,,"Kichler Lighting, Kichler Wall Light, 55211Ni, 55211NI",KICHLER WALL LIGHT,Kichler Lighting 55211Ni Kichler Wall Light,"Kichler Lighting, 55211NI Kichler Wall Light",Kichler Lighting 55211Ni Kichler Wall Light,"Kichler Lighting, 55211NI Kichler Wall Light",,,,,,,,,,,,,,,,,,,,,,,,,,,,,,,,,,,,,,,,,,,,,,,,,,,,,,,,,,,,,,,,,,,,,,,,,,,,,,,,,,,,,,,,,,,,,,,,,,,,,,,,,,,,,,,,,,,,,,,,,,,,,,,,,,,,,,,,,,,,,,,,,,,,,,,,,,,,,,,,,,,,,,,,,,,,,,,,,,,,,,,,,,,,,,,,,,,,,,,,,,,,,,,,,,,,,,,,,,,,,,,
,,,,,,55212NI,,,,55212NI,55212NI,55212NI Kichler Wall Light,,,,Kichler Lighting (KICLI),Kichler Lighting,Kichler Lighting,,55212NI,,,"Kichler Lighting, Kichler Wall Light, 55212Ni, 55212NI",KICHLER WALL LIGHT,Kichler Lighting 55212Ni Kichler Wall Light,"Kichler Lighting, 55212NI Kichler Wall Light",Kichler Lighting 55212Ni Kichler Wall Light,"Kichler Lighting, 55212NI Kichler Wall Light",,,,,,,,,,,,,,,,,,,,,,,,,,,,,,,,,,,,,,,,,,,,,,,,,,,,,,,,,,,,,,,,,,,,,,,,,,,,,,,,,,,,,,,,,,,,,,,,,,,,,,,,,,,,,,,,,,,,,,,,,,,,,,,,,,,,,,,,,,,,,,,,,,,,,,,,,,,,,,,,,,,,,,,,,,,,,,,,,,,,,,,,,,,,,,,,,,,,,,,,,,,,,,,,,,,,,,,,,,,,,,,
,,,,,,55226BKLFU,,,,55226BKLFU,55226BKLFU,55226BKFLU Kichler Wall Lt,,,,Kichler Lighting (KICLI),Kichler Lighting,Kichler Lighting,,55226BKLFU,,,"Kichler Lighting, 55226Bkflu Kichler Wall Lt, 55226Bklfu, 55",55226BKFLU KICHLER WALL LT,Kichler Lighting 55226Bklfu 55226Bkflu Kichler Wall Lt,"Kichler Lighting, 55226BKFLU Kichler Wall Lt, Part Number: 55226BKLFU",Kichler Lighting 55226Bklfu 55226Bkflu Kichler Wall Lt,"Kichler Lighting, 55226BKFLU Kichler Wall Lt, Part Number: 55226BKLFU",,,,,,,,,,,,,,,,,,,,,,,,,,,,,,,,,,,,,,,,,,,,,,,,,,,,,,,,,,,,,,,,,,,,,,,,,,,,,,,,,,,,,,,,,,,,,,,,,,,,,,,,,,,,,,,,,,,,,,,,,,,,,,,,,,,,,,,,,,,,,,,,,,,,,,,,,,,,,,,,,,,,,,,,,,,,,,,,,,,,,,,,,,,,,,,,,,,,,,,,,,,,,,,,,,,,,,,,,,,,,,,
,,,,,,55239CPZLED,,,,55239CPZLED,55239CPZLED,55239CPZLED Kichler Wall Lt,,,,Kichler Lighting (KICLI),Kichler Lighting,Kichler Lighting,,55239CPZLED,,,"Kichler Lighting, Kichler Wall Lt, 55239Cpzled, 55239CPZLED",KICHLER WALL LT,Kichler Lighting 55239Cpzled Kichler Wall Lt,"Kichler Lighting, 55239CPZLED Kichler Wall Lt",Kichler Lighting 55239Cpzled Kichler Wall Lt,"Kichler Lighting, 55239CPZLED Kichler Wall Lt",,,,,,,,,,,,,,,,,,,,,,,,,,,,,,,,,,,,,,,,,,,,,,,,,,,,,,,,,,,,,,,,,,,,,,,,,,,,,,,,,,,,,,,,,,,,,,,,,,,,,,,,,,,,,,,,,,,,,,,,,,,,,,,,,,,,,,,,,,,,,,,,,,,,,,,,,,,,,,,,,,,,,,,,,,,,,,,,,,,,,,,,,,,,,,,,,,,,,,,,,,,,,,,,,,,,,,,,,,,,,,,
,,,,,,44072DBK,,,,44072DBK,44072DBK,44072DBK Kichler Chandelier Lt,,,,Kichler Lighting (KICLI),Kichler Lighting,Kichler Lighting,,44072DBK,,,"Kichler Lighting, Kichler Chandelier Lt, 44072Dbk, 44072DBK",KICHLER CHANDELIER LT,Kichler Lighting 44072Dbk Kichler Chandelier Lt,"Kichler Lighting, 44072DBK Kichler Chandelier Lt",Kichler Lighting 44072Dbk Kichler Chandelier Lt,"Kichler Lighting, 44072DBK Kichler Chandelier Lt",,,,,,,,,,,,,,,,,,,,,,,,,,,,,,,,,,,,,,,,,,,,,,,,,,,,,,,,,,,,,,,,,,,,,,,,,,,,,,,,,,,,,,,,,,,,,,,,,,,,,,,,,,,,,,,,,,,,,,,,,,,,,,,,,,,,,,,,,,,,,,,,,,,,,,,,,,,,,,,,,,,,,,,,,,,,,,,,,,,,,,,,,,,,,,,,,,,,,,,,,,,,,,,,,,,,,,,,,,,,,,,
,,,,,,44073NI,,,,44073NI,44073NI,44073NI Kichler Chandelier Lt,,,,Kichler Lighting (KICLI),Kichler Lighting,Kichler Lighting,,44073NI,,,"Kichler Lighting, Kichler Chandelier Lt, 44073Ni, 44073NI",KICHLER CHANDELIER LT,Kichler Lighting 44073Ni Kichler Chandelier Lt,"Kichler Lighting, 44073NI Kichler Chandelier Lt",Kichler Lighting 44073Ni Kichler Chandelier Lt,"Kichler Lighting, 44073NI Kichler Chandelier Lt",,,,,,,,,,,,,,,,,,,,,,,,,,,,,,,,,,,,,,,,,,,,,,,,,,,,,,,,,,,,,,,,,,,,,,,,,,,,,,,,,,,,,,,,,,,,,,,,,,,,,,,,,,,,,,,,,,,,,,,,,,,,,,,,,,,,,,,,,,,,,,,,,,,,,,,,,,,,,,,,,,,,,,,,,,,,,,,,,,,,,,,,,,,,,,,,,,,,,,,,,,,,,,,,,,,,,,,,,,,,,,,
,,,,,,52033BK,,,,52033BK,52033BK,52033BK Kichler Chandelier Lt,,,,Kichler Lighting (KICLI),Kichler Lighting,Kichler Lighting,,52033BK,,,"Kichler Lighting, Kichler Chandelier Lt, 52033Bk, 52033BK",KICHLER CHANDELIER LT,Kichler Lighting 52033Bk Kichler Chandelier Lt,"Kichler Lighting, 52033BK Kichler Chandelier Lt",Kichler Lighting 52033Bk Kichler Chandelier Lt,"Kichler Lighting, 52033BK Kichler Chandelier Lt",,,,,,,,,,,,,,,,,,,,,,,,,,,,,,,,,,,,,,,,,,,,,,,,,,,,,,,,,,,,,,,,,,,,,,,,,,,,,,,,,,,,,,,,,,,,,,,,,,,,,,,,,,,,,,,,,,,,,,,,,,,,,,,,,,,,,,,,,,,,,,,,,,,,,,,,,,,,,,,,,,,,,,,,,,,,,,,,,,,,,,,,,,,,,,,,,,,,,,,,,,,,,,,,,,,,,,,,,,,,,,,
,,,,,,84322WH,,,,84322WH,84322WH,84322WH Kichler Chandelier Lt,,,,Kichler Lighting (KICLI),Kichler Lighting,Kichler Lighting,,84322WH,,,"Kichler Lighting, Kichler Chandelier Lt, 84322Wh, 84322WH",KICHLER CHANDELIER LT,Kichler Lighting 84322Wh Kichler Chandelier Lt,"Kichler Lighting, 84322WH Kichler Chandelier Lt",Kichler Lighting 84322Wh Kichler Chandelier Lt,"Kichler Lighting, 84322WH Kichler Chandelier Lt",,,,,,,,,,,,,,,,,,,,,,,,,,,,,,,,,,,,,,,,,,,,,,,,,,,,,,,,,,,,,,,,,,,,,,,,,,,,,,,,,,,,,,,,,,,,,,,,,,,,,,,,,,,,,,,,,,,,,,,,,,,,,,,,,,,,,,,,,,,,,,,,,,,,,,,,,,,,,,,,,,,,,,,,,,,,,,,,,,,,,,,,,,,,,,,,,,,,,,,,,,,,,,,,,,,,,,,,,,,,,,,
,,,,,,52404BK,,,,52404BK,52404BK,52404BK Kichler Chandelier Lt,,,,Kichler Lighting (KICLI),Kichler Lighting,Kichler Lighting,,52404BK,,,"Kichler Lighting, Kichler Chandelier Lt, 52404Bk, 52404BK",KICHLER CHANDELIER LT,Kichler Lighting 52404Bk Kichler Chandelier Lt,"Kichler Lighting, 52404BK Kichler Chandelier Lt",Kichler Lighting 52404Bk Kichler Chandelier Lt,"Kichler Lighting, 52404BK Kichler Chandelier Lt",,,,,,,,,,,,,,,,,,,,,,,,,,,,,,,,,,,,,,,,,,,,,,,,,,,,,,,,,,,,,,,,,,,,,,,,,,,,,,,,,,,,,,,,,,,,,,,,,,,,,,,,,,,,,,,,,,,,,,,,,,,,,,,,,,,,,,,,,,,,,,,,,,,,,,,,,,,,,,,,,,,,,,,,,,,,,,,,,,,,,,,,,,,,,,,,,,,,,,,,,,,,,,,,,,,,,,,,,,,,,,,
,,,,,,34686A,,,,34686A,34686A,34686A Kichler Chandelier Lt,,,,Kichler Lighting (KICLI),Kichler Lighting,Kichler Lighting,,34686A,,,"Kichler Lighting, Kichler Chandelier Lt, 34686A, 34686A",KICHLER CHANDELIER LT,Kichler Lighting 34686A Kichler Chandelier Lt,"Kichler Lighting, 34686A Kichler Chandelier Lt",Kichler Lighting 34686A Kichler Chandelier Lt,"Kichler Lighting, 34686A Kichler Chandelier Lt",,,,,,,,,,,,,,,,,,,,,,,,,,,,,,,,,,,,,,,,,,,,,,,,,,,,,,,,,,,,,,,,,,,,,,,,,,,,,,,,,,,,,,,,,,,,,,,,,,,,,,,,,,,,,,,,,,,,,,,,,,,,,,,,,,,,,,,,,,,,,,,,,,,,,,,,,,,,,,,,,,,,,,,,,,,,,,,,,,,,,,,,,,,,,,,,,,,,,,,,,,,,,,,,,,,,,,,,,,,,,,,
,,,,,,34687A,,,,34687A,34687A,34687A Kichler Chandelier Lt,,,,Kichler Lighting (KICLI),Kichler Lighting,Kichler Lighting,,34687A,,,"Kichler Lighting, Kichler Chandelier Lt, 34687A, 34687A",KICHLER CHANDELIER LT,Kichler Lighting 34687A Kichler Chandelier Lt,"Kichler Lighting, 34687A Kichler Chandelier Lt",Kichler Lighting 34687A Kichler Chandelier Lt,"Kichler Lighting, 34687A Kichler Chandelier Lt",,,,,,,,,,,,,,,,,,,,,,,,,,,,,,,,,,,,,,,,,,,,,,,,,,,,,,,,,,,,,,,,,,,,,,,,,,,,,,,,,,,,,,,,,,,,,,,,,,,,,,,,,,,,,,,,,,,,,,,,,,,,,,,,,,,,,,,,,,,,,,,,,,,,,,,,,,,,,,,,,,,,,,,,,,,,,,,,,,,,,,,,,,,,,,,,,,,,,,,,,,,,,,,,,,,,,,,,,,,,,,,
,,,,,,34688A,,,,34688A,34688A,34688A Kichler Chandelier Lt,,,,-,-,-,,34688A,,,"-, Kichler Chandelier Lt, 34688A, 34688A",KICHLER CHANDELIER LT,- 34688A Kichler Chandelier Lt,"-, 34688A Kichler Chandelier Lt",- 34688A Kichler Chandelier Lt,"-, 34688A Kichler Chandelier Lt",,,,,,,,,,,,,,,,,,,,,,,,,,,,,,,,,,,,,,,,,,,,,,,,,,,,,,,,,,,,,,,,,,,,,,,,,,,,,,,,,,,,,,,,,,,,,,,,,,,,,,,,,,,,,,,,,,,,,,,,,,,,,,,,,,,,,,,,,,,,,,,,,,,,,,,,,,,,,,,,,,,,,,,,,,,,,,,,,,,,,,,,,,,,,,,,,,,,,,,,,,,,,,,,,,,,,,,,,,,,,,,
,,,,,,43671BKCLR,,,,43671BKCLR,43671BKCLR,43671BKCLR Kichler Chand Lt,,,,Kichler Lighting (KICLI),Kichler Lighting,Kichler Lighting,,43671BKCLR,,,"Kichler Lighting, Kichler Chand Lt, 43671Bkclr, 43671BKCLR",KICHLER CHAND LT,Kichler Lighting 43671Bkclr Kichler Chand Lt,"Kichler Lighting, 43671BKCLR Kichler Chand Lt",Kichler Lighting 43671Bkclr Kichler Chand Lt,"Kichler Lighting, 43671BKCLR Kichler Chand Lt",,,,,,,,,,,,,,,,,,,,,,,,,,,,,,,,,,,,,,,,,,,,,,,,,,,,,,,,,,,,,,,,,,,,,,,,,,,,,,,,,,,,,,,,,,,,,,,,,,,,,,,,,,,,,,,,,,,,,,,,,,,,,,,,,,,,,,,,,,,,,,,,,,,,,,,,,,,,,,,,,,,,,,,,,,,,,,,,,,,,,,,,,,,,,,,,,,,,,,,,,,,,,,,,,,,,,,,,,,,,,,,
,,,,,,52616BK,,,,52616BK,52616BK,52616BK Kichler Chandelier Lt,,,,Kichler Lighting (KICLI),Kichler Lighting,Kichler Lighting,,52616BK,,,"Kichler Lighting, Kichler Chandelier Lt, 52616Bk, 52616BK",KICHLER CHANDELIER LT,Kichler Lighting 52616Bk Kichler Chandelier Lt,"Kichler Lighting, 52616BK Kichler Chandelier Lt",Kichler Lighting 52616Bk Kichler Chandelier Lt,"Kichler Lighting, 52616BK Kichler Chandelier Lt",,,,,,,,,,,,,,,,,,,,,,,,,,,,,,,,,,,,,,,,,,,,,,,,,,,,,,,,,,,,,,,,,,,,,,,,,,,,,,,,,,,,,,,,,,,,,,,,,,,,,,,,,,,,,,,,,,,,,,,,,,,,,,,,,,,,,,,,,,,,,,,,,,,,,,,,,,,,,,,,,,,,,,,,,,,,,,,,,,,,,,,,,,,,,,,,,,,,,,,,,,,,,,,,,,,,,,,,,,,,,,,
,,,,,,52616NI,,,,52616NI,52616NI,52616NI Kichler Chandelier Lt,,,,Kichler Lighting (KICLI),Kichler Lighting,Kichler Lighting,,52616NI,,,"Kichler Lighting, Kichler Chandelier Lt, 52616Ni, 52616NI",KICHLER CHANDELIER LT,Kichler Lighting 52616Ni Kichler Chandelier Lt,"Kichler Lighting, 52616NI Kichler Chandelier Lt",Kichler Lighting 52616Ni Kichler Chandelier Lt,"Kichler Lighting, 52616NI Kichler Chandelier Lt",,,,,,,,,,,,,,,,,,,,,,,,,,,,,,,,,,,,,,,,,,,,,,,,,,,,,,,,,,,,,,,,,,,,,,,,,,,,,,,,,,,,,,,,,,,,,,,,,,,,,,,,,,,,,,,,,,,,,,,,,,,,,,,,,,,,,,,,,,,,,,,,,,,,,,,,,,,,,,,,,,,,,,,,,,,,,,,,,,,,,,,,,,,,,,,,,,,,,,,,,,,,,,,,,,,,,,,,,,,,,,,
,,,,,,52678BK,,,,52678BK,52678BK,52678BK Kichler Chandelier Lt,,,,Kichler Lighting (KICLI),Kichler Lighting,Kichler Lighting,,52678BK,,,"Kichler Lighting, Kichler Chandelier Lt, 52678Bk, 52678BK",KICHLER CHANDELIER LT,Kichler Lighting 52678Bk Kichler Chandelier Lt,"Kichler Lighting, 52678BK Kichler Chandelier Lt",Kichler Lighting 52678Bk Kichler Chandelier Lt,"Kichler Lighting, 52678BK Kichler Chandelier Lt",,,,,,,,,,,,,,,,,,,,,,,,,,,,,,,,,,,,,,,,,,,,,,,,,,,,,,,,,,,,,,,,,,,,,,,,,,,,,,,,,,,,,,,,,,,,,,,,,,,,,,,,,,,,,,,,,,,,,,,,,,,,,,,,,,,,,,,,,,,,,,,,,,,,,,,,,,,,,,,,,,,,,,,,,,,,,,,,,,,,,,,,,,,,,,,,,,,,,,,,,,,,,,,,,,,,,,,,,,,,,,,
,,,,,,52680CPZ,,,,52680CPZ,52680CPZ,52680CPZ Kichler Chandelier Lt,,,,Kichler Lighting (KICLI),Kichler Lighting,Kichler Lighting,,52680CPZ,,,"Kichler Lighting, Kichler Chandelier Lt, 52680Cpz, 52680CPZ",KICHLER CHANDELIER LT,Kichler Lighting 52680Cpz Kichler Chandelier Lt,"Kichler Lighting, 52680CPZ Kichler Chandelier Lt",Kichler Lighting 52680Cpz Kichler Chandelier Lt,"Kichler Lighting, 52680CPZ Kichler Chandelier Lt",,,,,,,,,,,,,,,,,,,,,,,,,,,,,,,,,,,,,,,,,,,,,,,,,,,,,,,,,,,,,,,,,,,,,,,,,,,,,,,,,,,,,,,,,,,,,,,,,,,,,,,,,,,,,,,,,,,,,,,,,,,,,,,,,,,,,,,,,,,,,,,,,,,,,,,,,,,,,,,,,,,,,,,,,,,,,,,,,,,,,,,,,,,,,,,,,,,,,,,,,,,,,,,,,,,,,,,,,,,,,,,
,,,,,,52772BK,,,,52772BK,52772BK,52772BK Kichler Chandelier Lt,,,,Kichler Lighting (KICLI),Kichler Lighting,Kichler Lighting,,52772BK,,,"Kichler Lighting, Kichler Chandelier Lt, 52772Bk, 52772BK",KICHLER CHANDELIER LT,Kichler Lighting 52772Bk Kichler Chandelier Lt,"Kichler Lighting, 52772BK Kichler Chandelier Lt",Kichler Lighting 52772Bk Kichler Chandelier Lt,"Kichler Lighting, 52772BK Kichler Chandelier Lt",,,,,,,,,,,,,,,,,,,,,,,,,,,,,,,,,,,,,,,,,,,,,,,,,,,,,,,,,,,,,,,,,,,,,,,,,,,,,,,,,,,,,,,,,,,,,,,,,,,,,,,,,,,,,,,,,,,,,,,,,,,,,,,,,,,,,,,,,,,,,,,,,,,,,,,,,,,,,,,,,,,,,,,,,,,,,,,,,,,,,,,,,,,,,,,,,,,,,,,,,,,,,,,,,,,,,,,,,,,,,,,
,,,,,,82399,,,,82399,82399,82399 Kichler Chandelier Lt,,,,Kichler Lighting (KICLI),Kichler Lighting,Kichler Lighting,,82399,,,"Kichler Lighting, Kichler Chandelier Lt, 82399, 82399",KICHLER CHANDELIER LT,Kichler Lighting 82399 Kichler Chandelier Lt,"Kichler Lighting, 82399 Kichler Chandelier Lt",Kichler Lighting 82399 Kichler Chandelier Lt,"Kichler Lighting, 82399 Kichler Chandelier Lt",,,,,,,,,,,,,,,,,,,,,,,,,,,,,,,,,,,,,,,,,,,,,,,,,,,,,,,,,,,,,,,,,,,,,,,,,,,,,,,,,,,,,,,,,,,,,,,,,,,,,,,,,,,,,,,,,,,,,,,,,,,,,,,,,,,,,,,,,,,,,,,,,,,,,,,,,,,,,,,,,,,,,,,,,,,,,,,,,,,,,,,,,,,,,,,,,,,,,,,,,,,,,,,,,,,,,,,,,,,,,,,
,,,,,,65-771R3,,,,65-771R3,65-771R3,65-771R3 Nuvo Highbay Light,,,,Satco Prod Inc (5573),Satco Prod Inc,Satco Prod Inc,,65-771R3,,,"Satco Prod Inc, Nuvo Highbay Light, 65-771R3, 65-771R3",NUVO HIGHBAY LIGHT,Satco Prod Inc 65-771R3 Nuvo Highbay Light,"Satco Prod Inc, 65-771R3 Nuvo Highbay Light",Satco Prod Inc 65-771R3 Nuvo Highbay Light,"Satco Prod Inc, 65-771R3 Nuvo Highbay Light",,,,,,,,,,,,,,,,,,,,,,,,,,,,,,,,,,,,,,,,,,,,,,,,,,,,,,,,,,,,,,,,,,,,,,,,,,,,,,,,,,,,,,,,,,,,,,,,,,,,,,,,,,,,,,,,,,,,,,,,,,,,,,,,,,,,,,,,,,,,,,,,,,,,,,,,,,,,,,,,,,,,,,,,,,,,,,,,,,,,,,,,,,,,,,,,,,,,,,,,,,,,,,,,,,,,,,,,,,,,,,,
,,,,,,42955BK,,,,42955BK,42955BK,42955BK Kichler Ceiling Lt,,,,Kichler Lighting (KICLI),Kichler Lighting,Kichler Lighting,,42955BK,,,"Kichler Lighting, Kichler Ceiling Lt, 42955Bk, 42955BK",KICHLER CEILING LT,Kichler Lighting 42955Bk Kichler Ceiling Lt,"Kichler Lighting, 42955BK Kichler Ceiling Lt",Kichler Lighting 42955Bk Kichler Ceiling Lt,"Kichler Lighting, 42955BK Kichler Ceiling Lt",,,,,,,,,,,,,,,,,,,,,,,,,,,,,,,,,,,,,,,,,,,,,,,,,,,,,,,,,,,,,,,,,,,,,,,,,,,,,,,,,,,,,,,,,,,,,,,,,,,,,,,,,,,,,,,,,,,,,,,,,,,,,,,,,,,,,,,,,,,,,,,,,,,,,,,,,,,,,,,,,,,,,,,,,,,,,,,,,,,,,,,,,,,,,,,,,,,,,,,,,,,,,,,,,,,,,,,,,,,,,,,
,,,,,,42275BK,,,,42275BK,42275BK,42275BK Kichler Ceiling Lt,,,,Kichler Lighting (KICLI),Kichler Lighting,Kichler Lighting,,42275BK,,,"Kichler Lighting, Kichler Ceiling Lt, 42275Bk, 42275BK",KICHLER CEILING LT,Kichler Lighting 42275Bk Kichler Ceiling Lt,"Kichler Lighting, 42275BK Kichler Ceiling Lt",Kichler Lighting 42275Bk Kichler Ceiling Lt,"Kichler Lighting, 42275BK Kichler Ceiling Lt",,,,,,,,,,,,,,,,,,,,,,,,,,,,,,,,,,,,,,,,,,,,,,,,,,,,,,,,,,,,,,,,,,,,,,,,,,,,,,,,,,,,,,,,,,,,,,,,,,,,,,,,,,,,,,,,,,,,,,,,,,,,,,,,,,,,,,,,,,,,,,,,,,,,,,,,,,,,,,,,,,,,,,,,,,,,,,,,,,,,,,,,,,,,,,,,,,,,,,,,,,,,,,,,,,,,,,,,,,,,,,,
,,,,,,62-1850,,,,62-1850,62-1850,"62-1850 11"" Led Ceiling Light",,,,Satco Prod Inc (5573),Satco Prod Inc,Satco Prod Inc,,62-1850,,,"Satco Prod Inc, 11"" Led Ceiling Light, 62-1850, 62-1850","11"" LED CEILING LIGHT","Satco Prod Inc 62-1850 11"" Led Ceiling Light","Satco Prod Inc, 62-1850 11"" Led Ceiling Light","Satco Prod Inc 62-1850 11"" Led Ceiling Light","Satco Prod Inc, 62-1850 11"" Led Ceiling Light",,,,,,,,,,,,,,,,,,,,,,,,,,,,,,,,,,,,,,,,,,,,,,,,,,,,,,,,,,,,,,,,,,,,,,,,,,,,,,,,,,,,,,,,,,,,,,,,,,,,,,,,,,,,,,,,,,,,,,,,,,,,,,,,,,,,,,,,,,,,,,,,,,,,,,,,,,,,,,,,,,,,,,,,,,,,,,,,,,,,,,,,,,,,,,,,,,,,,,,,,,,,,,,,,,,,,,,,,,,,,,,
,,,,,,62-1852,,,,62-1852,62-1852,"62-1852 14"" Satco Led Ceiling Lt",,,,Satco Prod Inc (5573),Satco Prod Inc,Satco Prod Inc,,62-1852,,,"Satco Prod Inc, 14"" Satco Led Ceiling Lt, 62-1852, 62-1852","14"" SATCO LED CEILING LT","Satco Prod Inc 62-1852 14"" Satco Led Ceiling Lt","Satco Prod Inc, 62-1852 14"" Satco Led Ceiling Lt","Satco Prod Inc 62-1852 14"" Satco Led Ceiling Lt","Satco Prod Inc, 62-1852 14"" Satco Led Ceiling Lt",,,,,,,,,,,,,,,,,,,,,,,,,,,,,,,,,,,,,,,,,,,,,,,,,,,,,,,,,,,,,,,,,,,,,,,,,,,,,,,,,,,,,,,,,,,,,,,,,,,,,,,,,,,,,,,,,,,,,,,,,,,,,,,,,,,,,,,,,,,,,,,,,,,,,,,,,,,,,,,,,,,,,,,,,,,,,,,,,,,,,,,,,,,,,,,,,,,,,,,,,,,,,,,,,,,,,,,,,,,,,,,
,,,,,,62-1875,,,,62-1875,62-1875,"62-1875 10"" Led Ceiling Lt Bn",,,,Satco Prod Inc (5573),Satco Prod Inc,Satco Prod Inc,,62-1875,,,"Satco Prod Inc, 10"" Led Ceiling Lt Bn, 62-1875, 62-1875","10"" LED CEILING LT BN","Satco Prod Inc 62-1875 10"" Led Ceiling Lt Bn","Satco Prod Inc, 62-1875 10"" Led Ceiling Lt Bn","Satco Prod Inc 62-1875 10"" Led Ceiling Lt Bn","Satco Prod Inc, 62-1875 10"" Led Ceiling Lt Bn",,,,,,,,,,,,,,,,,,,,,,,,,,,,,,,,,,,,,,,,,,,,,,,,,,,,,,,,,,,,,,,,,,,,,,,,,,,,,,,,,,,,,,,,,,,,,,,,,,,,,,,,,,,,,,,,,,,,,,,,,,,,,,,,,,,,,,,,,,,,,,,,,,,,,,,,,,,,,,,,,,,,,,,,,,,,,,,,,,,,,,,,,,,,,,,,,,,,,,,,,,,,,,,,,,,,,,,,,,,,,,,
,,,,,,62-1876,,,,62-1876,62-1876,"62-1876 13"" Satco Ceiling Light BN",,,,Satco Prod Inc (5573),Satco Prod Inc,Satco Prod Inc,,62-1876,,,"Satco Prod Inc, 13"" Satco Ceiling Light Bn, 62-1876, 62-1876","13"" SATCO CEILING LIGHT BN","Satco Prod Inc 62-1876 13"" Satco Ceiling Light Bn","Satco Prod Inc, 62-1876 13"" Satco Ceiling Light BN","Satco Prod Inc 62-1876 13"" Satco Ceiling Light Bn","Satco Prod Inc, 62-1876 13"" Satco Ceiling Light BN",,,,,,,,,,,,,,,,,,,,,,,,,,,,,,,,,,,,,,,,,,,,,,,,,,,,,,,,,,,,,,,,,,,,,,,,,,,,,,,,,,,,,,,,,,,,,,,,,,,,,,,,,,,,,,,,,,,,,,,,,,,,,,,,,,,,,,,,,,,,,,,,,,,,,,,,,,,,,,,,,,,,,,,,,,,,,,,,,,,,,,,,,,,,,,,,,,,,,,,,,,,,,,,,,,,,,,,,,,,,,,,
,,,,,,42296BK,,,,42296BK,42296BK,42296BK Kichler Ceiling Lt,,,,Kichler Lighting (KICLI),Kichler Lighting,Kichler Lighting,,42296BK,,,"Kichler Lighting, Kichler Ceiling Lt, 42296Bk, 42296BK",KICHLER CEILING LT,Kichler Lighting 42296Bk Kichler Ceiling Lt,"Kichler Lighting, 42296BK Kichler Ceiling Lt",Kichler Lighting 42296Bk Kichler Ceiling Lt,"Kichler Lighting, 42296BK Kichler Ceiling Lt",,,,,,,,,,,,,,,,,,,,,,,,,,,,,,,,,,,,,,,,,,,,,,,,,,,,,,,,,,,,,,,,,,,,,,,,,,,,,,,,,,,,,,,,,,,,,,,,,,,,,,,,,,,,,,,,,,,,,,,,,,,,,,,,,,,,,,,,,,,,,,,,,,,,,,,,,,,,,,,,,,,,,,,,,,,,,,,,,,,,,,,,,,,,,,,,,,,,,,,,,,,,,,,,,,,,,,,,,,,,,,,
,,,,,,43913BK,,,,43913BK,43913BK,43913BK Kichler Pendant Lt,,,,Kichler Lighting (KICLI),Kichler Lighting,Kichler Lighting,,43913BK,,,"Kichler Lighting, Kichler Pendant Lt, 43913Bk, 43913BK",KICHLER PENDANT LT,Kichler Lighting 43913Bk Kichler Pendant Lt,"Kichler Lighting, 43913BK Kichler Pendant Lt",Kichler Lighting 43913Bk Kichler Pendant Lt,"Kichler Lighting, 43913BK Kichler Pendant Lt",,,,,,,,,,,,,,,,,,,,,,,,,,,,,,,,,,,,,,,,,,,,,,,,,,,,,,,,,,,,,,,,,,,,,,,,,,,,,,,,,,,,,,,,,,,,,,,,,,,,,,,,,,,,,,,,,,,,,,,,,,,,,,,,,,,,,,,,,,,,,,,,,,,,,,,,,,,,,,,,,,,,,,,,,,,,,,,,,,,,,,,,,,,,,,,,,,,,,,,,,,,,,,,,,,,,,,,,,,,,,,,
,,,,,,HLSMS9129FS1E,,,,HLSMS9129FS1E,HLSMS9129FS1E,"HLSMS9129FS1E 9"" Motion Lt",,,,Cooper Lighting (7638),Cooper Lighting,Cooper Lighting,,HLSMS9129FS1E,,,"Cooper Lighting, 9"" Motion Lt, Hlsms9129Fs1E, HLSMS9129FS1E","9"" MOTION LT","Cooper Lighting Hlsms9129Fs1E 9"" Motion Lt","Cooper Lighting, HLSMS9129FS1E 9"" Motion Lt","Cooper Lighting Hlsms9129Fs1E 9"" Motion Lt","Cooper Lighting, HLSMS9129FS1E 9"" Motion Lt",,,,,,,,,,,,,,,,,,,,,,,,,,,,,,,,,,,,,,,,,,,,,,,,,,,,,,,,,,,,,,,,,,,,,,,,,,,,,,,,,,,,,,,,,,,,,,,,,,,,,,,,,,,,,,,,,,,,,,,,,,,,,,,,,,,,,,,,,,,,,,,,,,,,,,,,,,,,,,,,,,,,,,,,,,,,,,,,,,,,,,,,,,,,,,,,,,,,,,,,,,,,,,,,,,,,,,,,,,,,,,,
,,,,,,64-110,,,,64-110,64-110,64-110 Satco Tape Light 16',,,,Satco Prod Inc (5573),Satco Prod Inc,Satco Prod Inc,,64-110,,,"Satco Prod Inc, Satco Tape Light 16', 64-110, 64-110",SATCO TAPE LIGHT 16',Satco Prod Inc 64-110 Satco Tape Light 16',"Satco Prod Inc, 64-110 Satco Tape Light 16'",Satco Prod Inc 64-110 Satco Tape Light 16',"Satco Prod Inc, 64-110 Satco Tape Light 16'",,,,,,,,,,,,,,,,,,,,,,,,,,,,,,,,,,,,,,,,,,,,,,,,,,,,,,,,,,,,,,,,,,,,,,,,,,,,,,,,,,,,,,,,,,,,,,,,,,,,,,,,,,,,,,,,,,,,,,,,,,,,,,,,,,,,,,,,,,,,,,,,,,,,,,,,,,,,,,,,,,,,,,,,,,,,,,,,,,,,,,,,,,,,,,,,,,,,,,,,,,,,,,,,,,,,,,,,,,,,,,,
,,,,,,603571,,,,603571,603571,603571 3' Strip Light Ext,,,Wiz,Phillips Lighting (5831),Wiz,Wiz,,603571,,,"Wiz, 3' Strip Light Ext, 603571, 603571",3' STRIP LIGHT EXT,Wiz 603571 3' Strip Light Ext,"Wiz, 603571 3' Strip Light Ext",Wiz 603571 3' Strip Light Ext,"Wiz, 603571 3' Strip Light Ext",,,,,,,,,,,,,,,,,,,,,,,,,,,,,,,,,,,,,,,,,,,,,,,,,,,,,,,,,,,,,,,,,,,,,,,,,,,,,,,,,,,,,,,,,,,,,,,,,,,,,,,,,,,,,,,,,,,,,,,,,,,,,,,,,,,,,,,,,,,,,,,,,,,,,,,,,,,,,,,,,,,,,,,,,,,,,,,,,,,,,,,,,,,,,,,,,,,,,,,,,,,,,,,,,,,,,,,,,,,,,,,
,,,,,,65-572R1,,,,65-572R1,65-572R1,65572 Satco 2x4 Led Flat Panel,,,,Satco Prod Inc (5573),Satco Prod Inc,Satco Prod Inc,,65-572R1,,,"Satco Prod Inc, 65572 Satco 2X4 Led Flat Panel, 65-572R1, 65",65572 SATCO 2X4 LED FLAT PANEL,Satco Prod Inc 65-572R1 65572 Satco 2X4 Led Flat Panel,"Satco Prod Inc, 65572 Satco 2x4 Led Flat Panel, Part Number: 65-572R1",Satco Prod Inc 65-572R1 65572 Satco 2X4 Led Flat Panel,"Satco Prod Inc, 65572 Satco 2x4 Led Flat Panel, Part Number: 65-572R1",,,,,,,,,,,,,,,,,,,,,,,,,,,,,,,,,,,,,,,,,,,,,,,,,,,,,,,,,,,,,,,,,,,,,,,,,,,,,,,,,,,,,,,,,,,,,,,,,,,,,,,,,,,,,,,,,,,,,,,,,,,,,,,,,,,,,,,,,,,,,,,,,,,,,,,,,,,,,,,,,,,,,,,,,,,,,,,,,,,,,,,,,,,,,,,,,,,,,,,,,,,,,,,,,,,,,,,,,,,,,,,
,,,,,,52476AVI,,,,52476AVI,52476AVI,52476AVI Kichler Pendant Lt,,,,Kichler Lighting (KICLI),Kichler Lighting,Kichler Lighting,,52476AVI,,,"Kichler Lighting, Kichler Pendant Lt, 52476Avi, 52476AVI",KICHLER PENDANT LT,Kichler Lighting 52476Avi Kichler Pendant Lt,"Kichler Lighting, 52476AVI Kichler Pendant Lt",Kichler Lighting 52476Avi Kichler Pendant Lt,"Kichler Lighting, 52476AVI Kichler Pendant Lt",,,,,,,,,,,,,,,,,,,,,,,,,,,,,,,,,,,,,,,,,,,,,,,,,,,,,,,,,,,,,,,,,,,,,,,,,,,,,,,,,,,,,,,,,,,,,,,,,,,,,,,,,,,,,,,,,,,,,,,,,,,,,,,,,,,,,,,,,,,,,,,,,,,,,,,,,,,,,,,,,,,,,,,,,,,,,,,,,,,,,,,,,,,,,,,,,,,,,,,,,,,,,,,,,,,,,,,,,,,,,,,
,,,,,,42199BK,,,,42199BK,42199BK,42199BK Kichler Pendant Lt,,,,Kichler Lighting (KICLI),Kichler Lighting,Kichler Lighting,,42199BK,,,"Kichler Lighting, Kichler Pendant Lt, 42199Bk, 42199BK",KICHLER PENDANT LT,Kichler Lighting 42199Bk Kichler Pendant Lt,"Kichler Lighting, 42199BK Kichler Pendant Lt",Kichler Lighting 42199Bk Kichler Pendant Lt,"Kichler Lighting, 42199BK Kichler Pendant Lt",,,,,,,,,,,,,,,,,,,,,,,,,,,,,,,,,,,,,,,,,,,,,,,,,,,,,,,,,,,,,,,,,,,,,,,,,,,,,,,,,,,,,,,,,,,,,,,,,,,,,,,,,,,,,,,,,,,,,,,,,,,,,,,,,,,,,,,,,,,,,,,,,,,,,,,,,,,,,,,,,,,,,,,,,,,,,,,,,,,,,,,,,,,,,,,,,,,,,,,,,,,,,,,,,,,,,,,,,,,,,,,
,,,,,,42199BKCS,,,,42199BKCS,42199BKCS,42199BKCS Kichler Pendant Lt,,,,Kichler Lighting (KICLI),Kichler Lighting,Kichler Lighting,,42199BKCS,,,"Kichler Lighting, Kichler Pendant Lt, 42199Bkcs, 42199BKCS",KICHLER PENDANT LT,Kichler Lighting 42199Bkcs Kichler Pendant Lt,"Kichler Lighting, 42199BKCS Kichler Pendant Lt",Kichler Lighting 42199Bkcs Kichler Pendant Lt,"Kichler Lighting, 42199BKCS Kichler Pendant Lt",,,,,,,,,,,,,,,,,,,,,,,,,,,,,,,,,,,,,,,,,,,,,,,,,,,,,,,,,,,,,,,,,,,,,,,,,,,,,,,,,,,,,,,,,,,,,,,,,,,,,,,,,,,,,,,,,,,,,,,,,,,,,,,,,,,,,,,,,,,,,,,,,,,,,,,,,,,,,,,,,,,,,,,,,,,,,,,,,,,,,,,,,,,,,,,,,,,,,,,,,,,,,,,,,,,,,,,,,,,,,,,
,,,,,,42200BK,,,,42200BK,42200BK,42200BK Kichler Pendant Lt,,,,Kichler Lighting (KICLI),Kichler Lighting,Kichler Lighting,,42200BK,,,"Kichler Lighting, Kichler Pendant Lt, 42200Bk, 42200BK",KICHLER PENDANT LT,Kichler Lighting 42200Bk Kichler Pendant Lt,"Kichler Lighting, 42200BK Kichler Pendant Lt",Kichler Lighting 42200Bk Kichler Pendant Lt,"Kichler Lighting, 42200BK Kichler Pendant Lt",,,,,,,,,,,,,,,,,,,,,,,,,,,,,,,,,,,,,,,,,,,,,,,,,,,,,,,,,,,,,,,,,,,,,,,,,,,,,,,,,,,,,,,,,,,,,,,,,,,,,,,,,,,,,,,,,,,,,,,,,,,,,,,,,,,,,,,,,,,,,,,,,,,,,,,,,,,,,,,,,,,,,,,,,,,,,,,,,,,,,,,,,,,,,,,,,,,,,,,,,,,,,,,,,,,,,,,,,,,,,,,
,,,,,,42200BKCS,,,,42200BKCS,42200BKCS,42200BKCS Kichler Pendant Lt,,,,Kichler Lighting (KICLI),Kichler Lighting,Kichler Lighting,,42200BKCS,,,"Kichler Lighting, Kichler Pendant Lt, 42200Bkcs, 42200BKCS",KICHLER PENDANT LT,Kichler Lighting 42200Bkcs Kichler Pendant Lt,"Kichler Lighting, 42200BKCS Kichler Pendant Lt",Kichler Lighting 42200Bkcs Kichler Pendant Lt,"Kichler Lighting, 42200BKCS Kichler Pendant Lt",,,,,,,,,,,,,,,,,,,,,,,,,,,,,,,,,,,,,,,,,,,,,,,,,,,,,,,,,,,,,,,,,,,,,,,,,,,,,,,,,,,,,,,,,,,,,,,,,,,,,,,,,,,,,,,,,,,,,,,,,,,,,,,,,,,,,,,,,,,,,,,,,,,,,,,,,,,,,,,,,,,,,,,,,,,,,,,,,,,,,,,,,,,,,,,,,,,,,,,,,,,,,,,,,,,,,,,,,,,,,,,
,,,,,,43851BK,,,,43851BK,43851BK,43851BK Kichler Pendant Lt,,,,Kichler Lighting (KICLI),Kichler Lighting,Kichler Lighting,,43851BK,,,"Kichler Lighting, Kichler Pendant Lt, 43851Bk, 43851BK",KICHLER PENDANT LT,Kichler Lighting 43851Bk Kichler Pendant Lt,"Kichler Lighting, 43851BK Kichler Pendant Lt",Kichler Lighting 43851Bk Kichler Pendant Lt,"Kichler Lighting, 43851BK Kichler Pendant Lt",,,,,,,,,,,,,,,,,,,,,,,,,,,,,,,,,,,,,,,,,,,,,,,,,,,,,,,,,,,,,,,,,,,,,,,,,,,,,,,,,,,,,,,,,,,,,,,,,,,,,,,,,,,,,,,,,,,,,,,,,,,,,,,,,,,,,,,,,,,,,,,,,,,,,,,,,,,,,,,,,,,,,,,,,,,,,,,,,,,,,,,,,,,,,,,,,,,,,,,,,,,,,,,,,,,,,,,,,,,,,,,
,,,,,,43852BK,,,,43852BK,43852BK,43852BK Kichler Pendant Lt,,,,Kichler Lighting (KICLI),Kichler Lighting,Kichler Lighting,,43852BK,,,"Kichler Lighting, Kichler Pendant Lt, 43852Bk, 43852BK",KICHLER PENDANT LT,Kichler Lighting 43852Bk Kichler Pendant Lt,"Kichler Lighting, 43852BK Kichler Pendant Lt",Kichler Lighting 43852Bk Kichler Pendant Lt,"Kichler Lighting, 43852BK Kichler Pendant Lt",,,,,,,,,,,,,,,,,,,,,,,,,,,,,,,,,,,,,,,,,,,,,,,,,,,,,,,,,,,,,,,,,,,,,,,,,,,,,,,,,,,,,,,,,,,,,,,,,,,,,,,,,,,,,,,,,,,,,,,,,,,,,,,,,,,,,,,,,,,,,,,,,,,,,,,,,,,,,,,,,,,,,,,,,,,,,,,,,,,,,,,,,,,,,,,,,,,,,,,,,,,,,,,,,,,,,,,,,,,,,,,
,,,,,,43853BK,,,,43853BK,43853BK,43853BK Kichler Pendant Lt,,,,Kichler Lighting (KICLI),Kichler Lighting,Kichler Lighting,,43853BK,,,"Kichler Lighting, Kichler Pendant Lt, 43853Bk, 43853BK",KICHLER PENDANT LT,Kichler Lighting 43853Bk Kichler Pendant Lt,"Kichler Lighting, 43853BK Kichler Pendant Lt",Kichler Lighting 43853Bk Kichler Pendant Lt,"Kichler Lighting, 43853BK Kichler Pendant Lt",,,,,,,,,,,,,,,,,,,,,,,,,,,,,,,,,,,,,,,,,,,,,,,,,,,,,,,,,,,,,,,,,,,,,,,,,,,,,,,,,,,,,,,,,,,,,,,,,,,,,,,,,,,,,,,,,,,,,,,,,,,,,,,,,,,,,,,,,,,,,,,,,,,,,,,,,,,,,,,,,,,,,,,,,,,,,,,,,,,,,,,,,,,,,,,,,,,,,,,,,,,,,,,,,,,,,,,,,,,,,,,
,,,,,,43905BK,,,,43905BK,43905BK,43905BK Kichler Pendant Lt,,,,Kichler Lighting (KICLI),Kichler Lighting,Kichler Lighting,,43905BK,,,"Kichler Lighting, Kichler Pendant Lt, 43905Bk, 43905BK",KICHLER PENDANT LT,Kichler Lighting 43905Bk Kichler Pendant Lt,"Kichler Lighting, 43905BK Kichler Pendant Lt",Kichler Lighting 43905Bk Kichler Pendant Lt,"Kichler Lighting, 43905BK Kichler Pendant Lt",,,,,,,,,,,,,,,,,,,,,,,,,,,,,,,,,,,,,,,,,,,,,,,,,,,,,,,,,,,,,,,,,,,,,,,,,,,,,,,,,,,,,,,,,,,,,,,,,,,,,,,,,,,,,,,,,,,,,,,,,,,,,,,,,,,,,,,,,,,,,,,,,,,,,,,,,,,,,,,,,,,,,,,,,,,,,,,,,,,,,,,,,,,,,,,,,,,,,,,,,,,,,,,,,,,,,,,,,,,,,,,
,,,,,,43911BK,,,,43911BK,43911BK,43911BK Kichler Pendant Lt,,,,Kichler Lighting (KICLI),Kichler Lighting,Kichler Lighting,,43911BK,,,"Kichler Lighting, Kichler Pendant Lt, 43911Bk, 43911BK",KICHLER PENDANT LT,Kichler Lighting 43911Bk Kichler Pendant Lt,"Kichler Lighting, 43911BK Kichler Pendant Lt",Kichler Lighting 43911Bk Kichler Pendant Lt,"Kichler Lighting, 43911BK Kichler Pendant Lt",,,,,,,,,,,,,,,,,,,,,,,,,,,,,,,,,,,,,,,,,,,,,,,,,,,,,,,,,,,,,,,,,,,,,,,,,,,,,,,,,,,,,,,,,,,,,,,,,,,,,,,,,,,,,,,,,,,,,,,,,,,,,,,,,,,,,,,,,,,,,,,,,,,,,,,,,,,,,,,,,,,,,,,,,,,,,,,,,,,,,,,,,,,,,,,,,,,,,,,,,,,,,,,,,,,,,,,,,,,,,,,
,,,,,,52529BK,,,,52529BK,52529BK,52529BK Kichler Pendant Light,,,,Kichler Lighting (KICLI),Kichler Lighting,Kichler Lighting,,52529BK,,,"Kichler Lighting, Kichler Pendant Light, 52529Bk, 52529BK",KICHLER PENDANT LIGHT,Kichler Lighting 52529Bk Kichler Pendant Light,"Kichler Lighting, 52529BK Kichler Pendant Light",Kichler Lighting 52529Bk Kichler Pendant Light,"Kichler Lighting, 52529BK Kichler Pendant Light",,,,,,,,,,,,,,,,,,,,,,,,,,,,,,,,,,,,,,,,,,,,,,,,,,,,,,,,,,,,,,,,,,,,,,,,,,,,,,,,,,,,,,,,,,,,,,,,,,,,,,,,,,,,,,,,,,,,,,,,,,,,,,,,,,,,,,,,,,,,,,,,,,,,,,,,,,,,,,,,,,,,,,,,,,,,,,,,,,,,,,,,,,,,,,,,,,,,,,,,,,,,,,,,,,,,,,,,,,,,,,,
,,,,,,52662BKCLR,,,,52662BKCLR,52662BKCLR,52662BKCLR Kichler Pendant Lt,,,,Kichler Lighting (KICLI),Kichler Lighting,Kichler Lighting,,52662BKCLR,,,"Kichler Lighting, Kichler Pendant Lt, 52662Bkclr, 52662BKCLR",KICHLER PENDANT LT,Kichler Lighting 52662Bkclr Kichler Pendant Lt,"Kichler Lighting, 52662BKCLR Kichler Pendant Lt",Kichler Lighting 52662Bkclr Kichler Pendant Lt,"Kichler Lighting, 52662BKCLR Kichler Pendant Lt",,,,,,,,,,,,,,,,,,,,,,,,,,,,,,,,,,,,,,,,,,,,,,,,,,,,,,,,,,,,,,,,,,,,,,,,,,,,,,,,,,,,,,,,,,,,,,,,,,,,,,,,,,,,,,,,,,,,,,,,,,,,,,,,,,,,,,,,,,,,,,,,,,,,,,,,,,,,,,,,,,,,,,,,,,,,,,,,,,,,,,,,,,,,,,,,,,,,,,,,,,,,,,,,,,,,,,,,,,,,,,,
,,,,,,52734CPZ,,,,52734CPZ,52734CPZ,52734CPZ Kichler Pendant Light,,,,Kichler Lighting (KICLI),Kichler Lighting,Kichler Lighting,,52734CPZ,,,"Kichler Lighting, Kichler Pendant Light, 52734Cpz, 52734CPZ",KICHLER PENDANT LIGHT,Kichler Lighting 52734Cpz Kichler Pendant Light,"Kichler Lighting, 52734CPZ Kichler Pendant Light",Kichler Lighting 52734Cpz Kichler Pendant Light,"Kichler Lighting, 52734CPZ Kichler Pendant Light",,,,,,,,,,,,,,,,,,,,,,,,,,,,,,,,,,,,,,,,,,,,,,,,,,,,,,,,,,,,,,,,,,,,,,,,,,,,,,,,,,,,,,,,,,,,,,,,,,,,,,,,,,,,,,,,,,,,,,,,,,,,,,,,,,,,,,,,,,,,,,,,,,,,,,,,,,,,,,,,,,,,,,,,,,,,,,,,,,,,,,,,,,,,,,,,,,,,,,,,,,,,,,,,,,,,,,,,,,,,,,,
,,,,,,82400,,,,82400,82400,82400 Kichler Pendant Lt,,,,Kichler Lighting (KICLI),Kichler Lighting,Kichler Lighting,,82400,,,"Kichler Lighting, Kichler Pendant Lt, 82400, 82400",KICHLER PENDANT LT,Kichler Lighting 82400 Kichler Pendant Lt,"Kichler Lighting, 82400 Kichler Pendant Lt",Kichler Lighting 82400 Kichler Pendant Lt,"Kichler Lighting, 82400 Kichler Pendant Lt",,,,,,,,,,,,,,,,,,,,,,,,,,,,,,,,,,,,,,,,,,,,,,,,,,,,,,,,,,,,,,,,,,,,,,,,,,,,,,,,,,,,,,,,,,,,,,,,,,,,,,,,,,,,,,,,,,,,,,,,,,,,,,,,,,,,,,,,,,,,,,,,,,,,,,,,,,,,,,,,,,,,,,,,,,,,,,,,,,,,,,,,,,,,,,,,,,,,,,,,,,,,,,,,,,,,,,,,,,,,,,,
,,,,,,S11606,,,,S11606,S11606,"S11606 8"" Round Down Lt 30K",,,,Satco Prod Inc (5573),Satco Prod Inc,Satco Prod Inc,,S11606,,,"Satco Prod Inc, 8"" Round Down Lt 30K, S11606, S11606","8"" ROUND DOWN LT 30K","Satco Prod Inc S11606 8"" Round Down Lt 30K","Satco Prod Inc, S11606 8"" Round Down Lt 30K","Satco Prod Inc S11606 8"" Round Down Lt 30K","Satco Prod Inc, S11606 8"" Round Down Lt 30K",,,,,,,,,,,,,,,,,,,,,,,,,,,,,,,,,,,,,,,,,,,,,,,,,,,,,,,,,,,,,,,,,,,,,,,,,,,,,,,,,,,,,,,,,,,,,,,,,,,,,,,,,,,,,,,,,,,,,,,,,,,,,,,,,,,,,,,,,,,,,,,,,,,,,,,,,,,,,,,,,,,,,,,,,,,,,,,,,,,,,,,,,,,,,,,,,,,,,,,,,,,,,,,,,,,,,,,,,,,,,,,
,,,,,,S11828,,,,S11828,S11828,"S11828 8"" Led Down Light",,,,Satco Prod Inc (5573),Satco Prod Inc,Satco Prod Inc,,S11828,,,"Satco Prod Inc, 8"" Led Down Light, S11828, S11828","8"" LED DOWN LIGHT","Satco Prod Inc S11828 8"" Led Down Light","Satco Prod Inc, S11828 8"" Led Down Light","Satco Prod Inc S11828 8"" Led Down Light","Satco Prod Inc, S11828 8"" Led Down Light",,,,,,,,,,,,,,,,,,,,,,,,,,,,,,,,,,,,,,,,,,,,,,,,,,,,,,,,,,,,,,,,,,,,,,,,,,,,,,,,,,,,,,,,,,,,,,,,,,,,,,,,,,,,,,,,,,,,,,,,,,,,,,,,,,,,,,,,,,,,,,,,,,,,,,,,,,,,,,,,,,,,,,,,,,,,,,,,,,,,,,,,,,,,,,,,,,,,,,,,,,,,,,,,,,,,,,,,,,,,,,,
,,,,,,801274,,,,801274,801274,"801274 10w LED 6"" Retro 50k",,,Philips,Phillips Lighting (5831),Philips,Philips,,801274,,,"Philips, 10W Led 6"" Retro 50K, 801274, 801274","10W LED 6"" RETRO 50K","Philips 801274 10W Led 6"" Retro 50K","Philips, 801274 10w LED 6"" Retro 50k","Philips 801274 10W Led 6"" Retro 50K","Philips, 801274 10w LED 6"" Retro 50k",,,,,,,,,,,,,,,,,,,,,,,,,,,,,,,,,,,,,,,,,,,,,,,,,,,,,,,,,,,,,,,,,,,,,,,,,,,,,,,,,,,,,,,,,,,,,,,,,,,,,,,,,,,,,,,,,,,,,,,,,,,,,,,,,,,,,,,,,,,,,,,,,,,,,,,,,,,,,,,,,,,,,,,,,,,,,,,,,,,,,,,,,,,,,,,,,,,,,,,,,,,,,,,,,,,,,,,,,,,,,,,
,,,,,,S11860,,,,S11860,S11860,"S11860 6"" Downlight White 5 CCT",,,,Satco Prod Inc (5573),Satco Prod Inc,Satco Prod Inc,,S11860,,,"Satco Prod Inc, 6"" Downlight White 5 Cct, S11860, S11860","6"" DOWNLIGHT WHITE 5 CCT","Satco Prod Inc S11860 6"" Downlight White 5 Cct","Satco Prod Inc, S11860 6"" Downlight White 5 CCT","Satco Prod Inc S11860 6"" Downlight White 5 Cct","Satco Prod Inc, S11860 6"" Downlight White 5 CCT",,,,,,,,,,,,,,,,,,,,,,,,,,,,,,,,,,,,,,,,,,,,,,,,,,,,,,,,,,,,,,,,,,,,,,,,,,,,,,,,,,,,,,,,,,,,,,,,,,,,,,,,,,,,,,,,,,,,,,,,,,,,,,,,,,,,,,,,,,,,,,,,,,,,,,,,,,,,,,,,,,,,,,,,,,,,,,,,,,,,,,,,,,,,,,,,,,,,,,,,,,,,,,,,,,,,,,,,,,,,,,,
,,,,,,S11562,,,,S11562,S11562,"S11562 Starfish 6"" D/W Downlight",,,,Satco Prod Inc (5573),Satco Prod Inc,Satco Prod Inc,,S11562,,,"Satco Prod Inc, Starfish 6"" D/W Downlight, S11562, S11562","STARFISH 6"" D/W DOWNLIGHT","Satco Prod Inc S11562 Starfish 6"" D/W Downlight","Satco Prod Inc, S11562 Starfish 6"" D/W Downlight","Satco Prod Inc S11562 Starfish 6"" D/W Downlight","Satco Prod Inc, S11562 Starfish 6"" D/W Downlight",,,,,,,,,,,,,,,,,,,,,,,,,,,,,,,,,,,,,,,,,,,,,,,,,,,,,,,,,,,,,,,,,,,,,,,,,,,,,,,,,,,,,,,,,,,,,,,,,,,,,,,,,,,,,,,,,,,,,,,,,,,,,,,,,,,,,,,,,,,,,,,,,,,,,,,,,,,,,,,,,,,,,,,,,,,,,,,,,,,,,,,,,,,,,,,,,,,,,,,,,,,,,,,,,,,,,,,,,,,,,,,
,,,,,,S11646,,,,S11646,S11646,"S11646 6"" Downlight Wh",,,,Satco Prod Inc (5573),Satco Prod Inc,Satco Prod Inc,,S11646,,,"Satco Prod Inc, 6"" Downlight Wh, S11646, S11646","6"" DOWNLIGHT WH","Satco Prod Inc S11646 6"" Downlight Wh","Satco Prod Inc, S11646 6"" Downlight Wh","Satco Prod Inc S11646 6"" Downlight Wh","Satco Prod Inc, S11646 6"" Downlight Wh",,,,,,,,,,,,,,,,,,,,,,,,,,,,,,,,,,,,,,,,,,,,,,,,,,,,,,,,,,,,,,,,,,,,,,,,,,,,,,,,,,,,,,,,,,,,,,,,,,,,,,,,,,,,,,,,,,,,,,,,,,,,,,,,,,,,,,,,,,,,,,,,,,,,,,,,,,,,,,,,,,,,,,,,,,,,,,,,,,,,,,,,,,,,,,,,,,,,,,,,,,,,,,,,,,,,,,,,,,,,,,,
,,,,,,S11801R1,,,,S11801R1,S11801R1,"S11801R1 6"" Led Downlight Wh",,,,Satco Prod Inc (5573),Satco Prod Inc,Satco Prod Inc,,S11801R1,,,"Satco Prod Inc, 6"" Led Downlight Wh, S11801R1, S11801R1","6"" LED DOWNLIGHT WH","Satco Prod Inc S11801R1 6"" Led Downlight Wh","Satco Prod Inc, S11801R1 6"" Led Downlight Wh","Satco Prod Inc S11801R1 6"" Led Downlight Wh","Satco Prod Inc, S11801R1 6"" Led Downlight Wh",,,,,,,,,,,,,,,,,,,,,,,,,,,,,,,,,,,,,,,,,,,,,,,,,,,,,,,,,,,,,,,,,,,,,,,,,,,,,,,,,,,,,,,,,,,,,,,,,,,,,,,,,,,,,,,,,,,,,,,,,,,,,,,,,,,,,,,,,,,,,,,,,,,,,,,,,,,,,,,,,,,,,,,,,,,,,,,,,,,,,,,,,,,,,,,,,,,,,,,,,,,,,,,,,,,,,,,,,,,,,,,
,,,,,,S11848,,,,S11848,S11848,"S11848 10"" Down Light Wh",,,,Satco Prod Inc (5573),Satco Prod Inc,Satco Prod Inc,,S11848,,,"Satco Prod Inc, 10"" Down Light Wh, S11848, S11848","10"" DOWN LIGHT WH","Satco Prod Inc S11848 10"" Down Light Wh","Satco Prod Inc, S11848 10"" Down Light Wh","Satco Prod Inc S11848 10"" Down Light Wh","Satco Prod Inc, S11848 10"" Down Light Wh",,,,,,,,,,,,,,,,,,,,,,,,,,,,,,,,,,,,,,,,,,,,,,,,,,,,,,,,,,,,,,,,,,,,,,,,,,,,,,,,,,,,,,,,,,,,,,,,,,,,,,,,,,,,,,,,,,,,,,,,,,,,,,,,,,,,,,,,,,,,,,,,,,,,,,,,,,,,,,,,,,,,,,,,,,,,,,,,,,,,,,,,,,,,,,,,,,,,,,,,,,,,,,,,,,,,,,,,,,,,,,,
,,,,,,S11849,,,,S11849,S11849,"S11849 12"" Down Light Wh",,,,Satco Prod Inc (5573),Satco Prod Inc,Satco Prod Inc,,S11849,,,"Satco Prod Inc, 12"" Down Light Wh, S11849, S11849","12"" DOWN LIGHT WH","Satco Prod Inc S11849 12"" Down Light Wh","Satco Prod Inc, S11849 12"" Down Light Wh","Satco Prod Inc S11849 12"" Down Light Wh","Satco Prod Inc, S11849 12"" Down Light Wh",,,,,,,,,,,,,,,,,,,,,,,,,,,,,,,,,,,,,,,,,,,,,,,,,,,,,,,,,,,,,,,,,,,,,,,,,,,,,,,,,,,,,,,,,,,,,,,,,,,,,,,,,,,,,,,,,,,,,,,,,,,,,,,,,,,,,,,,,,,,,,,,,,,,,,,,,,,,,,,,,,,,,,,,,,,,,,,,,,,,,,,,,,,,,,,,,,,,,,,,,,,,,,,,,,,,,,,,,,,,,,,
,,,,,,HLBSL609FS5,,,,HLBSL609FS5,HLBSL609FS5,"HLBSL609FS5 6"" Down Light",,,,Cooper Lighting (7638),Cooper Lighting,Cooper Lighting,,HLBSL609FS5,,,"Cooper Lighting, 6"" Down Light, Hlbsl609Fs5, HLBSL609FS5","6"" DOWN LIGHT","Cooper Lighting Hlbsl609Fs5 6"" Down Light","Cooper Lighting, HLBSL609FS5 6"" Down Light","Cooper Lighting Hlbsl609Fs5 6"" Down Light","Cooper Lighting, HLBSL609FS5 6"" Down Light",,,,,,,,,,,,,,,,,,,,,,,,,,,,,,,,,,,,,,,,,,,,,,,,,,,,,,,,,,,,,,,,,,,,,,,,,,,,,,,,,,,,,,,,,,,,,,,,,,,,,,,,,,,,,,,,,,,,,,,,,,,,,,,,,,,,,,,,,,,,,,,,,,,,,,,,,,,,,,,,,,,,,,,,,,,,,,,,,,,,,,,,,,,,,,,,,,,,,,,,,,,,,,,,,,,,,,,,,,,,,,,
,,,,,,WF4REGSWW590CRIMW,,,,WF4REGSWW590CRIMW,WF4REGSWW590CRIMW,"WF4REGSWW590CRIMW 4"" Down Light",,,,Lithonia Lighting (2776),Lithonia Lighting,Lithonia Lighting,,WF4REGSWW590CRIMW,,,"Lithonia Lighting, 4"" Down Light, Wf4Regsww590Crimw, WF4REGS","4"" DOWN LIGHT","Lithonia Lighting Wf4Regsww590Crimw 4"" Down Light","Lithonia Lighting, WF4REGSWW590CRIMW 4"" Down Light","Lithonia Lighting Wf4Regsww590Crimw 4"" Down Light","Lithonia Lighting, WF4REGSWW590CRIMW 4"" Down Light",,,,,,,,,,,,,,,,,,,,,,,,,,,,,,,,,,,,,,,,,,,,,,,,,,,,,,,,,,,,,,,,,,,,,,,,,,,,,,,,,,,,,,,,,,,,,,,,,,,,,,,,,,,,,,,,,,,,,,,,,,,,,,,,,,,,,,,,,,,,,,,,,,,,,,,,,,,,,,,,,,,,,,,,,,,,,,,,,,,,,,,,,,,,,,,,,,,,,,,,,,,,,,,,,,,,,,,,,,,,,,,
,,,,,,43849WH5CCT,,,,43849WH5CCT,43849WH5CCT,43849WH5CCT Kichler Ceiling Lt,,,,Kichler Lighting (KICLI),Kichler Lighting,Kichler Lighting,,43849WH5CCT,,,"Kichler Lighting, Kichler Ceiling Lt, 43849Wh5Cct, 43849WH5C",KICHLER CEILING LT,Kichler Lighting 43849Wh5Cct Kichler Ceiling Lt,"Kichler Lighting, 43849WH5CCT Kichler Ceiling Lt",Kichler Lighting 43849Wh5Cct Kichler Ceiling Lt,"Kichler Lighting, 43849WH5CCT Kichler Ceiling Lt",,,,,,,,,,,,,,,,,,,,,,,,,,,,,,,,,,,,,,,,,,,,,,,,,,,,,,,,,,,,,,,,,,,,,,,,,,,,,,,,,,,,,,,,,,,,,,,,,,,,,,,,,,,,,,,,,,,,,,,,,,,,,,,,,,,,,,,,,,,,,,,,,,,,,,,,,,,,,,,,,,,,,,,,,,,,,,,,,,,,,,,,,,,,,,,,,,,,,,,,,,,,,,,,,,,,,,,,,,,,,,,
,,,,,,62-1777,,,,62-1777,62-1777,"62-1777 15"" Ceiling Lt Wh",,,,Satco Prod Inc (5573),Satco Prod Inc,Satco Prod Inc,,62-1777,,,"Satco Prod Inc, 15"" Ceiling Lt Wh, 62-1777, 62-1777","15"" CEILING LT WH","Satco Prod Inc 62-1777 15"" Ceiling Lt Wh","Satco Prod Inc, 62-1777 15"" Ceiling Lt Wh","Satco Prod Inc 62-1777 15"" Ceiling Lt Wh","Satco Prod Inc, 62-1777 15"" Ceiling Lt Wh",,,,,,,,,,,,,,,,,,,,,,,,,,,,,,,,,,,,,,,,,,,,,,,,,,,,,,,,,,,,,,,,,,,,,,,,,,,,,,,,,,,,,,,,,,,,,,,,,,,,,,,,,,,,,,,,,,,,,,,,,,,,,,,,,,,,,,,,,,,,,,,,,,,,,,,,,,,,,,,,,,,,,,,,,,,,,,,,,,,,,,,,,,,,,,,,,,,,,,,,,,,,,,,,,,,,,,,,,,,,,,,
,,,,,,62-1778,,,,62-1778,62-1778,"62-1778 19"" Ceiling Lt Wh",,,,Satco Prod Inc (5573),Satco Prod Inc,Satco Prod Inc,,62-1778,,,"Satco Prod Inc, 19"" Ceiling Lt Wh, 62-1778, 62-1778","19"" CEILING LT WH","Satco Prod Inc 62-1778 19"" Ceiling Lt Wh","Satco Prod Inc, 62-1778 19"" Ceiling Lt Wh","Satco Prod Inc 62-1778 19"" Ceiling Lt Wh","Satco Prod Inc, 62-1778 19"" Ceiling Lt Wh",,,,,,,,,,,,,,,,,,,,,,,,,,,,,,,,,,,,,,,,,,,,,,,,,,,,,,,,,,,,,,,,,,,,,,,,,,,,,,,,,,,,,,,,,,,,,,,,,,,,,,,,,,,,,,,,,,,,,,,,,,,,,,,,,,,,,,,,,,,,,,,,,,,,,,,,,,,,,,,,,,,,,,,,,,,,,,,,,,,,,,,,,,,,,,,,,,,,,,,,,,,,,,,,,,,,,,,,,,,,,,,
,,,,,,62-1784,,,,62-1784,62-1784,62-1784 24x24 Led Ceiling Lt,,,,Satco Prod Inc (5573),Satco Prod Inc,Satco Prod Inc,,62-1784,,,"Satco Prod Inc, 24X24 Led Ceiling Lt, 62-1784, 62-1784",24X24 LED CEILING LT,Satco Prod Inc 62-1784 24X24 Led Ceiling Lt,"Satco Prod Inc, 62-1784 24x24 Led Ceiling Lt",Satco Prod Inc 62-1784 24X24 Led Ceiling Lt,"Satco Prod Inc, 62-1784 24x24 Led Ceiling Lt",,,,,,,,,,,,,,,,,,,,,,,,,,,,,,,,,,,,,,,,,,,,,,,,,,,,,,,,,,,,,,,,,,,,,,,,,,,,,,,,,,,,,,,,,,,,,,,,,,,,,,,,,,,,,,,,,,,,,,,,,,,,,,,,,,,,,,,,,,,,,,,,,,,,,,,,,,,,,,,,,,,,,,,,,,,,,,,,,,,,,,,,,,,,,,,,,,,,,,,,,,,,,,,,,,,,,,,,,,,,,,,
,,,,,,62-1787,,,,62-1787,62-1787,"62-1787 15"" Ceiling Lt Bk",,,,Satco Prod Inc (5573),Satco Prod Inc,Satco Prod Inc,,62-1787,,,"Satco Prod Inc, 15"" Ceiling Lt Bk, 62-1787, 62-1787","15"" CEILING LT BK","Satco Prod Inc 62-1787 15"" Ceiling Lt Bk","Satco Prod Inc, 62-1787 15"" Ceiling Lt Bk","Satco Prod Inc 62-1787 15"" Ceiling Lt Bk","Satco Prod Inc, 62-1787 15"" Ceiling Lt Bk",,,,,,,,,,,,,,,,,,,,,,,,,,,,,,,,,,,,,,,,,,,,,,,,,,,,,,,,,,,,,,,,,,,,,,,,,,,,,,,,,,,,,,,,,,,,,,,,,,,,,,,,,,,,,,,,,,,,,,,,,,,,,,,,,,,,,,,,,,,,,,,,,,,,,,,,,,,,,,,,,,,,,,,,,,,,,,,,,,,,,,,,,,,,,,,,,,,,,,,,,,,,,,,,,,,,,,,,,,,,,,,
,,,,,,62-1788,,,,62-1788,62-1788,"62-1788 19"" Ceiling Lt Bk",,,,Satco Prod Inc (5573),Satco Prod Inc,Satco Prod Inc,,62-1788,,,"Satco Prod Inc, 19"" Ceiling Lt Bk, 62-1788, 62-1788","19"" CEILING LT BK","Satco Prod Inc 62-1788 19"" Ceiling Lt Bk","Satco Prod Inc, 62-1788 19"" Ceiling Lt Bk","Satco Prod Inc 62-1788 19"" Ceiling Lt Bk","Satco Prod Inc, 62-1788 19"" Ceiling Lt Bk",,,,,,,,,,,,,,,,,,,,,,,,,,,,,,,,,,,,,,,,,,,,,,,,,,,,,,,,,,,,,,,,,,,,,,,,,,,,,,,,,,,,,,,,,,,,,,,,,,,,,,,,,,,,,,,,,,,,,,,,,,,,,,,,,,,,,,,,,,,,,,,,,,,,,,,,,,,,,,,,,,,,,,,,,,,,,,,,,,,,,,,,,,,,,,,,,,,,,,,,,,,,,,,,,,,,,,,,,,,,,,,
,,,,,,SHOP/4X2/840/V1,,,,SHOP/4X2/840/V1,SHOP/4X2/840/V1,4' Feit Shop Light 4500L 40k,,,Feit Electric,Feit Electric (3468),Feit Electric,Feit Electric,,SHOP/4X2/840/V1,,,"Feit Electric, 4' Feit Shop Light 4500L 40K, Shop/4X2/840/V1",4' FEIT SHOP LIGHT 4500L 40K,Feit Electric Shop/4X2/840/V1 4' Feit Shop Light 4500L 40K,"Feit Electric, 4' Feit Shop Light 4500L 40k, Part Number: SHOP/4X2/840/V1",Feit Electric Shop/4X2/840/V1 4' Feit Shop Light 4500L 40K,"Feit Electric, 4' Feit Shop Light 4500L 40k, Part Number: SHOP/4X2/840/V1",,,,,,,,,,,,,,,,,,,,,,,,,,,,,,,,,,,,,,,,,,,,,,,,,,,,,,,,,,,,,,,,,,,,,,,,,,,,,,,,,,,,,,,,,,,,,,,,,,,,,,,,,,,,,,,,,,,,,,,,,,,,,,,,,,,,,,,,,,,,,,,,,,,,,,,,,,,,,,,,,,,,,,,,,,,,,,,,,,,,,,,,,,,,,,,,,,,,,,,,,,,,,,,,,,,,,,,,,,,,,,,
,,,,,,45495BKCLR,,,,45495BKCLR,45495BKCLR,45495BKCLR Kichler Wall Lt,,,,Kichler Lighting (KICLI),Kichler Lighting,Kichler Lighting,,45495BKCLR,,,"Kichler Lighting, Kichler Wall Lt, 45495Bkclr, 45495BKCLR",KICHLER WALL LT,Kichler Lighting 45495Bkclr Kichler Wall Lt,"Kichler Lighting, 45495BKCLR Kichler Wall Lt",Kichler Lighting 45495Bkclr Kichler Wall Lt,"Kichler Lighting, 45495BKCLR Kichler Wall Lt",,,,,,,,,,,,,,,,,,,,,,,,,,,,,,,,,,,,,,,,,,,,,,,,,,,,,,,,,,,,,,,,,,,,,,,,,,,,,,,,,,,,,,,,,,,,,,,,,,,,,,,,,,,,,,,,,,,,,,,,,,,,,,,,,,,,,,,,,,,,,,,,,,,,,,,,,,,,,,,,,,,,,,,,,,,,,,,,,,,,,,,,,,,,,,,,,,,,,,,,,,,,,,,,,,,,,,,,,,,,,,,
,,,,,,55209NI,,,,55209NI,55209NI,55209NI Kichler Wall Sconce,,,,Kichler Lighting (KICLI),Kichler Lighting,Kichler Lighting,,55209NI,,,"Kichler Lighting, Kichler Wall Sconce, 55209Ni, 55209NI",KICHLER WALL SCONCE,Kichler Lighting 55209Ni Kichler Wall Sconce,"Kichler Lighting, 55209NI Kichler Wall Sconce",Kichler Lighting 55209Ni Kichler Wall Sconce,"Kichler Lighting, 55209NI Kichler Wall Sconce",,,,,,,,,,,,,,,,,,,,,,,,,,,,,,,,,,,,,,,,,,,,,,,,,,,,,,,,,,,,,,,,,,,,,,,,,,,,,,,,,,,,,,,,,,,,,,,,,,,,,,,,,,,,,,,,,,,,,,,,,,,,,,,,,,,,,,,,,,,,,,,,,,,,,,,,,,,,,,,,,,,,,,,,,,,,,,,,,,,,,,,,,,,,,,,,,,,,,,,,,,,,,,,,,,,,,,,,,,,,,,,
,,,,,,65-1210,,,,65-1210,65-1210,65-1210 2' LED Wrap Lt,,,,Satco Prod Inc (5573),Satco Prod Inc,Satco Prod Inc,,65-1210,,,"Satco Prod Inc, 2' Led Wrap Lt, 65-1210, 65-1210",2' LED WRAP LT,Satco Prod Inc 65-1210 2' Led Wrap Lt,"Satco Prod Inc, 65-1210 2' LED Wrap Lt",Satco Prod Inc 65-1210 2' Led Wrap Lt,"Satco Prod Inc, 65-1210 2' LED Wrap Lt",,,,,,,,,,,,,,,,,,,,,,,,,,,,,,,,,,,,,,,,,,,,,,,,,,,,,,,,,,,,,,,,,,,,,,,,,,,,,,,,,,,,,,,,,,,,,,,,,,,,,,,,,,,,,,,,,,,,,,,,,,,,,,,,,,,,,,,,,,,,,,,,,,,,,,,,,,,,,,,,,,,,,,,,,,,,,,,,,,,,,,,,,,,,,,,,,,,,,,,,,,,,,,,,,,,,,,,,,,,,,,,
,,,,,,65-1211,,,,65-1211,65-1211,65-1211 4' Led Wrap Light,,,,Satco Prod Inc (5573),Satco Prod Inc,Satco Prod Inc,,65-1211,,,"Satco Prod Inc, 4' Led Wrap Light, 65-1211, 65-1211",4' LED WRAP LIGHT,Satco Prod Inc 65-1211 4' Led Wrap Light,"Satco Prod Inc, 65-1211 4' Led Wrap Light",Satco Prod Inc 65-1211 4' Led Wrap Light,"Satco Prod Inc, 65-1211 4' Led Wrap Light",,,,,,,,,,,,,,,,,,,,,,,,,,,,,,,,,,,,,,,,,,,,,,,,,,,,,,,,,,,,,,,,,,,,,,,,,,,,,,,,,,,,,,,,,,,,,,,,,,,,,,,,,,,,,,,,,,,,,,,,,,,,,,,,,,,,,,,,,,,,,,,,,,,,,,,,,,,,,,,,,,,,,,,,,,,,,,,,,,,,,,,,,,,,,,,,,,,,,,,,,,,,,,,,,,,,,,,,,,,,,,,
,,,,,,141465,,,,141465,141465,"141465 15W Flor 18"" T12 27k",,,Philips,Phillips Lighting (5831),Philips,Philips,,141465,,,"Philips, 15W Flor 18"" T12 27K, 141465, 141465","15W FLOR 18"" T12 27K","Philips 141465 15W Flor 18"" T12 27K","Philips, 141465 15W Flor 18"" T12 27k","Philips 141465 15W Flor 18"" T12 27K","Philips, 141465 15W Flor 18"" T12 27k",,,,,,,,,,,,,,,,,,,,,,,,,,,,,,,,,,,,,,,,,,,,,,,,,,,,,,,,,,,,,,,,,,,,,,,,,,,,,,,,,,,,,,,,,,,,,,,,,,,,,,,,,,,,,,,,,,,,,,,,,,,,,,,,,,,,,,,,,,,,,,,,,,,,,,,,,,,,,,,,,,,,,,,,,,,,,,,,,,,,,,,,,,,,,,,,,,,,,,,,,,,,,,,,,,,,,,,,,,,,,,,
,,,,,,391227,,,,391227,391227,"391227 32W Led 12"" T9 30K",,,Philips,Phillips Lighting (5831),Philips,Philips,,391227,,,"Philips, 32W Led 12"" T9 30K, 391227, 391227","32W LED 12"" T9 30K","Philips 391227 32W Led 12"" T9 30K","Philips, 391227 32W Led 12"" T9 30K","Philips 391227 32W Led 12"" T9 30K","Philips, 391227 32W Led 12"" T9 30K",,,,,,,,,,,,,,,,,,,,,,,,,,,,,,,,,,,,,,,,,,,,,,,,,,,,,,,,,,,,,,,,,,,,,,,,,,,,,,,,,,,,,,,,,,,,,,,,,,,,,,,,,,,,,,,,,,,,,,,,,,,,,,,,,,,,,,,,,,,,,,,,,,,,,,,,,,,,,,,,,,,,,,,,,,,,,,,,,,,,,,,,,,,,,,,,,,,,,,,,,,,,,,,,,,,,,,,,,,,,,,,
,,,,,,392225,,,,392225,392225,"392225 22W Flor 8"" T9 30k",,,Philips,Phillips Lighting (5831),Philips,Philips,,392225,,,"Philips, 22W Flor 8"" T9 30K, 392225, 392225","22W FLOR 8"" T9 30K","Philips 392225 22W Flor 8"" T9 30K","Philips, 392225 22W Flor 8"" T9 30k","Philips 392225 22W Flor 8"" T9 30K","Philips, 392225 22W Flor 8"" T9 30k",,,,,,,,,,,,,,,,,,,,,,,,,,,,,,,,,,,,,,,,,,,,,,,,,,,,,,,,,,,,,,,,,,,,,,,,,,,,,,,,,,,,,,,,,,,,,,,,,,,,,,,,,,,,,,,,,,,,,,,,,,,,,,,,,,,,,,,,,,,,,,,,,,,,,,,,,,,,,,,,,,,,,,,,,,,,,,,,,,,,,,,,,,,,,,,,,,,,,,,,,,,,,,,,,,,,,,,,,,,,,,,
,,,,,,S3539,,,,S3539,S3539,S3539 20W Halogen Pin T4,,,Satco,Satco Prod Inc (5573),Satco,Satco,,S3539,,,"Satco, 20W Halogen Pin T4, S3539, S3539",20W HALOGEN PIN T4,Satco S3539 20W Halogen Pin T4,"Satco, S3539 20W Halogen Pin T4",Satco S3539 20W Halogen Pin T4,"Satco, S3539 20W Halogen Pin T4",,,,,,,,,,,,,,,,,,,,,,,,,,,,,,,,,,,,,,,,,,,,,,,,,,,,,,,,,,,,,,,,,,,,,,,,,,,,,,,,,,,,,,,,,,,,,,,,,,,,,,,,,,,,,,,,,,,,,,,,,,,,,,,,,,,,,,,,,,,,,,,,,,,,,,,,,,,,,,,,,,,,,,,,,,,,,,,,,,,,,,,,,,,,,,,,,,,,,,,,,,,,,,,,,,,,,,,,,,,,,,,
,,,,,,S3496,,,,S3496,S3496,S3496 300W Halogen T3 Bulb,,,Satco,Satco Prod Inc (5573),Satco,Satco,,S3496,,,"Satco, 300W Halogen T3 Bulb, S3496, S3496",300W HALOGEN T3 BULB,Satco S3496 300W Halogen T3 Bulb,"Satco, S3496 300W Halogen T3 Bulb",Satco S3496 300W Halogen T3 Bulb,"Satco, S3496 300W Halogen T3 Bulb",,,,,,,,,,,,,,,,,,,,,,,,,,,,,,,,,,,,,,,,,,,,,,,,,,,,,,,,,,,,,,,,,,,,,,,,,,,,,,,,,,,,,,,,,,,,,,,,,,,,,,,,,,,,,,,,,,,,,,,,,,,,,,,,,,,,,,,,,,,,,,,,,,,,,,,,,,,,,,,,,,,,,,,,,,,,,,,,,,,,,,,,,,,,,,,,,,,,,,,,,,,,,,,,,,,,,,,,,,,,,,,
,,,,,,467316,,,,467316,467316,467316 150W Sodium Med 21k,,,Philips,Phillips Lighting (5831),Philips,Philips,,467316,,,"Philips, 150W Sodium Med 21K, 467316, 467316",150W SODIUM MED 21K,Philips 467316 150W Sodium Med 21K,"Philips, 467316 150W Sodium Med 21k",Philips 467316 150W Sodium Med 21K,"Philips, 467316 150W Sodium Med 21k",,,,,,,,,,,,,,,,,,,,,,,,,,,,,,,,,,,,,,,,,,,,,,,,,,,,,,,,,,,,,,,,,,,,,,,,,,,,,,,,,,,,,,,,,,,,,,,,,,,,,,,,,,,,,,,,,,,,,,,,,,,,,,,,,,,,,,,,,,,,,,,,,,,,,,,,,,,,,,,,,,,,,,,,,,,,,,,,,,,,,,,,,,,,,,,,,,,,,,,,,,,,,,,,,,,,,,,,,,,,,,,
,,,,,,S3709,,,,S3709,S3709,S3709 25W Incan 27K,,,Satco,Satco Prod Inc (5573),Satco,Satco,,S3709,,,"Satco, 25W Incan 27K, S3709, S3709",25W INCAN 27K,Satco S3709 25W Incan 27K,"Satco, S3709 25W Incan 27K",Satco S3709 25W Incan 27K,"Satco, S3709 25W Incan 27K",,,,,,,,,,,,,,,,,,,,,,,,,,,,,,,,,,,,,,,,,,,,,,,,,,,,,,,,,,,,,,,,,,,,,,,,,,,,,,,,,,,,,,,,,,,,,,,,,,,,,,,,,,,,,,,,,,,,,,,,,,,,,,,,,,,,,,,,,,,,,,,,,,,,,,,,,,,,,,,,,,,,,,,,,,,,,,,,,,,,,,,,,,,,,,,,,,,,,,,,,,,,,,,,,,,,,,,,,,,,,,,
,,,,,,S4720,,,,S4720,S4720,S4720 25W Incan 27K,,,Satco,Satco Prod Inc (5573),Satco,Satco,,S4720,,,"Satco, 25W Incan 27K, S4720, S4720",25W INCAN 27K,Satco S4720 25W Incan 27K,"Satco, S4720 25W Incan 27K",Satco S4720 25W Incan 27K,"Satco, S4720 25W Incan 27K",,,,,,,,,,,,,,,,,,,,,,,,,,,,,,,,,,,,,,,,,,,,,,,,,,,,,,,,,,,,,,,,,,,,,,,,,,,,,,,,,,,,,,,,,,,,,,,,,,,,,,,,,,,,,,,,,,,,,,,,,,,,,,,,,,,,,,,,,,,,,,,,,,,,,,,,,,,,,,,,,,,,,,,,,,,,,,,,,,,,,,,,,,,,,,,,,,,,,,,,,,,,,,,,,,,,,,,,,,,,,,,
,,,,,,S3720,,,,S3720,S3720,S3720 40w Inc A15 Med 26k,,,Satco,Satco Prod Inc (5573),Satco,Satco,,S3720,,,"Satco, 40W Inc A15 Med 26K, S3720, S3720",40W INC A15 MED 26K,Satco S3720 40W Inc A15 Med 26K,"Satco, S3720 40w Inc A15 Med 26k",Satco S3720 40W Inc A15 Med 26K,"Satco, S3720 40w Inc A15 Med 26k",,,,,,,,,,,,,,,,,,,,,,,,,,,,,,,,,,,,,,,,,,,,,,,,,,,,,,,,,,,,,,,,,,,,,,,,,,,,,,,,,,,,,,,,,,,,,,,,,,,,,,,,,,,,,,,,,,,,,,,,,,,,,,,,,,,,,,,,,,,,,,,,,,,,,,,,,,,,,,,,,,,,,,,,,,,,,,,,,,,,,,,,,,,,,,,,,,,,,,,,,,,,,,,,,,,,,,,,,,,,,,,
,,,,,,S3702,,,,S3702,S3702,S3702 40W Incan Med 27K,,,Satco,Satco Prod Inc (5573),Satco,Satco,,S3702,,,"Satco, 40W Incan Med 27K, S3702, S3702",40W INCAN MED 27K,Satco S3702 40W Incan Med 27K,"Satco, S3702 40W Incan Med 27K",Satco S3702 40W Incan Med 27K,"Satco, S3702 40W Incan Med 27K",,,,,,,,,,,,,,,,,,,,,,,,,,,,,,,,,,,,,,,,,,,,,,,,,,,,,,,,,,,,,,,,,,,,,,,,,,,,,,,,,,,,,,,,,,,,,,,,,,,,,,,,,,,,,,,,,,,,,,,,,,,,,,,,,,,,,,,,,,,,,,,,,,,,,,,,,,,,,,,,,,,,,,,,,,,,,,,,,,,,,,,,,,,,,,,,,,,,,,,,,,,,,,,,,,,,,,,,,,,,,,,
,,,,,,S3703,,,,S3703,S3703,S3703 40W Incan Med 27K,,,Satco,Satco Prod Inc (5573),Satco,Satco,,S3703,,,"Satco, 40W Incan Med 27K, S3703, S3703",40W INCAN MED 27K,Satco S3703 40W Incan Med 27K,"Satco, S3703 40W Incan Med 27K",Satco S3703 40W Incan Med 27K,"Satco, S3703 40W Incan Med 27K",,,,,,,,,,,,,,,,,,,,,,,,,,,,,,,,,,,,,,,,,,,,,,,,,,,,,,,,,,,,,,,,,,,,,,,,,,,,,,,,,,,,,,,,,,,,,,,,,,,,,,,,,,,,,,,,,,,,,,,,,,,,,,,,,,,,,,,,,,,,,,,,,,,,,,,,,,,,,,,,,,,,,,,,,,,,,,,,,,,,,,,,,,,,,,,,,,,,,,,,,,,,,,,,,,,,,,,,,,,,,,,
,,,,,,S3797,,,,S3797,S3797,S3797 4W Incan Cand 27K 2pk,,,Satco,Satco Prod Inc (5573),Satco,Satco,,S3797,,,"Satco, 4W Incan Cand 27K 2Pk, S3797, S3797",4W INCAN CAND 27K 2PK,Satco S3797 4W Incan Cand 27K 2Pk,"Satco, S3797 4W Incan Cand 27K 2pk",Satco S3797 4W Incan Cand 27K 2Pk,"Satco, S3797 4W Incan Cand 27K 2pk",,,,,,,,,,,,,,,,,,,,,,,,,,,,,,,,,,,,,,,,,,,,,,,,,,,,,,,,,,,,,,,,,,,,,,,,,,,,,,,,,,,,,,,,,,,,,,,,,,,,,,,,,,,,,,,,,,,,,,,,,,,,,,,,,,,,,,,,,,,,,,,,,,,,,,,,,,,,,,,,,,,,,,,,,,,,,,,,,,,,,,,,,,,,,,,,,,,,,,,,,,,,,,,,,,,,,,,,,,,,,,,
,,,,,,S4724,,,,S4724,S4724,S4724 4W Incan Cand 27K 4pk,,,Satco,Satco Prod Inc (5573),Satco,Satco,,S4724,,,"Satco, 4W Incan Cand 27K 4Pk, S4724, S4724",4W INCAN CAND 27K 4PK,Satco S4724 4W Incan Cand 27K 4Pk,"Satco, S4724 4W Incan Cand 27K 4pk",Satco S4724 4W Incan Cand 27K 4Pk,"Satco, S4724 4W Incan Cand 27K 4pk",,,,,,,,,,,,,,,,,,,,,,,,,,,,,,,,,,,,,,,,,,,,,,,,,,,,,,,,,,,,,,,,,,,,,,,,,,,,,,,,,,,,,,,,,,,,,,,,,,,,,,,,,,,,,,,,,,,,,,,,,,,,,,,,,,,,,,,,,,,,,,,,,,,,,,,,,,,,,,,,,,,,,,,,,,,,,,,,,,,,,,,,,,,,,,,,,,,,,,,,,,,,,,,,,,,,,,,,,,,,,,,
,,,,,,S4717,,,,S4717,S4717,S4717 6W Incan Cand 27k 2pk,,,Satco,Satco Prod Inc (5573),Satco,Satco,,S4717,,,"Satco, 6W Incan Cand 27K 2Pk, S4717, S4717",6W INCAN CAND 27K 2PK,Satco S4717 6W Incan Cand 27K 2Pk,"Satco, S4717 6W Incan Cand 27k 2pk",Satco S4717 6W Incan Cand 27K 2Pk,"Satco, S4717 6W Incan Cand 27k 2pk",,,,,,,,,,,,,,,,,,,,,,,,,,,,,,,,,,,,,,,,,,,,,,,,,,,,,,,,,,,,,,,,,,,,,,,,,,,,,,,,,,,,,,,,,,,,,,,,,,,,,,,,,,,,,,,,,,,,,,,,,,,,,,,,,,,,,,,,,,,,,,,,,,,,,,,,,,,,,,,,,,,,,,,,,,,,,,,,,,,,,,,,,,,,,,,,,,,,,,,,,,,,,,,,,,,,,,,,,,,,,,,
,,,,,,S3794,,,,S3794,S3794,S3794 7W Incan Med 27K,,,Satco,Satco Prod Inc (5573),Satco,Satco,,S3794,,,"Satco, 7W Incan Med 27K, S3794, S3794",7W INCAN MED 27K,Satco S3794 7W Incan Med 27K,"Satco, S3794 7W Incan Med 27K",Satco S3794 7W Incan Med 27K,"Satco, S3794 7W Incan Med 27K",,,,,,,,,,,,,,,,,,,,,,,,,,,,,,,,,,,,,,,,,,,,,,,,,,,,,,,,,,,,,,,,,,,,,,,,,,,,,,,,,,,,,,,,,,,,,,,,,,,,,,,,,,,,,,,,,,,,,,,,,,,,,,,,,,,,,,,,,,,,,,,,,,,,,,,,,,,,,,,,,,,,,,,,,,,,,,,,,,,,,,,,,,,,,,,,,,,,,,,,,,,,,,,,,,,,,,,,,,,,,,,
,,,,,,S3795,,,,S3795,S3795,S3795 7W Incan Med 27K,,,Satco,Satco Prod Inc (5573),Satco,Satco,,S3795,,,"Satco, 7W Incan Med 27K, S3795, S3795",7W INCAN MED 27K,Satco S3795 7W Incan Med 27K,"Satco, S3795 7W Incan Med 27K",Satco S3795 7W Incan Med 27K,"Satco, S3795 7W Incan Med 27K",,,,,,,,,,,,,,,,,,,,,,,,,,,,,,,,,,,,,,,,,,,,,,,,,,,,,,,,,,,,,,,,,,,,,,,,,,,,,,,,,,,,,,,,,,,,,,,,,,,,,,,,,,,,,,,,,,,,,,,,,,,,,,,,,,,,,,,,,,,,,,,,,,,,,,,,,,,,,,,,,,,,,,,,,,,,,,,,,,,,,,,,,,,,,,,,,,,,,,,,,,,,,,,,,,,,,,,,,,,,,,,
,,,,,,S4726,,,,S4726,S4726,S4726 7W Incan Cand 27K 4pk,,,Satco,Satco Prod Inc (5573),Satco,Satco,,S4726,,,"Satco, 7W Incan Cand 27K 4Pk, S4726, S4726",7W INCAN CAND 27K 4PK,Satco S4726 7W Incan Cand 27K 4Pk,"Satco, S4726 7W Incan Cand 27K 4pk",Satco S4726 7W Incan Cand 27K 4Pk,"Satco, S4726 7W Incan Cand 27K 4pk",,,,,,,,,,,,,,,,,,,,,,,,,,,,,,,,,,,,,,,,,,,,,,,,,,,,,,,,,,,,,,,,,,,,,,,,,,,,,,,,,,,,,,,,,,,,,,,,,,,,,,,,,,,,,,,,,,,,,,,,,,,,,,,,,,,,,,,,,,,,,,,,,,,,,,,,,,,,,,,,,,,,,,,,,,,,,,,,,,,,,,,,,,,,,,,,,,,,,,,,,,,,,,,,,,,,,,,,,,,,,,,
,,,,,,S11429,,,,S11429,S11429,S11429 60W Led Bulb 27K,,,Satco,Satco Prod Inc (5573),Satco,Satco,,S11429,,,"Satco, 60W Led Bulb 27K, S11429, S11429",60W LED BULB 27K,Satco S11429 60W Led Bulb 27K,"Satco, S11429 60W Led Bulb 27K",Satco S11429 60W Led Bulb 27K,"Satco, S11429 60W Led Bulb 27K",,,,,,,,,,,,,,,,,,,,,,,,,,,,,,,,,,,,,,,,,,,,,,,,,,,,,,,,,,,,,,,,,,,,,,,,,,,,,,,,,,,,,,,,,,,,,,,,,,,,,,,,,,,,,,,,,,,,,,,,,,,,,,,,,,,,,,,,,,,,,,,,,,,,,,,,,,,,,,,,,,,,,,,,,,,,,,,,,,,,,,,,,,,,,,,,,,,,,,,,,,,,,,,,,,,,,,,,,,,,,,,
,,,,,,S21354,,,,S21354,S21354,S21354 8W Led T9 Med 27k,,,,Satco Prod Inc (5573),Satco Prod Inc,Satco Prod Inc,,S21354,,,"Satco Prod Inc, 8W Led T9 Med 27K, S21354, S21354",8W LED T9 MED 27K,Satco Prod Inc S21354 8W Led T9 Med 27K,"Satco Prod Inc, S21354 8W Led T9 Med 27k",Satco Prod Inc S21354 8W Led T9 Med 27K,"Satco Prod Inc, S21354 8W Led T9 Med 27k",,,,,,,,,,,,,,,,,,,,,,,,,,,,,,,,,,,,,,,,,,,,,,,,,,,,,,,,,,,,,,,,,,,,,,,,,,,,,,,,,,,,,,,,,,,,,,,,,,,,,,,,,,,,,,,,,,,,,,,,,,,,,,,,,,,,,,,,,,,,,,,,,,,,,,,,,,,,,,,,,,,,,,,,,,,,,,,,,,,,,,,,,,,,,,,,,,,,,,,,,,,,,,,,,,,,,,,,,,,,,,,
,,,,,,S21363,,,,S21363,S21363,S21363 8W Led Edison ST19 27K,,,,Satco Prod Inc (5573),Satco Prod Inc,Satco Prod Inc,,S21363,,,"Satco Prod Inc, 8W Led Edison St19 27K, S21363, S21363",8W LED EDISON ST19 27K,Satco Prod Inc S21363 8W Led Edison St19 27K,"Satco Prod Inc, S21363 8W Led Edison ST19 27K",Satco Prod Inc S21363 8W Led Edison St19 27K,"Satco Prod Inc, S21363 8W Led Edison ST19 27K",,,,,,,,,,,,,,,,,,,,,,,,,,,,,,,,,,,,,,,,,,,,,,,,,,,,,,,,,,,,,,,,,,,,,,,,,,,,,,,,,,,,,,,,,,,,,,,,,,,,,,,,,,,,,,,,,,,,,,,,,,,,,,,,,,,,,,,,,,,,,,,,,,,,,,,,,,,,,,,,,,,,,,,,,,,,,,,,,,,,,,,,,,,,,,,,,,,,,,,,,,,,,,,,,,,,,,,,,,,,,,,
,,,,,,S11445,,,,S11445,S11445,S11445 12W Led Med 30k Motion,,,,Satco Prod Inc (5573),Satco Prod Inc,Satco Prod Inc,,S11445,,,"Satco Prod Inc, 12W Led Med 30K Motion, S11445, S11445",12W LED MED 30K MOTION,Satco Prod Inc S11445 12W Led Med 30K Motion,"Satco Prod Inc, S11445 12W Led Med 30k Motion",Satco Prod Inc S11445 12W Led Med 30K Motion,"Satco Prod Inc, S11445 12W Led Med 30k Motion",,,,,,,,,,,,,,,,,,,,,,,,,,,,,,,,,,,,,,,,,,,,,,,,,,,,,,,,,,,,,,,,,,,,,,,,,,,,,,,,,,,,,,,,,,,,,,,,,,,,,,,,,,,,,,,,,,,,,,,,,,,,,,,,,,,,,,,,,,,,,,,,,,,,,,,,,,,,,,,,,,,,,,,,,,,,,,,,,,,,,,,,,,,,,,,,,,,,,,,,,,,,,,,,,,,,,,,,,,,,,,,
,,,,,,567313,,,,567313,567313,567313 50W Led MR16 30K 3pk,,,Philips,Phillips Lighting (5831),Philips,Philips,,567313,,,"Philips, 50W Led Mr16 30K 3Pk, 567313, 567313",50W LED MR16 30K 3PK,Philips 567313 50W Led Mr16 30K 3Pk,"Philips, 567313 50W Led MR16 30K 3pk",Philips 567313 50W Led Mr16 30K 3Pk,"Philips, 567313 50W Led MR16 30K 3pk",,,,,,,,,,,,,,,,,,,,,,,,,,,,,,,,,,,,,,,,,,,,,,,,,,,,,,,,,,,,,,,,,,,,,,,,,,,,,,,,,,,,,,,,,,,,,,,,,,,,,,,,,,,,,,,,,,,,,,,,,,,,,,,,,,,,,,,,,,,,,,,,,,,,,,,,,,,,,,,,,,,,,,,,,,,,,,,,,,,,,,,,,,,,,,,,,,,,,,,,,,,,,,,,,,,,,,,,,,,,,,,
,,,,,,586875,,,,586875,586875,586875 60W Led Multi CCT 4pk,,,Philips,Phillips Lighting (5831),Philips,Philips,,586875,,,"Philips, 60W Led Multi Cct 4Pk, 586875, 586875",60W LED MULTI CCT 4PK,Philips 586875 60W Led Multi Cct 4Pk,"Philips, 586875 60W Led Multi CCT 4pk",Philips 586875 60W Led Multi Cct 4Pk,"Philips, 586875 60W Led Multi CCT 4pk",,,,,,,,,,,,,,,,,,,,,,,,,,,,,,,,,,,,,,,,,,,,,,,,,,,,,,,,,,,,,,,,,,,,,,,,,,,,,,,,,,,,,,,,,,,,,,,,,,,,,,,,,,,,,,,,,,,,,,,,,,,,,,,,,,,,,,,,,,,,,,,,,,,,,,,,,,,,,,,,,,,,,,,,,,,,,,,,,,,,,,,,,,,,,,,,,,,,,,,,,,,,,,,,,,,,,,,,,,,,,,,
,,,,,,576355,,,,576355,576355,576355 60/100/150 Led Med 50k,,,Philips,Phillips Lighting (5831),Philips,Philips,,576355,,,"Philips, 60/100/150 Led Med 50K, 576355, 576355",60/100/150 LED MED 50K,Philips 576355 60/100/150 Led Med 50K,"Philips, 576355 60/100/150 Led Med 50k",Philips 576355 60/100/150 Led Med 50K,"Philips, 576355 60/100/150 Led Med 50k",,,,,,,,,,,,,,,,,,,,,,,,,,,,,,,,,,,,,,,,,,,,,,,,,,,,,,,,,,,,,,,,,,,,,,,,,,,,,,,,,,,,,,,,,,,,,,,,,,,,,,,,,,,,,,,,,,,,,,,,,,,,,,,,,,,,,,,,,,,,,,,,,,,,,,,,,,,,,,,,,,,,,,,,,,,,,,,,,,,,,,,,,,,,,,,,,,,,,,,,,,,,,,,,,,,,,,,,,,,,,,,
,,,,,,576363,,,,576363,576363,576363 100/150/200 Led Med 27k,,,Philips,Phillips Lighting (5831),Philips,Philips,,576363,,,"Philips, 100/150/200 Led Med 27K, 576363, 576363",100/150/200 LED MED 27K,Philips 576363 100/150/200 Led Med 27K,"Philips, 576363 100/150/200 Led Med 27k",Philips 576363 100/150/200 Led Med 27K,"Philips, 576363 100/150/200 Led Med 27k",,,,,,,,,,,,,,,,,,,,,,,,,,,,,,,,,,,,,,,,,,,,,,,,,,,,,,,,,,,,,,,,,,,,,,,,,,,,,,,,,,,,,,,,,,,,,,,,,,,,,,,,,,,,,,,,,,,,,,,,,,,,,,,,,,,,,,,,,,,,,,,,,,,,,,,,,,,,,,,,,,,,,,,,,,,,,,,,,,,,,,,,,,,,,,,,,,,,,,,,,,,,,,,,,,,,,,,,,,,,,,,
,,,,,,565374,,,,565374,565374,565374 75W Led A19 Med 27k 4pk,,,Philips,Phillips Lighting (5831),Philips,Philips,,565374,,,"Philips, 75W Led A19 Med 27K 4Pk, 565374, 565374",75W LED A19 MED 27K 4PK,Philips 565374 75W Led A19 Med 27K 4Pk,"Philips, 565374 75W Led A19 Med 27k 4pk",Philips 565374 75W Led A19 Med 27K 4Pk,"Philips, 565374 75W Led A19 Med 27k 4pk",,,,,,,,,,,,,,,,,,,,,,,,,,,,,,,,,,,,,,,,,,,,,,,,,,,,,,,,,,,,,,,,,,,,,,,,,,,,,,,,,,,,,,,,,,,,,,,,,,,,,,,,,,,,,,,,,,,,,,,,,,,,,,,,,,,,,,,,,,,,,,,,,,,,,,,,,,,,,,,,,,,,,,,,,,,,,,,,,,,,,,,,,,,,,,,,,,,,,,,,,,,,,,,,,,,,,,,,,,,,,,,
,,,,,,565390,,,,565390,565390,565390 75W Led A19 Med 50k 4pk,,,Philips,Phillips Lighting (5831),Philips,Philips,,565390,,,"Philips, 75W Led A19 Med 50K 4Pk, 565390, 565390",75W LED A19 MED 50K 4PK,Philips 565390 75W Led A19 Med 50K 4Pk,"Philips, 565390 75W Led A19 Med 50k 4pk",Philips 565390 75W Led A19 Med 50K 4Pk,"Philips, 565390 75W Led A19 Med 50k 4pk",,,,,,,,,,,,,,,,,,,,,,,,,,,,,,,,,,,,,,,,,,,,,,,,,,,,,,,,,,,,,,,,,,,,,,,,,,,,,,,,,,,,,,,,,,,,,,,,,,,,,,,,,,,,,,,,,,,,,,,,,,,,,,,,,,,,,,,,,,,,,,,,,,,,,,,,,,,,,,,,,,,,,,,,,,,,,,,,,,,,,,,,,,,,,,,,,,,,,,,,,,,,,,,,,,,,,,,,,,,,,,,
,,,,,,576371,,,,576371,576371,576371 100/150/200 Led Med 50k,,,Philips,Phillips Lighting (5831),Philips,Philips,,576371,,,"Philips, 100/150/200 Led Med 50K, 576371, 576371",100/150/200 LED MED 50K,Philips 576371 100/150/200 Led Med 50K,"Philips, 576371 100/150/200 Led Med 50k",Philips 576371 100/150/200 Led Med 50K,"Philips, 576371 100/150/200 Led Med 50k",,,,,,,,,,,,,,,,,,,,,,,,,,,,,,,,,,,,,,,,,,,,,,,,,,,,,,,,,,,,,,,,,,,,,,,,,,,,,,,,,,,,,,,,,,,,,,,,,,,,,,,,,,,,,,,,,,,,,,,,,,,,,,,,,,,,,,,,,,,,,,,,,,,,,,,,,,,,,,,,,,,,,,,,,,,,,,,,,,,,,,,,,,,,,,,,,,,,,,,,,,,,,,,,,,,,,,,,,,,,,,,
,,,,,,576496,,,,576496,576496,576496 45W Led R20 Med 27k,,,Philips,Phillips Lighting (5831),Philips,Philips,,576496,,,"Philips, 45W Led R20 Med 27K, 576496, 576496",45W LED R20 MED 27K,Philips 576496 45W Led R20 Med 27K,"Philips, 576496 45W Led R20 Med 27k",Philips 576496 45W Led R20 Med 27K,"Philips, 576496 45W Led R20 Med 27k",,,,,,,,,,,,,,,,,,,,,,,,,,,,,,,,,,,,,,,,,,,,,,,,,,,,,,,,,,,,,,,,,,,,,,,,,,,,,,,,,,,,,,,,,,,,,,,,,,,,,,,,,,,,,,,,,,,,,,,,,,,,,,,,,,,,,,,,,,,,,,,,,,,,,,,,,,,,,,,,,,,,,,,,,,,,,,,,,,,,,,,,,,,,,,,,,,,,,,,,,,,,,,,,,,,,,,,,,,,,,,,
,,,,,,564856,,,,564856,564856,564856 40W Led ST19 27k 2pk,,,Philips,Phillips Lighting (5831),Philips,Philips,,564856,,,"Philips, 40W Led St19 27K 2Pk, 564856, 564856",40W LED ST19 27K 2PK,Philips 564856 40W Led St19 27K 2Pk,"Philips, 564856 40W Led ST19 27k 2pk",Philips 564856 40W Led St19 27K 2Pk,"Philips, 564856 40W Led ST19 27k 2pk",,,,,,,,,,,,,,,,,,,,,,,,,,,,,,,,,,,,,,,,,,,,,,,,,,,,,,,,,,,,,,,,,,,,,,,,,,,,,,,,,,,,,,,,,,,,,,,,,,,,,,,,,,,,,,,,,,,,,,,,,,,,,,,,,,,,,,,,,,,,,,,,,,,,,,,,,,,,,,,,,,,,,,,,,,,,,,,,,,,,,,,,,,,,,,,,,,,,,,,,,,,,,,,,,,,,,,,,,,,,,,,
,,,,,,565796,,,,565796,565796,565796 60W Led A19 Med 20k,,,Philips,Phillips Lighting (5831),Philips,Philips,,565796,,,"Philips, 60W Led A19 Med 20K, 565796, 565796",60W LED A19 MED 20K,Philips 565796 60W Led A19 Med 20K,"Philips, 565796 60W Led A19 Med 20k",Philips 565796 60W Led A19 Med 20K,"Philips, 565796 60W Led A19 Med 20k",,,,,,,,,,,,,,,,,,,,,,,,,,,,,,,,,,,,,,,,,,,,,,,,,,,,,,,,,,,,,,,,,,,,,,,,,,,,,,,,,,,,,,,,,,,,,,,,,,,,,,,,,,,,,,,,,,,,,,,,,,,,,,,,,,,,,,,,,,,,,,,,,,,,,,,,,,,,,,,,,,,,,,,,,,,,,,,,,,,,,,,,,,,,,,,,,,,,,,,,,,,,,,,,,,,,,,,,,,,,,,,
,,,,,,576389,,,,576389,576389,576389 100/200/300 Led Med 27k,,,Philips,Phillips Lighting (5831),Philips,Philips,,576389,,,"Philips, 100/200/300 Led Med 27K, 576389, 576389",100/200/300 LED MED 27K,Philips 576389 100/200/300 Led Med 27K,"Philips, 576389 100/200/300 Led Med 27k",Philips 576389 100/200/300 Led Med 27K,"Philips, 576389 100/200/300 Led Med 27k",,,,,,,,,,,,,,,,,,,,,,,,,,,,,,,,,,,,,,,,,,,,,,,,,,,,,,,,,,,,,,,,,,,,,,,,,,,,,,,,,,,,,,,,,,,,,,,,,,,,,,,,,,,,,,,,,,,,,,,,,,,,,,,,,,,,,,,,,,,,,,,,,,,,,,,,,,,,,,,,,,,,,,,,,,,,,,,,,,,,,,,,,,,,,,,,,,,,,,,,,,,,,,,,,,,,,,,,,,,,,,,
,,,,,,564492,,,,564492,564492,564492 75W Adj Base 27k 3pk,,,Philips,Phillips Lighting (5831),Philips,Philips,,564492,,,"Philips, 75W Adj Base 27K 3Pk, 564492, 564492",75W ADJ BASE 27K 3PK,Philips 564492 75W Adj Base 27K 3Pk,"Philips, 564492 75W Adj Base 27k 3pk",Philips 564492 75W Adj Base 27K 3Pk,"Philips, 564492 75W Adj Base 27k 3pk",,,,,,,,,,,,,,,,,,,,,,,,,,,,,,,,,,,,,,,,,,,,,,,,,,,,,,,,,,,,,,,,,,,,,,,,,,,,,,,,,,,,,,,,,,,,,,,,,,,,,,,,,,,,,,,,,,,,,,,,,,,,,,,,,,,,,,,,,,,,,,,,,,,,,,,,,,,,,,,,,,,,,,,,,,,,,,,,,,,,,,,,,,,,,,,,,,,,,,,,,,,,,,,,,,,,,,,,,,,,,,,
,,,,,,603449,,,,603449,603449,603449 Wiz 60W Led Med Clr Ch,,,Wiz,Phillips Lighting (5831),Wiz,Wiz,,603449,,,"Wiz, Wiz 60W Led Med Clr Ch, 603449, 603449",WIZ 60W LED MED CLR CH,Wiz 603449 Wiz 60W Led Med Clr Ch,"Wiz, 603449 Wiz 60W Led Med Clr Ch",Wiz 603449 Wiz 60W Led Med Clr Ch,"Wiz, 603449 Wiz 60W Led Med Clr Ch",,,,,,,,,,,,,,,,,,,,,,,,,,,,,,,,,,,,,,,,,,,,,,,,,,,,,,,,,,,,,,,,,,,,,,,,,,,,,,,,,,,,,,,,,,,,,,,,,,,,,,,,,,,,,,,,,,,,,,,,,,,,,,,,,,,,,,,,,,,,,,,,,,,,,,,,,,,,,,,,,,,,,,,,,,,,,,,,,,,,,,,,,,,,,,,,,,,,,,,,,,,,,,,,,,,,,,,,,,,,,,,
,,,,,,586909,,,,586909,586909,586909 Led 60W Med A19 27K,,,Philips,Phillips Lighting (5831),Philips,Philips,,586909,,,"Philips, Led 60W Med A19 27K, 586909, 586909",LED 60W MED A19 27K,Philips 586909 Led 60W Med A19 27K,"Philips, 586909 Led 60W Med A19 27K",Philips 586909 Led 60W Med A19 27K,"Philips, 586909 Led 60W Med A19 27K",,,,,,,,,,,,,,,,,,,,,,,,,,,,,,,,,,,,,,,,,,,,,,,,,,,,,,,,,,,,,,,,,,,,,,,,,,,,,,,,,,,,,,,,,,,,,,,,,,,,,,,,,,,,,,,,,,,,,,,,,,,,,,,,,,,,,,,,,,,,,,,,,,,,,,,,,,,,,,,,,,,,,,,,,,,,,,,,,,,,,,,,,,,,,,,,,,,,,,,,,,,,,,,,,,,,,,,,,,,,,,,
,,,,,,566364,,,,566364,566364,566364 75W Led ST19 27k 4pk,,,Philips,Phillips Lighting (5831),Philips,Philips,,566364,,,"Philips, 75W Led St19 27K 4Pk, 566364, 566364",75W LED ST19 27K 4PK,Philips 566364 75W Led St19 27K 4Pk,"Philips, 566364 75W Led ST19 27k 4pk",Philips 566364 75W Led St19 27K 4Pk,"Philips, 566364 75W Led ST19 27k 4pk",,,,,,,,,,,,,,,,,,,,,,,,,,,,,,,,,,,,,,,,,,,,,,,,,,,,,,,,,,,,,,,,,,,,,,,,,,,,,,,,,,,,,,,,,,,,,,,,,,,,,,,,,,,,,,,,,,,,,,,,,,,,,,,,,,,,,,,,,,,,,,,,,,,,,,,,,,,,,,,,,,,,,,,,,,,,,,,,,,,,,,,,,,,,,,,,,,,,,,,,,,,,,,,,,,,,,,,,,,,,,,,
,,,,,,576397,,,,576397,576397,576394 100/200/300 Led A23 50k,,,Philips,Phillips Lighting (5831),Philips,Philips,,576397,,,"Philips, 576394 100/200/300 Led A23 50K, 576397, 576397",576394 100/200/300 LED A23 50K,Philips 576397 576394 100/200/300 Led A23 50K,"Philips, 576394 100/200/300 Led A23 50k, Part Number: 576397",Philips 576397 576394 100/200/300 Led A23 50K,"Philips, 576394 100/200/300 Led A23 50k, Part Number: 576397",,,,,,,,,,,,,,,,,,,,,,,,,,,,,,,,,,,,,,,,,,,,,,,,,,,,,,,,,,,,,,,,,,,,,,,,,,,,,,,,,,,,,,,,,,,,,,,,,,,,,,,,,,,,,,,,,,,,,,,,,,,,,,,,,,,,,,,,,,,,,,,,,,,,,,,,,,,,,,,,,,,,,,,,,,,,,,,,,,,,,,,,,,,,,,,,,,,,,,,,,,,,,,,,,,,,,,,,,,,,,,,
,,,,,,571497,,,,571497,571497,571497 150W Led Med 27k,,,Philips,Phillips Lighting (5831),Philips,Philips,,571497,,,"Philips, 150W Led Med 27K, 571497, 571497",150W LED MED 27K,Philips 571497 150W Led Med 27K,"Philips, 571497 150W Led Med 27k",Philips 571497 150W Led Med 27K,"Philips, 571497 150W Led Med 27k",,,,,,,,,,,,,,,,,,,,,,,,,,,,,,,,,,,,,,,,,,,,,,,,,,,,,,,,,,,,,,,,,,,,,,,,,,,,,,,,,,,,,,,,,,,,,,,,,,,,,,,,,,,,,,,,,,,,,,,,,,,,,,,,,,,,,,,,,,,,,,,,,,,,,,,,,,,,,,,,,,,,,,,,,,,,,,,,,,,,,,,,,,,,,,,,,,,,,,,,,,,,,,,,,,,,,,,,,,,,,,,
,,,,,,576306,,,,576306,576306,576306 40W Led A19 5CCT 4pk,,,Philips,Phillips Lighting (5831),Philips,Philips,,576306,,,"Philips, 40W Led A19 5Cct 4Pk, 576306, 576306",40W LED A19 5CCT 4PK,Philips 576306 40W Led A19 5Cct 4Pk,"Philips, 576306 40W Led A19 5CCT 4pk",Philips 576306 40W Led A19 5Cct 4Pk,"Philips, 576306 40W Led A19 5CCT 4pk",,,,,,,,,,,,,,,,,,,,,,,,,,,,,,,,,,,,,,,,,,,,,,,,,,,,,,,,,,,,,,,,,,,,,,,,,,,,,,,,,,,,,,,,,,,,,,,,,,,,,,,,,,,,,,,,,,,,,,,,,,,,,,,,,,,,,,,,,,,,,,,,,,,,,,,,,,,,,,,,,,,,,,,,,,,,,,,,,,,,,,,,,,,,,,,,,,,,,,,,,,,,,,,,,,,,,,,,,,,,,,,
,,,,,,588533,,,,588533,588533,588533 40W Led Cand 3pk,,,Philips,Phillips Lighting (5831),Philips,Philips,,588533,,,"Philips, 40W Led Cand 3Pk, 588533, 588533",40W LED CAND 3PK,Philips 588533 40W Led Cand 3Pk,"Philips, 588533 40W Led Cand 3pk",Philips 588533 40W Led Cand 3Pk,"Philips, 588533 40W Led Cand 3pk",,,,,,,,,,,,,,,,,,,,,,,,,,,,,,,,,,,,,,,,,,,,,,,,,,,,,,,,,,,,,,,,,,,,,,,,,,,,,,,,,,,,,,,,,,,,,,,,,,,,,,,,,,,,,,,,,,,,,,,,,,,,,,,,,,,,,,,,,,,,,,,,,,,,,,,,,,,,,,,,,,,,,,,,,,,,,,,,,,,,,,,,,,,,,,,,,,,,,,,,,,,,,,,,,,,,,,,,,,,,,,,
,,,,,,576520,,,,576520,576520,576520 65W Led Med 27k,,,Philips,Phillips Lighting (5831),Philips,Philips,,576520,,,"Philips, 65W Led Med 27K, 576520, 576520",65W LED MED 27K,Philips 576520 65W Led Med 27K,"Philips, 576520 65W Led Med 27k",Philips 576520 65W Led Med 27K,"Philips, 576520 65W Led Med 27k",,,,,,,,,,,,,,,,,,,,,,,,,,,,,,,,,,,,,,,,,,,,,,,,,,,,,,,,,,,,,,,,,,,,,,,,,,,,,,,,,,,,,,,,,,,,,,,,,,,,,,,,,,,,,,,,,,,,,,,,,,,,,,,,,,,,,,,,,,,,,,,,,,,,,,,,,,,,,,,,,,,,,,,,,,,,,,,,,,,,,,,,,,,,,,,,,,,,,,,,,,,,,,,,,,,,,,,,,,,,,,,
,,,,,,574004,,,,574004,574004,574004 75W Led ST19 27k 2pk,,,Philips,Phillips Lighting (5831),Philips,Philips,,574004,,,"Philips, 75W Led St19 27K 2Pk, 574004, 574004",75W LED ST19 27K 2PK,Philips 574004 75W Led St19 27K 2Pk,"Philips, 574004 75W Led ST19 27k 2pk",Philips 574004 75W Led St19 27K 2Pk,"Philips, 574004 75W Led ST19 27k 2pk",,,,,,,,,,,,,,,,,,,,,,,,,,,,,,,,,,,,,,,,,,,,,,,,,,,,,,,,,,,,,,,,,,,,,,,,,,,,,,,,,,,,,,,,,,,,,,,,,,,,,,,,,,,,,,,,,,,,,,,,,,,,,,,,,,,,,,,,,,,,,,,,,,,,,,,,,,,,,,,,,,,,,,,,,,,,,,,,,,,,,,,,,,,,,,,,,,,,,,,,,,,,,,,,,,,,,,,,,,,,,,,
,,,,,,574012,,,,574012,574012,574012 75W Led ST19 50k 2pk,,,Philips,Phillips Lighting (5831),Philips,Philips,,574012,,,"Philips, 75W Led St19 50K 2Pk, 574012, 574012",75W LED ST19 50K 2PK,Philips 574012 75W Led St19 50K 2Pk,"Philips, 574012 75W Led ST19 50k 2pk",Philips 574012 75W Led St19 50K 2Pk,"Philips, 574012 75W Led ST19 50k 2pk",,,,,,,,,,,,,,,,,,,,,,,,,,,,,,,,,,,,,,,,,,,,,,,,,,,,,,,,,,,,,,,,,,,,,,,,,,,,,,,,,,,,,,,,,,,,,,,,,,,,,,,,,,,,,,,,,,,,,,,,,,,,,,,,,,,,,,,,,,,,,,,,,,,,,,,,,,,,,,,,,,,,,,,,,,,,,,,,,,,,,,,,,,,,,,,,,,,,,,,,,,,,,,,,,,,,,,,,,,,,,,,
,,,,,,573971,,,,573971,573971,573971 75W Led ST19 20k 4pk,,,Philips,Phillips Lighting (5831),Philips,Philips,,573971,,,"Philips, 75W Led St19 20K 4Pk, 573971, 573971",75W LED ST19 20K 4PK,Philips 573971 75W Led St19 20K 4Pk,"Philips, 573971 75W Led ST19 20k 4pk",Philips 573971 75W Led St19 20K 4Pk,"Philips, 573971 75W Led ST19 20k 4pk",,,,,,,,,,,,,,,,,,,,,,,,,,,,,,,,,,,,,,,,,,,,,,,,,,,,,,,,,,,,,,,,,,,,,,,,,,,,,,,,,,,,,,,,,,,,,,,,,,,,,,,,,,,,,,,,,,,,,,,,,,,,,,,,,,,,,,,,,,,,,,,,,,,,,,,,,,,,,,,,,,,,,,,,,,,,,,,,,,,,,,,,,,,,,,,,,,,,,,,,,,,,,,,,,,,,,,,,,,,,,,,
,,,,,,573989,,,,573989,573989,573989 40W Led Med 27K 4pk,,,Philips,Phillips Lighting (5831),Philips,Philips,,573989,,,"Philips, 40W Led Med 27K 4Pk, 573989, 573989",40W LED MED 27K 4PK,Philips 573989 40W Led Med 27K 4Pk,"Philips, 573989 40W Led Med 27K 4pk",Philips 573989 40W Led Med 27K 4Pk,"Philips, 573989 40W Led Med 27K 4pk",,,,,,,,,,,,,,,,,,,,,,,,,,,,,,,,,,,,,,,,,,,,,,,,,,,,,,,,,,,,,,,,,,,,,,,,,,,,,,,,,,,,,,,,,,,,,,,,,,,,,,,,,,,,,,,,,,,,,,,,,,,,,,,,,,,,,,,,,,,,,,,,,,,,,,,,,,,,,,,,,,,,,,,,,,,,,,,,,,,,,,,,,,,,,,,,,,,,,,,,,,,,,,,,,,,,,,,,,,,,,,,
,,,,,,576769,,,,576769,576769,576769 65W Led BR30 Med 27k,,,Philips,Phillips Lighting (5831),Philips,Philips,,576769,,,"Philips, 65W Led Br30 Med 27K, 576769, 576769",65W LED BR30 MED 27K,Philips 576769 65W Led Br30 Med 27K,"Philips, 576769 65W Led BR30 Med 27k",Philips 576769 65W Led Br30 Med 27K,"Philips, 576769 65W Led BR30 Med 27k",,,,,,,,,,,,,,,,,,,,,,,,,,,,,,,,,,,,,,,,,,,,,,,,,,,,,,,,,,,,,,,,,,,,,,,,,,,,,,,,,,,,,,,,,,,,,,,,,,,,,,,,,,,,,,,,,,,,,,,,,,,,,,,,,,,,,,,,,,,,,,,,,,,,,,,,,,,,,,,,,,,,,,,,,,,,,,,,,,,,,,,,,,,,,,,,,,,,,,,,,,,,,,,,,,,,,,,,,,,,,,,
,,,,,,567446,,,,567446,567446,567446 60W Led Med 50K 3pk,,,Philips,Phillips Lighting (5831),Philips,Philips,,567446,,,"Philips, 60W Led Med 50K 3Pk, 567446, 567446",60W LED MED 50K 3PK,Philips 567446 60W Led Med 50K 3Pk,"Philips, 567446 60W Led Med 50K 3pk",Philips 567446 60W Led Med 50K 3Pk,"Philips, 567446 60W Led Med 50K 3pk",,,,,,,,,,,,,,,,,,,,,,,,,,,,,,,,,,,,,,,,,,,,,,,,,,,,,,,,,,,,,,,,,,,,,,,,,,,,,,,,,,,,,,,,,,,,,,,,,,,,,,,,,,,,,,,,,,,,,,,,,,,,,,,,,,,,,,,,,,,,,,,,,,,,,,,,,,,,,,,,,,,,,,,,,,,,,,,,,,,,,,,,,,,,,,,,,,,,,,,,,,,,,,,,,,,,,,,,,,,,,,,
,,,,,,573997,,,,573997,573997,573997 40W Led Med 50k 4pk,,,Philips,Phillips Lighting (5831),Philips,Philips,,573997,,,"Philips, 40W Led Med 50K 4Pk, 573997, 573997",40W LED MED 50K 4PK,Philips 573997 40W Led Med 50K 4Pk,"Philips, 573997 40W Led Med 50k 4pk",Philips 573997 40W Led Med 50K 4Pk,"Philips, 573997 40W Led Med 50k 4pk",,,,,,,,,,,,,,,,,,,,,,,,,,,,,,,,,,,,,,,,,,,,,,,,,,,,,,,,,,,,,,,,,,,,,,,,,,,,,,,,,,,,,,,,,,,,,,,,,,,,,,,,,,,,,,,,,,,,,,,,,,,,,,,,,,,,,,,,,,,,,,,,,,,,,,,,,,,,,,,,,,,,,,,,,,,,,,,,,,,,,,,,,,,,,,,,,,,,,,,,,,,,,,,,,,,,,,,,,,,,,,,
,,,,,,571463,,,,571463,571463,571463 100W Led BR30 Med 50k,,,Philips,Phillips Lighting (5831),Philips,Philips,,571463,,,"Philips, 100W Led Br30 Med 50K, 571463, 571463",100W LED BR30 MED 50K,Philips 571463 100W Led Br30 Med 50K,"Philips, 571463 100W Led BR30 Med 50k",Philips 571463 100W Led Br30 Med 50K,"Philips, 571463 100W Led BR30 Med 50k",,,,,,,,,,,,,,,,,,,,,,,,,,,,,,,,,,,,,,,,,,,,,,,,,,,,,,,,,,,,,,,,,,,,,,,,,,,,,,,,,,,,,,,,,,,,,,,,,,,,,,,,,,,,,,,,,,,,,,,,,,,,,,,,,,,,,,,,,,,,,,,,,,,,,,,,,,,,,,,,,,,,,,,,,,,,,,,,,,,,,,,,,,,,,,,,,,,,,,,,,,,,,,,,,,,,,,,,,,,,,,,
,,,,,,576512,,,,576512,576512,576512 65W Led BR40 Med 27k,,,Philips,Phillips Lighting (5831),Philips,Philips,,576512,,,"Philips, 65W Led Br40 Med 27K, 576512, 576512",65W LED BR40 MED 27K,Philips 576512 65W Led Br40 Med 27K,"Philips, 576512 65W Led BR40 Med 27k",Philips 576512 65W Led Br40 Med 27K,"Philips, 576512 65W Led BR40 Med 27k",,,,,,,,,,,,,,,,,,,,,,,,,,,,,,,,,,,,,,,,,,,,,,,,,,,,,,,,,,,,,,,,,,,,,,,,,,,,,,,,,,,,,,,,,,,,,,,,,,,,,,,,,,,,,,,,,,,,,,,,,,,,,,,,,,,,,,,,,,,,,,,,,,,,,,,,,,,,,,,,,,,,,,,,,,,,,,,,,,,,,,,,,,,,,,,,,,,,,,,,,,,,,,,,,,,,,,,,,,,,,,,
,,,,,,581181,,,,581181,581181,581181 40W Led Med 2pk,,,Philips,Phillips Lighting (5831),Philips,Philips,,581181,,,"Philips, 40W Led Med 2Pk, 581181, 581181",40W LED MED 2PK,Philips 581181 40W Led Med 2Pk,"Philips, 581181 40W Led Med 2pk",Philips 581181 40W Led Med 2Pk,"Philips, 581181 40W Led Med 2pk",,,,,,,,,,,,,,,,,,,,,,,,,,,,,,,,,,,,,,,,,,,,,,,,,,,,,,,,,,,,,,,,,,,,,,,,,,,,,,,,,,,,,,,,,,,,,,,,,,,,,,,,,,,,,,,,,,,,,,,,,,,,,,,,,,,,,,,,,,,,,,,,,,,,,,,,,,,,,,,,,,,,,,,,,,,,,,,,,,,,,,,,,,,,,,,,,,,,,,,,,,,,,,,,,,,,,,,,,,,,,,,
,,,,,,GT-CB-100C,,,,GT-CB-100C,GT-CB-100C,GTCB100C Led 100W Cob Bulb,,,GT-Lite,Keystone (5702),GT-Lite,GT-Lite,,GT-CB-100C,,,"GT-Lite, Gt-Lite, Gtcb100C Led 100W Cob Bulb, Gt-Cb-100C, GT",GTCB100C LED 100W COB BULB,Gt-Lite Gt-Cb-100C Gtcb100C Led 100W Cob Bulb,"GT-Lite, GTCB100C Led 100W Cob Bulb, Part Number: GT-CB-100C",Gt-Lite Gt-Cb-100C Gtcb100C Led 100W Cob Bulb,"GT-Lite, GTCB100C Led 100W Cob Bulb, Part Number: GT-CB-100C",,,,,,,,,,,,,,,,,,,,,,,,,,,,,,,,,,,,,,,,,,,,,,,,,,,,,,,,,,,,,,,,,,,,,,,,,,,,,,,,,,,,,,,,,,,,,,,,,,,,,,,,,,,,,,,,,,,,,,,,,,,,,,,,,,,,,,,,,,,,,,,,,,,,,,,,,,,,,,,,,,,,,,,,,,,,,,,,,,,,,,,,,,,,,,,,,,,,,,,,,,,,,,,,,,,,,,,,,,,,,,,
,,,,,,566430,,,,566430,566430,566430 75W Led Med 50k 4pk,,,Philips,Phillips Lighting (5831),Philips,Philips,,566430,,,"Philips, 75W Led Med 50K 4Pk, 566430, 566430",75W LED MED 50K 4PK,Philips 566430 75W Led Med 50K 4Pk,"Philips, 566430 75W Led Med 50k 4pk",Philips 566430 75W Led Med 50K 4Pk,"Philips, 566430 75W Led Med 50k 4pk",,,,,,,,,,,,,,,,,,,,,,,,,,,,,,,,,,,,,,,,,,,,,,,,,,,,,,,,,,,,,,,,,,,,,,,,,,,,,,,,,,,,,,,,,,,,,,,,,,,,,,,,,,,,,,,,,,,,,,,,,,,,,,,,,,,,,,,,,,,,,,,,,,,,,,,,,,,,,,,,,,,,,,,,,,,,,,,,,,,,,,,,,,,,,,,,,,,,,,,,,,,,,,,,,,,,,,,,,,,,,,,
,,,,,,568337,,,,568337,568337,568337 120W Led Par38 Med 50k,,,Philips,Phillips Lighting (5831),Philips,Philips,,568337,,,"Philips, 120W Led Par38 Med 50K, 568337, 568337",120W LED PAR38 MED 50K,Philips 568337 120W Led Par38 Med 50K,"Philips, 568337 120W Led Par38 Med 50k",Philips 568337 120W Led Par38 Med 50K,"Philips, 568337 120W Led Par38 Med 50k",,,,,,,,,,,,,,,,,,,,,,,,,,,,,,,,,,,,,,,,,,,,,,,,,,,,,,,,,,,,,,,,,,,,,,,,,,,,,,,,,,,,,,,,,,,,,,,,,,,,,,,,,,,,,,,,,,,,,,,,,,,,,,,,,,,,,,,,,,,,,,,,,,,,,,,,,,,,,,,,,,,,,,,,,,,,,,,,,,,,,,,,,,,,,,,,,,,,,,,,,,,,,,,,,,,,,,,,,,,,,,,
,,,,,,565788,,,,565788,565788,565788 40W Led A19 Med 27k,,,Philips,Phillips Lighting (5831),Philips,Philips,,565788,,,"Philips, 40W Led A19 Med 27K, 565788, 565788",40W LED A19 MED 27K,Philips 565788 40W Led A19 Med 27K,"Philips, 565788 40W Led A19 Med 27k",Philips 565788 40W Led A19 Med 27K,"Philips, 565788 40W Led A19 Med 27k",,,,,,,,,,,,,,,,,,,,,,,,,,,,,,,,,,,,,,,,,,,,,,,,,,,,,,,,,,,,,,,,,,,,,,,,,,,,,,,,,,,,,,,,,,,,,,,,,,,,,,,,,,,,,,,,,,,,,,,,,,,,,,,,,,,,,,,,,,,,,,,,,,,,,,,,,,,,,,,,,,,,,,,,,,,,,,,,,,,,,,,,,,,,,,,,,,,,,,,,,,,,,,,,,,,,,,,,,,,,,,,
,,,,,,565770,,,,565770,565770,565770 40W Led A19 Med 50k,,,Philips,Phillips Lighting (5831),Philips,Philips,,565770,,,"Philips, 40W Led A19 Med 50K, 565770, 565770",40W LED A19 MED 50K,Philips 565770 40W Led A19 Med 50K,"Philips, 565770 40W Led A19 Med 50k",Philips 565770 40W Led A19 Med 50K,"Philips, 565770 40W Led A19 Med 50k",,,,,,,,,,,,,,,,,,,,,,,,,,,,,,,,,,,,,,,,,,,,,,,,,,,,,,,,,,,,,,,,,,,,,,,,,,,,,,,,,,,,,,,,,,,,,,,,,,,,,,,,,,,,,,,,,,,,,,,,,,,,,,,,,,,,,,,,,,,,,,,,,,,,,,,,,,,,,,,,,,,,,,,,,,,,,,,,,,,,,,,,,,,,,,,,,,,,,,,,,,,,,,,,,,,,,,,,,,,,,,,
,,,,,,573436,,,,573436,573436,573436 60W Led A19 Med 27k 2pk,,,Philips,Phillips Lighting (5831),Philips,Philips,,573436,,,"Philips, 60W Led A19 Med 27K 2Pk, 573436, 573436",60W LED A19 MED 27K 2PK,Philips 573436 60W Led A19 Med 27K 2Pk,"Philips, 573436 60W Led A19 Med 27k 2pk",Philips 573436 60W Led A19 Med 27K 2Pk,"Philips, 573436 60W Led A19 Med 27k 2pk",,,,,,,,,,,,,,,,,,,,,,,,,,,,,,,,,,,,,,,,,,,,,,,,,,,,,,,,,,,,,,,,,,,,,,,,,,,,,,,,,,,,,,,,,,,,,,,,,,,,,,,,,,,,,,,,,,,,,,,,,,,,,,,,,,,,,,,,,,,,,,,,,,,,,,,,,,,,,,,,,,,,,,,,,,,,,,,,,,,,,,,,,,,,,,,,,,,,,,,,,,,,,,,,,,,,,,,,,,,,,,,
,,,,,,576538,,,,576538,576538,576538 65W Led BR30 Med 50k,,,Philips,Phillips Lighting (5831),Philips,Philips,,576538,,,"Philips, 65W Led Br30 Med 50K, 576538, 576538",65W LED BR30 MED 50K,Philips 576538 65W Led Br30 Med 50K,"Philips, 576538 65W Led BR30 Med 50k",Philips 576538 65W Led Br30 Med 50K,"Philips, 576538 65W Led BR30 Med 50k",,,,,,,,,,,,,,,,,,,,,,,,,,,,,,,,,,,,,,,,,,,,,,,,,,,,,,,,,,,,,,,,,,,,,,,,,,,,,,,,,,,,,,,,,,,,,,,,,,,,,,,,,,,,,,,,,,,,,,,,,,,,,,,,,,,,,,,,,,,,,,,,,,,,,,,,,,,,,,,,,,,,,,,,,,,,,,,,,,,,,,,,,,,,,,,,,,,,,,,,,,,,,,,,,,,,,,,,,,,,,,,
,,,,,,573451,,,,573451,573451,573451 40W Led Med 27k 2pk,,,Philips,Phillips Lighting (5831),Philips,Philips,,573451,,,"Philips, 40W Led Med 27K 2Pk, 573451, 573451",40W LED MED 27K 2PK,Philips 573451 40W Led Med 27K 2Pk,"Philips, 573451 40W Led Med 27k 2pk",Philips 573451 40W Led Med 27K 2Pk,"Philips, 573451 40W Led Med 27k 2pk",,,,,,,,,,,,,,,,,,,,,,,,,,,,,,,,,,,,,,,,,,,,,,,,,,,,,,,,,,,,,,,,,,,,,,,,,,,,,,,,,,,,,,,,,,,,,,,,,,,,,,,,,,,,,,,,,,,,,,,,,,,,,,,,,,,,,,,,,,,,,,,,,,,,,,,,,,,,,,,,,,,,,,,,,,,,,,,,,,,,,,,,,,,,,,,,,,,,,,,,,,,,,,,,,,,,,,,,,,,,,,,
,,,,,,586883,,,,586883,586883,586883 100W Led Multi CCT 2pk,,,Philips,Phillips Lighting (5831),Philips,Philips,,586883,,,"Philips, 100W Led Multi Cct 2Pk, 586883, 586883",100W LED MULTI CCT 2PK,Philips 586883 100W Led Multi Cct 2Pk,"Philips, 586883 100W Led Multi CCT 2pk",Philips 586883 100W Led Multi Cct 2Pk,"Philips, 586883 100W Led Multi CCT 2pk",,,,,,,,,,,,,,,,,,,,,,,,,,,,,,,,,,,,,,,,,,,,,,,,,,,,,,,,,,,,,,,,,,,,,,,,,,,,,,,,,,,,,,,,,,,,,,,,,,,,,,,,,,,,,,,,,,,,,,,,,,,,,,,,,,,,,,,,,,,,,,,,,,,,,,,,,,,,,,,,,,,,,,,,,,,,,,,,,,,,,,,,,,,,,,,,,,,,,,,,,,,,,,,,,,,,,,,,,,,,,,,
,,,,,,586859,,,,586859,586859,586859 40W Led Med 27K Back Up,,,Philips,Phillips Lighting (5831),Philips,Philips,,586859,,,"Philips, 40W Led Med 27K Back Up, 586859, 586859",40W LED MED 27K BACK UP,Philips 586859 40W Led Med 27K Back Up,"Philips, 586859 40W Led Med 27K Back Up",Philips 586859 40W Led Med 27K Back Up,"Philips, 586859 40W Led Med 27K Back Up",,,,,,,,,,,,,,,,,,,,,,,,,,,,,,,,,,,,,,,,,,,,,,,,,,,,,,,,,,,,,,,,,,,,,,,,,,,,,,,,,,,,,,,,,,,,,,,,,,,,,,,,,,,,,,,,,,,,,,,,,,,,,,,,,,,,,,,,,,,,,,,,,,,,,,,,,,,,,,,,,,,,,,,,,,,,,,,,,,,,,,,,,,,,,,,,,,,,,,,,,,,,,,,,,,,,,,,,,,,,,,,
,,,,,,576488,,,,576488,576488,576488 45W Led R20 Med 50k,,,Philips,Phillips Lighting (5831),Philips,Philips,,576488,,,"Philips, 45W Led R20 Med 50K, 576488, 576488",45W LED R20 MED 50K,Philips 576488 45W Led R20 Med 50K,"Philips, 576488 45W Led R20 Med 50k",Philips 576488 45W Led R20 Med 50K,"Philips, 576488 45W Led R20 Med 50k",,,,,,,,,,,,,,,,,,,,,,,,,,,,,,,,,,,,,,,,,,,,,,,,,,,,,,,,,,,,,,,,,,,,,,,,,,,,,,,,,,,,,,,,,,,,,,,,,,,,,,,,,,,,,,,,,,,,,,,,,,,,,,,,,,,,,,,,,,,,,,,,,,,,,,,,,,,,,,,,,,,,,,,,,,,,,,,,,,,,,,,,,,,,,,,,,,,,,,,,,,,,,,,,,,,,,,,,,,,,,,,
,,,,,,575217,,,,575217,575217,575217 60W Led Med 50k 2pk,,,Philips,Phillips Lighting (5831),Philips,Philips,,575217,,,"Philips, 60W Led Med 50K 2Pk, 575217, 575217",60W LED MED 50K 2PK,Philips 575217 60W Led Med 50K 2Pk,"Philips, 575217 60W Led Med 50k 2pk",Philips 575217 60W Led Med 50K 2Pk,"Philips, 575217 60W Led Med 50k 2pk",,,,,,,,,,,,,,,,,,,,,,,,,,,,,,,,,,,,,,,,,,,,,,,,,,,,,,,,,,,,,,,,,,,,,,,,,,,,,,,,,,,,,,,,,,,,,,,,,,,,,,,,,,,,,,,,,,,,,,,,,,,,,,,,,,,,,,,,,,,,,,,,,,,,,,,,,,,,,,,,,,,,,,,,,,,,,,,,,,,,,,,,,,,,,,,,,,,,,,,,,,,,,,,,,,,,,,,,,,,,,,,
,,,,,,586479,,,,586479,586479,586479 90W Led Med Multi CCT,,,Philips,Phillips Lighting (5831),Philips,Philips,,586479,,,"Philips, 90W Led Med Multi Cct, 586479, 586479",90W LED MED MULTI CCT,Philips 586479 90W Led Med Multi Cct,"Philips, 586479 90W Led Med Multi CCT",Philips 586479 90W Led Med Multi Cct,"Philips, 586479 90W Led Med Multi CCT",,,,,,,,,,,,,,,,,,,,,,,,,,,,,,,,,,,,,,,,,,,,,,,,,,,,,,,,,,,,,,,,,,,,,,,,,,,,,,,,,,,,,,,,,,,,,,,,,,,,,,,,,,,,,,,,,,,,,,,,,,,,,,,,,,,,,,,,,,,,,,,,,,,,,,,,,,,,,,,,,,,,,,,,,,,,,,,,,,,,,,,,,,,,,,,,,,,,,,,,,,,,,,,,,,,,,,,,,,,,,,,
,,,,,,571471,,,,571471,571471,571471 100W Led BR30 Med 27k,,,Philips,Phillips Lighting (5831),Philips,Philips,,571471,,,"Philips, 100W Led Br30 Med 27K, 571471, 571471",100W LED BR30 MED 27K,Philips 571471 100W Led Br30 Med 27K,"Philips, 571471 100W Led BR30 Med 27k",Philips 571471 100W Led Br30 Med 27K,"Philips, 571471 100W Led BR30 Med 27k",,,,,,,,,,,,,,,,,,,,,,,,,,,,,,,,,,,,,,,,,,,,,,,,,,,,,,,,,,,,,,,,,,,,,,,,,,,,,,,,,,,,,,,,,,,,,,,,,,,,,,,,,,,,,,,,,,,,,,,,,,,,,,,,,,,,,,,,,,,,,,,,,,,,,,,,,,,,,,,,,,,,,,,,,,,,,,,,,,,,,,,,,,,,,,,,,,,,,,,,,,,,,,,,,,,,,,,,,,,,,,,
,,,,,,570762,,,,570762,570762,570762 50W Led Par16 30k 3pk,,,Philips,Phillips Lighting (5831),Philips,Philips,,570762,,,"Philips, 50W Led Par16 30K 3Pk, 570762, 570762",50W LED PAR16 30K 3PK,Philips 570762 50W Led Par16 30K 3Pk,"Philips, 570762 50W Led Par16 30k 3pk",Philips 570762 50W Led Par16 30K 3Pk,"Philips, 570762 50W Led Par16 30k 3pk",,,,,,,,,,,,,,,,,,,,,,,,,,,,,,,,,,,,,,,,,,,,,,,,,,,,,,,,,,,,,,,,,,,,,,,,,,,,,,,,,,,,,,,,,,,,,,,,,,,,,,,,,,,,,,,,,,,,,,,,,,,,,,,,,,,,,,,,,,,,,,,,,,,,,,,,,,,,,,,,,,,,,,,,,,,,,,,,,,,,,,,,,,,,,,,,,,,,,,,,,,,,,,,,,,,,,,,,,,,,,,,
,,,,,,533352,,,,533352,533352,571505 150W Led Med 50k,,,Philips,Phillips Lighting (5831),Philips,Philips,,533352,,,"Philips, 571505 150W Led Med 50K, 533352, 533352",571505 150W LED MED 50K,Philips 533352 571505 150W Led Med 50K,"Philips, 571505 150W Led Med 50k, Part Number: 533352",Philips 533352 571505 150W Led Med 50K,"Philips, 571505 150W Led Med 50k, Part Number: 533352",,,,,,,,,,,,,,,,,,,,,,,,,,,,,,,,,,,,,,,,,,,,,,,,,,,,,,,,,,,,,,,,,,,,,,,,,,,,,,,,,,,,,,,,,,,,,,,,,,,,,,,,,,,,,,,,,,,,,,,,,,,,,,,,,,,,,,,,,,,,,,,,,,,,,,,,,,,,,,,,,,,,,,,,,,,,,,,,,,,,,,,,,,,,,,,,,,,,,,,,,,,,,,,,,,,,,,,,,,,,,,,
,,,,,,573519,,,,573519,573519,573519 100W Led A21 27k 2pk,,,Philips,Phillips Lighting (5831),Philips,Philips,,573519,,,"Philips, 100W Led A21 27K 2Pk, 573519, 573519",100W LED A21 27K 2PK,Philips 573519 100W Led A21 27K 2Pk,"Philips, 573519 100W Led A21 27k 2pk",Philips 573519 100W Led A21 27K 2Pk,"Philips, 573519 100W Led A21 27k 2pk",,,,,,,,,,,,,,,,,,,,,,,,,,,,,,,,,,,,,,,,,,,,,,,,,,,,,,,,,,,,,,,,,,,,,,,,,,,,,,,,,,,,,,,,,,,,,,,,,,,,,,,,,,,,,,,,,,,,,,,,,,,,,,,,,,,,,,,,,,,,,,,,,,,,,,,,,,,,,,,,,,,,,,,,,,,,,,,,,,,,,,,,,,,,,,,,,,,,,,,,,,,,,,,,,,,,,,,,,,,,,,,
,,,,,,573378,,,,573378,573378,573378 60W Led Med 27k 3pk,,,Philips,Phillips Lighting (5831),Philips,Philips,,573378,,,"Philips, 60W Led Med 27K 3Pk, 573378, 573378",60W LED MED 27K 3PK,Philips 573378 60W Led Med 27K 3Pk,"Philips, 573378 60W Led Med 27k 3pk",Philips 573378 60W Led Med 27K 3Pk,"Philips, 573378 60W Led Med 27k 3pk",,,,,,,,,,,,,,,,,,,,,,,,,,,,,,,,,,,,,,,,,,,,,,,,,,,,,,,,,,,,,,,,,,,,,,,,,,,,,,,,,,,,,,,,,,,,,,,,,,,,,,,,,,,,,,,,,,,,,,,,,,,,,,,,,,,,,,,,,,,,,,,,,,,,,,,,,,,,,,,,,,,,,,,,,,,,,,,,,,,,,,,,,,,,,,,,,,,,,,,,,,,,,,,,,,,,,,,,,,,,,,,
,,,,,,565622,,,,565622,565622,565622 60W Led Med 20k,,,Philips,Phillips Lighting (5831),Philips,Philips,,565622,,,"Philips, 60W Led Med 20K, 565622, 565622",60W LED MED 20K,Philips 565622 60W Led Med 20K,"Philips, 565622 60W Led Med 20k",Philips 565622 60W Led Med 20K,"Philips, 565622 60W Led Med 20k",,,,,,,,,,,,,,,,,,,,,,,,,,,,,,,,,,,,,,,,,,,,,,,,,,,,,,,,,,,,,,,,,,,,,,,,,,,,,,,,,,,,,,,,,,,,,,,,,,,,,,,,,,,,,,,,,,,,,,,,,,,,,,,,,,,,,,,,,,,,,,,,,,,,,,,,,,,,,,,,,,,,,,,,,,,,,,,,,,,,,,,,,,,,,,,,,,,,,,,,,,,,,,,,,,,,,,,,,,,,,,,
,,,,,,586891,,,,586891,586891,586891 Led 60W Med A19 27k,,,Philips,Phillips Lighting (5831),Philips,Philips,,586891,,,"Philips, Led 60W Med A19 27K, 586891, 586891",LED 60W MED A19 27K,Philips 586891 Led 60W Med A19 27K,"Philips, 586891 Led 60W Med A19 27k",Philips 586891 Led 60W Med A19 27K,"Philips, 586891 Led 60W Med A19 27k",,,,,,,,,,,,,,,,,,,,,,,,,,,,,,,,,,,,,,,,,,,,,,,,,,,,,,,,,,,,,,,,,,,,,,,,,,,,,,,,,,,,,,,,,,,,,,,,,,,,,,,,,,,,,,,,,,,,,,,,,,,,,,,,,,,,,,,,,,,,,,,,,,,,,,,,,,,,,,,,,,,,,,,,,,,,,,,,,,,,,,,,,,,,,,,,,,,,,,,,,,,,,,,,,,,,,,,,,,,,,,,
,,,,,,585448,,,,585448,585448,585448 120W Led Motion Bulb,,,Philips,Phillips Lighting (5831),Philips,Philips,,585448,,,"Philips, 120W Led Motion Bulb, 585448, 585448",120W LED MOTION BULB,Philips 585448 120W Led Motion Bulb,"Philips, 585448 120W Led Motion Bulb",Philips 585448 120W Led Motion Bulb,"Philips, 585448 120W Led Motion Bulb",,,,,,,,,,,,,,,,,,,,,,,,,,,,,,,,,,,,,,,,,,,,,,,,,,,,,,,,,,,,,,,,,,,,,,,,,,,,,,,,,,,,,,,,,,,,,,,,,,,,,,,,,,,,,,,,,,,,,,,,,,,,,,,,,,,,,,,,,,,,,,,,,,,,,,,,,,,,,,,,,,,,,,,,,,,,,,,,,,,,,,,,,,,,,,,,,,,,,,,,,,,,,,,,,,,,,,,,,,,,,,,
,,,,,,573444,,,,573444,573444,573444 60W Led A19 Med 50k 2pk,,,Philips,Phillips Lighting (5831),Philips,Philips,,573444,,,"Philips, 60W Led A19 Med 50K 2Pk, 573444, 573444",60W LED A19 MED 50K 2PK,Philips 573444 60W Led A19 Med 50K 2Pk,"Philips, 573444 60W Led A19 Med 50k 2pk",Philips 573444 60W Led A19 Med 50K 2Pk,"Philips, 573444 60W Led A19 Med 50k 2pk",,,,,,,,,,,,,,,,,,,,,,,,,,,,,,,,,,,,,,,,,,,,,,,,,,,,,,,,,,,,,,,,,,,,,,,,,,,,,,,,,,,,,,,,,,,,,,,,,,,,,,,,,,,,,,,,,,,,,,,,,,,,,,,,,,,,,,,,,,,,,,,,,,,,,,,,,,,,,,,,,,,,,,,,,,,,,,,,,,,,,,,,,,,,,,,,,,,,,,,,,,,,,,,,,,,,,,,,,,,,,,,
,,,,,,566687,,,,566687,566687,566687 60W Cand Led 27k 3pk,,,Philips,Phillips Lighting (5831),Philips,Philips,,566687,,,"Philips, 60W Cand Led 27K 3Pk, 566687, 566687",60W CAND LED 27K 3PK,Philips 566687 60W Cand Led 27K 3Pk,"Philips, 566687 60W Cand Led 27k 3pk",Philips 566687 60W Cand Led 27K 3Pk,"Philips, 566687 60W Cand Led 27k 3pk",,,,,,,,,,,,,,,,,,,,,,,,,,,,,,,,,,,,,,,,,,,,,,,,,,,,,,,,,,,,,,,,,,,,,,,,,,,,,,,,,,,,,,,,,,,,,,,,,,,,,,,,,,,,,,,,,,,,,,,,,,,,,,,,,,,,,,,,,,,,,,,,,,,,,,,,,,,,,,,,,,,,,,,,,,,,,,,,,,,,,,,,,,,,,,,,,,,,,,,,,,,,,,,,,,,,,,,,,,,,,,,
,,,,,,564385,,,,564385,564385,564385 40w Led Med 27k 2pk,,,Philips,Phillips Lighting (5831),Philips,Philips,,564385,,,"Philips, 40W Led Med 27K 2Pk, 564385, 564385",40W LED MED 27K 2PK,Philips 564385 40W Led Med 27K 2Pk,"Philips, 564385 40w Led Med 27k 2pk",Philips 564385 40W Led Med 27K 2Pk,"Philips, 564385 40w Led Med 27k 2pk",,,,,,,,,,,,,,,,,,,,,,,,,,,,,,,,,,,,,,,,,,,,,,,,,,,,,,,,,,,,,,,,,,,,,,,,,,,,,,,,,,,,,,,,,,,,,,,,,,,,,,,,,,,,,,,,,,,,,,,,,,,,,,,,,,,,,,,,,,,,,,,,,,,,,,,,,,,,,,,,,,,,,,,,,,,,,,,,,,,,,,,,,,,,,,,,,,,,,,,,,,,,,,,,,,,,,,,,,,,,,,,
,,,,,,566661,,,,566661,566661,566661 40W LED Cand 27k 3pk,,,Philips,Phillips Lighting (5831),Philips,Philips,,566661,,,"Philips, 40W Led Cand 27K 3Pk, 566661, 566661",40W LED CAND 27K 3PK,Philips 566661 40W Led Cand 27K 3Pk,"Philips, 566661 40W LED Cand 27k 3pk",Philips 566661 40W Led Cand 27K 3Pk,"Philips, 566661 40W LED Cand 27k 3pk",,,,,,,,,,,,,,,,,,,,,,,,,,,,,,,,,,,,,,,,,,,,,,,,,,,,,,,,,,,,,,,,,,,,,,,,,,,,,,,,,,,,,,,,,,,,,,,,,,,,,,,,,,,,,,,,,,,,,,,,,,,,,,,,,,,,,,,,,,,,,,,,,,,,,,,,,,,,,,,,,,,,,,,,,,,,,,,,,,,,,,,,,,,,,,,,,,,,,,,,,,,,,,,,,,,,,,,,,,,,,,,
,,,,,,564898,,,,564898,564898,564898 60W Cand Led 50k 3pk,,,Philips,Phillips Lighting (5831),Philips,Philips,,564898,,,"Philips, 60W Cand Led 50K 3Pk, 564898, 564898",60W CAND LED 50K 3PK,Philips 564898 60W Cand Led 50K 3Pk,"Philips, 564898 60W Cand Led 50k 3pk",Philips 564898 60W Cand Led 50K 3Pk,"Philips, 564898 60W Cand Led 50k 3pk",,,,,,,,,,,,,,,,,,,,,,,,,,,,,,,,,,,,,,,,,,,,,,,,,,,,,,,,,,,,,,,,,,,,,,,,,,,,,,,,,,,,,,,,,,,,,,,,,,,,,,,,,,,,,,,,,,,,,,,,,,,,,,,,,,,,,,,,,,,,,,,,,,,,,,,,,,,,,,,,,,,,,,,,,,,,,,,,,,,,,,,,,,,,,,,,,,,,,,,,,,,,,,,,,,,,,,,,,,,,,,,
,,,,,,538319,,,,538319,538319,588525 40W Led Cand 3pk,,,Philips,Phillips Lighting (5831),Philips,Philips,,538319,,,"Philips, 588525 40W Led Cand 3Pk, 538319, 538319",588525 40W LED CAND 3PK,Philips 538319 588525 40W Led Cand 3Pk,"Philips, 588525 40W Led Cand 3pk, Part Number: 538319",Philips 538319 588525 40W Led Cand 3Pk,"Philips, 588525 40W Led Cand 3pk, Part Number: 538319",,,,,,,,,,,,,,,,,,,,,,,,,,,,,,,,,,,,,,,,,,,,,,,,,,,,,,,,,,,,,,,,,,,,,,,,,,,,,,,,,,,,,,,,,,,,,,,,,,,,,,,,,,,,,,,,,,,,,,,,,,,,,,,,,,,,,,,,,,,,,,,,,,,,,,,,,,,,,,,,,,,,,,,,,,,,,,,,,,,,,,,,,,,,,,,,,,,,,,,,,,,,,,,,,,,,,,,,,,,,,,,
,,,,,,576009,,,,576009,576009,576009 100W Led Par30L Med 50k,,,Philips,Phillips Lighting (5831),Philips,Philips,,576009,,,"Philips, 100W Led Par30L Med 50K, 576009, 576009",100W LED PAR30L MED 50K,Philips 576009 100W Led Par30L Med 50K,"Philips, 576009 100W Led Par30L Med 50k",Philips 576009 100W Led Par30L Med 50K,"Philips, 576009 100W Led Par30L Med 50k",,,,,,,,,,,,,,,,,,,,,,,,,,,,,,,,,,,,,,,,,,,,,,,,,,,,,,,,,,,,,,,,,,,,,,,,,,,,,,,,,,,,,,,,,,,,,,,,,,,,,,,,,,,,,,,,,,,,,,,,,,,,,,,,,,,,,,,,,,,,,,,,,,,,,,,,,,,,,,,,,,,,,,,,,,,,,,,,,,,,,,,,,,,,,,,,,,,,,,,,,,,,,,,,,,,,,,,,,,,,,,,
,,,,,,564450,,,,564450,564450,564450 40W Led Cand 27k 2pk,,,Philips,Phillips Lighting (5831),Philips,Philips,,564450,,,"Philips, 40W Led Cand 27K 2Pk, 564450, 564450",40W LED CAND 27K 2PK,Philips 564450 40W Led Cand 27K 2Pk,"Philips, 564450 40W Led Cand 27k 2pk",Philips 564450 40W Led Cand 27K 2Pk,"Philips, 564450 40W Led Cand 27k 2pk",,,,,,,,,,,,,,,,,,,,,,,,,,,,,,,,,,,,,,,,,,,,,,,,,,,,,,,,,,,,,,,,,,,,,,,,,,,,,,,,,,,,,,,,,,,,,,,,,,,,,,,,,,,,,,,,,,,,,,,,,,,,,,,,,,,,,,,,,,,,,,,,,,,,,,,,,,,,,,,,,,,,,,,,,,,,,,,,,,,,,,,,,,,,,,,,,,,,,,,,,,,,,,,,,,,,,,,,,,,,,,,
,,,,,,572669,,,,572669,572669,572669 60W Led F15 Med 27k,,,Philips,Phillips Lighting (5831),Philips,Philips,,572669,,,"Philips, 60W Led F15 Med 27K, 572669, 572669",60W LED F15 MED 27K,Philips 572669 60W Led F15 Med 27K,"Philips, 572669 60W Led F15 Med 27k",Philips 572669 60W Led F15 Med 27K,"Philips, 572669 60W Led F15 Med 27k",,,,,,,,,,,,,,,,,,,,,,,,,,,,,,,,,,,,,,,,,,,,,,,,,,,,,,,,,,,,,,,,,,,,,,,,,,,,,,,,,,,,,,,,,,,,,,,,,,,,,,,,,,,,,,,,,,,,,,,,,,,,,,,,,,,,,,,,,,,,,,,,,,,,,,,,,,,,,,,,,,,,,,,,,,,,,,,,,,,,,,,,,,,,,,,,,,,,,,,,,,,,,,,,,,,,,,,,,,,,,,,
,,,,,,564906,,,,564906,564906,564906 60W Led Med 27k 2pk,,,Philips,Phillips Lighting (5831),Philips,Philips,,564906,,,"Philips, 60W Led Med 27K 2Pk, 564906, 564906",60W LED MED 27K 2PK,Philips 564906 60W Led Med 27K 2Pk,"Philips, 564906 60W Led Med 27k 2pk",Philips 564906 60W Led Med 27K 2Pk,"Philips, 564906 60W Led Med 27k 2pk",,,,,,,,,,,,,,,,,,,,,,,,,,,,,,,,,,,,,,,,,,,,,,,,,,,,,,,,,,,,,,,,,,,,,,,,,,,,,,,,,,,,,,,,,,,,,,,,,,,,,,,,,,,,,,,,,,,,,,,,,,,,,,,,,,,,,,,,,,,,,,,,,,,,,,,,,,,,,,,,,,,,,,,,,,,,,,,,,,,,,,,,,,,,,,,,,,,,,,,,,,,,,,,,,,,,,,,,,,,,,,,
,,,,,,573410,,,,573410,573410,573410 40W Led A19 Med 27k 2pk,,,Philips,Phillips Lighting (5831),Philips,Philips,,573410,,,"Philips, 40W Led A19 Med 27K 2Pk, 573410, 573410",40W LED A19 MED 27K 2PK,Philips 573410 40W Led A19 Med 27K 2Pk,"Philips, 573410 40W Led A19 Med 27k 2pk",Philips 573410 40W Led A19 Med 27K 2Pk,"Philips, 573410 40W Led A19 Med 27k 2pk",,,,,,,,,,,,,,,,,,,,,,,,,,,,,,,,,,,,,,,,,,,,,,,,,,,,,,,,,,,,,,,,,,,,,,,,,,,,,,,,,,,,,,,,,,,,,,,,,,,,,,,,,,,,,,,,,,,,,,,,,,,,,,,,,,,,,,,,,,,,,,,,,,,,,,,,,,,,,,,,,,,,,,,,,,,,,,,,,,,,,,,,,,,,,,,,,,,,,,,,,,,,,,,,,,,,,,,,,,,,,,,
,,,,,,576504,,,,576504,576504,576504 65W Led BR40 Med 50k,,,Philips,Phillips Lighting (5831),Philips,Philips,,576504,,,"Philips, 65W Led Br40 Med 50K, 576504, 576504",65W LED BR40 MED 50K,Philips 576504 65W Led Br40 Med 50K,"Philips, 576504 65W Led BR40 Med 50k",Philips 576504 65W Led Br40 Med 50K,"Philips, 576504 65W Led BR40 Med 50k",,,,,,,,,,,,,,,,,,,,,,,,,,,,,,,,,,,,,,,,,,,,,,,,,,,,,,,,,,,,,,,,,,,,,,,,,,,,,,,,,,,,,,,,,,,,,,,,,,,,,,,,,,,,,,,,,,,,,,,,,,,,,,,,,,,,,,,,,,,,,,,,,,,,,,,,,,,,,,,,,,,,,,,,,,,,,,,,,,,,,,,,,,,,,,,,,,,,,,,,,,,,,,,,,,,,,,,,,,,,,,,
,,,,,,576017,,,,576017,576017,576017 100W Led Par30L Med 30k,,,Philips,Phillips Lighting (5831),Philips,Philips,,576017,,,"Philips, 100W Led Par30L Med 30K, 576017, 576017",100W LED PAR30L MED 30K,Philips 576017 100W Led Par30L Med 30K,"Philips, 576017 100W Led Par30L Med 30k",Philips 576017 100W Led Par30L Med 30K,"Philips, 576017 100W Led Par30L Med 30k",,,,,,,,,,,,,,,,,,,,,,,,,,,,,,,,,,,,,,,,,,,,,,,,,,,,,,,,,,,,,,,,,,,,,,,,,,,,,,,,,,,,,,,,,,,,,,,,,,,,,,,,,,,,,,,,,,,,,,,,,,,,,,,,,,,,,,,,,,,,,,,,,,,,,,,,,,,,,,,,,,,,,,,,,,,,,,,,,,,,,,,,,,,,,,,,,,,,,,,,,,,,,,,,,,,,,,,,,,,,,,,
,,,,,,574392,,,,574392,574392,574392 40W Led B11 Med 27k 3pk,,,Philips,Phillips Lighting (5831),Philips,Philips,,574392,,,"Philips, 40W Led B11 Med 27K 3Pk, 574392, 574392",40W LED B11 MED 27K 3PK,Philips 574392 40W Led B11 Med 27K 3Pk,"Philips, 574392 40W Led B11 Med 27k 3pk",Philips 574392 40W Led B11 Med 27K 3Pk,"Philips, 574392 40W Led B11 Med 27k 3pk",,,,,,,,,,,,,,,,,,,,,,,,,,,,,,,,,,,,,,,,,,,,,,,,,,,,,,,,,,,,,,,,,,,,,,,,,,,,,,,,,,,,,,,,,,,,,,,,,,,,,,,,,,,,,,,,,,,,,,,,,,,,,,,,,,,,,,,,,,,,,,,,,,,,,,,,,,,,,,,,,,,,,,,,,,,,,,,,,,,,,,,,,,,,,,,,,,,,,,,,,,,,,,,,,,,,,,,,,,,,,,,
,,,,,,576751,,,,576751,576751,576751 65W Led BR30 Med 3pk,,,Philips,Phillips Lighting (5831),Philips,Philips,,576751,,,"Philips, 65W Led Br30 Med 3Pk, 576751, 576751",65W LED BR30 MED 3PK,Philips 576751 65W Led Br30 Med 3Pk,"Philips, 576751 65W Led BR30 Med 3pk",Philips 576751 65W Led Br30 Med 3Pk,"Philips, 576751 65W Led BR30 Med 3pk",,,,,,,,,,,,,,,,,,,,,,,,,,,,,,,,,,,,,,,,,,,,,,,,,,,,,,,,,,,,,,,,,,,,,,,,,,,,,,,,,,,,,,,,,,,,,,,,,,,,,,,,,,,,,,,,,,,,,,,,,,,,,,,,,,,,,,,,,,,,,,,,,,,,,,,,,,,,,,,,,,,,,,,,,,,,,,,,,,,,,,,,,,,,,,,,,,,,,,,,,,,,,,,,,,,,,,,,,,,,,,,
,,,,,,583161,,,,583161,583161,583161 Led 65W Med BR30 3pk,,,Philips,Phillips Lighting (5831),Philips,Philips,,583161,,,"Philips, Led 65W Med Br30 3Pk, 583161, 583161",LED 65W MED BR30 3PK,Philips 583161 Led 65W Med Br30 3Pk,"Philips, 583161 Led 65W Med BR30 3pk",Philips 583161 Led 65W Med Br30 3Pk,"Philips, 583161 Led 65W Med BR30 3pk",,,,,,,,,,,,,,,,,,,,,,,,,,,,,,,,,,,,,,,,,,,,,,,,,,,,,,,,,,,,,,,,,,,,,,,,,,,,,,,,,,,,,,,,,,,,,,,,,,,,,,,,,,,,,,,,,,,,,,,,,,,,,,,,,,,,,,,,,,,,,,,,,,,,,,,,,,,,,,,,,,,,,,,,,,,,,,,,,,,,,,,,,,,,,,,,,,,,,,,,,,,,,,,,,,,,,,,,,,,,,,,
,,,,,,566695,,,,566695,566695,566695 60W Led Med 27k 3pk,,,Philips,Phillips Lighting (5831),Philips,Philips,,566695,,,"Philips, 60W Led Med 27K 3Pk, 566695, 566695",60W LED MED 27K 3PK,Philips 566695 60W Led Med 27K 3Pk,"Philips, 566695 60W Led Med 27k 3pk",Philips 566695 60W Led Med 27K 3Pk,"Philips, 566695 60W Led Med 27k 3pk",,,,,,,,,,,,,,,,,,,,,,,,,,,,,,,,,,,,,,,,,,,,,,,,,,,,,,,,,,,,,,,,,,,,,,,,,,,,,,,,,,,,,,,,,,,,,,,,,,,,,,,,,,,,,,,,,,,,,,,,,,,,,,,,,,,,,,,,,,,,,,,,,,,,,,,,,,,,,,,,,,,,,,,,,,,,,,,,,,,,,,,,,,,,,,,,,,,,,,,,,,,,,,,,,,,,,,,,,,,,,,,
,,,,,,577007,,,,577007,577007,577007 125W Led Med 30k Flood,,,Philips,Phillips Lighting (5831),Philips,Philips,,577007,,,"Philips, 125W Led Med 30K Flood, 577007, 577007",125W LED MED 30K FLOOD,Philips 577007 125W Led Med 30K Flood,"Philips, 577007 125W Led Med 30k Flood",Philips 577007 125W Led Med 30K Flood,"Philips, 577007 125W Led Med 30k Flood",,,,,,,,,,,,,,,,,,,,,,,,,,,,,,,,,,,,,,,,,,,,,,,,,,,,,,,,,,,,,,,,,,,,,,,,,,,,,,,,,,,,,,,,,,,,,,,,,,,,,,,,,,,,,,,,,,,,,,,,,,,,,,,,,,,,,,,,,,,,,,,,,,,,,,,,,,,,,,,,,,,,,,,,,,,,,,,,,,,,,,,,,,,,,,,,,,,,,,,,,,,,,,,,,,,,,,,,,,,,,,,
,,,,,,566653,,,,566653,566653,566653 25W Led Cand 27k 3pk,,,Philips,Phillips Lighting (5831),Philips,Philips,,566653,,,"Philips, 25W Led Cand 27K 3Pk, 566653, 566653",25W LED CAND 27K 3PK,Philips 566653 25W Led Cand 27K 3Pk,"Philips, 566653 25W Led Cand 27k 3pk",Philips 566653 25W Led Cand 27K 3Pk,"Philips, 566653 25W Led Cand 27k 3pk",,,,,,,,,,,,,,,,,,,,,,,,,,,,,,,,,,,,,,,,,,,,,,,,,,,,,,,,,,,,,,,,,,,,,,,,,,,,,,,,,,,,,,,,,,,,,,,,,,,,,,,,,,,,,,,,,,,,,,,,,,,,,,,,,,,,,,,,,,,,,,,,,,,,,,,,,,,,,,,,,,,,,,,,,,,,,,,,,,,,,,,,,,,,,,,,,,,,,,,,,,,,,,,,,,,,,,,,,,,,,,,
,,,,,,566679,,,,566679,566679,566679 40W Led Med 27k 3pk,,,Philips,Phillips Lighting (5831),Philips,Philips,,566679,,,"Philips, 40W Led Med 27K 3Pk, 566679, 566679",40W LED MED 27K 3PK,Philips 566679 40W Led Med 27K 3Pk,"Philips, 566679 40W Led Med 27k 3pk",Philips 566679 40W Led Med 27K 3Pk,"Philips, 566679 40W Led Med 27k 3pk",,,,,,,,,,,,,,,,,,,,,,,,,,,,,,,,,,,,,,,,,,,,,,,,,,,,,,,,,,,,,,,,,,,,,,,,,,,,,,,,,,,,,,,,,,,,,,,,,,,,,,,,,,,,,,,,,,,,,,,,,,,,,,,,,,,,,,,,,,,,,,,,,,,,,,,,,,,,,,,,,,,,,,,,,,,,,,,,,,,,,,,,,,,,,,,,,,,,,,,,,,,,,,,,,,,,,,,,,,,,,,,
,,,,,,573311,,,,573311,573311,573311 60W Led Med 27k 2pk,,,Philips,Phillips Lighting (5831),Philips,Philips,,573311,,,"Philips, 60W Led Med 27K 2Pk, 573311, 573311",60W LED MED 27K 2PK,Philips 573311 60W Led Med 27K 2Pk,"Philips, 573311 60W Led Med 27k 2pk",Philips 573311 60W Led Med 27K 2Pk,"Philips, 573311 60W Led Med 27k 2pk",,,,,,,,,,,,,,,,,,,,,,,,,,,,,,,,,,,,,,,,,,,,,,,,,,,,,,,,,,,,,,,,,,,,,,,,,,,,,,,,,,,,,,,,,,,,,,,,,,,,,,,,,,,,,,,,,,,,,,,,,,,,,,,,,,,,,,,,,,,,,,,,,,,,,,,,,,,,,,,,,,,,,,,,,,,,,,,,,,,,,,,,,,,,,,,,,,,,,,,,,,,,,,,,,,,,,,,,,,,,,,,
,,,,,,573394,,,,573394,573394,573394 60W Led Cand 27k 2pk,,,Philips,Phillips Lighting (5831),Philips,Philips,,573394,,,"Philips, 60W Led Cand 27K 2Pk, 573394, 573394",60W LED CAND 27K 2PK,Philips 573394 60W Led Cand 27K 2Pk,"Philips, 573394 60W Led Cand 27k 2pk",Philips 573394 60W Led Cand 27K 2Pk,"Philips, 573394 60W Led Cand 27k 2pk",,,,,,,,,,,,,,,,,,,,,,,,,,,,,,,,,,,,,,,,,,,,,,,,,,,,,,,,,,,,,,,,,,,,,,,,,,,,,,,,,,,,,,,,,,,,,,,,,,,,,,,,,,,,,,,,,,,,,,,,,,,,,,,,,,,,,,,,,,,,,,,,,,,,,,,,,,,,,,,,,,,,,,,,,,,,,,,,,,,,,,,,,,,,,,,,,,,,,,,,,,,,,,,,,,,,,,,,,,,,,,,
,,,,,,573329,,,,573329,573329,573329 60W Cand Led 27k 2pk,,,Philips,Phillips Lighting (5831),Philips,Philips,,573329,,,"Philips, 60W Cand Led 27K 2Pk, 573329, 573329",60W CAND LED 27K 2PK,Philips 573329 60W Cand Led 27K 2Pk,"Philips, 573329 60W Cand Led 27k 2pk",Philips 573329 60W Cand Led 27K 2Pk,"Philips, 573329 60W Cand Led 27k 2pk",,,,,,,,,,,,,,,,,,,,,,,,,,,,,,,,,,,,,,,,,,,,,,,,,,,,,,,,,,,,,,,,,,,,,,,,,,,,,,,,,,,,,,,,,,,,,,,,,,,,,,,,,,,,,,,,,,,,,,,,,,,,,,,,,,,,,,,,,,,,,,,,,,,,,,,,,,,,,,,,,,,,,,,,,,,,,,,,,,,,,,,,,,,,,,,,,,,,,,,,,,,,,,,,,,,,,,,,,,,,,,,
,,,,,,564930,,,,564930,564930,564930 40W Cand Led 50k 3pk,,,Philips,Phillips Lighting (5831),Philips,Philips,,564930,,,"Philips, 40W Cand Led 50K 3Pk, 564930, 564930",40W CAND LED 50K 3PK,Philips 564930 40W Cand Led 50K 3Pk,"Philips, 564930 40W Cand Led 50k 3pk",Philips 564930 40W Cand Led 50K 3Pk,"Philips, 564930 40W Cand Led 50k 3pk",,,,,,,,,,,,,,,,,,,,,,,,,,,,,,,,,,,,,,,,,,,,,,,,,,,,,,,,,,,,,,,,,,,,,,,,,,,,,,,,,,,,,,,,,,,,,,,,,,,,,,,,,,,,,,,,,,,,,,,,,,,,,,,,,,,,,,,,,,,,,,,,,,,,,,,,,,,,,,,,,,,,,,,,,,,,,,,,,,,,,,,,,,,,,,,,,,,,,,,,,,,,,,,,,,,,,,,,,,,,,,,
,,,,,,565000,,,,565000,565000,565000 60W Led Med 27k 2pk,,,Philips,Phillips Lighting (5831),Philips,Philips,,565000,,,"Philips, 60W Led Med 27K 2Pk, 565000, 565000",60W LED MED 27K 2PK,Philips 565000 60W Led Med 27K 2Pk,"Philips, 565000 60W Led Med 27k 2pk",Philips 565000 60W Led Med 27K 2Pk,"Philips, 565000 60W Led Med 27k 2pk",,,,,,,,,,,,,,,,,,,,,,,,,,,,,,,,,,,,,,,,,,,,,,,,,,,,,,,,,,,,,,,,,,,,,,,,,,,,,,,,,,,,,,,,,,,,,,,,,,,,,,,,,,,,,,,,,,,,,,,,,,,,,,,,,,,,,,,,,,,,,,,,,,,,,,,,,,,,,,,,,,,,,,,,,,,,,,,,,,,,,,,,,,,,,,,,,,,,,,,,,,,,,,,,,,,,,,,,,,,,,,,
,,,,,,564922,,,,564922,564922,564922 60W Led BA11 50k 3pk,,,Philips,Phillips Lighting (5831),Philips,Philips,,564922,,,"Philips, 60W Led Ba11 50K 3Pk, 564922, 564922",60W LED BA11 50K 3PK,Philips 564922 60W Led Ba11 50K 3Pk,"Philips, 564922 60W Led BA11 50k 3pk",Philips 564922 60W Led Ba11 50K 3Pk,"Philips, 564922 60W Led BA11 50k 3pk",,,,,,,,,,,,,,,,,,,,,,,,,,,,,,,,,,,,,,,,,,,,,,,,,,,,,,,,,,,,,,,,,,,,,,,,,,,,,,,,,,,,,,,,,,,,,,,,,,,,,,,,,,,,,,,,,,,,,,,,,,,,,,,,,,,,,,,,,,,,,,,,,,,,,,,,,,,,,,,,,,,,,,,,,,,,,,,,,,,,,,,,,,,,,,,,,,,,,,,,,,,,,,,,,,,,,,,,,,,,,,,
,,,,,,573295,,,,573295,573295,573295 40W Led Med 27k 2pk,,,Philips,Phillips Lighting (5831),Philips,Philips,,573295,,,"Philips, 40W Led Med 27K 2Pk, 573295, 573295",40W LED MED 27K 2PK,Philips 573295 40W Led Med 27K 2Pk,"Philips, 573295 40W Led Med 27k 2pk",Philips 573295 40W Led Med 27K 2Pk,"Philips, 573295 40W Led Med 27k 2pk",,,,,,,,,,,,,,,,,,,,,,,,,,,,,,,,,,,,,,,,,,,,,,,,,,,,,,,,,,,,,,,,,,,,,,,,,,,,,,,,,,,,,,,,,,,,,,,,,,,,,,,,,,,,,,,,,,,,,,,,,,,,,,,,,,,,,,,,,,,,,,,,,,,,,,,,,,,,,,,,,,,,,,,,,,,,,,,,,,,,,,,,,,,,,,,,,,,,,,,,,,,,,,,,,,,,,,,,,,,,,,,
,,,,,,564914,,,,564914,564914,564914 60W Med Led 50k 2pk,,,Philips,Phillips Lighting (5831),Philips,Philips,,564914,,,"Philips, 60W Med Led 50K 2Pk, 564914, 564914",60W MED LED 50K 2PK,Philips 564914 60W Med Led 50K 2Pk,"Philips, 564914 60W Med Led 50k 2pk",Philips 564914 60W Med Led 50K 2Pk,"Philips, 564914 60W Med Led 50k 2pk",,,,,,,,,,,,,,,,,,,,,,,,,,,,,,,,,,,,,,,,,,,,,,,,,,,,,,,,,,,,,,,,,,,,,,,,,,,,,,,,,,,,,,,,,,,,,,,,,,,,,,,,,,,,,,,,,,,,,,,,,,,,,,,,,,,,,,,,,,,,,,,,,,,,,,,,,,,,,,,,,,,,,,,,,,,,,,,,,,,,,,,,,,,,,,,,,,,,,,,,,,,,,,,,,,,,,,,,,,,,,,,
,,,,,,573485,,,,573485,573485,573485 60W Led A19 Med 50k 2pk,,,Philips,Phillips Lighting (5831),Philips,Philips,,573485,,,"Philips, 60W Led A19 Med 50K 2Pk, 573485, 573485",60W LED A19 MED 50K 2PK,Philips 573485 60W Led A19 Med 50K 2Pk,"Philips, 573485 60W Led A19 Med 50k 2pk",Philips 573485 60W Led A19 Med 50K 2Pk,"Philips, 573485 60W Led A19 Med 50k 2pk",,,,,,,,,,,,,,,,,,,,,,,,,,,,,,,,,,,,,,,,,,,,,,,,,,,,,,,,,,,,,,,,,,,,,,,,,,,,,,,,,,,,,,,,,,,,,,,,,,,,,,,,,,,,,,,,,,,,,,,,,,,,,,,,,,,,,,,,,,,,,,,,,,,,,,,,,,,,,,,,,,,,,,,,,,,,,,,,,,,,,,,,,,,,,,,,,,,,,,,,,,,,,,,,,,,,,,,,,,,,,,,
,,,,,,573337,,,,573337,573337,573337 40W Led G25 Med 50k 2pk,,,Philips,Phillips Lighting (5831),Philips,Philips,,573337,,,"Philips, 40W Led G25 Med 50K 2Pk, 573337, 573337",40W LED G25 MED 50K 2PK,Philips 573337 40W Led G25 Med 50K 2Pk,"Philips, 573337 40W Led G25 Med 50k 2pk",Philips 573337 40W Led G25 Med 50K 2Pk,"Philips, 573337 40W Led G25 Med 50k 2pk",,,,,,,,,,,,,,,,,,,,,,,,,,,,,,,,,,,,,,,,,,,,,,,,,,,,,,,,,,,,,,,,,,,,,,,,,,,,,,,,,,,,,,,,,,,,,,,,,,,,,,,,,,,,,,,,,,,,,,,,,,,,,,,,,,,,,,,,,,,,,,,,,,,,,,,,,,,,,,,,,,,,,,,,,,,,,,,,,,,,,,,,,,,,,,,,,,,,,,,,,,,,,,,,,,,,,,,,,,,,,,,
,,,,,,544874,,,,544874,544874,544874 32W Led T8 UBulb 40k,,,Philips,Phillips Lighting (5831),Philips,Philips,,544874,,,"Philips, 32W Led T8 Ubulb 40K, 544874, 544874",32W LED T8 UBULB 40K,Philips 544874 32W Led T8 Ubulb 40K,"Philips, 544874 32W Led T8 UBulb 40k",Philips 544874 32W Led T8 Ubulb 40K,"Philips, 544874 32W Led T8 UBulb 40k",,,,,,,,,,,,,,,,,,,,,,,,,,,,,,,,,,,,,,,,,,,,,,,,,,,,,,,,,,,,,,,,,,,,,,,,,,,,,,,,,,,,,,,,,,,,,,,,,,,,,,,,,,,,,,,,,,,,,,,,,,,,,,,,,,,,,,,,,,,,,,,,,,,,,,,,,,,,,,,,,,,,,,,,,,,,,,,,,,,,,,,,,,,,,,,,,,,,,,,,,,,,,,,,,,,,,,,,,,,,,,,
,,,,,,570846,,,,570846,570846,570846 50W Led Med 22K 2pk,,,Philips,Phillips Lighting (5831),Philips,Philips,,570846,,,"Philips, 50W Led Med 22K 2Pk, 570846, 570846",50W LED MED 22K 2PK,Philips 570846 50W Led Med 22K 2Pk,"Philips, 570846 50W Led Med 22K 2pk",Philips 570846 50W Led Med 22K 2Pk,"Philips, 570846 50W Led Med 22K 2pk",,,,,,,,,,,,,,,,,,,,,,,,,,,,,,,,,,,,,,,,,,,,,,,,,,,,,,,,,,,,,,,,,,,,,,,,,,,,,,,,,,,,,,,,,,,,,,,,,,,,,,,,,,,,,,,,,,,,,,,,,,,,,,,,,,,,,,,,,,,,,,,,,,,,,,,,,,,,,,,,,,,,,,,,,,,,,,,,,,,,,,,,,,,,,,,,,,,,,,,,,,,,,,,,,,,,,,,,,,,,,,,
,,,,,,565473,,,,565473,565473,565473 60W Led A19 Bulb 2pk,,,Philips,Phillips Lighting (5831),Philips,Philips,,565473,,,"Philips, 60W Led A19 Bulb 2Pk, 565473, 565473",60W LED A19 BULB 2PK,Philips 565473 60W Led A19 Bulb 2Pk,"Philips, 565473 60W Led A19 Bulb 2pk",Philips 565473 60W Led A19 Bulb 2Pk,"Philips, 565473 60W Led A19 Bulb 2pk",,,,,,,,,,,,,,,,,,,,,,,,,,,,,,,,,,,,,,,,,,,,,,,,,,,,,,,,,,,,,,,,,,,,,,,,,,,,,,,,,,,,,,,,,,,,,,,,,,,,,,,,,,,,,,,,,,,,,,,,,,,,,,,,,,,,,,,,,,,,,,,,,,,,,,,,,,,,,,,,,,,,,,,,,,,,,,,,,,,,,,,,,,,,,,,,,,,,,,,,,,,,,,,,,,,,,,,,,,,,,,,
,,,,,,573402,,,,573402,573402,573402 60W Led Med 50k 2pk,,,Philips,Phillips Lighting (5831),Philips,Philips,,573402,,,"Philips, 60W Led Med 50K 2Pk, 573402, 573402",60W LED MED 50K 2PK,Philips 573402 60W Led Med 50K 2Pk,"Philips, 573402 60W Led Med 50k 2pk",Philips 573402 60W Led Med 50K 2Pk,"Philips, 573402 60W Led Med 50k 2pk",,,,,,,,,,,,,,,,,,,,,,,,,,,,,,,,,,,,,,,,,,,,,,,,,,,,,,,,,,,,,,,,,,,,,,,,,,,,,,,,,,,,,,,,,,,,,,,,,,,,,,,,,,,,,,,,,,,,,,,,,,,,,,,,,,,,,,,,,,,,,,,,,,,,,,,,,,,,,,,,,,,,,,,,,,,,,,,,,,,,,,,,,,,,,,,,,,,,,,,,,,,,,,,,,,,,,,,,,,,,,,,
,,,,,,573352,,,,573352,573352,573352 40W Led Med 27k 2pk,,,Philips,Phillips Lighting (5831),Philips,Philips,,573352,,,"Philips, 40W Led Med 27K 2Pk, 573352, 573352",40W LED MED 27K 2PK,Philips 573352 40W Led Med 27K 2Pk,"Philips, 573352 40W Led Med 27k 2pk",Philips 573352 40W Led Med 27K 2Pk,"Philips, 573352 40W Led Med 27k 2pk",,,,,,,,,,,,,,,,,,,,,,,,,,,,,,,,,,,,,,,,,,,,,,,,,,,,,,,,,,,,,,,,,,,,,,,,,,,,,,,,,,,,,,,,,,,,,,,,,,,,,,,,,,,,,,,,,,,,,,,,,,,,,,,,,,,,,,,,,,,,,,,,,,,,,,,,,,,,,,,,,,,,,,,,,,,,,,,,,,,,,,,,,,,,,,,,,,,,,,,,,,,,,,,,,,,,,,,,,,,,,,,
,,,,,,573428,,,,573428,573428,573428 40W Med Led 50k 2pk,,,Philips,Phillips Lighting (5831),Philips,Philips,,573428,,,"Philips, 40W Med Led 50K 2Pk, 573428, 573428",40W MED LED 50K 2PK,Philips 573428 40W Med Led 50K 2Pk,"Philips, 573428 40W Med Led 50k 2pk",Philips 573428 40W Med Led 50K 2Pk,"Philips, 573428 40W Med Led 50k 2pk",,,,,,,,,,,,,,,,,,,,,,,,,,,,,,,,,,,,,,,,,,,,,,,,,,,,,,,,,,,,,,,,,,,,,,,,,,,,,,,,,,,,,,,,,,,,,,,,,,,,,,,,,,,,,,,,,,,,,,,,,,,,,,,,,,,,,,,,,,,,,,,,,,,,,,,,,,,,,,,,,,,,,,,,,,,,,,,,,,,,,,,,,,,,,,,,,,,,,,,,,,,,,,,,,,,,,,,,,,,,,,,
,,,,,,573386,,,,573386,573386,573386 60W Led Med 27k 2pk,,,Philips,Phillips Lighting (5831),Philips,Philips,,573386,,,"Philips, 60W Led Med 27K 2Pk, 573386, 573386",60W LED MED 27K 2PK,Philips 573386 60W Led Med 27K 2Pk,"Philips, 573386 60W Led Med 27k 2pk",Philips 573386 60W Led Med 27K 2Pk,"Philips, 573386 60W Led Med 27k 2pk",,,,,,,,,,,,,,,,,,,,,,,,,,,,,,,,,,,,,,,,,,,,,,,,,,,,,,,,,,,,,,,,,,,,,,,,,,,,,,,,,,,,,,,,,,,,,,,,,,,,,,,,,,,,,,,,,,,,,,,,,,,,,,,,,,,,,,,,,,,,,,,,,,,,,,,,,,,,,,,,,,,,,,,,,,,,,,,,,,,,,,,,,,,,,,,,,,,,,,,,,,,,,,,,,,,,,,,,,,,,,,,
,,,,,,564948,,,,564948,564948,564948 40W Led Med 50k 3pk,,,Philips,Phillips Lighting (5831),Philips,Philips,,564948,,,"Philips, 40W Led Med 50K 3Pk, 564948, 564948",40W LED MED 50K 3PK,Philips 564948 40W Led Med 50K 3Pk,"Philips, 564948 40W Led Med 50k 3pk",Philips 564948 40W Led Med 50K 3Pk,"Philips, 564948 40W Led Med 50k 3pk",,,,,,,,,,,,,,,,,,,,,,,,,,,,,,,,,,,,,,,,,,,,,,,,,,,,,,,,,,,,,,,,,,,,,,,,,,,,,,,,,,,,,,,,,,,,,,,,,,,,,,,,,,,,,,,,,,,,,,,,,,,,,,,,,,,,,,,,,,,,,,,,,,,,,,,,,,,,,,,,,,,,,,,,,,,,,,,,,,,,,,,,,,,,,,,,,,,,,,,,,,,,,,,,,,,,,,,,,,,,,,,
,,,,,,573303,,,,573303,573303,573303 40W Led Cand 27k 2pk,,,Philips,Phillips Lighting (5831),Philips,Philips,,573303,,,"Philips, 40W Led Cand 27K 2Pk, 573303, 573303",40W LED CAND 27K 2PK,Philips 573303 40W Led Cand 27K 2Pk,"Philips, 573303 40W Led Cand 27k 2pk",Philips 573303 40W Led Cand 27K 2Pk,"Philips, 573303 40W Led Cand 27k 2pk",,,,,,,,,,,,,,,,,,,,,,,,,,,,,,,,,,,,,,,,,,,,,,,,,,,,,,,,,,,,,,,,,,,,,,,,,,,,,,,,,,,,,,,,,,,,,,,,,,,,,,,,,,,,,,,,,,,,,,,,,,,,,,,,,,,,,,,,,,,,,,,,,,,,,,,,,,,,,,,,,,,,,,,,,,,,,,,,,,,,,,,,,,,,,,,,,,,,,,,,,,,,,,,,,,,,,,,,,,,,,,,
,,,,,,573188,,,,573188,573188,573188 250W Led Par38 Med 50k,,,Philips,Phillips Lighting (5831),Philips,Philips,,573188,,,"Philips, 250W Led Par38 Med 50K, 573188, 573188",250W LED PAR38 MED 50K,Philips 573188 250W Led Par38 Med 50K,"Philips, 573188 250W Led Par38 Med 50k",Philips 573188 250W Led Par38 Med 50K,"Philips, 573188 250W Led Par38 Med 50k",,,,,,,,,,,,,,,,,,,,,,,,,,,,,,,,,,,,,,,,,,,,,,,,,,,,,,,,,,,,,,,,,,,,,,,,,,,,,,,,,,,,,,,,,,,,,,,,,,,,,,,,,,,,,,,,,,,,,,,,,,,,,,,,,,,,,,,,,,,,,,,,,,,,,,,,,,,,,,,,,,,,,,,,,,,,,,,,,,,,,,,,,,,,,,,,,,,,,,,,,,,,,,,,,,,,,,,,,,,,,,,
,,,,,,573469,,,,573469,573469,573469 40W Led A19 Med 50k 2pk,,,Philips,Phillips Lighting (5831),Philips,Philips,,573469,,,"Philips, 40W Led A19 Med 50K 2Pk, 573469, 573469",40W LED A19 MED 50K 2PK,Philips 573469 40W Led A19 Med 50K 2Pk,"Philips, 573469 40W Led A19 Med 50k 2pk",Philips 573469 40W Led A19 Med 50K 2Pk,"Philips, 573469 40W Led A19 Med 50k 2pk",,,,,,,,,,,,,,,,,,,,,,,,,,,,,,,,,,,,,,,,,,,,,,,,,,,,,,,,,,,,,,,,,,,,,,,,,,,,,,,,,,,,,,,,,,,,,,,,,,,,,,,,,,,,,,,,,,,,,,,,,,,,,,,,,,,,,,,,,,,,,,,,,,,,,,,,,,,,,,,,,,,,,,,,,,,,,,,,,,,,,,,,,,,,,,,,,,,,,,,,,,,,,,,,,,,,,,,,,,,,,,,
,,,,,,565671,,,,565671,565671,565671 25W Led Med 20K,,,Philips,Phillips Lighting (5831),Philips,Philips,,565671,,,"Philips, 25W Led Med 20K, 565671, 565671",25W LED MED 20K,Philips 565671 25W Led Med 20K,"Philips, 565671 25W Led Med 20K",Philips 565671 25W Led Med 20K,"Philips, 565671 25W Led Med 20K",,,,,,,,,,,,,,,,,,,,,,,,,,,,,,,,,,,,,,,,,,,,,,,,,,,,,,,,,,,,,,,,,,,,,,,,,,,,,,,,,,,,,,,,,,,,,,,,,,,,,,,,,,,,,,,,,,,,,,,,,,,,,,,,,,,,,,,,,,,,,,,,,,,,,,,,,,,,,,,,,,,,,,,,,,,,,,,,,,,,,,,,,,,,,,,,,,,,,,,,,,,,,,,,,,,,,,,,,,,,,,,
,,,,,,573204,,,,573204,573204,573204 75W Led Par20 Med 50k,,,Philips,Phillips Lighting (5831),Philips,Philips,,573204,,,"Philips, 75W Led Par20 Med 50K, 573204, 573204",75W LED PAR20 MED 50K,Philips 573204 75W Led Par20 Med 50K,"Philips, 573204 75W Led Par20 Med 50k",Philips 573204 75W Led Par20 Med 50K,"Philips, 573204 75W Led Par20 Med 50k",,,,,,,,,,,,,,,,,,,,,,,,,,,,,,,,,,,,,,,,,,,,,,,,,,,,,,,,,,,,,,,,,,,,,,,,,,,,,,,,,,,,,,,,,,,,,,,,,,,,,,,,,,,,,,,,,,,,,,,,,,,,,,,,,,,,,,,,,,,,,,,,,,,,,,,,,,,,,,,,,,,,,,,,,,,,,,,,,,,,,,,,,,,,,,,,,,,,,,,,,,,,,,,,,,,,,,,,,,,,,,,
,,,,,,581199,,,,581199,581199,581199 60W Led Med 2pk,,,Philips,Phillips Lighting (5831),Philips,Philips,,581199,,,"Philips, 60W Led Med 2Pk, 581199, 581199",60W LED MED 2PK,Philips 581199 60W Led Med 2Pk,"Philips, 581199 60W Led Med 2pk",Philips 581199 60W Led Med 2Pk,"Philips, 581199 60W Led Med 2pk",,,,,,,,,,,,,,,,,,,,,,,,,,,,,,,,,,,,,,,,,,,,,,,,,,,,,,,,,,,,,,,,,,,,,,,,,,,,,,,,,,,,,,,,,,,,,,,,,,,,,,,,,,,,,,,,,,,,,,,,,,,,,,,,,,,,,,,,,,,,,,,,,,,,,,,,,,,,,,,,,,,,,,,,,,,,,,,,,,,,,,,,,,,,,,,,,,,,,,,,,,,,,,,,,,,,,,,,,,,,,,,
,,,,,,565887,,,,565887,565887,565887 60W Led Med 20k,,,Philips,Phillips Lighting (5831),Philips,Philips,,565887,,,"Philips, 60W Led Med 20K, 565887, 565887",60W LED MED 20K,Philips 565887 60W Led Med 20K,"Philips, 565887 60W Led Med 20k",Philips 565887 60W Led Med 20K,"Philips, 565887 60W Led Med 20k",,,,,,,,,,,,,,,,,,,,,,,,,,,,,,,,,,,,,,,,,,,,,,,,,,,,,,,,,,,,,,,,,,,,,,,,,,,,,,,,,,,,,,,,,,,,,,,,,,,,,,,,,,,,,,,,,,,,,,,,,,,,,,,,,,,,,,,,,,,,,,,,,,,,,,,,,,,,,,,,,,,,,,,,,,,,,,,,,,,,,,,,,,,,,,,,,,,,,,,,,,,,,,,,,,,,,,,,,,,,,,,
,,,,,,586867,,,,586867,586867,586867 60W Led Med 27K,,,Philips,Phillips Lighting (5831),Philips,Philips,,586867,,,"Philips, 60W Led Med 27K, 586867, 586867",60W LED MED 27K,Philips 586867 60W Led Med 27K,"Philips, 586867 60W Led Med 27K",Philips 586867 60W Led Med 27K,"Philips, 586867 60W Led Med 27K",,,,,,,,,,,,,,,,,,,,,,,,,,,,,,,,,,,,,,,,,,,,,,,,,,,,,,,,,,,,,,,,,,,,,,,,,,,,,,,,,,,,,,,,,,,,,,,,,,,,,,,,,,,,,,,,,,,,,,,,,,,,,,,,,,,,,,,,,,,,,,,,,,,,,,,,,,,,,,,,,,,,,,,,,,,,,,,,,,,,,,,,,,,,,,,,,,,,,,,,,,,,,,,,,,,,,,,,,,,,,,,
,,,,,,568451,,,,568451,568451,5686451 50W Led Med 50k 2pk,,,Philips,Phillips Lighting (5831),Philips,Philips,,568451,,,"Philips, 5686451 50W Led Med 50K 2Pk, 568451, 568451",5686451 50W LED MED 50K 2PK,Philips 568451 5686451 50W Led Med 50K 2Pk,"Philips, 5686451 50W Led Med 50k 2pk, Part Number: 568451",Philips 568451 5686451 50W Led Med 50K 2Pk,"Philips, 5686451 50W Led Med 50k 2pk, Part Number: 568451",,,,,,,,,,,,,,,,,,,,,,,,,,,,,,,,,,,,,,,,,,,,,,,,,,,,,,,,,,,,,,,,,,,,,,,,,,,,,,,,,,,,,,,,,,,,,,,,,,,,,,,,,,,,,,,,,,,,,,,,,,,,,,,,,,,,,,,,,,,,,,,,,,,,,,,,,,,,,,,,,,,,,,,,,,,,,,,,,,,,,,,,,,,,,,,,,,,,,,,,,,,,,,,,,,,,,,,,,,,,,,,
,,,,,,568444,,,,568444,568444,568444 90W Led Par38 50k 2pk,,,Philips,Phillips Lighting (5831),Philips,Philips,,568444,,,"Philips, 90W Led Par38 50K 2Pk, 568444, 568444",90W LED PAR38 50K 2PK,Philips 568444 90W Led Par38 50K 2Pk,"Philips, 568444 90W Led Par38 50k 2pk",Philips 568444 90W Led Par38 50K 2Pk,"Philips, 568444 90W Led Par38 50k 2pk",,,,,,,,,,,,,,,,,,,,,,,,,,,,,,,,,,,,,,,,,,,,,,,,,,,,,,,,,,,,,,,,,,,,,,,,,,,,,,,,,,,,,,,,,,,,,,,,,,,,,,,,,,,,,,,,,,,,,,,,,,,,,,,,,,,,,,,,,,,,,,,,,,,,,,,,,,,,,,,,,,,,,,,,,,,,,,,,,,,,,,,,,,,,,,,,,,,,,,,,,,,,,,,,,,,,,,,,,,,,,,,
,,,,,,573196,,,,573196,573196,573196 75W Led Med 30K,,,Philips,Phillips Lighting (5831),Philips,Philips,,573196,,,"Philips, 75W Led Med 30K, 573196, 573196",75W LED MED 30K,Philips 573196 75W Led Med 30K,"Philips, 573196 75W Led Med 30K",Philips 573196 75W Led Med 30K,"Philips, 573196 75W Led Med 30K",,,,,,,,,,,,,,,,,,,,,,,,,,,,,,,,,,,,,,,,,,,,,,,,,,,,,,,,,,,,,,,,,,,,,,,,,,,,,,,,,,,,,,,,,,,,,,,,,,,,,,,,,,,,,,,,,,,,,,,,,,,,,,,,,,,,,,,,,,,,,,,,,,,,,,,,,,,,,,,,,,,,,,,,,,,,,,,,,,,,,,,,,,,,,,,,,,,,,,,,,,,,,,,,,,,,,,,,,,,,,,,
,,,,,,564500,,,,564500,564500,564500 75W Adj Base 50k 3pk,,,Philips,Phillips Lighting (5831),Philips,Philips,,564500,,,"Philips, 75W Adj Base 50K 3Pk, 564500, 564500",75W ADJ BASE 50K 3PK,Philips 564500 75W Adj Base 50K 3Pk,"Philips, 564500 75W Adj Base 50k 3pk",Philips 564500 75W Adj Base 50K 3Pk,"Philips, 564500 75W Adj Base 50k 3pk",,,,,,,,,,,,,,,,,,,,,,,,,,,,,,,,,,,,,,,,,,,,,,,,,,,,,,,,,,,,,,,,,,,,,,,,,,,,,,,,,,,,,,,,,,,,,,,,,,,,,,,,,,,,,,,,,,,,,,,,,,,,,,,,,,,,,,,,,,,,,,,,,,,,,,,,,,,,,,,,,,,,,,,,,,,,,,,,,,,,,,,,,,,,,,,,,,,,,,,,,,,,,,,,,,,,,,,,,,,,,,,
,,,,,,571513,,,,571513,571513,571513 40/60/100 Led Med 27k,,,Philips,Phillips Lighting (5831),Philips,Philips,,571513,,,"Philips, 40/60/100 Led Med 27K, 571513, 571513",40/60/100 LED MED 27K,Philips 571513 40/60/100 Led Med 27K,"Philips, 571513 40/60/100 Led Med 27k",Philips 571513 40/60/100 Led Med 27K,"Philips, 571513 40/60/100 Led Med 27k",,,,,,,,,,,,,,,,,,,,,,,,,,,,,,,,,,,,,,,,,,,,,,,,,,,,,,,,,,,,,,,,,,,,,,,,,,,,,,,,,,,,,,,,,,,,,,,,,,,,,,,,,,,,,,,,,,,,,,,,,,,,,,,,,,,,,,,,,,,,,,,,,,,,,,,,,,,,,,,,,,,,,,,,,,,,,,,,,,,,,,,,,,,,,,,,,,,,,,,,,,,,,,,,,,,,,,,,,,,,,,,
,,,,,,588566,,,,588566,588566,588566 40W Led Med 55k 3pk,,,Philips,Phillips Lighting (5831),Philips,Philips,,588566,,,"Philips, 40W Led Med 55K 3Pk, 588566, 588566",40W LED MED 55K 3PK,Philips 588566 40W Led Med 55K 3Pk,"Philips, 588566 40W Led Med 55k 3pk",Philips 588566 40W Led Med 55K 3Pk,"Philips, 588566 40W Led Med 55k 3pk",,,,,,,,,,,,,,,,,,,,,,,,,,,,,,,,,,,,,,,,,,,,,,,,,,,,,,,,,,,,,,,,,,,,,,,,,,,,,,,,,,,,,,,,,,,,,,,,,,,,,,,,,,,,,,,,,,,,,,,,,,,,,,,,,,,,,,,,,,,,,,,,,,,,,,,,,,,,,,,,,,,,,,,,,,,,,,,,,,,,,,,,,,,,,,,,,,,,,,,,,,,,,,,,,,,,,,,,,,,,,,,
,,,,,,565655,,,,565655,565655,565655 25W Led A15 Med 20k,,,Philips,Phillips Lighting (5831),Philips,Philips,,565655,,,"Philips, 25W Led A15 Med 20K, 565655, 565655",25W LED A15 MED 20K,Philips 565655 25W Led A15 Med 20K,"Philips, 565655 25W Led A15 Med 20k",Philips 565655 25W Led A15 Med 20K,"Philips, 565655 25W Led A15 Med 20k",,,,,,,,,,,,,,,,,,,,,,,,,,,,,,,,,,,,,,,,,,,,,,,,,,,,,,,,,,,,,,,,,,,,,,,,,,,,,,,,,,,,,,,,,,,,,,,,,,,,,,,,,,,,,,,,,,,,,,,,,,,,,,,,,,,,,,,,,,,,,,,,,,,,,,,,,,,,,,,,,,,,,,,,,,,,,,,,,,,,,,,,,,,,,,,,,,,,,,,,,,,,,,,,,,,,,,,,,,,,,,,
,,,,,,565812,,,,565812,565812,565812 60W Med Led 50k,,,Philips,Phillips Lighting (5831),Philips,Philips,,565812,,,"Philips, 60W Med Led 50K, 565812, 565812",60W MED LED 50K,Philips 565812 60W Med Led 50K,"Philips, 565812 60W Med Led 50k",Philips 565812 60W Med Led 50K,"Philips, 565812 60W Med Led 50k",,,,,,,,,,,,,,,,,,,,,,,,,,,,,,,,,,,,,,,,,,,,,,,,,,,,,,,,,,,,,,,,,,,,,,,,,,,,,,,,,,,,,,,,,,,,,,,,,,,,,,,,,,,,,,,,,,,,,,,,,,,,,,,,,,,,,,,,,,,,,,,,,,,,,,,,,,,,,,,,,,,,,,,,,,,,,,,,,,,,,,,,,,,,,,,,,,,,,,,,,,,,,,,,,,,,,,,,,,,,,,,
,,,,,,586917,,,,586917,586917,586917 40W Led Cand 27K 2pk,,,Philips,Phillips Lighting (5831),Philips,Philips,,586917,,,"Philips, 40W Led Cand 27K 2Pk, 586917, 586917",40W LED CAND 27K 2PK,Philips 586917 40W Led Cand 27K 2Pk,"Philips, 586917 40W Led Cand 27K 2pk",Philips 586917 40W Led Cand 27K 2Pk,"Philips, 586917 40W Led Cand 27K 2pk",,,,,,,,,,,,,,,,,,,,,,,,,,,,,,,,,,,,,,,,,,,,,,,,,,,,,,,,,,,,,,,,,,,,,,,,,,,,,,,,,,,,,,,,,,,,,,,,,,,,,,,,,,,,,,,,,,,,,,,,,,,,,,,,,,,,,,,,,,,,,,,,,,,,,,,,,,,,,,,,,,,,,,,,,,,,,,,,,,,,,,,,,,,,,,,,,,,,,,,,,,,,,,,,,,,,,,,,,,,,,,,
,,,,,,46719,,,,46719,46719,49719 Wall Light Motion Wh,,,,Maxsa Innovations (MAXIN),Maxsa Innovations,Maxsa Innovations,,46719,,,"Maxsa Innovations, 49719 Wall Light Motion Wh, 46719, 46719",49719 WALL LIGHT MOTION WH,Maxsa Innovations 46719 49719 Wall Light Motion Wh,"Maxsa Innovations, 49719 Wall Light Motion Wh, Part Number: 46719",Maxsa Innovations 46719 49719 Wall Light Motion Wh,"Maxsa Innovations, 49719 Wall Light Motion Wh, Part Number: 46719",,,,,,,,,,,,,,,,,,,,,,,,,,,,,,,,,,,,,,,,,,,,,,,,,,,,,,,,,,,,,,,,,,,,,,,,,,,,,,,,,,,,,,,,,,,,,,,,,,,,,,,,,,,,,,,,,,,,,,,,,,,,,,,,,,,,,,,,,,,,,,,,,,,,,,,,,,,,,,,,,,,,,,,,,,,,,,,,,,,,,,,,,,,,,,,,,,,,,,,,,,,,,,,,,,,,,,,,,,,,,,,
,,,,,,59061BSL,,,,59061BSL,59061BSL,59061BSL Kichler Ext Wall Lt,,,,Kichler Lighting (KICLI),Kichler Lighting,Kichler Lighting,,59061BSL,,,"Kichler Lighting, Kichler Ext Wall Lt, 59061Bsl, 59061BSL",KICHLER EXT WALL LT,Kichler Lighting 59061Bsl Kichler Ext Wall Lt,"Kichler Lighting, 59061BSL Kichler Ext Wall Lt",Kichler Lighting 59061Bsl Kichler Ext Wall Lt,"Kichler Lighting, 59061BSL Kichler Ext Wall Lt",,,,,,,,,,,,,,,,,,,,,,,,,,,,,,,,,,,,,,,,,,,,,,,,,,,,,,,,,,,,,,,,,,,,,,,,,,,,,,,,,,,,,,,,,,,,,,,,,,,,,,,,,,,,,,,,,,,,,,,,,,,,,,,,,,,,,,,,,,,,,,,,,,,,,,,,,,,,,,,,,,,,,,,,,,,,,,,,,,,,,,,,,,,,,,,,,,,,,,,,,,,,,,,,,,,,,,,,,,,,,,,
,,,,,,59062BSL,,,,59062BSL,59062BSL,59062BSL Kichler Ext Wall Lt,,,,Kichler Lighting (KICLI),Kichler Lighting,Kichler Lighting,,59062BSL,,,"Kichler Lighting, Kichler Ext Wall Lt, 59062Bsl, 59062BSL",KICHLER EXT WALL LT,Kichler Lighting 59062Bsl Kichler Ext Wall Lt,"Kichler Lighting, 59062BSL Kichler Ext Wall Lt",Kichler Lighting 59062Bsl Kichler Ext Wall Lt,"Kichler Lighting, 59062BSL Kichler Ext Wall Lt",,,,,,,,,,,,,,,,,,,,,,,,,,,,,,,,,,,,,,,,,,,,,,,,,,,,,,,,,,,,,,,,,,,,,,,,,,,,,,,,,,,,,,,,,,,,,,,,,,,,,,,,,,,,,,,,,,,,,,,,,,,,,,,,,,,,,,,,,,,,,,,,,,,,,,,,,,,,,,,,,,,,,,,,,,,,,,,,,,,,,,,,,,,,,,,,,,,,,,,,,,,,,,,,,,,,,,,,,,,,,,,
,,,,,,59124BKT,,,,59124BKT,59124BKT,59124BKT Kichler Ext Wall Lt,,,,Kichler Lighting (KICLI),Kichler Lighting,Kichler Lighting,,59124BKT,,,"Kichler Lighting, Kichler Ext Wall Lt, 59124Bkt, 59124BKT",KICHLER EXT WALL LT,Kichler Lighting 59124Bkt Kichler Ext Wall Lt,"Kichler Lighting, 59124BKT Kichler Ext Wall Lt",Kichler Lighting 59124Bkt Kichler Ext Wall Lt,"Kichler Lighting, 59124BKT Kichler Ext Wall Lt",,,,,,,,,,,,,,,,,,,,,,,,,,,,,,,,,,,,,,,,,,,,,,,,,,,,,,,,,,,,,,,,,,,,,,,,,,,,,,,,,,,,,,,,,,,,,,,,,,,,,,,,,,,,,,,,,,,,,,,,,,,,,,,,,,,,,,,,,,,,,,,,,,,,,,,,,,,,,,,,,,,,,,,,,,,,,,,,,,,,,,,,,,,,,,,,,,,,,,,,,,,,,,,,,,,,,,,,,,,,,,,
,,,,,,59025BK,,,,59025BK,59025BK,59025BK Kichler Post Lt,,,,Kichler Lighting (KICLI),Kichler Lighting,Kichler Lighting,,59025BK,,,"Kichler Lighting, Kichler Post Lt, 59025Bk, 59025BK",KICHLER POST LT,Kichler Lighting 59025Bk Kichler Post Lt,"Kichler Lighting, 59025BK Kichler Post Lt",Kichler Lighting 59025Bk Kichler Post Lt,"Kichler Lighting, 59025BK Kichler Post Lt",,,,,,,,,,,,,,,,,,,,,,,,,,,,,,,,,,,,,,,,,,,,,,,,,,,,,,,,,,,,,,,,,,,,,,,,,,,,,,,,,,,,,,,,,,,,,,,,,,,,,,,,,,,,,,,,,,,,,,,,,,,,,,,,,,,,,,,,,,,,,,,,,,,,,,,,,,,,,,,,,,,,,,,,,,,,,,,,,,,,,,,,,,,,,,,,,,,,,,,,,,,,,,,,,,,,,,,,,,,,,,,
,,,,,,DCL183,,,,DCL183,DCL183,Dewalt DCL183 Light - Rechargeable,,,DEWALT,Black & Decker/dewlt (2585),DEWALT,DEWALT,,DCL183,,,"DEWALT, Dewalt, Dewalt Dcl183 Light, Rechargeable, Dcl183, D",DEWALT DCL183 LIGHT - RECHARGEABLE,Dewalt Dcl183 Dewalt Dcl183 Light - Rechargeable,"DEWALT, Dewalt DCL183 Light - Rechargeable",Dewalt Dcl183 Dewalt Dcl183 Light - Rechargeable,"DEWALT, Dewalt DCL183 Light - Rechargeable",,,,,,,,,,,,,,,,,,,,,,,,,,,,,,,,,,,,,,,,,,,,,,,,,,,,,,,,,,,,,,,,,,,,,,,,,,,,,,,,,,,,,,,,,,,,,,,,,,,,,,,,,,,,,,,,,,,,,,,,,,,,,,,,,,,,,,,,,,,,,,,,,,,,,,,,,,,,,,,,,,,,,,,,,,,,,,,,,,,,,,,,,,,,,,,,,,,,,,,,,,,,,,,,,,,,,,,,,,,,,,,
,,,,,,73020,,,,73020,73020,73020 Nano Clip Light Bk,,,,Streamlight (7277),Streamlight,Streamlight,,73020,,,"Streamlight, Nano Clip Light Bk, 73020, 73020",NANO CLIP LIGHT BK,Streamlight 73020 Nano Clip Light Bk,"Streamlight, 73020 Nano Clip Light Bk",Streamlight 73020 Nano Clip Light Bk,"Streamlight, 73020 Nano Clip Light Bk",,,,,,,,,,,,,,,,,,,,,,,,,,,,,,,,,,,,,,,,,,,,,,,,,,,,,,,,,,,,,,,,,,,,,,,,,,,,,,,,,,,,,,,,,,,,,,,,,,,,,,,,,,,,,,,,,,,,,,,,,,,,,,,,,,,,,,,,,,,,,,,,,,,,,,,,,,,,,,,,,,,,,,,,,,,,,,,,,,,,,,,,,,,,,,,,,,,,,,,,,,,,,,,,,,,,,,,,,,,,,,,
,,,,,,NEB-FLT-1021,,,,NEB-FLT-1021,NEB-FLT-1021,NEBFLT1021 Slyde King FlashLt,,,,ACG Brands (1154),ACG Brands,ACG Brands,,NEB-FLT-1021,,,"ACG Brands, Acg Brands, Nebflt1021 Slyde King Flashlt, Neb-Flt-1021",NEBFLT1021 SLYDE KING FLASHLT,Acg Brands Neb-Flt-1021 Nebflt1021 Slyde King Flashlt,"ACG Brands, NEBFLT1021 Slyde King FlashLt, Part Number: NEB-FLT-1021",Acg Brands Neb-Flt-1021 Nebflt1021 Slyde King Flashlt,"ACG Brands, NEBFLT1021 Slyde King FlashLt, Part Number: NEB-FLT-1021",,,,,,,,,,,,,,,,,,,,,,,,,,,,,,,,,,,,,,,,,,,,,,,,,,,,,,,,,,,,,,,,,,,,,,,,,,,,,,,,,,,,,,,,,,,,,,,,,,,,,,,,,,,,,,,,,,,,,,,,,,,,,,,,,,,,,,,,,,,,,,,,,,,,,,,,,,,,,,,,,,,,,,,,,,,,,,,,,,,,,,,,,,,,,,,,,,,,,,,,,,,,,,,,,,,,,,,,,,,,,,,
,,,,,,NEB-FLT-0053,,,,NEB-FLT-0053,NEB-FLT-0053,NEBFLT0053 2600L Flash Light,,,,ACG Brands (1154),ACG Brands,ACG Brands,,NEB-FLT-0053,,,"ACG Brands, Acg Brands, Nebflt0053 2600L Flash Light, Neb-Flt-0053",NEBFLT0053 2600L FLASH LIGHT,Acg Brands Neb-Flt-0053 Nebflt0053 2600L Flash Light,"ACG Brands, NEBFLT0053 2600L Flash Light, Part Number: NEB-FLT-0053",Acg Brands Neb-Flt-0053 Nebflt0053 2600L Flash Light,"ACG Brands, NEBFLT0053 2600L Flash Light, Part Number: NEB-FLT-0053",,,,,,,,,,,,,,,,,,,,,,,,,,,,,,,,,,,,,,,,,,,,,,,,,,,,,,,,,,,,,,,,,,,,,,,,,,,,,,,,,,,,,,,,,,,,,,,,,,,,,,,,,,,,,,,,,,,,,,,,,,,,,,,,,,,,,,,,,,,,,,,,,,,,,,,,,,,,,,,,,,,,,,,,,,,,,,,,,,,,,,,,,,,,,,,,,,,,,,,,,,,,,,,,,,,,,,,,,,,,,,,
,,,,,,97708,,,,97708,97708,97708 Police 800L Headlight,,,Police Security,Police Security (9470),Police Security,Police Security,,97708,,,"Police Security, Police 800L Headlight, 97708, 97708",POLICE 800L HEADLIGHT,Police Security 97708 Police 800L Headlight,"Police Security, 97708 Police 800L Headlight",Police Security 97708 Police 800L Headlight,"Police Security, 97708 Police 800L Headlight",,,,,,,,,,,,,,,,,,,,,,,,,,,,,,,,,,,,,,,,,,,,,,,,,,,,,,,,,,,,,,,,,,,,,,,,,,,,,,,,,,,,,,,,,,,,,,,,,,,,,,,,,,,,,,,,,,,,,,,,,,,,,,,,,,,,,,,,,,,,,,,,,,,,,,,,,,,,,,,,,,,,,,,,,,,,,,,,,,,,,,,,,,,,,,,,,,,,,,,,,,,,,,,,,,,,,,,,,,,,,,,
,,,,,,WORK6000XLTPPLUG,,,,WORK6000XLTPPLUG,WORK6000XLTPPLUG,6000L Twin Head Work Light,,,Feit Electric,Feit Electric (3468),Feit Electric,Feit Electric,,WORK6000XLTPPLUG,,,"Feit Electric, 6000L Twin Head Work Light, Work6000Xltpplug, WORK6000XLTPPLU",6000L TWIN HEAD WORK LIGHT,Feit Electric Work6000Xltpplug 6000L Twin Head Work Light,"Feit Electric, 6000L Twin Head Work Light, Part Number: WORK6000XLTPPLUG",Feit Electric Work6000Xltpplug 6000L Twin Head Work Light,"Feit Electric, 6000L Twin Head Work Light, Part Number: WORK6000XLTPPLUG",,,,,,,,,,,,,,,,,,,,,,,,,,,,,,,,,,,,,,,,,,,,,,,,,,,,,,,,,,,,,,,,,,,,,,,,,,,,,,,,,,,,,,,,,,,,,,,,,,,,,,,,,,,,,,,,,,,,,,,,,,,,,,,,,,,,,,,,,,,,,,,,,,,,,,,,,,,,,,,,,,,,,,,,,,,,,,,,,,,,,,,,,,,,,,,,,,,,,,,,,,,,,,,,,,,,,,,,,,,,,,,
,,,,,,HOM2040M200PRB,,,,HOM2040M200PRB,HOM2040M200PRB,HOM2040M200PRB 200A Load Cntr,,,,Square D Con Prod Dv (6825),Square D Con Prod Dv,Square D Con Prod Dv,,HOM2040M200PRB,,,"Square D Con Prod Dv, 200A Load Cntr, Hom2040M200Prb, HOM204",200A LOAD CNTR,Square D Con Prod Dv Hom2040M200Prb 200A Load Cntr,"Square D Con Prod Dv, HOM2040M200PRB 200A Load Cntr",Square D Con Prod Dv Hom2040M200Prb 200A Load Cntr,"Square D Con Prod Dv, HOM2040M200PRB 200A Load Cntr",,,,,,,,,,,,,,,,,,,,,,,,,,,,,,,,,,,,,,,,,,,,,,,,,,,,,,,,,,,,,,,,,,,,,,,,,,,,,,,,,,,,,,,,,,,,,,,,,,,,,,,,,,,,,,,,,,,,,,,,,,,,,,,,,,,,,,,,,,,,,,,,,,,,,,,,,,,,,,,,,,,,,,,,,,,,,,,,,,,,,,,,,,,,,,,,,,,,,,,,,,,,,,,,,,,,,,,,,,,,,,,
,,,,,,HOM3060L225PGC,,,,HOM3060L225PGC,HOM3060L225PGC,HOM3060L225PGC 225 Load Center,,,Square D,Square D Con Prod Dv (6825),Square D,Square D,,HOM3060L225PGC,,,"Square D, 225 Load Center, Hom3060L225Pgc, HOM3060L225PGC",225 LOAD CENTER,Square D Hom3060L225Pgc 225 Load Center,"Square D, HOM3060L225PGC 225 Load Center",Square D Hom3060L225Pgc 225 Load Center,"Square D, HOM3060L225PGC 225 Load Center",,,,,,,,,,,,,,,,,,,,,,,,,,,,,,,,,,,,,,,,,,,,,,,,,,,,,,,,,,,,,,,,,,,,,,,,,,,,,,,,,,,,,,,,,,,,,,,,,,,,,,,,,,,,,,,,,,,,,,,,,,,,,,,,,,,,,,,,,,,,,,,,,,,,,,,,,,,,,,,,,,,,,,,,,,,,,,,,,,,,,,,,,,,,,,,,,,,,,,,,,,,,,,,,,,,,,,,,,,,,,,,
,,,,,,QO612L100RBCP,,,,QO612L100RBCP,QO612L100RBCP,QO612L100RBCP 100A Load Center,,,Square D,Square D Con Prod Dv (6825),Square D,Square D,,QO612L100RBCP,,,"Square D, 100A Load Center, Qo612L100Rbcp, QO612L100RBCP",100A LOAD CENTER,Square D Qo612L100Rbcp 100A Load Center,"Square D, QO612L100RBCP 100A Load Center",Square D Qo612L100Rbcp 100A Load Center,"Square D, QO612L100RBCP 100A Load Center",,,,,,,,,,,,,,,,,,,,,,,,,,,,,,,,,,,,,,,,,,,,,,,,,,,,,,,,,,,,,,,,,,,,,,,,,,,,,,,,,,,,,,,,,,,,,,,,,,,,,,,,,,,,,,,,,,,,,,,,,,,,,,,,,,,,,,,,,,,,,,,,,,,,,,,,,,,,,,,,,,,,,,,,,,,,,,,,,,,,,,,,,,,,,,,,,,,,,,,,,,,,,,,,,,,,,,,,,,,,,,,
,,,,,,13093005,,,,13093005,13093005,4/0 Aluminum Entrance Cable (Linear Foot),,,,Southwire/g Turner (6603),Southwire/g Turner,Southwire/g Turner,,13093005,,,"Southwire/G Turner, 4/0 Aluminum Entrance Cable (Linear Foot), 13093005",4/0 ALUMINUM ENTRANCE CABLE (LINEAR,Southwire/G Turner 13093005 4/0 Aluminum Entrance Cable (Linear Foot),"Southwire/g Turner, 4/0 Aluminum Entrance Cable (Linear Foot), Part Number: 13093005",Southwire/G Turner 13093005 4/0 Aluminum Entrance Cable (Linear Foot),"Southwire/g Turner, 4/0 Aluminum Entrance Cable (Linear Foot), Part Number: 13093005",,,,,,,,,,,,,,,,,,,,,,,,,,,,,,,,,,,,,,,,,,,,,,,,,,,,,,,,,,,,,,,,,,,,,,,,,,,,,,,,,,,,,,,,,,,,,,,,,,,,,,,,,,,,,,,,,,,,,,,,,,,,,,,,,,,,,,,,,,,,,,,,,,,,,,,,,,,,,,,,,,,,,,,,,,,,,,,,,,,,,,,,,,,,,,,,,,,,,,,,,,,,,,,,,,,,,,,,,,,,,,,
,,,,,,12-4 SO,,,,12-4 SO,12-4 SO,12-4 SO Cord (Linear Foot),,,,-,-,-,,12-4 SO,,,"-, Cord (Linear Foot), 12-4 So, 12-4 SO",CORD (LINEAR FOOT),- 12-4 So Cord (Linear Foot),"-, 12-4 SO Cord (Linear Foot)",- 12-4 So Cord (Linear Foot),"-, 12-4 SO Cord (Linear Foot)",,,,,,,,,,,,,,,,,,,,,,,,,,,,,,,,,,,,,,,,,,,,,,,,,,,,,,,,,,,,,,,,,,,,,,,,,,,,,,,,,,,,,,,,,,,,,,,,,,,,,,,,,,,,,,,,,,,,,,,,,,,,,,,,,,,,,,,,,,,,,,,,,,,,,,,,,,,,,,,,,,,,,,,,,,,,,,,,,,,,,,,,,,,,,,,,,,,,,,,,,,,,,,,,,,,,,,,,,,,,,,,
,,,,,,96263-46-06,,,,96263-46-06,96263-46-06,96263-46-06 CAT5E Wire (Linear Foot),,,,Woods Wire Southwire (7579),Woods Wire Southwire,Woods Wire Southwire,,96263-46-06,,,"Woods Wire Southwire, Cat5E Wire (Linear Foot), 96263-46-06, 96263-46-0",CAT5E WIRE (LINEAR FOOT),Woods Wire Southwire 96263-46-06 Cat5E Wire (Linear Foot),"Woods Wire Southwire, 96263-46-06 CAT5E Wire (Linear Foot)",Woods Wire Southwire 96263-46-06 Cat5E Wire (Linear Foot),"Woods Wire Southwire, 96263-46-06 CAT5E Wire (Linear Foot)",,,,,,,,,,,,,,,,,,,,,,,,,,,,,,,,,,,,,,,,,,,,,,,,,,,,,,,,,,,,,,,,,,,,,,,,,,,,,,,,,,,,,,,,,,,,,,,,,,,,,,,,,,,,,,,,,,,,,,,,,,,,,,,,,,,,,,,,,,,,,,,,,,,,,,,,,,,,,,,,,,,,,,,,,,,,,,,,,,,,,,,,,,,,,,,,,,,,,,,,,,,,,,,,,,,,,,,,,,,,,,,
,,,,,,R50003-ID,,,,R50003-ID,R50003-ID,16-2 Stranded Wire CL3 500' (Linear Foot),,,,Southwire/g Turner (6603),Southwire/g Turner,Southwire/g Turner,,R50003-ID,,,"Southwire/G Turner, 16, 2 Stranded Wire Cl3 500' (Linear Foot), R50003-Id",16-2 STRANDED WIRE CL3 500' (LINEAR,Southwire/G Turner R50003-Id 16-2 Stranded Wire Cl3 500' (Linear Foot),"Southwire/g Turner, 16-2 Stranded Wire CL3 500' (Linear Foot), Part Number: R50003-ID",Southwire/G Turner R50003-Id 16-2 Stranded Wire Cl3 500' (Linear Foot),"Southwire/g Turner, 16-2 Stranded Wire CL3 500' (Linear Foot), Part Number: R50003-ID",,,,,,,,,,,,,,,,,,,,,,,,,,,,,,,,,,,,,,,,,,,,,,,,,,,,,,,,,,,,,,,,,,,,,,,,,,,,,,,,,,,,,,,,,,,,,,,,,,,,,,,,,,,,,,,,,,,,,,,,,,,,,,,,,,,,,,,,,,,,,,,,,,,,,,,,,,,,,,,,,,,,,,,,,,,,,,,,,,,,,,,,,,,,,,,,,,,,,,,,,,,,,,,,,,,,,,,,,,,,,,,
,,,,,,10-4 SO,,,,10-4 SO,10-4 SO,10-4 SO Cord (Linear Foot),,,,Southwire/g Turner (6603),Southwire/g Turner,Southwire/g Turner,,10-4 SO,,,"Southwire/g Turner, Southwire/G Turner, Cord (Linear Foot), 10-4 So",CORD (LINEAR FOOT),Southwire/G Turner 10-4 So Cord (Linear Foot),"Southwire/g Turner, 10-4 SO Cord (Linear Foot)",Southwire/G Turner 10-4 So Cord (Linear Foot),"Southwire/g Turner, 10-4 SO Cord (Linear Foot)",,,,,,,,,,,,,,,,,,,,,,,,,,,,,,,,,,,,,,,,,,,,,,,,,,,,,,,,,,,,,,,,,,,,,,,,,,,,,,,,,,,,,,,,,,,,,,,,,,,,,,,,,,,,,,,,,,,,,,,,,,,,,,,,,,,,,,,,,,,,,,,,,,,,,,,,,,,,,,,,,,,,,,,,,,,,,,,,,,,,,,,,,,,,,,,,,,,,,,,,,,,,,,,,,,,,,,,,,,,,,,,
,,,,,,23346-0408,,,,23346-0408,23346-0408,23346-0408 Wire 16/3 SJEWA 250 (Linear Foot),,,,-,-,-,,23346-0408,,,"-, Wire 16/3 Sjewa 250 (Linear Foot), 23346-0408, 23346-0408",WIRE 16/3 SJEWA 250 (LINEAR FOOT),- 23346-0408 Wire 16/3 Sjewa 250 (Linear Foot),"-, 23346-0408 Wire 16/3 SJEWA 250 (Linear Foot)",- 23346-0408 Wire 16/3 Sjewa 250 (Linear Foot),"-, 23346-0408 Wire 16/3 SJEWA 250 (Linear Foot)",,,,,,,,,,,,,,,,,,,,,,,,,,,,,,,,,,,,,,,,,,,,,,,,,,,,,,,,,,,,,,,,,,,,,,,,,,,,,,,,,,,,,,,,,,,,,,,,,,,,,,,,,,,,,,,,,,,,,,,,,,,,,,,,,,,,,,,,,,,,,,,,,,,,,,,,,,,,,,,,,,,,,,,,,,,,,,,,,,,,,,,,,,,,,,,,,,,,,,,,,,,,,,,,,,,,,,,,,,,,,,,
,,,,,,2/2/4 UD ALUM,,,,2/2/4 UD ALUM,2/2/4 UD ALUM,2/2/4 UD Aluminum Triplex Wire (Linear Foot),,,,Southwire/g Turner (6603),Southwire/g Turner,Southwire/g Turner,,2/2/4 UD ALUM,,,"Southwire/G Turner, Inum Triplex Wire (Linear Foot), 2/2/4 Ud Alum",INUM TRIPLEX WIRE (LINEAR FOOT),Southwire/G Turner 2/2/4 Ud Alum Inum Triplex Wire (Linear Foot),"Southwire/g Turner, 2/2/4 UD Aluminum Triplex Wire (Linear Foot), Part Number: 2/2/4 UD ALUM",Southwire/G Turner 2/2/4 Ud Alum Inum Triplex Wire (Linear Foot),"Southwire/g Turner, 2/2/4 UD Aluminum Triplex Wire (Linear Foot), Part Number: 2/2/4 UD ALUM",,,,,,,,,,,,,,,,,,,,,,,,,,,,,,,,,,,,,,,,,,,,,,,,,,,,,,,,,,,,,,,,,,,,,,,,,,,,,,,,,,,,,,,,,,,,,,,,,,,,,,,,,,,,,,,,,,,,,,,,,,,,,,,,,,,,,,,,,,,,,,,,,,,,,,,,,,,,,,,,,,,,,,,,,,,,,,,,,,,,,,,,,,,,,,,,,,,,,,,,,,,,,,,,,,,,,,,,,,,,,,,
,,,,,,55418901,,,,55418901,55418901,6/6/6 UD Triplex Aluminum Wire,,,,Southwire/g Turner (6603),Southwire/g Turner,Southwire/g Turner,,55418901,,,"Southwire/G Turner, 6/6/6 Ud Triplex Aluminum Wire, 55418901",6/6/6 UD TRIPLEX ALUMINUM WIRE,Southwire/G Turner 55418901 6/6/6 Ud Triplex Aluminum Wire,"Southwire/g Turner, 6/6/6 UD Triplex Aluminum Wire, Part Number: 55418901",Southwire/G Turner 55418901 6/6/6 Ud Triplex Aluminum Wire,"Southwire/g Turner, 6/6/6 UD Triplex Aluminum Wire, Part Number: 55418901",,,,,,,,,,,,,,,,,,,,,,,,,,,,,,,,,,,,,,,,,,,,,,,,,,,,,,,,,,,,,,,,,,,,,,,,,,,,,,,,,,,,,,,,,,,,,,,,,,,,,,,,,,,,,,,,,,,,,,,,,,,,,,,,,,,,,,,,,,,,,,,,,,,,,,,,,,,,,,,,,,,,,,,,,,,,,,,,,,,,,,,,,,,,,,,,,,,,,,,,,,,,,,,,,,,,,,,,,,,,,,,
,,,,,,CG50K,,,,CG50K,CG50K,"CG50K 1/2"" Cord Grip Kit",,,,Fenton Bros Electric Inc (FENBR),Fenton Bros Electric Inc,Fenton Bros Electric Inc,,CG50K,,,"Fenton Bros Electric Inc, 1/2"" Cord Grip Kit, Cg50K, CG50K","1/2"" CORD GRIP KIT","Fenton Bros Electric Inc Cg50K 1/2"" Cord Grip Kit","Fenton Bros Electric Inc, CG50K 1/2"" Cord Grip Kit","Fenton Bros Electric Inc Cg50K 1/2"" Cord Grip Kit","Fenton Bros Electric Inc, CG50K 1/2"" Cord Grip Kit",,,,,,,,,,,,,,,,,,,,,,,,,,,,,,,,,,,,,,,,,,,,,,,,,,,,,,,,,,,,,,,,,,,,,,,,,,,,,,,,,,,,,,,,,,,,,,,,,,,,,,,,,,,,,,,,,,,,,,,,,,,,,,,,,,,,,,,,,,,,,,,,,,,,,,,,,,,,,,,,,,,,,,,,,,,,,,,,,,,,,,,,,,,,,,,,,,,,,,,,,,,,,,,,,,,,,,,,,,,,,,,
,,,,,,R02-D215P-1RW,,,,R02-D215P-1RW,R02-D215P-1RW,R02D215P1RW 15A Mini Outlet Wh,,,Leviton,Leviton Mfg Co (4927),Leviton,Leviton,,R02-D215P-1RW,,,"Leviton, R02D215P1Rw 15A Mini Outlet Wh, R02-D215P-1Rw, R02-",R02D215P1RW 15A MINI OUTLET WH,Leviton R02-D215P-1Rw R02D215P1Rw 15A Mini Outlet Wh,"Leviton, R02D215P1RW 15A Mini Outlet Wh, Part Number: R02-D215P-1RW",Leviton R02-D215P-1Rw R02D215P1Rw 15A Mini Outlet Wh,"Leviton, R02D215P1RW 15A Mini Outlet Wh, Part Number: R02-D215P-1RW",,,,,,,,,,,,,,,,,,,,,,,,,,,,,,,,,,,,,,,,,,,,,,,,,,,,,,,,,,,,,,,,,,,,,,,,,,,,,,,,,,,,,,,,,,,,,,,,,,,,,,,,,,,,,,,,,,,,,,,,,,,,,,,,,,,,,,,,,,,,,,,,,,,,,,,,,,,,,,,,,,,,,,,,,,,,,,,,,,,,,,,,,,,,,,,,,,,,,,,,,,,,,,,,,,,,,,,,,,,,,,,
,,,,,,PBUC013,,,,PBUC013,PBUC013,PBUC013 15A Wall Tap w/USB,,,Prime,Prime Wire & Cable (3562),Prime,Prime,,PBUC013,,,"Prime, 15A Wall Tap W/Usb, Pbuc013, PBUC013",15A WALL TAP W/USB,Prime Pbuc013 15A Wall Tap W/Usb,"Prime, PBUC013 15A Wall Tap w/USB",Prime Pbuc013 15A Wall Tap W/Usb,"Prime, PBUC013 15A Wall Tap w/USB",,,,,,,,,,,,,,,,,,,,,,,,,,,,,,,,,,,,,,,,,,,,,,,,,,,,,,,,,,,,,,,,,,,,,,,,,,,,,,,,,,,,,,,,,,,,,,,,,,,,,,,,,,,,,,,,,,,,,,,,,,,,,,,,,,,,,,,,,,,,,,,,,,,,,,,,,,,,,,,,,,,,,,,,,,,,,,,,,,,,,,,,,,,,,,,,,,,,,,,,,,,,,,,,,,,,,,,,,,,,,,,
,,,,,,R00-GFNT1-00K,,,,R00-GFNT1-00K,R00-GFNT1-00K,R00GFNT100K 15A Outlet Br,,,Leviton,Leviton Mfg Co (4927),Leviton,Leviton,,R00-GFNT1-00K,,,"Leviton, R00Gfnt100K 15A Outlet Br, R00-Gfnt1-00K, R00-GFNT1",R00GFNT100K 15A OUTLET BR,Leviton R00-Gfnt1-00K R00Gfnt100K 15A Outlet Br,"Leviton, R00GFNT100K 15A Outlet Br, Part Number: R00-GFNT1-00K",Leviton R00-Gfnt1-00K R00Gfnt100K 15A Outlet Br,"Leviton, R00GFNT100K 15A Outlet Br, Part Number: R00-GFNT1-00K",,,,,,,,,,,,,,,,,,,,,,,,,,,,,,,,,,,,,,,,,,,,,,,,,,,,,,,,,,,,,,,,,,,,,,,,,,,,,,,,,,,,,,,,,,,,,,,,,,,,,,,,,,,,,,,,,,,,,,,,,,,,,,,,,,,,,,,,,,,,,,,,,,,,,,,,,,,,,,,,,,,,,,,,,,,,,,,,,,,,,,,,,,,,,,,,,,,,,,,,,,,,,,,,,,,,,,,,,,,,,,,
,,,,,,R92-GFWT1-0KW,,,,R92-GFWT1-0KW,R92-GFWT1-0KW,R92GFWT10KW 15A GFCI Outlet Wh,,,Leviton,Leviton Mfg Co (4927),Leviton,Leviton,,R92-GFWT1-0KW,,,"Leviton, R92Gfwt10Kw 15A Gfci Outlet Wh, R92-Gfwt1-0Kw, R92-",R92GFWT10KW 15A GFCI OUTLET WH,Leviton R92-Gfwt1-0Kw R92Gfwt10Kw 15A Gfci Outlet Wh,"Leviton, R92GFWT10KW 15A GFCI Outlet Wh, Part Number: R92-GFWT1-0KW",Leviton R92-Gfwt1-0Kw R92Gfwt10Kw 15A Gfci Outlet Wh,"Leviton, R92GFWT10KW 15A GFCI Outlet Wh, Part Number: R92-GFWT1-0KW",,,,,,,,,,,,,,,,,,,,,,,,,,,,,,,,,,,,,,,,,,,,,,,,,,,,,,,,,,,,,,,,,,,,,,,,,,,,,,,,,,,,,,,,,,,,,,,,,,,,,,,,,,,,,,,,,,,,,,,,,,,,,,,,,,,,,,,,,,,,,,,,,,,,,,,,,,,,,,,,,,,,,,,,,,,,,,,,,,,,,,,,,,,,,,,,,,,,,,,,,,,,,,,,,,,,,,,,,,,,,,,
,,,,,,R12-AGTR1-0KW,,,,R12-AGTR1-0KW,R12-AGTR1-0KW,R12AGTR10KW 15A GFCI Outler Wh,,,Leviton,Leviton Mfg Co (4927),Leviton,Leviton,,R12-AGTR1-0KW,,,"Leviton, R12Agtr10Kw 15A Gfci Outler Wh, R12-Agtr1-0Kw, R12-",R12AGTR10KW 15A GFCI OUTLER WH,Leviton R12-Agtr1-0Kw R12Agtr10Kw 15A Gfci Outler Wh,"Leviton, R12AGTR10KW 15A GFCI Outler Wh, Part Number: R12-AGTR1-0KW",Leviton R12-Agtr1-0Kw R12Agtr10Kw 15A Gfci Outler Wh,"Leviton, R12AGTR10KW 15A GFCI Outler Wh, Part Number: R12-AGTR1-0KW",,,,,,,,,,,,,,,,,,,,,,,,,,,,,,,,,,,,,,,,,,,,,,,,,,,,,,,,,,,,,,,,,,,,,,,,,,,,,,,,,,,,,,,,,,,,,,,,,,,,,,,,,,,,,,,,,,,,,,,,,,,,,,,,,,,,,,,,,,,,,,,,,,,,,,,,,,,,,,,,,,,,,,,,,,,,,,,,,,,,,,,,,,,,,,,,,,,,,,,,,,,,,,,,,,,,,,,,,,,,,,,
,,,,,,R62-GFTA1-0KW,,,,R62-GFTA1-0KW,R62-GFTA1-0KW,R92GFTA10KW 15A GFCI Outlet Wh,,,Leviton,Leviton Mfg Co (4927),Leviton,Leviton,,R62-GFTA1-0KW,,,"Leviton, R92Gfta10Kw 15A Gfci Outlet Wh, R62-Gfta1-0Kw, R62-",R92GFTA10KW 15A GFCI OUTLET WH,Leviton R62-Gfta1-0Kw R92Gfta10Kw 15A Gfci Outlet Wh,"Leviton, R92GFTA10KW 15A GFCI Outlet Wh, Part Number: R62-GFTA1-0KW",Leviton R62-Gfta1-0Kw R92Gfta10Kw 15A Gfci Outlet Wh,"Leviton, R92GFTA10KW 15A GFCI Outlet Wh, Part Number: R62-GFTA1-0KW",,,,,,,,,,,,,,,,,,,,,,,,,,,,,,,,,,,,,,,,,,,,,,,,,,,,,,,,,,,,,,,,,,,,,,,,,,,,,,,,,,,,,,,,,,,,,,,,,,,,,,,,,,,,,,,,,,,,,,,,,,,,,,,,,,,,,,,,,,,,,,,,,,,,,,,,,,,,,,,,,,,,,,,,,,,,,,,,,,,,,,,,,,,,,,,,,,,,,,,,,,,,,,,,,,,,,,,,,,,,,,,
,,,,,,165-04729-00C,,,,165-04729-00C,165-04729-00C,1650472900C 15A 125V Cord Conn,,,Leviton,Leviton Mfg Co (4927),Leviton,Leviton,,165-04729-00C,,,"Leviton, 1650472900C 15A 125V Cord Conn, 165-04729-00C, 165-",1650472900C 15A 125V CORD CONN,Leviton 165-04729-00C 1650472900C 15A 125V Cord Conn,"Leviton, 1650472900C 15A 125V Cord Conn, Part Number: 165-04729-00C",Leviton 165-04729-00C 1650472900C 15A 125V Cord Conn,"Leviton, 1650472900C 15A 125V Cord Conn, Part Number: 165-04729-00C",,,,,,,,,,,,,,,,,,,,,,,,,,,,,,,,,,,,,,,,,,,,,,,,,,,,,,,,,,,,,,,,,,,,,,,,,,,,,,,,,,,,,,,,,,,,,,,,,,,,,,,,,,,,,,,,,,,,,,,,,,,,,,,,,,,,,,,,,,,,,,,,,,,,,,,,,,,,,,,,,,,,,,,,,,,,,,,,,,,,,,,,,,,,,,,,,,,,,,,,,,,,,,,,,,,,,,,,,,,,,,,
,,,,,,161-04720-00C,,,,161-04720-00C,161-04720-00C,1610472000C 15A 125V Cord Conn,,,Leviton,Leviton Mfg Co (4927),Leviton,Leviton,,161-04720-00C,,,"Leviton, 1610472000C 15A 125V Cord Conn, 161-04720-00C, 161-",1610472000C 15A 125V CORD CONN,Leviton 161-04720-00C 1610472000C 15A 125V Cord Conn,"Leviton, 1610472000C 15A 125V Cord Conn, Part Number: 161-04720-00C",Leviton 161-04720-00C 1610472000C 15A 125V Cord Conn,"Leviton, 1610472000C 15A 125V Cord Conn, Part Number: 161-04720-00C",,,,,,,,,,,,,,,,,,,,,,,,,,,,,,,,,,,,,,,,,,,,,,,,,,,,,,,,,,,,,,,,,,,,,,,,,,,,,,,,,,,,,,,,,,,,,,,,,,,,,,,,,,,,,,,,,,,,,,,,,,,,,,,,,,,,,,,,,,,,,,,,,,,,,,,,,,,,,,,,,,,,,,,,,,,,,,,,,,,,,,,,,,,,,,,,,,,,,,,,,,,,,,,,,,,,,,,,,,,,,,,
,,,,,,R02-GUAC1-0BW,,,,R02-GUAC1-0BW,R02-GUAC1-0BW,R02GUAC10BW 15A/USB Outlet Wh,,,Leviton,Leviton Mfg Co (4927),Leviton,Leviton,,R02-GUAC1-0BW,,,"Leviton, R02Guac10Bw 15A/Usb Outlet Wh, R02-Guac1-0Bw, R02-G",R02GUAC10BW 15A/USB OUTLET WH,Leviton R02-Guac1-0Bw R02Guac10Bw 15A/Usb Outlet Wh,"Leviton, R02GUAC10BW 15A/USB Outlet Wh, Part Number: R02-GUAC1-0BW",Leviton R02-Guac1-0Bw R02Guac10Bw 15A/Usb Outlet Wh,"Leviton, R02GUAC10BW 15A/USB Outlet Wh, Part Number: R02-GUAC1-0BW",,,,,,,,,,,,,,,,,,,,,,,,,,,,,,,,,,,,,,,,,,,,,,,,,,,,,,,,,,,,,,,,,,,,,,,,,,,,,,,,,,,,,,,,,,,,,,,,,,,,,,,,,,,,,,,,,,,,,,,,,,,,,,,,,,,,,,,,,,,,,,,,,,,,,,,,,,,,,,,,,,,,,,,,,,,,,,,,,,,,,,,,,,,,,,,,,,,,,,,,,,,,,,,,,,,,,,,,,,,,,,,
,,,,,,R56-CBR15-00T,,,,R56-CBR15-00T,R56-CBR15-00T,R56CBR1500T 15A Outlet LA,,,Leviton,Leviton Mfg Co (4927),Leviton,Leviton,,R56-CBR15-00T,,,"Leviton, R56Cbr1500T 15A Outlet La, R56-Cbr15-00T, R56-CBR15",R56CBR1500T 15A OUTLET LA,Leviton R56-Cbr15-00T R56Cbr1500T 15A Outlet La,"Leviton, R56CBR1500T 15A Outlet LA, Part Number: R56-CBR15-00T",Leviton R56-Cbr15-00T R56Cbr1500T 15A Outlet La,"Leviton, R56CBR1500T 15A Outlet LA, Part Number: R56-CBR15-00T",,,,,,,,,,,,,,,,,,,,,,,,,,,,,,,,,,,,,,,,,,,,,,,,,,,,,,,,,,,,,,,,,,,,,,,,,,,,,,,,,,,,,,,,,,,,,,,,,,,,,,,,,,,,,,,,,,,,,,,,,,,,,,,,,,,,,,,,,,,,,,,,,,,,,,,,,,,,,,,,,,,,,,,,,,,,,,,,,,,,,,,,,,,,,,,,,,,,,,,,,,,,,,,,,,,,,,,,,,,,,,,
,,,,,,R20-05378-P00,,,,R20-05378-P00,R20-05378-P00,R2005378P00 6-50R Welder Outet,,,Leviton,Leviton Mfg Co (4927),Leviton,Leviton,,R20-05378-P00,,,"Leviton, R2005378P00 6, 50R Welder Outet, R20-05378-P00, R20",R2005378P00 6-50R WELDER OUTET,Leviton R20-05378-P00 R2005378P00 6-50R Welder Outet,"Leviton, R2005378P00 6-50R Welder Outet, Part Number: R20-05378-P00",Leviton R20-05378-P00 R2005378P00 6-50R Welder Outet,"Leviton, R2005378P00 6-50R Welder Outet, Part Number: R20-05378-P00",,,,,,,,,,,,,,,,,,,,,,,,,,,,,,,,,,,,,,,,,,,,,,,,,,,,,,,,,,,,,,,,,,,,,,,,,,,,,,,,,,,,,,,,,,,,,,,,,,,,,,,,,,,,,,,,,,,,,,,,,,,,,,,,,,,,,,,,,,,,,,,,,,,,,,,,,,,,,,,,,,,,,,,,,,,,,,,,,,,,,,,,,,,,,,,,,,,,,,,,,,,,,,,,,,,,,,,,,,,,,,,
,,,,,,WC1V12W-SG-UPC,,,,WC1V12W-SG-UPC,WC1V12W-SG-UPC,WC1V12WSGUPC 1G Cover Wh,,,Southwire,Southwire/g Turner (6603),Southwire,Southwire,,WC1V12W-SG-UPC,,,"Southwire, Wc1V12Wsgupc 1G Cover Wh, Wc1V12W-Sg-Upc, WC1V12W",WC1V12WSGUPC 1G COVER WH,Southwire Wc1V12W-Sg-Upc Wc1V12Wsgupc 1G Cover Wh,"Southwire, WC1V12WSGUPC 1G Cover Wh, Part Number: WC1V12W-SG-UPC",Southwire Wc1V12W-Sg-Upc Wc1V12Wsgupc 1G Cover Wh,"Southwire, WC1V12WSGUPC 1G Cover Wh, Part Number: WC1V12W-SG-UPC",,,,,,,,,,,,,,,,,,,,,,,,,,,,,,,,,,,,,,,,,,,,,,,,,,,,,,,,,,,,,,,,,,,,,,,,,,,,,,,,,,,,,,,,,,,,,,,,,,,,,,,,,,,,,,,,,,,,,,,,,,,,,,,,,,,,,,,,,,,,,,,,,,,,,,,,,,,,,,,,,,,,,,,,,,,,,,,,,,,,,,,,,,,,,,,,,,,,,,,,,,,,,,,,,,,,,,,,,,,,,,,
,,,,,,R51-GSRA1-THD,,,,R51-GSRA1-THD,R51-GSRA1-THD,R5GSRA1THD 15A GFCI Plug,,,Leviton,Leviton Mfg Co (4927),Leviton,Leviton,,R51-GSRA1-THD,,,"Leviton, R5Gsra1Thd 15A Gfci Plug, R51-Gsra1-Thd, R51-GSRA1-",R5GSRA1THD 15A GFCI PLUG,Leviton R51-Gsra1-Thd R5Gsra1Thd 15A Gfci Plug,"Leviton, R5GSRA1THD 15A GFCI Plug, Part Number: R51-GSRA1-THD",Leviton R51-Gsra1-Thd R5Gsra1Thd 15A Gfci Plug,"Leviton, R5GSRA1THD 15A GFCI Plug, Part Number: R51-GSRA1-THD",,,,,,,,,,,,,,,,,,,,,,,,,,,,,,,,,,,,,,,,,,,,,,,,,,,,,,,,,,,,,,,,,,,,,,,,,,,,,,,,,,,,,,,,,,,,,,,,,,,,,,,,,,,,,,,,,,,,,,,,,,,,,,,,,,,,,,,,,,,,,,,,,,,,,,,,,,,,,,,,,,,,,,,,,,,,,,,,,,,,,,,,,,,,,,,,,,,,,,,,,,,,,,,,,,,,,,,,,,,,,,,
,,,,,,R62-CBR15-00W,,,,R62-CBR15-00W,R62-CBR15-00W,R62CBR1500W 15A Outlet Wh,,,Leviton,Leviton Mfg Co (4927),Leviton,Leviton,,R62-CBR15-00W,,,"Leviton, R62Cbr1500W 15A Outlet Wh, R62-Cbr15-00W, R62-CBR15",R62CBR1500W 15A OUTLET WH,Leviton R62-Cbr15-00W R62Cbr1500W 15A Outlet Wh,"Leviton, R62CBR1500W 15A Outlet Wh, Part Number: R62-CBR15-00W",Leviton R62-Cbr15-00W R62Cbr1500W 15A Outlet Wh,"Leviton, R62CBR1500W 15A Outlet Wh, Part Number: R62-CBR15-00W",,,,,,,,,,,,,,,,,,,,,,,,,,,,,,,,,,,,,,,,,,,,,,,,,,,,,,,,,,,,,,,,,,,,,,,,,,,,,,,,,,,,,,,,,,,,,,,,,,,,,,,,,,,,,,,,,,,,,,,,,,,,,,,,,,,,,,,,,,,,,,,,,,,,,,,,,,,,,,,,,,,,,,,,,,,,,,,,,,,,,,,,,,,,,,,,,,,,,,,,,,,,,,,,,,,,,,,,,,,,,,,
,,,,,,S03-05226-IS,,,,S03-05226-IS,S03-05226-IS,S0305226IS IV Switch / Pilot,,,Leviton,Leviton Mfg Co (4927),Leviton,Leviton,,S03-05226-IS,,,"Leviton, S0305226Is Iv Switch / Pilot, S03-05226-Is, S03-052",S0305226IS IV SWITCH / PILOT,Leviton S03-05226-Is S0305226Is Iv Switch / Pilot,"Leviton, S0305226IS IV Switch / Pilot, Part Number: S03-05226-IS",Leviton S03-05226-Is S0305226Is Iv Switch / Pilot,"Leviton, S0305226IS IV Switch / Pilot, Part Number: S03-05226-IS",,,,,,,,,,,,,,,,,,,,,,,,,,,,,,,,,,,,,,,,,,,,,,,,,,,,,,,,,,,,,,,,,,,,,,,,,,,,,,,,,,,,,,,,,,,,,,,,,,,,,,,,,,,,,,,,,,,,,,,,,,,,,,,,,,,,,,,,,,,,,,,,,,,,,,,,,,,,,,,,,,,,,,,,,,,,,,,,,,,,,,,,,,,,,,,,,,,,,,,,,,,,,,,,,,,,,,,,,,,,,,,
,,,,,,174-0CSB3-15W,,,,174-0CSB3-15W,174-0CSB3-15W,174-OCSB3-15A Toggle 3-Way Switch Wh,,,,Leviton Mfg Co (4927),Leviton Mfg Co,Leviton Mfg Co,,174-0CSB3-15W,,,"Leviton Mfg Co, 174, Ocsb3, 15A Toggle 3, Way Switch Wh, 174-0Csb3-15W",174-OCSB3-15A TOGGLE 3-WAY SWITCH WH,Leviton Mfg Co 174-0Csb3-15W 174-Ocsb3-15A Toggle 3-Way Switch Wh,"Leviton Mfg Co, 174-OCSB3-15A Toggle 3-Way Switch Wh, Part Number: 174-0CSB3-15W",Leviton Mfg Co 174-0Csb3-15W 174-Ocsb3-15A Toggle 3-Way Switch Wh,"Leviton Mfg Co, 174-OCSB3-15A Toggle 3-Way Switch Wh, Part Number: 174-0CSB3-15W",,,,,,,,,,,,,,,,,,,,,,,,,,,,,,,,,,,,,,,,,,,,,,,,,,,,,,,,,,,,,,,,,,,,,,,,,,,,,,,,,,,,,,,,,,,,,,,,,,,,,,,,,,,,,,,,,,,,,,,,,,,,,,,,,,,,,,,,,,,,,,,,,,,,,,,,,,,,,,,,,,,,,,,,,,,,,,,,,,,,,,,,,,,,,,,,,,,,,,,,,,,,,,,,,,,,,,,,,,,,,,,
,,,,,,R50-0SL13-000,,,,R50-0SL13-000,R50-0SL13-000,T50-0SL13000 1G Wallplate SS - Blank,,,Leviton,Leviton Mfg Co (4927),Leviton,Leviton,,R50-0SL13-000,,,"Leviton, T50, 0Sl13000 1G Wallplate Ss, Blank, R50-0Sl13-000",T50-0SL13000 1G WALLPLATE SS - BLANK,Leviton R50-0Sl13-000 T50-0Sl13000 1G Wallplate Ss - Blank,"Leviton, T50-0SL13000 1G Wallplate SS - Blank, Part Number: R50-0SL13-000",Leviton R50-0Sl13-000 T50-0Sl13000 1G Wallplate Ss - Blank,"Leviton, T50-0SL13000 1G Wallplate SS - Blank, Part Number: R50-0SL13-000",,,,,,,,,,,,,,,,,,,,,,,,,,,,,,,,,,,,,,,,,,,,,,,,,,,,,,,,,,,,,,,,,,,,,,,,,,,,,,,,,,,,,,,,,,,,,,,,,,,,,,,,,,,,,,,,,,,,,,,,,,,,,,,,,,,,,,,,,,,,,,,,,,,,,,,,,,,,,,,,,,,,,,,,,,,,,,,,,,,,,,,,,,,,,,,,,,,,,,,,,,,,,,,,,,,,,,,,,,,,,,,
,,,,,,R52-0PJ13-00W,,,,R52-0PJ13-00W,R52-0PJ13-00W,R520PJ1300W 1G Wallplate Wh - Blank,,,Leviton,Leviton Mfg Co (4927),Leviton,Leviton,,R52-0PJ13-00W,,,"Leviton, R520Pj1300W 1G Wallplate Wh, Blank, R52-0Pj13-00W, ",R520PJ1300W 1G WALLPLATE WH - BLANK,Leviton R52-0Pj13-00W R520Pj1300W 1G Wallplate Wh - Blank,"Leviton, R520PJ1300W 1G Wallplate Wh - Blank, Part Number: R52-0PJ13-00W",Leviton R52-0Pj13-00W R520Pj1300W 1G Wallplate Wh - Blank,"Leviton, R520PJ1300W 1G Wallplate Wh - Blank, Part Number: R52-0PJ13-00W",,,,,,,,,,,,,,,,,,,,,,,,,,,,,,,,,,,,,,,,,,,,,,,,,,,,,,,,,,,,,,,,,,,,,,,,,,,,,,,,,,,,,,,,,,,,,,,,,,,,,,,,,,,,,,,,,,,,,,,,,,,,,,,,,,,,,,,,,,,,,,,,,,,,,,,,,,,,,,,,,,,,,,,,,,,,,,,,,,,,,,,,,,,,,,,,,,,,,,,,,,,,,,,,,,,,,,,,,,,,,,,
,,,,,,XOU2470BCGS,,,,XOU2470BCGS,XOU2470BCGS,XOU2470BCGS Tall Beverage Center SS,,,,Appliance Dealers Cooperative (APPDE),Appliance Dealers Cooperative,Appliance Dealers Cooperative,,XOU2470BCGS,,,"Appliance Dealers Cooperative, Tall Beverage Center Ss, Xou2470Bcgs",TALL BEVERAGE CENTER SS,Appliance Dealers Cooperative Xou2470Bcgs Tall Beverage Center Ss,"Appliance Dealers Cooperative, XOU2470BCGS Tall Beverage Center SS",Appliance Dealers Cooperative Xou2470Bcgs Tall Beverage Center Ss,"Appliance Dealers Cooperative, XOU2470BCGS Tall Beverage Center SS",,,,,,,,,,,,,,,,,,,,,,,,,,,,,,,,,,,,,,,,,,,,,,,,,,,,,,,,,,,,,,,,,,,,,,,,,,,,,,,,,,,,,,,,,,,,,,,,,,,,,,,,,,,,,,,,,,,,,,,,,,,,,,,,,,,,,,,,,,,,,,,,,,,,,,,,,,,,,,,,,,,,,,,,,,,,,,,,,,,,,,,,,,,,,,,,,,,,,,,,,,,,,,,,,,,,,,,,,,,,,,,
,,,,,,XOU24BCGSR,,,,XOU24BCGSR,XOU24BCGSR,XOU24BCGSR Beverage Center SS,,,,Appliance Dealers Cooperative (APPDE),Appliance Dealers Cooperative,Appliance Dealers Cooperative,,XOU24BCGSR,,,"Appliance Dealers Cooperative, Beverage Center Ss, Xou24Bcgsr",BEVERAGE CENTER SS,Appliance Dealers Cooperative Xou24Bcgsr Beverage Center Ss,"Appliance Dealers Cooperative, XOU24BCGSR Beverage Center SS",Appliance Dealers Cooperative Xou24Bcgsr Beverage Center Ss,"Appliance Dealers Cooperative, XOU24BCGSR Beverage Center SS",,,,,,,,,,,,,,,,,,,,,,,,,,,,,,,,,,,,,,,,,,,,,,,,,,,,,,,,,,,,,,,,,,,,,,,,,,,,,,,,,,,,,,,,,,,,,,,,,,,,,,,,,,,,,,,,,,,,,,,,,,,,,,,,,,,,,,,,,,,,,,,,,,,,,,,,,,,,,,,,,,,,,,,,,,,,,,,,,,,,,,,,,,,,,,,,,,,,,,,,,,,,,,,,,,,,,,,,,,,,,,,
,,,,,,XOU24WDZGBR,,,,XOU24WDZGBR,XOU24WDZGBR,XOU24WDZGBR Beverage Center Bk,,,,Appliance Dealers Cooperative (APPDE),Appliance Dealers Cooperative,Appliance Dealers Cooperative,,XOU24WDZGBR,,,"Appliance Dealers Cooperative, Beverage Center Bk, Xou24Wdzgbr",BEVERAGE CENTER BK,Appliance Dealers Cooperative Xou24Wdzgbr Beverage Center Bk,"Appliance Dealers Cooperative, XOU24WDZGBR Beverage Center Bk",Appliance Dealers Cooperative Xou24Wdzgbr Beverage Center Bk,"Appliance Dealers Cooperative, XOU24WDZGBR Beverage Center Bk",,,,,,,,,,,,,,,,,,,,,,,,,,,,,,,,,,,,,,,,,,,,,,,,,,,,,,,,,,,,,,,,,,,,,,,,,,,,,,,,,,,,,,,,,,,,,,,,,,,,,,,,,,,,,,,,,,,,,,,,,,,,,,,,,,,,,,,,,,,,,,,,,,,,,,,,,,,,,,,,,,,,,,,,,,,,,,,,,,,,,,,,,,,,,,,,,,,,,,,,,,,,,,,,,,,,,,,,,,,,,,,
,,,,,,C7CDAAS3PD3,,,,C7CDAAS3PD3,C7CDAAS3PD3,C7CDAAS3PD3 Café Drip Coffee Maker MB,,,,Appliance Dealers Cooperative (APPDE),Appliance Dealers Cooperative,Appliance Dealers Cooperative,,C7CDAAS3PD3,,,"Appliance Dealers Cooperative, Café Drip Coffee Maker Mb, C7Cdaas3Pd3",CAFÉ DRIP COFFEE MAKER MB,Appliance Dealers Cooperative C7Cdaas3Pd3 Café Drip Coffee Maker Mb,"Appliance Dealers Cooperative, C7CDAAS3PD3 Café Drip Coffee Maker MB",Appliance Dealers Cooperative C7Cdaas3Pd3 Café Drip Coffee Maker Mb,"Appliance Dealers Cooperative, C7CDAAS3PD3 Café Drip Coffee Maker MB",,,,,,,,,,,,,,,,,,,,,,,,,,,,,,,,,,,,,,,,,,,,,,,,,,,,,,,,,,,,,,,,,,,,,,,,,,,,,,,,,,,,,,,,,,,,,,,,,,,,,,,,,,,,,,,,,,,,,,,,,,,,,,,,,,,,,,,,,,,,,,,,,,,,,,,,,,,,,,,,,,,,,,,,,,,,,,,,,,,,,,,,,,,,,,,,,,,,,,,,,,,,,,,,,,,,,,,,,,,,,,,
,,,,,,C7CDAAS4PW3,,,,C7CDAAS4PW3,C7CDAAS4PW3,C7CDAAS4PW3 Café Drip Coffee Maker MW,,,,Appliance Dealers Cooperative (APPDE),Appliance Dealers Cooperative,Appliance Dealers Cooperative,,C7CDAAS4PW3,,,"Appliance Dealers Cooperative, Café Drip Coffee Maker Mw, C7Cdaas4Pw3",CAFÉ DRIP COFFEE MAKER MW,Appliance Dealers Cooperative C7Cdaas4Pw3 Café Drip Coffee Maker Mw,"Appliance Dealers Cooperative, C7CDAAS4PW3 Café Drip Coffee Maker MW",Appliance Dealers Cooperative C7Cdaas4Pw3 Café Drip Coffee Maker Mw,"Appliance Dealers Cooperative, C7CDAAS4PW3 Café Drip Coffee Maker MW",,,,,,,,,,,,,,,,,,,,,,,,,,,,,,,,,,,,,,,,,,,,,,,,,,,,,,,,,,,,,,,,,,,,,,,,,,,,,,,,,,,,,,,,,,,,,,,,,,,,,,,,,,,,,,,,,,,,,,,,,,,,,,,,,,,,,,,,,,,,,,,,,,,,,,,,,,,,,,,,,,,,,,,,,,,,,,,,,,,,,,,,,,,,,,,,,,,,,,,,,,,,,,,,,,,,,,,,,,,,,,,
,,,,,,C7CDABS2RS3,,,,C7CDABS2RS3,C7CDABS2RS3,C7CDABS2RS3 Cafe Coffee Maker,,,,Appliance Dealers Cooperative (APPDE),Appliance Dealers Cooperative,Appliance Dealers Cooperative,,C7CDABS2RS3,,,"Appliance Dealers Cooperative, Cafe Coffee Maker, C7Cdabs2Rs3",CAFE COFFEE MAKER,Appliance Dealers Cooperative C7Cdabs2Rs3 Cafe Coffee Maker,"Appliance Dealers Cooperative, C7CDABS2RS3 Cafe Coffee Maker",Appliance Dealers Cooperative C7Cdabs2Rs3 Cafe Coffee Maker,"Appliance Dealers Cooperative, C7CDABS2RS3 Cafe Coffee Maker",,,,,,,,,,,,,,,,,,,,,,,,,,,,,,,,,,,,,,,,,,,,,,,,,,,,,,,,,,,,,,,,,,,,,,,,,,,,,,,,,,,,,,,,,,,,,,,,,,,,,,,,,,,,,,,,,,,,,,,,,,,,,,,,,,,,,,,,,,,,,,,,,,,,,,,,,,,,,,,,,,,,,,,,,,,,,,,,,,,,,,,,,,,,,,,,,,,,,,,,,,,,,,,,,,,,,,,,,,,,,,,
,,,,,,C7CDABS3RD3,,,,C7CDABS3RD3,C7CDABS3RD3,C7CDABS3RD3 Café Coffee Maker MB,,,,Appliance Dealers Cooperative (APPDE),Appliance Dealers Cooperative,Appliance Dealers Cooperative,,C7CDABS3RD3,,,"Appliance Dealers Cooperative, Café Coffee Maker Mb, C7Cdabs3Rd3",CAFÉ COFFEE MAKER MB,Appliance Dealers Cooperative C7Cdabs3Rd3 Café Coffee Maker Mb,"Appliance Dealers Cooperative, C7CDABS3RD3 Café Coffee Maker MB",Appliance Dealers Cooperative C7Cdabs3Rd3 Café Coffee Maker Mb,"Appliance Dealers Cooperative, C7CDABS3RD3 Café Coffee Maker MB",,,,,,,,,,,,,,,,,,,,,,,,,,,,,,,,,,,,,,,,,,,,,,,,,,,,,,,,,,,,,,,,,,,,,,,,,,,,,,,,,,,,,,,,,,,,,,,,,,,,,,,,,,,,,,,,,,,,,,,,,,,,,,,,,,,,,,,,,,,,,,,,,,,,,,,,,,,,,,,,,,,,,,,,,,,,,,,,,,,,,,,,,,,,,,,,,,,,,,,,,,,,,,,,,,,,,,,,,,,,,,,
,,,,,,C7CDABS4RW3,,,,C7CDABS4RW3,C7CDABS4RW3,C7CDABS4RW3 Café Coffee Maker MW,,,,Appliance Dealers Cooperative (APPDE),Appliance Dealers Cooperative,Appliance Dealers Cooperative,,C7CDABS4RW3,,,"Appliance Dealers Cooperative, Café Coffee Maker Mw, C7Cdabs4Rw3",CAFÉ COFFEE MAKER MW,Appliance Dealers Cooperative C7Cdabs4Rw3 Café Coffee Maker Mw,"Appliance Dealers Cooperative, C7CDABS4RW3 Café Coffee Maker MW",Appliance Dealers Cooperative C7Cdabs4Rw3 Café Coffee Maker Mw,"Appliance Dealers Cooperative, C7CDABS4RW3 Café Coffee Maker MW",,,,,,,,,,,,,,,,,,,,,,,,,,,,,,,,,,,,,,,,,,,,,,,,,,,,,,,,,,,,,,,,,,,,,,,,,,,,,,,,,,,,,,,,,,,,,,,,,,,,,,,,,,,,,,,,,,,,,,,,,,,,,,,,,,,,,,,,,,,,,,,,,,,,,,,,,,,,,,,,,,,,,,,,,,,,,,,,,,,,,,,,,,,,,,,,,,,,,,,,,,,,,,,,,,,,,,,,,,,,,,,
,,,,,,C7CEBBS2RS3,,,,C7CEBBS2RS3,C7CEBBS2RS3,C7CEBBS2RS3 Cafe Auto Espresso Machine SS,,,,Appliance Dealers Cooperative (APPDE),Appliance Dealers Cooperative,Appliance Dealers Cooperative,,C7CEBBS2RS3,,,"Appliance Dealers Cooperative, Cafe Auto Espresso Machine Ss, C7Cebbs2Rs3",CAFE AUTO ESPRESSO MACHINE SS,Appliance Dealers Cooperative C7Cebbs2Rs3 Cafe Auto Espresso Machine Ss,"Appliance Dealers Cooperative, C7CEBBS2RS3 Cafe Auto Espresso Machine SS",Appliance Dealers Cooperative C7Cebbs2Rs3 Cafe Auto Espresso Machine Ss,"Appliance Dealers Cooperative, C7CEBBS2RS3 Cafe Auto Espresso Machine SS",,,,,,,,,,,,,,,,,,,,,,,,,,,,,,,,,,,,,,,,,,,,,,,,,,,,,,,,,,,,,,,,,,,,,,,,,,,,,,,,,,,,,,,,,,,,,,,,,,,,,,,,,,,,,,,,,,,,,,,,,,,,,,,,,,,,,,,,,,,,,,,,,,,,,,,,,,,,,,,,,,,,,,,,,,,,,,,,,,,,,,,,,,,,,,,,,,,,,,,,,,,,,,,,,,,,,,,,,,,,,,,
,,,,,,C7CEBBS4RW3,,,,C7CEBBS4RW3,C7CEBBS4RW3,C7CEBBS4RW3 Café Auto Espresso Machine Wh,,,,Appliance Dealers Cooperative (APPDE),Appliance Dealers Cooperative,Appliance Dealers Cooperative,,C7CEBBS4RW3,,,"Appliance Dealers Cooperative, Café Auto Espresso Machine Wh, C7Cebbs4Rw3",CAFÉ AUTO ESPRESSO MACHINE WH,Appliance Dealers Cooperative C7Cebbs4Rw3 Café Auto Espresso Machine Wh,"Appliance Dealers Cooperative, C7CEBBS4RW3 Café Auto Espresso Machine Wh",Appliance Dealers Cooperative C7Cebbs4Rw3 Café Auto Espresso Machine Wh,"Appliance Dealers Cooperative, C7CEBBS4RW3 Café Auto Espresso Machine Wh",,,,,,,,,,,,,,,,,,,,,,,,,,,,,,,,,,,,,,,,,,,,,,,,,,,,,,,,,,,,,,,,,,,,,,,,,,,,,,,,,,,,,,,,,,,,,,,,,,,,,,,,,,,,,,,,,,,,,,,,,,,,,,,,,,,,,,,,,,,,,,,,,,,,,,,,,,,,,,,,,,,,,,,,,,,,,,,,,,,,,,,,,,,,,,,,,,,,,,,,,,,,,,,,,,,,,,,,,,,,,,,
,,,,,,C7CESAS2RS3,,,,C7CESAS2RS3,C7CESAS2RS3,C7CESAS2RS3 Café Espresso SS,,,,Appliance Dealers Cooperative (APPDE),Appliance Dealers Cooperative,Appliance Dealers Cooperative,,C7CESAS2RS3,,,"Appliance Dealers Cooperative, Café Espresso Ss, C7Cesas2Rs3",CAFÉ ESPRESSO SS,Appliance Dealers Cooperative C7Cesas2Rs3 Café Espresso Ss,"Appliance Dealers Cooperative, C7CESAS2RS3 Café Espresso SS",Appliance Dealers Cooperative C7Cesas2Rs3 Café Espresso Ss,"Appliance Dealers Cooperative, C7CESAS2RS3 Café Espresso SS",,,,,,,,,,,,,,,,,,,,,,,,,,,,,,,,,,,,,,,,,,,,,,,,,,,,,,,,,,,,,,,,,,,,,,,,,,,,,,,,,,,,,,,,,,,,,,,,,,,,,,,,,,,,,,,,,,,,,,,,,,,,,,,,,,,,,,,,,,,,,,,,,,,,,,,,,,,,,,,,,,,,,,,,,,,,,,,,,,,,,,,,,,,,,,,,,,,,,,,,,,,,,,,,,,,,,,,,,,,,,,,
,,,,,,C7CESAS3RD3,,,,C7CESAS3RD3,C7CESAS3RD3,C7CESAS3RD3 Café Espresso Machine MB,,,,Appliance Dealers Cooperative (APPDE),Appliance Dealers Cooperative,Appliance Dealers Cooperative,,C7CESAS3RD3,,,"Appliance Dealers Cooperative, Café Espresso Machine Mb, C7Cesas3Rd3",CAFÉ ESPRESSO MACHINE MB,Appliance Dealers Cooperative C7Cesas3Rd3 Café Espresso Machine Mb,"Appliance Dealers Cooperative, C7CESAS3RD3 Café Espresso Machine MB",Appliance Dealers Cooperative C7Cesas3Rd3 Café Espresso Machine Mb,"Appliance Dealers Cooperative, C7CESAS3RD3 Café Espresso Machine MB",,,,,,,,,,,,,,,,,,,,,,,,,,,,,,,,,,,,,,,,,,,,,,,,,,,,,,,,,,,,,,,,,,,,,,,,,,,,,,,,,,,,,,,,,,,,,,,,,,,,,,,,,,,,,,,,,,,,,,,,,,,,,,,,,,,,,,,,,,,,,,,,,,,,,,,,,,,,,,,,,,,,,,,,,,,,,,,,,,,,,,,,,,,,,,,,,,,,,,,,,,,,,,,,,,,,,,,,,,,,,,,
,,,,,,C7CESAS4RW3,,,,C7CESAS4RW3,C7CESAS4RW3,C7CESAS4RW3 Cafe Espresso Wh,,,,Appliance Dealers Cooperative (APPDE),Appliance Dealers Cooperative,Appliance Dealers Cooperative,,C7CESAS4RW3,,,"Appliance Dealers Cooperative, Cafe Espresso Wh, C7Cesas4Rw3",CAFE ESPRESSO WH,Appliance Dealers Cooperative C7Cesas4Rw3 Cafe Espresso Wh,"Appliance Dealers Cooperative, C7CESAS4RW3 Cafe Espresso Wh",Appliance Dealers Cooperative C7Cesas4Rw3 Cafe Espresso Wh,"Appliance Dealers Cooperative, C7CESAS4RW3 Cafe Espresso Wh",,,,,,,,,,,,,,,,,,,,,,,,,,,,,,,,,,,,,,,,,,,,,,,,,,,,,,,,,,,,,,,,,,,,,,,,,,,,,,,,,,,,,,,,,,,,,,,,,,,,,,,,,,,,,,,,,,,,,,,,,,,,,,,,,,,,,,,,,,,,,,,,,,,,,,,,,,,,,,,,,,,,,,,,,,,,,,,,,,,,,,,,,,,,,,,,,,,,,,,,,,,,,,,,,,,,,,,,,,,,,,,
,,,,,,WOSP30100SS,,,,WOSP30100SS,WOSP30100SS,WOSP30100SS Beko Wall Oven SS,,,,Appliance Dealers Cooperative (APPDE),Appliance Dealers Cooperative,Appliance Dealers Cooperative,,WOSP30100SS,,,"Appliance Dealers Cooperative, Beko Wall Oven Ss, Wosp30100Ss",BEKO WALL OVEN SS,Appliance Dealers Cooperative Wosp30100Ss Beko Wall Oven Ss,"Appliance Dealers Cooperative, WOSP30100SS Beko Wall Oven SS",Appliance Dealers Cooperative Wosp30100Ss Beko Wall Oven Ss,"Appliance Dealers Cooperative, WOSP30100SS Beko Wall Oven SS",,,,,,,,,,,,,,,,,,,,,,,,,,,,,,,,,,,,,,,,,,,,,,,,,,,,,,,,,,,,,,,,,,,,,,,,,,,,,,,,,,,,,,,,,,,,,,,,,,,,,,,,,,,,,,,,,,,,,,,,,,,,,,,,,,,,,,,,,,,,,,,,,,,,,,,,,,,,,,,,,,,,,,,,,,,,,,,,,,,,,,,,,,,,,,,,,,,,,,,,,,,,,,,,,,,,,,,,,,,,,,,
,,,,,,MSER2090S,,,,MSER2090S,MSER2090S,MSER2090S LG Microwave SS,,,,Appliance Dealers Cooperative (APPDE),Appliance Dealers Cooperative,Appliance Dealers Cooperative,,MSER2090S,,,"Appliance Dealers Cooperative, Lg Microwave Ss, Mser2090S, M",LG MICROWAVE SS,Appliance Dealers Cooperative Mser2090S Lg Microwave Ss,"Appliance Dealers Cooperative, MSER2090S LG Microwave SS",Appliance Dealers Cooperative Mser2090S Lg Microwave Ss,"Appliance Dealers Cooperative, MSER2090S LG Microwave SS",,,,,,,,,,,,,,,,,,,,,,,,,,,,,,,,,,,,,,,,,,,,,,,,,,,,,,,,,,,,,,,,,,,,,,,,,,,,,,,,,,,,,,,,,,,,,,,,,,,,,,,,,,,,,,,,,,,,,,,,,,,,,,,,,,,,,,,,,,,,,,,,,,,,,,,,,,,,,,,,,,,,,,,,,,,,,,,,,,,,,,,,,,,,,,,,,,,,,,,,,,,,,,,,,,,,,,,,,,,,,,,
,,,,,,GCST16S1WSS,,,,GCST16S1WSS,GCST16S1WSS,GCST16S1WSS GE Microwave SS,,,,Appliance Dealers Cooperative (APPDE),Appliance Dealers Cooperative,Appliance Dealers Cooperative,,GCST16S1WSS,,,"Appliance Dealers Cooperative, Ge Microwave Ss, Gcst16S1Wss, GCST16S1WS",GE MICROWAVE SS,Appliance Dealers Cooperative Gcst16S1Wss Ge Microwave Ss,"Appliance Dealers Cooperative, GCST16S1WSS GE Microwave SS",Appliance Dealers Cooperative Gcst16S1Wss Ge Microwave Ss,"Appliance Dealers Cooperative, GCST16S1WSS GE Microwave SS",,,,,,,,,,,,,,,,,,,,,,,,,,,,,,,,,,,,,,,,,,,,,,,,,,,,,,,,,,,,,,,,,,,,,,,,,,,,,,,,,,,,,,,,,,,,,,,,,,,,,,,,,,,,,,,,,,,,,,,,,,,,,,,,,,,,,,,,,,,,,,,,,,,,,,,,,,,,,,,,,,,,,,,,,,,,,,,,,,,,,,,,,,,,,,,,,,,,,,,,,,,,,,,,,,,,,,,,,,,,,,,
,,,,,,PCWK15C1WSS,,,,PCWK15C1WSS,PCWK15C1WSS,PCWK15C1WSS GE Microwave,,,,Appliance Dealers Cooperative (APPDE),Appliance Dealers Cooperative,Appliance Dealers Cooperative,,PCWK15C1WSS,,,"Appliance Dealers Cooperative, Ge Microwave, Pcwk15C1Wss, PC",GE MICROWAVE,Appliance Dealers Cooperative Pcwk15C1Wss Ge Microwave,"Appliance Dealers Cooperative, PCWK15C1WSS GE Microwave",Appliance Dealers Cooperative Pcwk15C1Wss Ge Microwave,"Appliance Dealers Cooperative, PCWK15C1WSS GE Microwave",,,,,,,,,,,,,,,,,,,,,,,,,,,,,,,,,,,,,,,,,,,,,,,,,,,,,,,,,,,,,,,,,,,,,,,,,,,,,,,,,,,,,,,,,,,,,,,,,,,,,,,,,,,,,,,,,,,,,,,,,,,,,,,,,,,,,,,,,,,,,,,,,,,,,,,,,,,,,,,,,,,,,,,,,,,,,,,,,,,,,,,,,,,,,,,,,,,,,,,,,,,,,,,,,,,,,,,,,,,,,,,
,,,,,,SMC2266KS,,,,SMC2266KS,SMC2266KS,SMC2266KS Microwave SS Display Only,,,,Appliance Dealers Cooperative (APPDE),Appliance Dealers Cooperative,Appliance Dealers Cooperative,,SMC2266KS,,,"Appliance Dealers Cooperative, Microwave Ss Display Only, Smc2266Ks",MICROWAVE SS DISPLAY ONLY,Appliance Dealers Cooperative Smc2266Ks Microwave Ss Display Only,"Appliance Dealers Cooperative, SMC2266KS Microwave SS Display Only",Appliance Dealers Cooperative Smc2266Ks Microwave Ss Display Only,"Appliance Dealers Cooperative, SMC2266KS Microwave SS Display Only",,,,,,,,,,,,,,,,,,,,,,,,,,,,,,,,,,,,,,,,,,,,,,,,,,,,,,,,,,,,,,,,,,,,,,,,,,,,,,,,,,,,,,,,,,,,,,,,,,,,,,,,,,,,,,,,,,,,,,,,,,,,,,,,,,,,,,,,,,,,,,,,,,,,,,,,,,,,,,,,,,,,,,,,,,,,,,,,,,,,,,,,,,,,,,,,,,,,,,,,,,,,,,,,,,,,,,,,,,,,,,,
,,,,,,SMD2479JS,,,,SMD2479JS,SMD2479JS,SMD2479JS Microwave Drawer SS Display Only,,,,Appliance Dealers Cooperative (APPDE),Appliance Dealers Cooperative,Appliance Dealers Cooperative,,SMD2479JS,,,"Appliance Dealers Cooperative, Microwave Drawer Ss Display Only, Smd2479Js",MICROWAVE DRAWER SS DISPLAY ONLY,Appliance Dealers Cooperative Smd2479Js Microwave Drawer Ss Display Only,"Appliance Dealers Cooperative, SMD2479JS Microwave Drawer SS Display Only",Appliance Dealers Cooperative Smd2479Js Microwave Drawer Ss Display Only,"Appliance Dealers Cooperative, SMD2479JS Microwave Drawer SS Display Only",,,,,,,,,,,,,,,,,,,,,,,,,,,,,,,,,,,,,,,,,,,,,,,,,,,,,,,,,,,,,,,,,,,,,,,,,,,,,,,,,,,,,,,,,,,,,,,,,,,,,,,,,,,,,,,,,,,,,,,,,,,,,,,,,,,,,,,,,,,,,,,,,,,,,,,,,,,,,,,,,,,,,,,,,,,,,,,,,,,,,,,,,,,,,,,,,,,,,,,,,,,,,,,,,,,,,,,,,,,,,,,
,,,,,,PEP9030DTBB,,,,PEP9030DTBB,PEP9030DTBB,"PEP9030DTBB 30"" GE Cooktop Bk",,,,Appliance Dealers Cooperative (APPDE),Appliance Dealers Cooperative,Appliance Dealers Cooperative,,PEP9030DTBB,,,"Appliance Dealers Cooperative, 30"" Ge Cooktop Bk, Pep9030Dtbb","30"" GE COOKTOP BK","Appliance Dealers Cooperative Pep9030Dtbb 30"" Ge Cooktop Bk","Appliance Dealers Cooperative, PEP9030DTBB 30"" GE Cooktop Bk","Appliance Dealers Cooperative Pep9030Dtbb 30"" Ge Cooktop Bk","Appliance Dealers Cooperative, PEP9030DTBB 30"" GE Cooktop Bk",,,,,,,,,,,,,,,,,,,,,,,,,,,,,,,,,,,,,,,,,,,,,,,,,,,,,,,,,,,,,,,,,,,,,,,,,,,,,,,,,,,,,,,,,,,,,,,,,,,,,,,,,,,,,,,,,,,,,,,,,,,,,,,,,,,,,,,,,,,,,,,,,,,,,,,,,,,,,,,,,,,,,,,,,,,,,,,,,,,,,,,,,,,,,,,,,,,,,,,,,,,,,,,,,,,,,,,,,,,,,,,
,,,,,,CES700P3MD1,,,,CES700P3MD1,CES700P3MD1,"CES700P3MD1 Cafe 30"" Range Bk - Display",,,,Appliance Dealers Cooperative (APPDE),Appliance Dealers Cooperative,Appliance Dealers Cooperative,,CES700P3MD1,,,"Appliance Dealers Cooperative, Cafe 30"" Range Bk, Display, Ces700P3Md1","CAFE 30"" RANGE BK - DISPLAY","Appliance Dealers Cooperative Ces700P3Md1 Cafe 30"" Range Bk - Display","Appliance Dealers Cooperative, CES700P3MD1 Cafe 30"" Range Bk - Display","Appliance Dealers Cooperative Ces700P3Md1 Cafe 30"" Range Bk - Display","Appliance Dealers Cooperative, CES700P3MD1 Cafe 30"" Range Bk - Display",,,,,,,,,,,,,,,,,,,,,,,,,,,,,,,,,,,,,,,,,,,,,,,,,,,,,,,,,,,,,,,,,,,,,,,,,,,,,,,,,,,,,,,,,,,,,,,,,,,,,,,,,,,,,,,,,,,,,,,,,,,,,,,,,,,,,,,,,,,,,,,,,,,,,,,,,,,,,,,,,,,,,,,,,,,,,,,,,,,,,,,,,,,,,,,,,,,,,,,,,,,,,,,,,,,,,,,,,,,,,,,
,,,,,,PS960YPFS,,,,PS960YPFS,PS960YPFS,"PS960YPFS 30"" GE Electric Range SS - Display Only",,,,Appliance Dealers Cooperative (APPDE),Appliance Dealers Cooperative,Appliance Dealers Cooperative,,PS960YPFS,,,"Appliance Dealers Cooperative, 30"" Ge Electric Range Ss, Display Only, Ps960Ypfs","30"" GE ELECTRIC RANGE SS - DISPLAY ONLY","Appliance Dealers Cooperative Ps960Ypfs 30"" Ge Electric Range Ss - Display Only","Appliance Dealers Cooperative, PS960YPFS 30"" GE Electric Range SS - Display Only","Appliance Dealers Cooperative Ps960Ypfs 30"" Ge Electric Range Ss - Display Only","Appliance Dealers Cooperative, PS960YPFS 30"" GE Electric Range SS - Display Only",,,,,,,,,,,,,,,,,,,,,,,,,,,,,,,,,,,,,,,,,,,,,,,,,,,,,,,,,,,,,,,,,,,,,,,,,,,,,,,,,,,,,,,,,,,,,,,,,,,,,,,,,,,,,,,,,,,,,,,,,,,,,,,,,,,,,,,,,,,,,,,,,,,,,,,,,,,,,,,,,,,,,,,,,,,,,,,,,,,,,,,,,,,,,,,,,,,,,,,,,,,,,,,,,,,,,,,,,,,,,,,
,,,,,,PB900YVFS,,,,PB900YVFS,PB900YVFS,"PB900YVFS Elect 30"" Range SS",,,,Appliance Dealers Cooperative (APPDE),Appliance Dealers Cooperative,Appliance Dealers Cooperative,,PB900YVFS,,,"Appliance Dealers Cooperative, Elect 30"" Range Ss, Pb900Yvfs","ELECT 30"" RANGE SS","Appliance Dealers Cooperative Pb900Yvfs Elect 30"" Range Ss","Appliance Dealers Cooperative, PB900YVFS Elect 30"" Range SS","Appliance Dealers Cooperative Pb900Yvfs Elect 30"" Range Ss","Appliance Dealers Cooperative, PB900YVFS Elect 30"" Range SS",,,,,,,,,,,,,,,,,,,,,,,,,,,,,,,,,,,,,,,,,,,,,,,,,,,,,,,,,,,,,,,,,,,,,,,,,,,,,,,,,,,,,,,,,,,,,,,,,,,,,,,,,,,,,,,,,,,,,,,,,,,,,,,,,,,,,,,,,,,,,,,,,,,,,,,,,,,,,,,,,,,,,,,,,,,,,,,,,,,,,,,,,,,,,,,,,,,,,,,,,,,,,,,,,,,,,,,,,,,,,,,
,,,,,,PCFE3080AF,,,,PCFE3080AF,PCFE3080AF,"PCFE3080AF 30"" Elect Range SS - Display Only",,,,Appliance Dealers Cooperative (APPDE),Appliance Dealers Cooperative,Appliance Dealers Cooperative,,PCFE3080AF,,,"Appliance Dealers Cooperative, 30"" Elect Range Ss, Display Only, Pcfe3080Af","30"" ELECT RANGE SS - DISPLAY ONLY","Appliance Dealers Cooperative Pcfe3080Af 30"" Elect Range Ss - Display Only","Appliance Dealers Cooperative, PCFE3080AF 30"" Elect Range SS - Display Only","Appliance Dealers Cooperative Pcfe3080Af 30"" Elect Range Ss - Display Only","Appliance Dealers Cooperative, PCFE3080AF 30"" Elect Range SS - Display Only",,,,,,,,,,,,,,,,,,,,,,,,,,,,,,,,,,,,,,,,,,,,,,,,,,,,,,,,,,,,,,,,,,,,,,,,,,,,,,,,,,,,,,,,,,,,,,,,,,,,,,,,,,,,,,,,,,,,,,,,,,,,,,,,,,,,,,,,,,,,,,,,,,,,,,,,,,,,,,,,,,,,,,,,,,,,,,,,,,,,,,,,,,,,,,,,,,,,,,,,,,,,,,,,,,,,,,,,,,,,,,,
,,,,,,SLER30524SS,,,,SLER30524SS,SLER30524SS,"SLER30524SS 30"" Elect Range SS",,,,Appliance Dealers Cooperative (APPDE),Appliance Dealers Cooperative,Appliance Dealers Cooperative,,SLER30524SS,,,"Appliance Dealers Cooperative, 30"" Elect Range Ss, Sler30524Ss","30"" ELECT RANGE SS","Appliance Dealers Cooperative Sler30524Ss 30"" Elect Range Ss","Appliance Dealers Cooperative, SLER30524SS 30"" Elect Range SS","Appliance Dealers Cooperative Sler30524Ss 30"" Elect Range Ss","Appliance Dealers Cooperative, SLER30524SS 30"" Elect Range SS",,,,,,,,,,,,,,,,,,,,,,,,,,,,,,,,,,,,,,,,,,,,,,,,,,,,,,,,,,,,,,,,,,,,,,,,,,,,,,,,,,,,,,,,,,,,,,,,,,,,,,,,,,,,,,,,,,,,,,,,,,,,,,,,,,,,,,,,,,,,,,,,,,,,,,,,,,,,,,,,,,,,,,,,,,,,,,,,,,,,,,,,,,,,,,,,,,,,,,,,,,,,,,,,,,,,,,,,,,,,,,,
,,,,,,LSEL6333ZE,,,,LSEL6333ZE,LSEL6333ZE,"LSEL6333ZE LG 30"" Elec Range BS-Display Only",,,,Appliance Dealers Cooperative (APPDE),Appliance Dealers Cooperative,Appliance Dealers Cooperative,,LSEL6333ZE,,,"Appliance Dealers Cooperative, Lg 30"" Elec Range Bs, Display Only, Lsel6333Ze","LG 30"" ELEC RANGE BS-DISPLAY ONLY","Appliance Dealers Cooperative Lsel6333Ze Lg 30"" Elec Range Bs-Display Only","Appliance Dealers Cooperative, LSEL6333ZE LG 30"" Elec Range BS-Display Only","Appliance Dealers Cooperative Lsel6333Ze Lg 30"" Elec Range Bs-Display Only","Appliance Dealers Cooperative, LSEL6333ZE LG 30"" Elec Range BS-Display Only",,,,,,,,,,,,,,,,,,,,,,,,,,,,,,,,,,,,,,,,,,,,,,,,,,,,,,,,,,,,,,,,,,,,,,,,,,,,,,,,,,,,,,,,,,,,,,,,,,,,,,,,,,,,,,,,,,,,,,,,,,,,,,,,,,,,,,,,,,,,,,,,,,,,,,,,,,,,,,,,,,,,,,,,,,,,,,,,,,,,,,,,,,,,,,,,,,,,,,,,,,,,,,,,,,,,,,,,,,,,,,,
,,,,,,KSES530SBE,,,,KSES530SBE,KSES530SBE,"KSES530SBE 30"" Elect Range BO Display Only",,,,Appliance Dealers Cooperative (APPDE),Appliance Dealers Cooperative,Appliance Dealers Cooperative,,KSES530SBE,,,"Appliance Dealers Cooperative, 30"" Elect Range Bo Display Only, Kses530Sbe","30"" ELECT RANGE BO DISPLAY ONLY","Appliance Dealers Cooperative Kses530Sbe 30"" Elect Range Bo Display Only","Appliance Dealers Cooperative, KSES530SBE 30"" Elect Range BO Display Only","Appliance Dealers Cooperative Kses530Sbe 30"" Elect Range Bo Display Only","Appliance Dealers Cooperative, KSES530SBE 30"" Elect Range BO Display Only",,,,,,,,,,,,,,,,,,,,,,,,,,,,,,,,,,,,,,,,,,,,,,,,,,,,,,,,,,,,,,,,,,,,,,,,,,,,,,,,,,,,,,,,,,,,,,,,,,,,,,,,,,,,,,,,,,,,,,,,,,,,,,,,,,,,,,,,,,,,,,,,,,,,,,,,,,,,,,,,,,,,,,,,,,,,,,,,,,,,,,,,,,,,,,,,,,,,,,,,,,,,,,,,,,,,,,,,,,,,,,,
,,,,,,GCFG3661AF,,,,GCFG3661AF,GCFG3661AF,"GCFG3661AF 36"" Frigidaire Gas Range SS",,,,Appliance Dealers Cooperative (APPDE),Appliance Dealers Cooperative,Appliance Dealers Cooperative,,GCFG3661AF,,,"Appliance Dealers Cooperative, 36"" Frigidaire Gas Range Ss, Gcfg3661Af","36"" FRIGIDAIRE GAS RANGE SS","Appliance Dealers Cooperative Gcfg3661Af 36"" Frigidaire Gas Range Ss","Appliance Dealers Cooperative, GCFG3661AF 36"" Frigidaire Gas Range SS","Appliance Dealers Cooperative Gcfg3661Af 36"" Frigidaire Gas Range Ss","Appliance Dealers Cooperative, GCFG3661AF 36"" Frigidaire Gas Range SS",,,,,,,,,,,,,,,,,,,,,,,,,,,,,,,,,,,,,,,,,,,,,,,,,,,,,,,,,,,,,,,,,,,,,,,,,,,,,,,,,,,,,,,,,,,,,,,,,,,,,,,,,,,,,,,,,,,,,,,,,,,,,,,,,,,,,,,,,,,,,,,,,,,,,,,,,,,,,,,,,,,,,,,,,,,,,,,,,,,,,,,,,,,,,,,,,,,,,,,,,,,,,,,,,,,,,,,,,,,,,,,
,,,,,,WSGS7530RZ,,,,WSGS7530RZ,WSGS7530RZ,"WSGS7530RZ 30"" Gas Range SS - Display Only",,,,Appliance Dealers Cooperative (APPDE),Appliance Dealers Cooperative,Appliance Dealers Cooperative,,WSGS7530RZ,,,"Appliance Dealers Cooperative, 30"" Gas Range Ss, Display Only, Wsgs7530Rz","30"" GAS RANGE SS - DISPLAY ONLY","Appliance Dealers Cooperative Wsgs7530Rz 30"" Gas Range Ss - Display Only","Appliance Dealers Cooperative, WSGS7530RZ 30"" Gas Range SS - Display Only","Appliance Dealers Cooperative Wsgs7530Rz 30"" Gas Range Ss - Display Only","Appliance Dealers Cooperative, WSGS7530RZ 30"" Gas Range SS - Display Only",,,,,,,,,,,,,,,,,,,,,,,,,,,,,,,,,,,,,,,,,,,,,,,,,,,,,,,,,,,,,,,,,,,,,,,,,,,,,,,,,,,,,,,,,,,,,,,,,,,,,,,,,,,,,,,,,,,,,,,,,,,,,,,,,,,,,,,,,,,,,,,,,,,,,,,,,,,,,,,,,,,,,,,,,,,,,,,,,,,,,,,,,,,,,,,,,,,,,,,,,,,,,,,,,,,,,,,,,,,,,,,
,,,,,,CHP90301TBB,,,,CHP90301TBB,CHP90301TBB,CHP90301TBB Café Cooktop Bk,,,,Appliance Dealers Cooperative (APPDE),Appliance Dealers Cooperative,Appliance Dealers Cooperative,,CHP90301TBB,,,"Appliance Dealers Cooperative, Café Cooktop Bk, Chp90301Tbb, CHP90301TB",CAFÉ COOKTOP BK,Appliance Dealers Cooperative Chp90301Tbb Café Cooktop Bk,"Appliance Dealers Cooperative, CHP90301TBB Café Cooktop Bk",Appliance Dealers Cooperative Chp90301Tbb Café Cooktop Bk,"Appliance Dealers Cooperative, CHP90301TBB Café Cooktop Bk",,,,,,,,,,,,,,,,,,,,,,,,,,,,,,,,,,,,,,,,,,,,,,,,,,,,,,,,,,,,,,,,,,,,,,,,,,,,,,,,,,,,,,,,,,,,,,,,,,,,,,,,,,,,,,,,,,,,,,,,,,,,,,,,,,,,,,,,,,,,,,,,,,,,,,,,,,,,,,,,,,,,,,,,,,,,,,,,,,,,,,,,,,,,,,,,,,,,,,,,,,,,,,,,,,,,,,,,,,,,,,,
,,,,,,CVM517P3RD1,,,,CVM517P3RD1,CVM517P3RD1,CVM517P3RD1 Cafe Microwave Bk - Display,,,,Appliance Dealers Cooperative (APPDE),Appliance Dealers Cooperative,Appliance Dealers Cooperative,,CVM517P3RD1,,,"Appliance Dealers Cooperative, Cafe Microwave Bk, Display, Cvm517P3Rd1",CAFE MICROWAVE BK - DISPLAY,Appliance Dealers Cooperative Cvm517P3Rd1 Cafe Microwave Bk - Display,"Appliance Dealers Cooperative, CVM517P3RD1 Cafe Microwave Bk - Display",Appliance Dealers Cooperative Cvm517P3Rd1 Cafe Microwave Bk - Display,"Appliance Dealers Cooperative, CVM517P3RD1 Cafe Microwave Bk - Display",,,,,,,,,,,,,,,,,,,,,,,,,,,,,,,,,,,,,,,,,,,,,,,,,,,,,,,,,,,,,,,,,,,,,,,,,,,,,,,,,,,,,,,,,,,,,,,,,,,,,,,,,,,,,,,,,,,,,,,,,,,,,,,,,,,,,,,,,,,,,,,,,,,,,,,,,,,,,,,,,,,,,,,,,,,,,,,,,,,,,,,,,,,,,,,,,,,,,,,,,,,,,,,,,,,,,,,,,,,,,,,
,,,,,,PMOS1980AF,,,,PMOS1980AF,PMOS1980AF,PMOS1980AF OTR Microwave SS - Display Only,,,,Appliance Dealers Cooperative (APPDE),Appliance Dealers Cooperative,Appliance Dealers Cooperative,,PMOS1980AF,,,"Appliance Dealers Cooperative, Otr Microwave Ss, Display Only, Pmos1980Af",OTR MICROWAVE SS - DISPLAY ONLY,Appliance Dealers Cooperative Pmos1980Af Otr Microwave Ss - Display Only,"Appliance Dealers Cooperative, PMOS1980AF OTR Microwave SS - Display Only",Appliance Dealers Cooperative Pmos1980Af Otr Microwave Ss - Display Only,"Appliance Dealers Cooperative, PMOS1980AF OTR Microwave SS - Display Only",,,,,,,,,,,,,,,,,,,,,,,,,,,,,,,,,,,,,,,,,,,,,,,,,,,,,,,,,,,,,,,,,,,,,,,,,,,,,,,,,,,,,,,,,,,,,,,,,,,,,,,,,,,,,,,,,,,,,,,,,,,,,,,,,,,,,,,,,,,,,,,,,,,,,,,,,,,,,,,,,,,,,,,,,,,,,,,,,,,,,,,,,,,,,,,,,,,,,,,,,,,,,,,,,,,,,,,,,,,,,,,
,,,,,,WMMS3330RZ,,,,WMMS3330RZ,WMMS3330RZ,WMMS3330RZ OTR Mocrowave SS - Display Only,,,,Appliance Dealers Cooperative (APPDE),Appliance Dealers Cooperative,Appliance Dealers Cooperative,,WMMS3330RZ,,,"Appliance Dealers Cooperative, Otr Mocrowave Ss, Display Only, Wmms3330Rz",OTR MOCROWAVE SS - DISPLAY ONLY,Appliance Dealers Cooperative Wmms3330Rz Otr Mocrowave Ss - Display Only,"Appliance Dealers Cooperative, WMMS3330RZ OTR Mocrowave SS - Display Only",Appliance Dealers Cooperative Wmms3330Rz Otr Mocrowave Ss - Display Only,"Appliance Dealers Cooperative, WMMS3330RZ OTR Mocrowave SS - Display Only",,,,,,,,,,,,,,,,,,,,,,,,,,,,,,,,,,,,,,,,,,,,,,,,,,,,,,,,,,,,,,,,,,,,,,,,,,,,,,,,,,,,,,,,,,,,,,,,,,,,,,,,,,,,,,,,,,,,,,,,,,,,,,,,,,,,,,,,,,,,,,,,,,,,,,,,,,,,,,,,,,,,,,,,,,,,,,,,,,,,,,,,,,,,,,,,,,,,,,,,,,,,,,,,,,,,,,,,,,,,,,,
,,,,,,KMMF530PBE,,,,KMMF530PBE,KMMF530PBE,KMMF530PBE OTR Microwave BO Display Only,,,,Appliance Dealers Cooperative (APPDE),Appliance Dealers Cooperative,Appliance Dealers Cooperative,,KMMF530PBE,,,"Appliance Dealers Cooperative, Otr Microwave Bo Display Only, Kmmf530Pbe",OTR MICROWAVE BO DISPLAY ONLY,Appliance Dealers Cooperative Kmmf530Pbe Otr Microwave Bo Display Only,"Appliance Dealers Cooperative, KMMF530PBE OTR Microwave BO Display Only",Appliance Dealers Cooperative Kmmf530Pbe Otr Microwave Bo Display Only,"Appliance Dealers Cooperative, KMMF530PBE OTR Microwave BO Display Only",,,,,,,,,,,,,,,,,,,,,,,,,,,,,,,,,,,,,,,,,,,,,,,,,,,,,,,,,,,,,,,,,,,,,,,,,,,,,,,,,,,,,,,,,,,,,,,,,,,,,,,,,,,,,,,,,,,,,,,,,,,,,,,,,,,,,,,,,,,,,,,,,,,,,,,,,,,,,,,,,,,,,,,,,,,,,,,,,,,,,,,,,,,,,,,,,,,,,,,,,,,,,,,,,,,,,,,,,,,,,,,
,,,,,,JXGRILL1,,,,JXGRILL1,JXGRILL1,JXGRILL1 GE Range Grill,,,,Appliance Dealers Cooperative (APPDE),Appliance Dealers Cooperative,Appliance Dealers Cooperative,,JXGRILL1,,,"Appliance Dealers Cooperative, Ge Range Grill, Jxgrill1, JXG",GE RANGE GRILL,Appliance Dealers Cooperative Jxgrill1 Ge Range Grill,"Appliance Dealers Cooperative, JXGRILL1 GE Range Grill",Appliance Dealers Cooperative Jxgrill1 Ge Range Grill,"Appliance Dealers Cooperative, JXGRILL1 GE Range Grill",,,,,,,,,,,,,,,,,,,,,,,,,,,,,,,,,,,,,,,,,,,,,,,,,,,,,,,,,,,,,,,,,,,,,,,,,,,,,,,,,,,,,,,,,,,,,,,,,,,,,,,,,,,,,,,,,,,,,,,,,,,,,,,,,,,,,,,,,,,,,,,,,,,,,,,,,,,,,,,,,,,,,,,,,,,,,,,,,,,,,,,,,,,,,,,,,,,,,,,,,,,,,,,,,,,,,,,,,,,,,,,
,,,,,,C9TMA2S3PD3,,,,C9TMA2S3PD3,C9TMA2S3PD3,C9TMA2S3PD3 Café Toaster MB,,,,Appliance Dealers Cooperative (APPDE),Appliance Dealers Cooperative,Appliance Dealers Cooperative,,C9TMA2S3PD3,,,"Appliance Dealers Cooperative, Café Toaster Mb, C9Tma2S3Pd3, C9TMA2S3PD",CAFÉ TOASTER MB,Appliance Dealers Cooperative C9Tma2S3Pd3 Café Toaster Mb,"Appliance Dealers Cooperative, C9TMA2S3PD3 Café Toaster MB",Appliance Dealers Cooperative C9Tma2S3Pd3 Café Toaster Mb,"Appliance Dealers Cooperative, C9TMA2S3PD3 Café Toaster MB",,,,,,,,,,,,,,,,,,,,,,,,,,,,,,,,,,,,,,,,,,,,,,,,,,,,,,,,,,,,,,,,,,,,,,,,,,,,,,,,,,,,,,,,,,,,,,,,,,,,,,,,,,,,,,,,,,,,,,,,,,,,,,,,,,,,,,,,,,,,,,,,,,,,,,,,,,,,,,,,,,,,,,,,,,,,,,,,,,,,,,,,,,,,,,,,,,,,,,,,,,,,,,,,,,,,,,,,,,,,,,,
,,,,,,C9TMA2S4PW3,,,,C9TMA2S4PW3,C9TMA2S4PW3,C9TMA2S4PW3 Café Toaster MW,,,,Appliance Dealers Cooperative (APPDE),Appliance Dealers Cooperative,Appliance Dealers Cooperative,,C9TMA2S4PW3,,,"Appliance Dealers Cooperative, Café Toaster Mw, C9Tma2S4Pw3, C9TMA2S4PW",CAFÉ TOASTER MW,Appliance Dealers Cooperative C9Tma2S4Pw3 Café Toaster Mw,"Appliance Dealers Cooperative, C9TMA2S4PW3 Café Toaster MW",Appliance Dealers Cooperative C9Tma2S4Pw3 Café Toaster Mw,"Appliance Dealers Cooperative, C9TMA2S4PW3 Café Toaster MW",,,,,,,,,,,,,,,,,,,,,,,,,,,,,,,,,,,,,,,,,,,,,,,,,,,,,,,,,,,,,,,,,,,,,,,,,,,,,,,,,,,,,,,,,,,,,,,,,,,,,,,,,,,,,,,,,,,,,,,,,,,,,,,,,,,,,,,,,,,,,,,,,,,,,,,,,,,,,,,,,,,,,,,,,,,,,,,,,,,,,,,,,,,,,,,,,,,,,,,,,,,,,,,,,,,,,,,,,,,,,,,
,,,,,,C90AAAS2RS3,,,,C90AAAS2RS3,C90AAAS2RS3,C90AAAS2RS3 Cafe Toast Oven SS,,,,Appliance Dealers Cooperative (APPDE),Appliance Dealers Cooperative,Appliance Dealers Cooperative,,C90AAAS2RS3,,,"Appliance Dealers Cooperative, Cafe Toast Oven Ss, C90Aaas2Rs3",CAFE TOAST OVEN SS,Appliance Dealers Cooperative C90Aaas2Rs3 Cafe Toast Oven Ss,"Appliance Dealers Cooperative, C90AAAS2RS3 Cafe Toast Oven SS",Appliance Dealers Cooperative C90Aaas2Rs3 Cafe Toast Oven Ss,"Appliance Dealers Cooperative, C90AAAS2RS3 Cafe Toast Oven SS",,,,,,,,,,,,,,,,,,,,,,,,,,,,,,,,,,,,,,,,,,,,,,,,,,,,,,,,,,,,,,,,,,,,,,,,,,,,,,,,,,,,,,,,,,,,,,,,,,,,,,,,,,,,,,,,,,,,,,,,,,,,,,,,,,,,,,,,,,,,,,,,,,,,,,,,,,,,,,,,,,,,,,,,,,,,,,,,,,,,,,,,,,,,,,,,,,,,,,,,,,,,,,,,,,,,,,,,,,,,,,,
,,,,,,C9TMA2SP2PS3,,,,C9TMA2SP2PS3,C9TMA2SP2PS3,C9TMA2S2PS3 Cafe Toaster SS,,,,Appliance Dealers Cooperative (APPDE),Appliance Dealers Cooperative,Appliance Dealers Cooperative,,C9TMA2SP2PS3,,,"Appliance Dealers Cooperative, C9Tma2S2Ps3 Cafe Toaster Ss, C9Tma2Sp2Ps3",C9TMA2S2PS3 CAFE TOASTER SS,Appliance Dealers Cooperative C9Tma2Sp2Ps3 C9Tma2S2Ps3 Cafe Toaster Ss,"Appliance Dealers Cooperative, C9TMA2S2PS3 Cafe Toaster SS, Part Number: C9TMA2SP2PS3",Appliance Dealers Cooperative C9Tma2Sp2Ps3 C9Tma2S2Ps3 Cafe Toaster Ss,"Appliance Dealers Cooperative, C9TMA2S2PS3 Cafe Toaster SS, Part Number: C9TMA2SP2PS3",,,,,,,,,,,,,,,,,,,,,,,,,,,,,,,,,,,,,,,,,,,,,,,,,,,,,,,,,,,,,,,,,,,,,,,,,,,,,,,,,,,,,,,,,,,,,,,,,,,,,,,,,,,,,,,,,,,,,,,,,,,,,,,,,,,,,,,,,,,,,,,,,,,,,,,,,,,,,,,,,,,,,,,,,,,,,,,,,,,,,,,,,,,,,,,,,,,,,,,,,,,,,,,,,,,,,,,,,,,,,,,
,,,,,,GDE21EMKES,,,,GDE21EMKES,GDE21EMKES,GDE21EMKES GE 21CF Fridge SL Display Only,,,,Appliance Dealers Cooperative (APPDE),Appliance Dealers Cooperative,Appliance Dealers Cooperative,,GDE21EMKES,,,"Appliance Dealers Cooperative, Ge 21Cf Fridge Sl Display Only, Gde21Emkes",GE 21CF FRIDGE SL DISPLAY ONLY,Appliance Dealers Cooperative Gde21Emkes Ge 21Cf Fridge Sl Display Only,"Appliance Dealers Cooperative, GDE21EMKES GE 21CF Fridge SL Display Only",Appliance Dealers Cooperative Gde21Emkes Ge 21Cf Fridge Sl Display Only,"Appliance Dealers Cooperative, GDE21EMKES GE 21CF Fridge SL Display Only",,,,,,,,,,,,,,,,,,,,,,,,,,,,,,,,,,,,,,,,,,,,,,,,,,,,,,,,,,,,,,,,,,,,,,,,,,,,,,,,,,,,,,,,,,,,,,,,,,,,,,,,,,,,,,,,,,,,,,,,,,,,,,,,,,,,,,,,,,,,,,,,,,,,,,,,,,,,,,,,,,,,,,,,,,,,,,,,,,,,,,,,,,,,,,,,,,,,,,,,,,,,,,,,,,,,,,,,,,,,,,,
,,,,,,FCM16SLWW,,,,FCM16SLWW,FCM16SLWW,FCM16SLWW 16CF GE Freezer Chest MH,,,,Appliance Dealers Cooperative (APPDE),Appliance Dealers Cooperative,Appliance Dealers Cooperative,,FCM16SLWW,,,"Appliance Dealers Cooperative, 16Cf Ge Freezer Chest Mh, Fcm16Slww",16CF GE FREEZER CHEST MH,Appliance Dealers Cooperative Fcm16Slww 16Cf Ge Freezer Chest Mh,"Appliance Dealers Cooperative, FCM16SLWW 16CF GE Freezer Chest MH",Appliance Dealers Cooperative Fcm16Slww 16Cf Ge Freezer Chest Mh,"Appliance Dealers Cooperative, FCM16SLWW 16CF GE Freezer Chest MH",,,,,,,,,,,,,,,,,,,,,,,,,,,,,,,,,,,,,,,,,,,,,,,,,,,,,,,,,,,,,,,,,,,,,,,,,,,,,,,,,,,,,,,,,,,,,,,,,,,,,,,,,,,,,,,,,,,,,,,,,,,,,,,,,,,,,,,,,,,,,,,,,,,,,,,,,,,,,,,,,,,,,,,,,,,,,,,,,,,,,,,,,,,,,,,,,,,,,,,,,,,,,,,,,,,,,,,,,,,,,,,
,,,,,,GNE27JYMFS,,,,GNE27JYMFS,GNE27JYMFS,GNE27JYMFS GE Fridge SS,,,,Appliance Dealers Cooperative (APPDE),Appliance Dealers Cooperative,Appliance Dealers Cooperative,,GNE27JYMFS,,,"Appliance Dealers Cooperative, Ge Fridge Ss, Gne27Jymfs, GNE",GE FRIDGE SS,Appliance Dealers Cooperative Gne27Jymfs Ge Fridge Ss,"Appliance Dealers Cooperative, GNE27JYMFS GE Fridge SS",Appliance Dealers Cooperative Gne27Jymfs Ge Fridge Ss,"Appliance Dealers Cooperative, GNE27JYMFS GE Fridge SS",,,,,,,,,,,,,,,,,,,,,,,,,,,,,,,,,,,,,,,,,,,,,,,,,,,,,,,,,,,,,,,,,,,,,,,,,,,,,,,,,,,,,,,,,,,,,,,,,,,,,,,,,,,,,,,,,,,,,,,,,,,,,,,,,,,,,,,,,,,,,,,,,,,,,,,,,,,,,,,,,,,,,,,,,,,,,,,,,,,,,,,,,,,,,,,,,,,,,,,,,,,,,,,,,,,,,,,,,,,,,,,
,,,,,,CVE28DP3ND1,,,,CVE28DP3ND1,CVE28DP3ND1,CVE28DP3ND1 Cafe Fridge Bk,,,,Appliance Dealers Cooperative (APPDE),Appliance Dealers Cooperative,Appliance Dealers Cooperative,,CVE28DP3ND1,,,"Appliance Dealers Cooperative, Cafe Fridge Bk, Cve28Dp3Nd1, ",CAFE FRIDGE BK,Appliance Dealers Cooperative Cve28Dp3Nd1 Cafe Fridge Bk,"Appliance Dealers Cooperative, CVE28DP3ND1 Cafe Fridge Bk",Appliance Dealers Cooperative Cve28Dp3Nd1 Cafe Fridge Bk,"Appliance Dealers Cooperative, CVE28DP3ND1 Cafe Fridge Bk",,,,,,,,,,,,,,,,,,,,,,,,,,,,,,,,,,,,,,,,,,,,,,,,,,,,,,,,,,,,,,,,,,,,,,,,,,,,,,,,,,,,,,,,,,,,,,,,,,,,,,,,,,,,,,,,,,,,,,,,,,,,,,,,,,,,,,,,,,,,,,,,,,,,,,,,,,,,,,,,,,,,,,,,,,,,,,,,,,,,,,,,,,,,,,,,,,,,,,,,,,,,,,,,,,,,,,,,,,,,,,,
,,,,,,GNE25JMKES,,,,GNE25JMKES,GNE25JMKES,GNE25JMKES GE Fridge Slate - Display,,,,Appliance Dealers Cooperative (APPDE),Appliance Dealers Cooperative,Appliance Dealers Cooperative,,GNE25JMKES,,,"Appliance Dealers Cooperative, Ge Fridge Slate, Display, Gne25Jmkes",GE FRIDGE SLATE - DISPLAY,Appliance Dealers Cooperative Gne25Jmkes Ge Fridge Slate - Display,"Appliance Dealers Cooperative, GNE25JMKES GE Fridge Slate - Display",Appliance Dealers Cooperative Gne25Jmkes Ge Fridge Slate - Display,"Appliance Dealers Cooperative, GNE25JMKES GE Fridge Slate - Display",,,,,,,,,,,,,,,,,,,,,,,,,,,,,,,,,,,,,,,,,,,,,,,,,,,,,,,,,,,,,,,,,,,,,,,,,,,,,,,,,,,,,,,,,,,,,,,,,,,,,,,,,,,,,,,,,,,,,,,,,,,,,,,,,,,,,,,,,,,,,,,,,,,,,,,,,,,,,,,,,,,,,,,,,,,,,,,,,,,,,,,,,,,,,,,,,,,,,,,,,,,,,,,,,,,,,,,,,,,,,,,
,,,,,,PRFS2883AF,,,,PRFS2883AF,PRFS2883AF,"PRFS2883AF 36"" Fridge SS - Display Only",,,,Appliance Dealers Cooperative (APPDE),Appliance Dealers Cooperative,Appliance Dealers Cooperative,,PRFS2883AF,,,"Appliance Dealers Cooperative, 36"" Fridge Ss, Display Only, Prfs2883Af","36"" FRIDGE SS - DISPLAY ONLY","Appliance Dealers Cooperative Prfs2883Af 36"" Fridge Ss - Display Only","Appliance Dealers Cooperative, PRFS2883AF 36"" Fridge SS - Display Only","Appliance Dealers Cooperative Prfs2883Af 36"" Fridge Ss - Display Only","Appliance Dealers Cooperative, PRFS2883AF 36"" Fridge SS - Display Only",,,,,,,,,,,,,,,,,,,,,,,,,,,,,,,,,,,,,,,,,,,,,,,,,,,,,,,,,,,,,,,,,,,,,,,,,,,,,,,,,,,,,,,,,,,,,,,,,,,,,,,,,,,,,,,,,,,,,,,,,,,,,,,,,,,,,,,,,,,,,,,,,,,,,,,,,,,,,,,,,,,,,,,,,,,,,,,,,,,,,,,,,,,,,,,,,,,,,,,,,,,,,,,,,,,,,,,,,,,,,,,
,,,,,,PAD28BYTFS,,,,PAD28BYTFS,PAD28BYTFS,PAD28BYTFS GE Fridge SS,,,,Appliance Dealers Cooperative (APPDE),Appliance Dealers Cooperative,Appliance Dealers Cooperative,,PAD28BYTFS,,,"Appliance Dealers Cooperative, Ge Fridge Ss, Pad28Bytfs, PAD",GE FRIDGE SS,Appliance Dealers Cooperative Pad28Bytfs Ge Fridge Ss,"Appliance Dealers Cooperative, PAD28BYTFS GE Fridge SS",Appliance Dealers Cooperative Pad28Bytfs Ge Fridge Ss,"Appliance Dealers Cooperative, PAD28BYTFS GE Fridge SS",,,,,,,,,,,,,,,,,,,,,,,,,,,,,,,,,,,,,,,,,,,,,,,,,,,,,,,,,,,,,,,,,,,,,,,,,,,,,,,,,,,,,,,,,,,,,,,,,,,,,,,,,,,,,,,,,,,,,,,,,,,,,,,,,,,,,,,,,,,,,,,,,,,,,,,,,,,,,,,,,,,,,,,,,,,,,,,,,,,,,,,,,,,,,,,,,,,,,,,,,,,,,,,,,,,,,,,,,,,,,,,
,,,,,,PGE29BYTFS,,,,PGE29BYTFS,PGE29BYTFS,PGE29BYTFS GE Fridge SS,,,,Appliance Dealers Cooperative (APPDE),Appliance Dealers Cooperative,Appliance Dealers Cooperative,,PGE29BYTFS,,,"Appliance Dealers Cooperative, Ge Fridge Ss, Pge29Bytfs, PGE",GE FRIDGE SS,Appliance Dealers Cooperative Pge29Bytfs Ge Fridge Ss,"Appliance Dealers Cooperative, PGE29BYTFS GE Fridge SS",Appliance Dealers Cooperative Pge29Bytfs Ge Fridge Ss,"Appliance Dealers Cooperative, PGE29BYTFS GE Fridge SS",,,,,,,,,,,,,,,,,,,,,,,,,,,,,,,,,,,,,,,,,,,,,,,,,,,,,,,,,,,,,,,,,,,,,,,,,,,,,,,,,,,,,,,,,,,,,,,,,,,,,,,,,,,,,,,,,,,,,,,,,,,,,,,,,,,,,,,,,,,,,,,,,,,,,,,,,,,,,,,,,,,,,,,,,,,,,,,,,,,,,,,,,,,,,,,,,,,,,,,,,,,,,,,,,,,,,,,,,,,,,,,
,,,,,,ERFD19CGCS,,,,ERFD19CGCS,ERFD19CGCS,ERFD19CGCS Element Fridge SS,,,,Appliance Dealers Cooperative (APPDE),Appliance Dealers Cooperative,Appliance Dealers Cooperative,,ERFD19CGCS,,,"Appliance Dealers Cooperative, Element Fridge Ss, Erfd19Cgcs",ELEMENT FRIDGE SS,Appliance Dealers Cooperative Erfd19Cgcs Element Fridge Ss,"Appliance Dealers Cooperative, ERFD19CGCS Element Fridge SS",Appliance Dealers Cooperative Erfd19Cgcs Element Fridge Ss,"Appliance Dealers Cooperative, ERFD19CGCS Element Fridge SS",,,,,,,,,,,,,,,,,,,,,,,,,,,,,,,,,,,,,,,,,,,,,,,,,,,,,,,,,,,,,,,,,,,,,,,,,,,,,,,,,,,,,,,,,,,,,,,,,,,,,,,,,,,,,,,,,,,,,,,,,,,,,,,,,,,,,,,,,,,,,,,,,,,,,,,,,,,,,,,,,,,,,,,,,,,,,,,,,,,,,,,,,,,,,,,,,,,,,,,,,,,,,,,,,,,,,,,,,,,,,,,
,,,,,,LT18S2100W,,,,LT18S2100W,LT18S2100W,LT18S2100W LG Fridge Wh,,,,Appliance Dealers Cooperative (APPDE),Appliance Dealers Cooperative,Appliance Dealers Cooperative,,LT18S2100W,,,"Appliance Dealers Cooperative, Lg Fridge Wh, Lt18S2100W, LT1",LG FRIDGE WH,Appliance Dealers Cooperative Lt18S2100W Lg Fridge Wh,"Appliance Dealers Cooperative, LT18S2100W LG Fridge Wh",Appliance Dealers Cooperative Lt18S2100W Lg Fridge Wh,"Appliance Dealers Cooperative, LT18S2100W LG Fridge Wh",,,,,,,,,,,,,,,,,,,,,,,,,,,,,,,,,,,,,,,,,,,,,,,,,,,,,,,,,,,,,,,,,,,,,,,,,,,,,,,,,,,,,,,,,,,,,,,,,,,,,,,,,,,,,,,,,,,,,,,,,,,,,,,,,,,,,,,,,,,,,,,,,,,,,,,,,,,,,,,,,,,,,,,,,,,,,,,,,,,,,,,,,,,,,,,,,,,,,,,,,,,,,,,,,,,,,,,,,,,,,,,
,,,,,,LT18S2100SS,,,,LT18S2100SS,LT18S2100SS,LT18S2100S 18CF LG Fridge SS,,,,Appliance Dealers Cooperative (APPDE),Appliance Dealers Cooperative,Appliance Dealers Cooperative,,LT18S2100SS,,,"Appliance Dealers Cooperative, Lt18S2100S 18Cf Lg Fridge Ss, Lt18S2100Ss",LT18S2100S 18CF LG FRIDGE SS,Appliance Dealers Cooperative Lt18S2100Ss Lt18S2100S 18Cf Lg Fridge Ss,"Appliance Dealers Cooperative, LT18S2100S 18CF LG Fridge SS, Part Number: LT18S2100SS",Appliance Dealers Cooperative Lt18S2100Ss Lt18S2100S 18Cf Lg Fridge Ss,"Appliance Dealers Cooperative, LT18S2100S 18CF LG Fridge SS, Part Number: LT18S2100SS",,,,,,,,,,,,,,,,,,,,,,,,,,,,,,,,,,,,,,,,,,,,,,,,,,,,,,,,,,,,,,,,,,,,,,,,,,,,,,,,,,,,,,,,,,,,,,,,,,,,,,,,,,,,,,,,,,,,,,,,,,,,,,,,,,,,,,,,,,,,,,,,,,,,,,,,,,,,,,,,,,,,,,,,,,,,,,,,,,,,,,,,,,,,,,,,,,,,,,,,,,,,,,,,,,,,,,,,,,,,,,,
,,,,,,EUF17CDBW,,,,EUF17CDBW,EUF17CDBW,EUF17CDBW Element 17CF Freezer - Upright,,,,Appliance Dealers Cooperative (APPDE),Appliance Dealers Cooperative,Appliance Dealers Cooperative,,EUF17CDBW,,,"Appliance Dealers Cooperative, Element 17Cf Freezer, Upright, Euf17Cdbw",ELEMENT 17CF FREEZER - UPRIGHT,Appliance Dealers Cooperative Euf17Cdbw Element 17Cf Freezer - Upright,"Appliance Dealers Cooperative, EUF17CDBW Element 17CF Freezer - Upright",Appliance Dealers Cooperative Euf17Cdbw Element 17Cf Freezer - Upright,"Appliance Dealers Cooperative, EUF17CDBW Element 17CF Freezer - Upright",,,,,,,,,,,,,,,,,,,,,,,,,,,,,,,,,,,,,,,,,,,,,,,,,,,,,,,,,,,,,,,,,,,,,,,,,,,,,,,,,,,,,,,,,,,,,,,,,,,,,,,,,,,,,,,,,,,,,,,,,,,,,,,,,,,,,,,,,,,,,,,,,,,,,,,,,,,,,,,,,,,,,,,,,,,,,,,,,,,,,,,,,,,,,,,,,,,,,,,,,,,,,,,,,,,,,,,,,,,,,,,
,,,,,,EUF21CDBW,,,,EUF21CDBW,EUF21CDBW,EUF21CDBW Element 21CF Freezer - Upright,,,,Appliance Dealers Cooperative (APPDE),Appliance Dealers Cooperative,Appliance Dealers Cooperative,,EUF21CDBW,,,"Appliance Dealers Cooperative, Element 21Cf Freezer, Upright, Euf21Cdbw",ELEMENT 21CF FREEZER - UPRIGHT,Appliance Dealers Cooperative Euf21Cdbw Element 21Cf Freezer - Upright,"Appliance Dealers Cooperative, EUF21CDBW Element 21CF Freezer - Upright",Appliance Dealers Cooperative Euf21Cdbw Element 21Cf Freezer - Upright,"Appliance Dealers Cooperative, EUF21CDBW Element 21CF Freezer - Upright",,,,,,,,,,,,,,,,,,,,,,,,,,,,,,,,,,,,,,,,,,,,,,,,,,,,,,,,,,,,,,,,,,,,,,,,,,,,,,,,,,,,,,,,,,,,,,,,,,,,,,,,,,,,,,,,,,,,,,,,,,,,,,,,,,,,,,,,,,,,,,,,,,,,,,,,,,,,,,,,,,,,,,,,,,,,,,,,,,,,,,,,,,,,,,,,,,,,,,,,,,,,,,,,,,,,,,,,,,,,,,,
,,,,,,TP-1935,,,,TP-1935,TP-1935,TP-1935 Hole Drilling System,,,,-,-,-,,TP-1935,,,"-, Hole Drilling System, Tp-1935, TP-1935",HOLE DRILLING SYSTEM,- Tp-1935 Hole Drilling System,"-, TP-1935 Hole Drilling System",- Tp-1935 Hole Drilling System,"-, TP-1935 Hole Drilling System",,,,,,,,,,,,,,,,,,,,,,,,,,,,,,,,,,,,,,,,,,,,,,,,,,,,,,,,,,,,,,,,,,,,,,,,,,,,,,,,,,,,,,,,,,,,,,,,,,,,,,,,,,,,,,,,,,,,,,,,,,,,,,,,,,,,,,,,,,,,,,,,,,,,,,,,,,,,,,,,,,,,,,,,,,,,,,,,,,,,,,,,,,,,,,,,,,,,,,,,,,,,,,,,,,,,,,,,,,,,,,,
,,,,,,K527APBXR,,,,K527APBXR,K527APBXR,"K527APBXR Senco .131x3"" SM BB - 500CT",,,,Senco Products Inc (4650),Senco Products Inc,Senco Products Inc,,K527APBXR,,,"Senco Products Inc, Senco .131X3"" Sm Bb, 500Ct, K527Apbxr, K","SENCO .131X3"" SM BB - 500CT","Senco Products Inc K527Apbxr Senco .131X3"" Sm Bb - 500Ct","Senco Products Inc, K527APBXR Senco .131x3"" SM BB - 500CT","Senco Products Inc K527Apbxr Senco .131X3"" Sm Bb - 500Ct","Senco Products Inc, K527APBXR Senco .131x3"" SM BB - 500CT",,,,,,,,,,,,,,,,,,,,,,,,,,,,,,,,,,,,,,,,,,,,,,,,,,,,,,,,,,,,,,,,,,,,,,,,,,,,,,,,,,,,,,,,,,,,,,,,,,,,,,,,,,,,,,,,,,,,,,,,,,,,,,,,,,,,,,,,,,,,,,,,,,,,,,,,,,,,,,,,,,,,,,,,,,,,,,,,,,,,,,,,,,,,,,,,,,,,,,,,,,,,,,,,,,,,,,,,,,,,,,,
,,,,,,603150,,,,603150,603150,"603150 2-1/2"" Finish Nail 15GA - 4M",,,,National Nail Corp (7439),National Nail Corp,National Nail Corp,,603150,,,"National Nail Corp, 2, 1/2"" Finish Nail 15Ga, 4M, 603150, 60","2-1/2"" FINISH NAIL 15GA - 4M","National Nail Corp 603150 2-1/2"" Finish Nail 15Ga - 4M","National Nail Corp, 603150 2-1/2"" Finish Nail 15GA - 4M","National Nail Corp 603150 2-1/2"" Finish Nail 15Ga - 4M","National Nail Corp, 603150 2-1/2"" Finish Nail 15GA - 4M",,,,,,,,,,,,,,,,,,,,,,,,,,,,,,,,,,,,,,,,,,,,,,,,,,,,,,,,,,,,,,,,,,,,,,,,,,,,,,,,,,,,,,,,,,,,,,,,,,,,,,,,,,,,,,,,,,,,,,,,,,,,,,,,,,,,,,,,,,,,,,,,,,,,,,,,,,,,,,,,,,,,,,,,,,,,,,,,,,,,,,,,,,,,,,,,,,,,,,,,,,,,,,,,,,,,,,,,,,,,,,,
,,,,,,d10cnk,,,,d10cnk,d10cnk,"D10CNK Prebena 1/2""x3/8"" - Staple",,,,Prebena (PREBE),Prebena,Prebena,,d10cnk,,,"Prebena, Prebena 1/2""X3/8"", Staple, D10Cnk, d10cnk","PREBENA 1/2""X3/8"" - STAPLE","Prebena D10Cnk Prebena 1/2""X3/8"" - Staple","Prebena, D10CNK Prebena 1/2""x3/8"" - Staple, Part Number: d10cnk","Prebena D10Cnk Prebena 1/2""X3/8"" - Staple","Prebena, D10CNK Prebena 1/2""x3/8"" - Staple, Part Number: d10cnk",,,,,,,,,,,,,,,,,,,,,,,,,,,,,,,,,,,,,,,,,,,,,,,,,,,,,,,,,,,,,,,,,,,,,,,,,,,,,,,,,,,,,,,,,,,,,,,,,,,,,,,,,,,,,,,,,,,,,,,,,,,,,,,,,,,,,,,,,,,,,,,,,,,,,,,,,,,,,,,,,,,,,,,,,,,,,,,,,,,,,,,,,,,,,,,,,,,,,,,,,,,,,,,,,,,,,,,,,,,,,,,
,,,,,,e28cnkha,,,,e28cnkha,e28cnkha,"E28CNKHA Prebena 2/4""x1 1/8"" - Staple",,,,Prebena (PREBE),Prebena,Prebena,,e28cnkha,,,"Prebena, Prebena 2/4""X1 1/8"", Staple, E28Cnkha, e28cnkha","PREBENA 2/4""X1 1/8"" - STAPLE","Prebena E28Cnkha Prebena 2/4""X1 1/8"" - Staple","Prebena, E28CNKHA Prebena 2/4""x1 1/8"" - Staple, Part Number: e28cnkha","Prebena E28Cnkha Prebena 2/4""X1 1/8"" - Staple","Prebena, E28CNKHA Prebena 2/4""x1 1/8"" - Staple, Part Number: e28cnkha",,,,,,,,,,,,,,,,,,,,,,,,,,,,,,,,,,,,,,,,,,,,,,,,,,,,,,,,,,,,,,,,,,,,,,,,,,,,,,,,,,,,,,,,,,,,,,,,,,,,,,,,,,,,,,,,,,,,,,,,,,,,,,,,,,,,,,,,,,,,,,,,,,,,,,,,,,,,,,,,,,,,,,,,,,,,,,,,,,,,,,,,,,,,,,,,,,,,,,,,,,,,,,,,,,,,,,,,,,,,,,,
,,,,,,51334,,,,51334,51334,"51334 44"" Wh Gilmour Fan",,,,Hunter Fan Co (4381),Hunter Fan Co,Hunter Fan Co,,51334,,,"Hunter Fan Co, 44"" Wh Gilmour Fan, 51334, 51334","44"" WH GILMOUR FAN","Hunter Fan Co 51334 44"" Wh Gilmour Fan","Hunter Fan Co, 51334 44"" Wh Gilmour Fan","Hunter Fan Co 51334 44"" Wh Gilmour Fan","Hunter Fan Co, 51334 44"" Wh Gilmour Fan",,,,,,,,,,,,,,,,,,,,,,,,,,,,,,,,,,,,,,,,,,,,,,,,,,,,,,,,,,,,,,,,,,,,,,,,,,,,,,,,,,,,,,,,,,,,,,,,,,,,,,,,,,,,,,,,,,,,,,,,,,,,,,,,,,,,,,,,,,,,,,,,,,,,,,,,,,,,,,,,,,,,,,,,,,,,,,,,,,,,,,,,,,,,,,,,,,,,,,,,,,,,,,,,,,,,,,,,,,,,,,,
,,,,,,59210,,,,59210,59210,"59210 52"" BZ Sent Hunter Fan",,,Hunter,Hunter Fan Co (4381),Hunter,Hunter,,59210,,,"Hunter, 52"" Bz Sent Hunter Fan, 59210, 59210","52"" BZ SENT HUNTER FAN","Hunter 59210 52"" Bz Sent Hunter Fan","Hunter, 59210 52"" BZ Sent Hunter Fan","Hunter 59210 52"" Bz Sent Hunter Fan","Hunter, 59210 52"" BZ Sent Hunter Fan",,,,,,,,,,,,,,,,,,,,,,,,,,,,,,,,,,,,,,,,,,,,,,,,,,,,,,,,,,,,,,,,,,,,,,,,,,,,,,,,,,,,,,,,,,,,,,,,,,,,,,,,,,,,,,,,,,,,,,,,,,,,,,,,,,,,,,,,,,,,,,,,,,,,,,,,,,,,,,,,,,,,,,,,,,,,,,,,,,,,,,,,,,,,,,,,,,,,,,,,,,,,,,,,,,,,,,,,,,,,,,,
,,,,,,52485,,,,52485,52485,"52485 52"" MB Anisten Fan",,,,Hunter Fan Co (4381),Hunter Fan Co,Hunter Fan Co,,52485,,,"Hunter Fan Co, 52"" Mb Anisten Fan, 52485, 52485","52"" MB ANISTEN FAN","Hunter Fan Co 52485 52"" Mb Anisten Fan","Hunter Fan Co, 52485 52"" MB Anisten Fan","Hunter Fan Co 52485 52"" Mb Anisten Fan","Hunter Fan Co, 52485 52"" MB Anisten Fan",,,,,,,,,,,,,,,,,,,,,,,,,,,,,,,,,,,,,,,,,,,,,,,,,,,,,,,,,,,,,,,,,,,,,,,,,,,,,,,,,,,,,,,,,,,,,,,,,,,,,,,,,,,,,,,,,,,,,,,,,,,,,,,,,,,,,,,,,,,,,,,,,,,,,,,,,,,,,,,,,,,,,,,,,,,,,,,,,,,,,,,,,,,,,,,,,,,,,,,,,,,,,,,,,,,,,,,,,,,,,,,
,,,,,,52486,,,,52486,52486,"52486 44"" MB Anisten Fan",,,,Hunter Fan Co (4381),Hunter Fan Co,Hunter Fan Co,,52486,,,"Hunter Fan Co, 44"" Mb Anisten Fan, 52486, 52486","44"" MB ANISTEN FAN","Hunter Fan Co 52486 44"" Mb Anisten Fan","Hunter Fan Co, 52486 44"" MB Anisten Fan","Hunter Fan Co 52486 44"" Mb Anisten Fan","Hunter Fan Co, 52486 44"" MB Anisten Fan",,,,,,,,,,,,,,,,,,,,,,,,,,,,,,,,,,,,,,,,,,,,,,,,,,,,,,,,,,,,,,,,,,,,,,,,,,,,,,,,,,,,,,,,,,,,,,,,,,,,,,,,,,,,,,,,,,,,,,,,,,,,,,,,,,,,,,,,,,,,,,,,,,,,,,,,,,,,,,,,,,,,,,,,,,,,,,,,,,,,,,,,,,,,,,,,,,,,,,,,,,,,,,,,,,,,,,,,,,,,,,,
,,,,,,52487,,,,52487,52487,"52487 52"" WH Anisten Fan",,,,Hunter Fan Co (4381),Hunter Fan Co,Hunter Fan Co,,52487,,,"Hunter Fan Co, 52"" Wh Anisten Fan, 52487, 52487","52"" WH ANISTEN FAN","Hunter Fan Co 52487 52"" Wh Anisten Fan","Hunter Fan Co, 52487 52"" WH Anisten Fan","Hunter Fan Co 52487 52"" Wh Anisten Fan","Hunter Fan Co, 52487 52"" WH Anisten Fan",,,,,,,,,,,,,,,,,,,,,,,,,,,,,,,,,,,,,,,,,,,,,,,,,,,,,,,,,,,,,,,,,,,,,,,,,,,,,,,,,,,,,,,,,,,,,,,,,,,,,,,,,,,,,,,,,,,,,,,,,,,,,,,,,,,,,,,,,,,,,,,,,,,,,,,,,,,,,,,,,,,,,,,,,,,,,,,,,,,,,,,,,,,,,,,,,,,,,,,,,,,,,,,,,,,,,,,,,,,,,,,
,,,,,,52488,,,,52488,52488,"52488 44"" WH Anisten Fan",,,,Hunter Fan Co (4381),Hunter Fan Co,Hunter Fan Co,,52488,,,"Hunter Fan Co, 44"" Wh Anisten Fan, 52488, 52488","44"" WH ANISTEN FAN","Hunter Fan Co 52488 44"" Wh Anisten Fan","Hunter Fan Co, 52488 44"" WH Anisten Fan","Hunter Fan Co 52488 44"" Wh Anisten Fan","Hunter Fan Co, 52488 44"" WH Anisten Fan",,,,,,,,,,,,,,,,,,,,,,,,,,,,,,,,,,,,,,,,,,,,,,,,,,,,,,,,,,,,,,,,,,,,,,,,,,,,,,,,,,,,,,,,,,,,,,,,,,,,,,,,,,,,,,,,,,,,,,,,,,,,,,,,,,,,,,,,,,,,,,,,,,,,,,,,,,,,,,,,,,,,,,,,,,,,,,,,,,,,,,,,,,,,,,,,,,,,,,,,,,,,,,,,,,,,,,,,,,,,,,,
,,,,,,52655,,,,52655,52655,"52655 52"" MB Xidane Hunter Fan",,,,Hunter Fan Co (4381),Hunter Fan Co,Hunter Fan Co,,52655,,,"Hunter Fan Co, 52"" Mb Xidane Hunter Fan, 52655, 52655","52"" MB XIDANE HUNTER FAN","Hunter Fan Co 52655 52"" Mb Xidane Hunter Fan","Hunter Fan Co, 52655 52"" MB Xidane Hunter Fan","Hunter Fan Co 52655 52"" Mb Xidane Hunter Fan","Hunter Fan Co, 52655 52"" MB Xidane Hunter Fan",,,,,,,,,,,,,,,,,,,,,,,,,,,,,,,,,,,,,,,,,,,,,,,,,,,,,,,,,,,,,,,,,,,,,,,,,,,,,,,,,,,,,,,,,,,,,,,,,,,,,,,,,,,,,,,,,,,,,,,,,,,,,,,,,,,,,,,,,,,,,,,,,,,,,,,,,,,,,,,,,,,,,,,,,,,,,,,,,,,,,,,,,,,,,,,,,,,,,,,,,,,,,,,,,,,,,,,,,,,,,,,
,,,,,,59261,,,,59261,59261,"59261 52"" PB Cassius Fan",,,,Hunter Fan Co (4381),Hunter Fan Co,Hunter Fan Co,,59261,,,"Hunter Fan Co, 52"" Pb Cassius Fan, 59261, 59261","52"" PB CASSIUS FAN","Hunter Fan Co 59261 52"" Pb Cassius Fan","Hunter Fan Co, 59261 52"" PB Cassius Fan","Hunter Fan Co 59261 52"" Pb Cassius Fan","Hunter Fan Co, 59261 52"" PB Cassius Fan",,,,,,,,,,,,,,,,,,,,,,,,,,,,,,,,,,,,,,,,,,,,,,,,,,,,,,,,,,,,,,,,,,,,,,,,,,,,,,,,,,,,,,,,,,,,,,,,,,,,,,,,,,,,,,,,,,,,,,,,,,,,,,,,,,,,,,,,,,,,,,,,,,,,,,,,,,,,,,,,,,,,,,,,,,,,,,,,,,,,,,,,,,,,,,,,,,,,,,,,,,,,,,,,,,,,,,,,,,,,,,,
,,,,,,51731,,,,51731,51731,"51731 52"" MB Jetty Hunter Fan",,,,Hunter Fan Co (4381),Hunter Fan Co,Hunter Fan Co,,51731,,,"Hunter Fan Co, 52"" Mb Jetty Hunter Fan, 51731, 51731","52"" MB JETTY HUNTER FAN","Hunter Fan Co 51731 52"" Mb Jetty Hunter Fan","Hunter Fan Co, 51731 52"" MB Jetty Hunter Fan","Hunter Fan Co 51731 52"" Mb Jetty Hunter Fan","Hunter Fan Co, 51731 52"" MB Jetty Hunter Fan",,,,,,,,,,,,,,,,,,,,,,,,,,,,,,,,,,,,,,,,,,,,,,,,,,,,,,,,,,,,,,,,,,,,,,,,,,,,,,,,,,,,,,,,,,,,,,,,,,,,,,,,,,,,,,,,,,,,,,,,,,,,,,,,,,,,,,,,,,,,,,,,,,,,,,,,,,,,,,,,,,,,,,,,,,,,,,,,,,,,,,,,,,,,,,,,,,,,,,,,,,,,,,,,,,,,,,,,,,,,,,,
,,,,,,XLC10ZW,,,,XLC10ZW,XLC10ZW,XLC10ZW Makita 18V Cordless Vacuum (Bare),,,,Makita Usa Inc (5142),Makita Usa Inc,Makita Usa Inc,,XLC10ZW,,,"Makita Usa Inc, Makita 18V Cordless Vacuum (Bare), Xlc10Zw, ",MAKITA 18V CORDLESS VACUUM (BARE),Makita Usa Inc Xlc10Zw Makita 18V Cordless Vacuum (Bare),"Makita Usa Inc, XLC10ZW Makita 18V Cordless Vacuum (Bare)",Makita Usa Inc Xlc10Zw Makita 18V Cordless Vacuum (Bare),"Makita Usa Inc, XLC10ZW Makita 18V Cordless Vacuum (Bare)",,,,,,,,,,,,,,,,,,,,,,,,,,,,,,,,,,,,,,,,,,,,,,,,,,,,,,,,,,,,,,,,,,,,,,,,,,,,,,,,,,,,,,,,,,,,,,,,,,,,,,,,,,,,,,,,,,,,,,,,,,,,,,,,,,,,,,,,,,,,,,,,,,,,,,,,,,,,,,,,,,,,,,,,,,,,,,,,,,,,,,,,,,,,,,,,,,,,,,,,,,,,,,,,,,,,,,,,,,,,,,,
,,,,,,HS-DA,,,,HS-DA,HS-DA,HS-DA Motion Driveway Alert,,,,Sabre (9195),Sabre,Sabre,,HS-DA,,,"Sabre, Motion Driveway Alert, Hs-Da, HS-DA",MOTION DRIVEWAY ALERT,Sabre Hs-Da Motion Driveway Alert,"Sabre, HS-DA Motion Driveway Alert",Sabre Hs-Da Motion Driveway Alert,"Sabre, HS-DA Motion Driveway Alert",,,,,,,,,,,,,,,,,,,,,,,,,,,,,,,,,,,,,,,,,,,,,,,,,,,,,,,,,,,,,,,,,,,,,,,,,,,,,,,,,,,,,,,,,,,,,,,,,,,,,,,,,,,,,,,,,,,,,,,,,,,,,,,,,,,,,,,,,,,,,,,,,,,,,,,,,,,,,,,,,,,,,,,,,,,,,,,,,,,,,,,,,,,,,,,,,,,,,,,,,,,,,,,,,,,,,,,,,,,,,,,
,,,,,,73002252,,,,73002252,73002252,Black Gate Gravity Latch RDI,,,,-,-,-,,73002252,,,"-, Black Gate Gravity Latch Rdi, 73002252, 73002252",BLACK GATE GRAVITY LATCH RDI,- 73002252 Black Gate Gravity Latch Rdi,"-, Black Gate Gravity Latch RDI, Part Number: 73002252",- 73002252 Black Gate Gravity Latch Rdi,"-, Black Gate Gravity Latch RDI, Part Number: 73002252",,,,,,,,,,,,,,,,,,,,,,,,,,,,,,,,,,,,,,,,,,,,,,,,,,,,,,,,,,,,,,,,,,,,,,,,,,,,,,,,,,,,,,,,,,,,,,,,,,,,,,,,,,,,,,,,,,,,,,,,,,,,,,,,,,,,,,,,,,,,,,,,,,,,,,,,,,,,,,,,,,,,,,,,,,,,,,,,,,,,,,,,,,,,,,,,,,,,,,,,,,,,,,,,,,,,,,,,,,,,,,,
,,,,,,48-22-8396R,,,,48-22-8396R,48-22-8396R,48-22-8396R Milw 24oz Bottle - Insulated,,,,Milwaukee Accessory (4031),Milwaukee Accessory,Milwaukee Accessory,,48-22-8396R,,,"Milwaukee Accessory, Milw 24Oz Bottle, Insulated, 48-22-8396R",MILW 24OZ BOTTLE - INSULATED,Milwaukee Accessory 48-22-8396R Milw 24Oz Bottle - Insulated,"Milwaukee Accessory, 48-22-8396R Milw 24oz Bottle - Insulated",Milwaukee Accessory 48-22-8396R Milw 24Oz Bottle - Insulated,"Milwaukee Accessory, 48-22-8396R Milw 24oz Bottle - Insulated",,,,,,,,,,,,,,,,,,,,,,,,,,,,,,,,,,,,,,,,,,,,,,,,,,,,,,,,,,,,,,,,,,,,,,,,,,,,,,,,,,,,,,,,,,,,,,,,,,,,,,,,,,,,,,,,,,,,,,,,,,,,,,,,,,,,,,,,,,,,,,,,,,,,,,,,,,,,,,,,,,,,,,,,,,,,,,,,,,,,,,,,,,,,,,,,,,,,,,,,,,,,,,,,,,,,,,,,,,,,,,,
,,,,,,48-22-8397R,,,,48-22-8397R,48-22-8397R,48-22-8397R Milw 36oz Bottle - Insulated,,,,Milwaukee Accessory (4031),Milwaukee Accessory,Milwaukee Accessory,,48-22-8397R,,,"Milwaukee Accessory, Milw 36Oz Bottle, Insulated, 48-22-8397R",MILW 36OZ BOTTLE - INSULATED,Milwaukee Accessory 48-22-8397R Milw 36Oz Bottle - Insulated,"Milwaukee Accessory, 48-22-8397R Milw 36oz Bottle - Insulated",Milwaukee Accessory 48-22-8397R Milw 36Oz Bottle - Insulated,"Milwaukee Accessory, 48-22-8397R Milw 36oz Bottle - Insulated",,,,,,,,,,,,,,,,,,,,,,,,,,,,,,,,,,,,,,,,,,,,,,,,,,,,,,,,,,,,,,,,,,,,,,,,,,,,,,,,,,,,,,,,,,,,,,,,,,,,,,,,,,,,,,,,,,,,,,,,,,,,,,,,,,,,,,,,,,,,,,,,,,,,,,,,,,,,,,,,,,,,,,,,,,,,,,,,,,,,,,,,,,,,,,,,,,,,,,,,,,,,,,,,,,,,,,,,,,,,,,,
,,,,,,DCGG581B,,,,DCGG581B,DCGG581B,DCGG581B Dewalt 20V Grease Gun 2-Speed,,,,Black & Decker/dewlt (2585),Black & Decker/dewlt,Black & Decker/dewlt,,DCGG581B,,,"Black & Decker/Dewlt, Dewalt 20V Grease Gun 2, Speed, Dcgg581B",DEWALT 20V GREASE GUN 2-SPEED,Black & Decker/Dewlt Dcgg581B Dewalt 20V Grease Gun 2-Speed,"Black & Decker/dewlt, DCGG581B Dewalt 20V Grease Gun 2-Speed",Black & Decker/Dewlt Dcgg581B Dewalt 20V Grease Gun 2-Speed,"Black & Decker/dewlt, DCGG581B Dewalt 20V Grease Gun 2-Speed",,,,,,,,,,,,,,,,,,,,,,,,,,,,,,,,,,,,,,,,,,,,,,,,,,,,,,,,,,,,,,,,,,,,,,,,,,,,,,,,,,,,,,,,,,,,,,,,,,,,,,,,,,,,,,,,,,,,,,,,,,,,,,,,,,,,,,,,,,,,,,,,,,,,,,,,,,,,,,,,,,,,,,,,,,,,,,,,,,,,,,,,,,,,,,,,,,,,,,,,,,,,,,,,,,,,,,,,,,,,,,,
,,,,,,DCGG581GD1,,,,DCGG581GD1,DCGG581GD1,DCGG581GD1 Dewalt 20V Grease Gun 2-Speed Kit,,,,Black & Decker/dewlt (2585),Black & Decker/dewlt,Black & Decker/dewlt,,DCGG581GD1,,,"Black & Decker/Dewlt, Dewalt 20V Grease Gun 2, Speed Kit, Dcgg581Gd1",DEWALT 20V GREASE GUN 2-SPEED KIT,Black & Decker/Dewlt Dcgg581Gd1 Dewalt 20V Grease Gun 2-Speed Kit,"Black & Decker/dewlt, DCGG581GD1 Dewalt 20V Grease Gun 2-Speed Kit",Black & Decker/Dewlt Dcgg581Gd1 Dewalt 20V Grease Gun 2-Speed Kit,"Black & Decker/dewlt, DCGG581GD1 Dewalt 20V Grease Gun 2-Speed Kit",,,,,,,,,,,,,,,,,,,,,,,,,,,,,,,,,,,,,,,,,,,,,,,,,,,,,,,,,,,,,,,,,,,,,,,,,,,,,,,,,,,,,,,,,,,,,,,,,,,,,,,,,,,,,,,,,,,,,,,,,,,,,,,,,,,,,,,,,,,,,,,,,,,,,,,,,,,,,,,,,,,,,,,,,,,,,,,,,,,,,,,,,,,,,,,,,,,,,,,,,,,,,,,,,,,,,,,,,,,,,,,
,,,,,,DWST41092,,,,DWST41092,DWST41092,"DWST41092 Dewalt Tool Chest 41"" Bottom",,,,Black & Decker/dewlt (2585),Black & Decker/dewlt,Black & Decker/dewlt,,DWST41092,,,"Black & Decker/Dewlt, Dewalt Tool Chest 41"" Bottom, Dwst41092","DEWALT TOOL CHEST 41"" BOTTOM","Black & Decker/Dewlt Dwst41092 Dewalt Tool Chest 41"" Bottom","Black & Decker/dewlt, DWST41092 Dewalt Tool Chest 41"" Bottom","Black & Decker/Dewlt Dwst41092 Dewalt Tool Chest 41"" Bottom","Black & Decker/dewlt, DWST41092 Dewalt Tool Chest 41"" Bottom",,,,,,,,,,,,,,,,,,,,,,,,,,,,,,,,,,,,,,,,,,,,,,,,,,,,,,,,,,,,,,,,,,,,,,,,,,,,,,,,,,,,,,,,,,,,,,,,,,,,,,,,,,,,,,,,,,,,,,,,,,,,,,,,,,,,,,,,,,,,,,,,,,,,,,,,,,,,,,,,,,,,,,,,,,,,,,,,,,,,,,,,,,,,,,,,,,,,,,,,,,,,,,,,,,,,,,,,,,,,,,,
,,,,,,156436WHT,,,,156436WHT,156436WHT,156436 Wh 4x4x120 Post Wrap,DSI Westbury,,,Palmer Donavin Mfg Company (PALDO),DSI Westbury,DSI Westbury,,156436WHT,,,"DSI Westbury, Dsi Westbury, 156436 Wh 4X4X120 Post Wrap, 156436Wht",156436 WH 4X4X120 POST WRAP,Dsi Westbury 156436Wht 156436 Wh 4X4X120 Post Wrap,"DSI Westbury, 156436 Wh 4x4x120 Post Wrap, Part Number: 156436WHT",Dsi Westbury 156436Wht 156436 Wh 4X4X120 Post Wrap,"DSI Westbury, 156436 Wh 4x4x120 Post Wrap, Part Number: 156436WHT",,,,,,,,,,,,,,,,,,,,,,,,,,,,,,,,,,,,,,,,,,,,,,,,,,,,,,,,,,,,,,,,,,,,,,,,,,,,,,,,,,,,,,,,,,,,,,,,,,,,,,,,,,,,,,,,,,,,,,,,,,,,,,,,,,,,,,,,,,,,,,,,,,,,,,,,,,,,,,,,,,,,,,,,,,,,,,,,,,,,,,,,,,,,,,,,,,,,,,,,,,,,,,,,,,,,,,,,,,,,,,,
,,,,,,173950TBK,,,,173950TBK,173950TBK,"4""x8'-6"" DSI SQ Black Alum Post Wrap",,,,Palmer Donavin Mfg Company (PALDO),Palmer Donavin Mfg Company,Palmer Donavin Mfg Company,,173950TBK,,,"Palmer Donavin Mfg Company, 4""X8', 6"" Dsi Sq Black Alum Post Wrap, 173950Tbk","4""X8'-6"" DSI SQ BLACK ALUM POST WRAP","Palmer Donavin Mfg Company 173950Tbk 4""X8'-6"" Dsi Sq Black Alum Post Wrap","Palmer Donavin Mfg Company, 4""x8'-6"" DSI SQ Black Alum Post Wrap, Part Number: 173950TBK","Palmer Donavin Mfg Company 173950Tbk 4""X8'-6"" Dsi Sq Black Alum Post Wrap","Palmer Donavin Mfg Company, 4""x8'-6"" DSI SQ Black Alum Post Wrap, Part Number: 173950TBK",,,,,,,,,,,,,,,,,,,,,,,,,,,,,,,,,,,,,,,,,,,,,,,,,,,,,,,,,,,,,,,,,,,,,,,,,,,,,,,,,,,,,,,,,,,,,,,,,,,,,,,,,,,,,,,,,,,,,,,,,,,,,,,,,,,,,,,,,,,,,,,,,,,,,,,,,,,,,,,,,,,,,,,,,,,,,,,,,,,,,,,,,,,,,,,,,,,,,,,,,,,,,,,,,,,,,,,,,,,,,,,
,,,,,,173951TBK,,,,173951TBK,173951TBK,"6""x8'-6"" DSI SQ Black Alum Post Wrap",,,,Palmer Donavin Mfg Company (PALDO),Palmer Donavin Mfg Company,Palmer Donavin Mfg Company,,173951TBK,,,"Palmer Donavin Mfg Company, 6""X8', 6"" Dsi Sq Black Alum Post Wrap, 173951Tbk","6""X8'-6"" DSI SQ BLACK ALUM POST WRAP","Palmer Donavin Mfg Company 173951Tbk 6""X8'-6"" Dsi Sq Black Alum Post Wrap","Palmer Donavin Mfg Company, 6""x8'-6"" DSI SQ Black Alum Post Wrap, Part Number: 173951TBK","Palmer Donavin Mfg Company 173951Tbk 6""X8'-6"" Dsi Sq Black Alum Post Wrap","Palmer Donavin Mfg Company, 6""x8'-6"" DSI SQ Black Alum Post Wrap, Part Number: 173951TBK",,,,,,,,,,,,,,,,,,,,,,,,,,,,,,,,,,,,,,,,,,,,,,,,,,,,,,,,,,,,,,,,,,,,,,,,,,,,,,,,,,,,,,,,,,,,,,,,,,,,,,,,,,,,,,,,,,,,,,,,,,,,,,,,,,,,,,,,,,,,,,,,,,,,,,,,,,,,,,,,,,,,,,,,,,,,,,,,,,,,,,,,,,,,,,,,,,,,,,,,,,,,,,,,,,,,,,,,,,,,,,,
,,,,,,173952TBK,,,,173952TBK,173952TBK,"6""x10' DSI SQ Black Alum Post Wrap",,,,Palmer Donavin Mfg Company (PALDO),Palmer Donavin Mfg Company,Palmer Donavin Mfg Company,,173952TBK,,,"Palmer Donavin Mfg Company, 6""X10' Dsi Sq Black Alum Post Wrap, 173952Tbk","6""X10' DSI SQ BLACK ALUM POST WRAP","Palmer Donavin Mfg Company 173952Tbk 6""X10' Dsi Sq Black Alum Post Wrap","Palmer Donavin Mfg Company, 6""x10' DSI SQ Black Alum Post Wrap, Part Number: 173952TBK","Palmer Donavin Mfg Company 173952Tbk 6""X10' Dsi Sq Black Alum Post Wrap","Palmer Donavin Mfg Company, 6""x10' DSI SQ Black Alum Post Wrap, Part Number: 173952TBK",,,,,,,,,,,,,,,,,,,,,,,,,,,,,,,,,,,,,,,,,,,,,,,,,,,,,,,,,,,,,,,,,,,,,,,,,,,,,,,,,,,,,,,,,,,,,,,,,,,,,,,,,,,,,,,,,,,,,,,,,,,,,,,,,,,,,,,,,,,,,,,,,,,,,,,,,,,,,,,,,,,,,,,,,,,,,,,,,,,,,,,,,,,,,,,,,,,,,,,,,,,,,,,,,,,,,,,,,,,,,,,
,,,,,,1624157,,,,1624157,1624157,TW52 WH INSIDE CAS VIN WRAPPED,ANDERSEN,,,-,ANDERSEN,ANDERSEN,,1624157,,,"ANDERSEN, Andersen, Tw52 Wh Inside Cas Vin Wrapped, 1624157, 162415",TW52 WH INSIDE CAS VIN WRAPPED,Andersen 1624157 Tw52 Wh Inside Cas Vin Wrapped,"ANDERSEN, TW52 WH INSIDE CAS VIN WRAPPED, Part Number: 1624157",Andersen 1624157 Tw52 Wh Inside Cas Vin Wrapped,"ANDERSEN, TW52 WH INSIDE CAS VIN WRAPPED, Part Number: 1624157",,,,,,,,,,,,,,,,,,,,,,,,,,,,,,,,,,,,,,,,,,,,,,,,,,,,,,,,,,,,,,,,,,,,,,,,,,,,,,,,,,,,,,,,,,,,,,,,,,,,,,,,,,,,,,,,,,,,,,,,,,,,,,,,,,,,,,,,,,,,,,,,,,,,,,,,,,,,,,,,,,,,,,,,,,,,,,,,,,,,,,,,,,,,,,,,,,,,,,,,,,,,,,,,,,,,,,,,,,,,,,,
,,,,,,40025,,,,40025,40025,40025 TS-54 Wal-Board T-Square 009-008,,,,Marshalltown Trowel (5155),Marshalltown Trowel,Marshalltown Trowel,,40025,,,"Marshalltown Trowel, Ts, 54 Wal, Board T, Square 009, 008, 40025",TS-54 WAL-BOARD T-SQUARE 009-008,Marshalltown Trowel 40025 Ts-54 Wal-Board T-Square 009-008,"Marshalltown Trowel, 40025 TS-54 Wal-Board T-Square 009-008",Marshalltown Trowel 40025 Ts-54 Wal-Board T-Square 009-008,"Marshalltown Trowel, 40025 TS-54 Wal-Board T-Square 009-008",,,,,,,,,,,,,,,,,,,,,,,,,,,,,,,,,,,,,,,,,,,,,,,,,,,,,,,,,,,,,,,,,,,,,,,,,,,,,,,,,,,,,,,,,,,,,,,,,,,,,,,,,,,,,,,,,,,,,,,,,,,,,,,,,,,,,,,,,,,,,,,,,,,,,,,,,,,,,,,,,,,,,,,,,,,,,,,,,,,,,,,,,,,,,,,,,,,,,,,,,,,,,,,,,,,,,,,,,,,,,,,
,,,,,,48-22-3301,,,,48-22-3301,48-22-3301,48-22-3301 Milw Mechanical Pencil w/ Lead Pack,,,,Milwaukee Accessory (4031),Milwaukee Accessory,Milwaukee Accessory,,48-22-3301,,,"Milwaukee Accessory, Milw Mechanical Pencil W/ Lead Pack, 48-22-3301",MILW MECHANICAL PENCIL W/ LEAD PACK,Milwaukee Accessory 48-22-3301 Milw Mechanical Pencil W/ Lead Pack,"Milwaukee Accessory, 48-22-3301 Milw Mechanical Pencil w/ Lead Pack",Milwaukee Accessory 48-22-3301 Milw Mechanical Pencil W/ Lead Pack,"Milwaukee Accessory, 48-22-3301 Milw Mechanical Pencil w/ Lead Pack",,,,,,,,,,,,,,,,,,,,,,,,,,,,,,,,,,,,,,,,,,,,,,,,,,,,,,,,,,,,,,,,,,,,,,,,,,,,,,,,,,,,,,,,,,,,,,,,,,,,,,,,,,,,,,,,,,,,,,,,,,,,,,,,,,,,,,,,,,,,,,,,,,,,,,,,,,,,,,,,,,,,,,,,,,,,,,,,,,,,,,,,,,,,,,,,,,,,,,,,,,,,,,,,,,,,,,,,,,,,,,,
,,,,,,48-22-3302,,,,48-22-3302,48-22-3302,48-22-3302 Milw Mechanical Pencil Replacement Lead,,,,Milwaukee Accessory (4031),Milwaukee Accessory,Milwaukee Accessory,,48-22-3302,,,"Milwaukee Accessory, Milw Mechanical Pencil Replacement Lead, 48-22-3302",MILW MECHANICAL PENCIL REPLACEMENT LEAD,Milwaukee Accessory 48-22-3302 Milw Mechanical Pencil Replacement Lead,"Milwaukee Accessory, 48-22-3302 Milw Mechanical Pencil Replacement Lead",Milwaukee Accessory 48-22-3302 Milw Mechanical Pencil Replacement Lead,"Milwaukee Accessory, 48-22-3302 Milw Mechanical Pencil Replacement Lead",,,,,,,,,,,,,,,,,,,,,,,,,,,,,,,,,,,,,,,,,,,,,,,,,,,,,,,,,,,,,,,,,,,,,,,,,,,,,,,,,,,,,,,,,,,,,,,,,,,,,,,,,,,,,,,,,,,,,,,,,,,,,,,,,,,,,,,,,,,,,,,,,,,,,,,,,,,,,,,,,,,,,,,,,,,,,,,,,,,,,,,,,,,,,,,,,,,,,,,,,,,,,,,,,,,,,,,,,,,,,,,
,,,,,,48-22-3303,,,,48-22-3303,48-22-3303,48-22-3303 Milw Mechanical Pencil Replacement Lead-Color,,,,Milwaukee Accessory (4031),Milwaukee Accessory,Milwaukee Accessory,,48-22-3303,,,"Milwaukee Accessory, Milw Mechanical Pencil Replacement Lead, Color, 48-22-3303",MILW MECHANICAL PENCIL REPLACEMENT,Milwaukee Accessory 48-22-3303 Milw Mechanical Pencil Replacement Lead-Color,"Milwaukee Accessory, 48-22-3303 Milw Mechanical Pencil Replacement Lead-Color",Milwaukee Accessory 48-22-3303 Milw Mechanical Pencil Replacement Lead-Color,"Milwaukee Accessory, 48-22-3303 Milw Mechanical Pencil Replacement Lead-Color",,,,,,,,,,,,,,,,,,,,,,,,,,,,,,,,,,,,,,,,,,,,,,,,,,,,,,,,,,,,,,,,,,,,,,,,,,,,,,,,,,,,,,,,,,,,,,,,,,,,,,,,,,,,,,,,,,,,,,,,,,,,,,,,,,,,,,,,,,,,,,,,,,,,,,,,,,,,,,,,,,,,,,,,,,,,,,,,,,,,,,,,,,,,,,,,,,,,,,,,,,,,,,,,,,,,,,,,,,,,,,,
,,,,,,TSDKAP218-G2,,,,TSDKAP218-G2,TSDKAP218-G2,TSDKAP218-G2 Edge Safety - Khor Black Frame Polarized,,,,Edge Eyewear Inc (EDGSA),Edge Eyewear Inc,Edge Eyewear Inc,,TSDKAP218-G2,,,"Edge Eyewear Inc, Edge Safety, Khor Black Frame Polarized, Tsdkap218-G2",EDGE SAFETY - KHOR BLACK FRAME POLARIZED,Edge Eyewear Inc Tsdkap218-G2 Edge Safety - Khor Black Frame Polarized,"Edge Eyewear Inc, TSDKAP218-G2 Edge Safety - Khor Black Frame Polarized",Edge Eyewear Inc Tsdkap218-G2 Edge Safety - Khor Black Frame Polarized,"Edge Eyewear Inc, TSDKAP218-G2 Edge Safety - Khor Black Frame Polarized",,,,,,,,,,,,,,,,,,,,,,,,,,,,,,,,,,,,,,,,,,,,,,,,,,,,,,,,,,,,,,,,,,,,,,,,,,,,,,,,,,,,,,,,,,,,,,,,,,,,,,,,,,,,,,,,,,,,,,,,,,,,,,,,,,,,,,,,,,,,,,,,,,,,,,,,,,,,,,,,,,,,,,,,,,,,,,,,,,,,,,,,,,,,,,,,,,,,,,,,,,,,,,,,,,,,,,,,,,,,,,,
,,,,,,XPAP418,,,,XPAP418,XPAP418,XPAP418 Edge Safety Glasses - Pumori Black Frame,,,,Edge Eyewear Inc (EDGSA),Edge Eyewear Inc,Edge Eyewear Inc,,XPAP418,,,"Edge Eyewear Inc, Edge Safety Glasses, Pumori Black Frame, Xpap418",EDGE SAFETY GLASSES - PUMORI BLACK FRAME,Edge Eyewear Inc Xpap418 Edge Safety Glasses - Pumori Black Frame,"Edge Eyewear Inc, XPAP418 Edge Safety Glasses - Pumori Black Frame",Edge Eyewear Inc Xpap418 Edge Safety Glasses - Pumori Black Frame,"Edge Eyewear Inc, XPAP418 Edge Safety Glasses - Pumori Black Frame",,,,,,,,,,,,,,,,,,,,,,,,,,,,,,,,,,,,,,,,,,,,,,,,,,,,,,,,,,,,,,,,,,,,,,,,,,,,,,,,,,,,,,,,,,,,,,,,,,,,,,,,,,,,,,,,,,,,,,,,,,,,,,,,,,,,,,,,,,,,,,,,,,,,,,,,,,,,,,,,,,,,,,,,,,,,,,,,,,,,,,,,,,,,,,,,,,,,,,,,,,,,,,,,,,,,,,,,,,,,,,,
,,,,,,XDAP419,,,,XDAP419,XDAP419,XDAP419 Edge Safety Glasses - Dawson Black Frame Red Lenses,,,,Edge Eyewear Inc (EDGSA),Edge Eyewear Inc,Edge Eyewear Inc,,XDAP419,,,"Edge Eyewear Inc, Edge Safety Glasses, Dawson Black Frame Red Lenses, Xdap419",EDGE SAFETY GLASSES - DAWSON BLACK,Edge Eyewear Inc Xdap419 Edge Safety Glasses - Dawson Black Frame Red Lenses,"Edge Eyewear Inc, XDAP419 Edge Safety Glasses - Dawson Black Frame Red Lenses",Edge Eyewear Inc Xdap419 Edge Safety Glasses - Dawson Black Frame Red Lenses,"Edge Eyewear Inc, XDAP419 Edge Safety Glasses - Dawson Black Frame Red Lenses",,,,,,,,,,,,,,,,,,,,,,,,,,,,,,,,,,,,,,,,,,,,,,,,,,,,,,,,,,,,,,,,,,,,,,,,,,,,,,,,,,,,,,,,,,,,,,,,,,,,,,,,,,,,,,,,,,,,,,,,,,,,,,,,,,,,,,,,,,,,,,,,,,,,,,,,,,,,,,,,,,,,,,,,,,,,,,,,,,,,,,,,,,,,,,,,,,,,,,,,,,,,,,,,,,,,,,,,,,,,,,,
,,,,,,XB11PCVS,,,,XB11PCVS,XB11PCVS,XB11PCVS Edge Safety Glasses - Photochromic Lense,,,,Edge Eyewear Inc (EDGSA),Edge Eyewear Inc,Edge Eyewear Inc,,XB11PCVS,,,"Edge Eyewear Inc, Edge Safety Glasses, Photochromic Lense, Xb11Pcvs",EDGE SAFETY GLASSES - PHOTOCHROMIC LENSE,Edge Eyewear Inc Xb11Pcvs Edge Safety Glasses - Photochromic Lense,"Edge Eyewear Inc, XB11PCVS Edge Safety Glasses - Photochromic Lense",Edge Eyewear Inc Xb11Pcvs Edge Safety Glasses - Photochromic Lense,"Edge Eyewear Inc, XB11PCVS Edge Safety Glasses - Photochromic Lense",,,,,,,,,,,,,,,,,,,,,,,,,,,,,,,,,,,,,,,,,,,,,,,,,,,,,,,,,,,,,,,,,,,,,,,,,,,,,,,,,,,,,,,,,,,,,,,,,,,,,,,,,,,,,,,,,,,,,,,,,,,,,,,,,,,,,,,,,,,,,,,,,,,,,,,,,,,,,,,,,,,,,,,,,,,,,,,,,,,,,,,,,,,,,,,,,,,,,,,,,,,,,,,,,,,,,,,,,,,,,,,
,,,,,,KB121VS,,,,KB121VS,KB121VS,KB121VS Edge Safety Glasses - Kabru Black Frame,,,,Edge Eyewear Inc (EDGSA),Edge Eyewear Inc,Edge Eyewear Inc,,KB121VS,,,"Edge Eyewear Inc, Edge Safety Glasses, Kabru Black Frame, Kb121Vs",EDGE SAFETY GLASSES - KABRU BLACK FRAME,Edge Eyewear Inc Kb121Vs Edge Safety Glasses - Kabru Black Frame,"Edge Eyewear Inc, KB121VS Edge Safety Glasses - Kabru Black Frame",Edge Eyewear Inc Kb121Vs Edge Safety Glasses - Kabru Black Frame,"Edge Eyewear Inc, KB121VS Edge Safety Glasses - Kabru Black Frame",,,,,,,,,,,,,,,,,,,,,,,,,,,,,,,,,,,,,,,,,,,,,,,,,,,,,,,,,,,,,,,,,,,,,,,,,,,,,,,,,,,,,,,,,,,,,,,,,,,,,,,,,,,,,,,,,,,,,,,,,,,,,,,,,,,,,,,,,,,,,,,,,,,,,,,,,,,,,,,,,,,,,,,,,,,,,,,,,,,,,,,,,,,,,,,,,,,,,,,,,,,,,,,,,,,,,,,,,,,,,,,
,,,,,,KB126VS,,,,KB126VS,KB126VS,KB126VS Edge Safety Glasses - Kabru Black Frame,,,,Edge Eyewear Inc (EDGSA),Edge Eyewear Inc,Edge Eyewear Inc,,KB126VS,,,"Edge Eyewear Inc, Edge Safety Glasses, Kabru Black Frame, Kb126Vs",EDGE SAFETY GLASSES - KABRU BLACK FRAME,Edge Eyewear Inc Kb126Vs Edge Safety Glasses - Kabru Black Frame,"Edge Eyewear Inc, KB126VS Edge Safety Glasses - Kabru Black Frame",Edge Eyewear Inc Kb126Vs Edge Safety Glasses - Kabru Black Frame,"Edge Eyewear Inc, KB126VS Edge Safety Glasses - Kabru Black Frame",,,,,,,,,,,,,,,,,,,,,,,,,,,,,,,,,,,,,,,,,,,,,,,,,,,,,,,,,,,,,,,,,,,,,,,,,,,,,,,,,,,,,,,,,,,,,,,,,,,,,,,,,,,,,,,,,,,,,,,,,,,,,,,,,,,,,,,,,,,,,,,,,,,,,,,,,,,,,,,,,,,,,,,,,,,,,,,,,,,,,,,,,,,,,,,,,,,,,,,,,,,,,,,,,,,,,,,,,,,,,,,
,,,,,,TC121VS,,,,TC121VS,TC121VS,TC121VS Edge Safety Glasses - Tacana Black Frame,,,,Edge Eyewear Inc (EDGSA),Edge Eyewear Inc,Edge Eyewear Inc,,TC121VS,,,"Edge Eyewear Inc, Edge Safety Glasses, Tacana Black Frame, Tc121Vs",EDGE SAFETY GLASSES - TACANA BLACK FRAME,Edge Eyewear Inc Tc121Vs Edge Safety Glasses - Tacana Black Frame,"Edge Eyewear Inc, TC121VS Edge Safety Glasses - Tacana Black Frame",Edge Eyewear Inc Tc121Vs Edge Safety Glasses - Tacana Black Frame,"Edge Eyewear Inc, TC121VS Edge Safety Glasses - Tacana Black Frame",,,,,,,,,,,,,,,,,,,,,,,,,,,,,,,,,,,,,,,,,,,,,,,,,,,,,,,,,,,,,,,,,,,,,,,,,,,,,,,,,,,,,,,,,,,,,,,,,,,,,,,,,,,,,,,,,,,,,,,,,,,,,,,,,,,,,,,,,,,,,,,,,,,,,,,,,,,,,,,,,,,,,,,,,,,,,,,,,,,,,,,,,,,,,,,,,,,,,,,,,,,,,,,,,,,,,,,,,,,,,,,
,,,,,,TC126VS,,,,TC126VS,TC126VS,TC126VS Edge Safety Glasses - Tacana Black Frame,,,,Edge Eyewear Inc (EDGSA),Edge Eyewear Inc,Edge Eyewear Inc,,TC126VS,,,"Edge Eyewear Inc, Edge Safety Glasses, Tacana Black Frame, Tc126Vs",EDGE SAFETY GLASSES - TACANA BLACK FRAME,Edge Eyewear Inc Tc126Vs Edge Safety Glasses - Tacana Black Frame,"Edge Eyewear Inc, TC126VS Edge Safety Glasses - Tacana Black Frame",Edge Eyewear Inc Tc126Vs Edge Safety Glasses - Tacana Black Frame,"Edge Eyewear Inc, TC126VS Edge Safety Glasses - Tacana Black Frame",,,,,,,,,,,,,,,,,,,,,,,,,,,,,,,,,,,,,,,,,,,,,,,,,,,,,,,,,,,,,,,,,,,,,,,,,,,,,,,,,,,,,,,,,,,,,,,,,,,,,,,,,,,,,,,,,,,,,,,,,,,,,,,,,,,,,,,,,,,,,,,,,,,,,,,,,,,,,,,,,,,,,,,,,,,,,,,,,,,,,,,,,,,,,,,,,,,,,,,,,,,,,,,,,,,,,,,,,,,,,,,
,,,,,,MK113MPAP,,,,MK113MPAP,MK113MPAP,MK113MPAP Edge Safety Glasses - Makalu Black Frame Polarized,,,,Edge Eyewear Inc (EDGSA),Edge Eyewear Inc,Edge Eyewear Inc,,MK113MPAP,,,"Edge Eyewear Inc, Edge Safety Glasses, Makalu Black Frame Polarized, Mk113Mpap",EDGE SAFETY GLASSES - MAKALU BLACK,Edge Eyewear Inc Mk113Mpap Edge Safety Glasses - Makalu Black Frame Polarized,"Edge Eyewear Inc, MK113MPAP Edge Safety Glasses - Makalu Black Frame Polarized",Edge Eyewear Inc Mk113Mpap Edge Safety Glasses - Makalu Black Frame Polarized,"Edge Eyewear Inc, MK113MPAP Edge Safety Glasses - Makalu Black Frame Polarized",,,,,,,,,,,,,,,,,,,,,,,,,,,,,,,,,,,,,,,,,,,,,,,,,,,,,,,,,,,,,,,,,,,,,,,,,,,,,,,,,,,,,,,,,,,,,,,,,,,,,,,,,,,,,,,,,,,,,,,,,,,,,,,,,,,,,,,,,,,,,,,,,,,,,,,,,,,,,,,,,,,,,,,,,,,,,,,,,,,,,,,,,,,,,,,,,,,,,,,,,,,,,,,,,,,,,,,,,,,,,,,
,,,,,,LS117MPAP,,,,LS117MPAP,LS117MPAP,LS117MPAP Edge Safety Glasses - Lassen Black Frame Polarized,,,,Edge Eyewear Inc (EDGSA),Edge Eyewear Inc,Edge Eyewear Inc,,LS117MPAP,,,"Edge Eyewear Inc, Edge Safety Glasses, Lassen Black Frame Polarized, Ls117Mpap",EDGE SAFETY GLASSES - LASSEN BLACK,Edge Eyewear Inc Ls117Mpap Edge Safety Glasses - Lassen Black Frame Polarized,"Edge Eyewear Inc, LS117MPAP Edge Safety Glasses - Lassen Black Frame Polarized",Edge Eyewear Inc Ls117Mpap Edge Safety Glasses - Lassen Black Frame Polarized,"Edge Eyewear Inc, LS117MPAP Edge Safety Glasses - Lassen Black Frame Polarized",,,,,,,,,,,,,,,,,,,,,,,,,,,,,,,,,,,,,,,,,,,,,,,,,,,,,,,,,,,,,,,,,,,,,,,,,,,,,,,,,,,,,,,,,,,,,,,,,,,,,,,,,,,,,,,,,,,,,,,,,,,,,,,,,,,,,,,,,,,,,,,,,,,,,,,,,,,,,,,,,,,,,,,,,,,,,,,,,,,,,,,,,,,,,,,,,,,,,,,,,,,,,,,,,,,,,,,,,,,,,,,
,,,,,,FE-EFX-6L,,,,FE-EFX-6L,FE-EFX-6L,FEEFX6L Lith Fire Extinguisher,,,,Ohio Firewatch Protection Inc (HOLFS),Ohio Firewatch Protection Inc,Ohio Firewatch Protection Inc,,FE-EFX-6L,,,"Ohio Firewatch Protection Inc, Feefx6L Lith Fire Extinguisher, Fe-Efx-6L",FEEFX6L LITH FIRE EXTINGUISHER,Ohio Firewatch Protection Inc Fe-Efx-6L Feefx6L Lith Fire Extinguisher,"Ohio Firewatch Protection Inc, FEEFX6L Lith Fire Extinguisher, Part Number: FE-EFX-6L",Ohio Firewatch Protection Inc Fe-Efx-6L Feefx6L Lith Fire Extinguisher,"Ohio Firewatch Protection Inc, FEEFX6L Lith Fire Extinguisher, Part Number: FE-EFX-6L",,,,,,,,,,,,,,,,,,,,,,,,,,,,,,,,,,,,,,,,,,,,,,,,,,,,,,,,,,,,,,,,,,,,,,,,,,,,,,,,,,,,,,,,,,,,,,,,,,,,,,,,,,,,,,,,,,,,,,,,,,,,,,,,,,,,,,,,,,,,,,,,,,,,,,,,,,,,,,,,,,,,,,,,,,,,,,,,,,,,,,,,,,,,,,,,,,,,,,,,,,,,,,,,,,,,,,,,,,,,,,,
,,,,,,FE-EFX-9L,,,,FE-EFX-9L,FE-EFX-9L,FEEFX9L Lith Fire Extinguisher,,,,Ohio Firewatch Protection Inc (HOLFS),Ohio Firewatch Protection Inc,Ohio Firewatch Protection Inc,,FE-EFX-9L,,,"Ohio Firewatch Protection Inc, Feefx9L Lith Fire Extinguisher, Fe-Efx-9L",FEEFX9L LITH FIRE EXTINGUISHER,Ohio Firewatch Protection Inc Fe-Efx-9L Feefx9L Lith Fire Extinguisher,"Ohio Firewatch Protection Inc, FEEFX9L Lith Fire Extinguisher, Part Number: FE-EFX-9L",Ohio Firewatch Protection Inc Fe-Efx-9L Feefx9L Lith Fire Extinguisher,"Ohio Firewatch Protection Inc, FEEFX9L Lith Fire Extinguisher, Part Number: FE-EFX-9L",,,,,,,,,,,,,,,,,,,,,,,,,,,,,,,,,,,,,,,,,,,,,,,,,,,,,,,,,,,,,,,,,,,,,,,,,,,,,,,,,,,,,,,,,,,,,,,,,,,,,,,,,,,,,,,,,,,,,,,,,,,,,,,,,,,,,,,,,,,,,,,,,,,,,,,,,,,,,,,,,,,,,,,,,,,,,,,,,,,,,,,,,,,,,,,,,,,,,,,,,,,,,,,,,,,,,,,,,,,,,,,
,,,,,,1046793,,,,1046793,1046793,1046793 Smoke & CO Alarm,,,First Alert,First Alert - B R K Brands (2754),First Alert,First Alert,,1046793,,,"First Alert, Smoke & Co Alarm, 1046793, 1046793",SMOKE & CO ALARM,First Alert 1046793 Smoke & Co Alarm,"First Alert, 1046793 Smoke & CO Alarm",First Alert 1046793 Smoke & Co Alarm,"First Alert, 1046793 Smoke & CO Alarm",,,,,,,,,,,,,,,,,,,,,,,,,,,,,,,,,,,,,,,,,,,,,,,,,,,,,,,,,,,,,,,,,,,,,,,,,,,,,,,,,,,,,,,,,,,,,,,,,,,,,,,,,,,,,,,,,,,,,,,,,,,,,,,,,,,,,,,,,,,,,,,,,,,,,,,,,,,,,,,,,,,,,,,,,,,,,,,,,,,,,,,,,,,,,,,,,,,,,,,,,,,,,,,,,,,,,,,,,,,,,,,
,,,,,,1046870,,,,1046870,1046870,1046870 Smoke & CO Alarm,,,BRK,First Alert - B R K Brands (2754),BRK,BRK,,1046870,,,"BRK, Brk, Smoke & Co Alarm, 1046870, 1046870",SMOKE & CO ALARM,Brk 1046870 Smoke & Co Alarm,"BRK, 1046870 Smoke & CO Alarm",Brk 1046870 Smoke & Co Alarm,"BRK, 1046870 Smoke & CO Alarm",,,,,,,,,,,,,,,,,,,,,,,,,,,,,,,,,,,,,,,,,,,,,,,,,,,,,,,,,,,,,,,,,,,,,,,,,,,,,,,,,,,,,,,,,,,,,,,,,,,,,,,,,,,,,,,,,,,,,,,,,,,,,,,,,,,,,,,,,,,,,,,,,,,,,,,,,,,,,,,,,,,,,,,,,,,,,,,,,,,,,,,,,,,,,,,,,,,,,,,,,,,,,,,,,,,,,,,,,,,,,,,
,,,,,,M701B-21L,,,,M701B-21L,M701B-21L,M701B-21L Milw L Black Heated Work Glove Liners,,,,Milwaukee Accessory (4031),Milwaukee Accessory,Milwaukee Accessory,,M701B-21L,,,"Milwaukee Accessory, Milw L Black Heated Work Glove Liners, M701B-21L",MILW L BLACK HEATED WORK GLOVE LINERS,Milwaukee Accessory M701B-21L Milw L Black Heated Work Glove Liners,"Milwaukee Accessory, M701B-21L Milw L Black Heated Work Glove Liners",Milwaukee Accessory M701B-21L Milw L Black Heated Work Glove Liners,"Milwaukee Accessory, M701B-21L Milw L Black Heated Work Glove Liners",,,,,,,,,,,,,,,,,,,,,,,,,,,,,,,,,,,,,,,,,,,,,,,,,,,,,,,,,,,,,,,,,,,,,,,,,,,,,,,,,,,,,,,,,,,,,,,,,,,,,,,,,,,,,,,,,,,,,,,,,,,,,,,,,,,,,,,,,,,,,,,,,,,,,,,,,,,,,,,,,,,,,,,,,,,,,,,,,,,,,,,,,,,,,,,,,,,,,,,,,,,,,,,,,,,,,,,,,,,,,,,
,,,,,,M701B-21M,,,,M701B-21M,M701B-21M,M701B-21M Milw M Black Heated Work Glove Liners,,,,Milwaukee Accessory (4031),Milwaukee Accessory,Milwaukee Accessory,,M701B-21M,,,"Milwaukee Accessory, Milw M Black Heated Work Glove Liners, M701B-21M",MILW M BLACK HEATED WORK GLOVE LINERS,Milwaukee Accessory M701B-21M Milw M Black Heated Work Glove Liners,"Milwaukee Accessory, M701B-21M Milw M Black Heated Work Glove Liners",Milwaukee Accessory M701B-21M Milw M Black Heated Work Glove Liners,"Milwaukee Accessory, M701B-21M Milw M Black Heated Work Glove Liners",,,,,,,,,,,,,,,,,,,,,,,,,,,,,,,,,,,,,,,,,,,,,,,,,,,,,,,,,,,,,,,,,,,,,,,,,,,,,,,,,,,,,,,,,,,,,,,,,,,,,,,,,,,,,,,,,,,,,,,,,,,,,,,,,,,,,,,,,,,,,,,,,,,,,,,,,,,,,,,,,,,,,,,,,,,,,,,,,,,,,,,,,,,,,,,,,,,,,,,,,,,,,,,,,,,,,,,,,,,,,,,
,,,,,,M701B-21S,,,,M701B-21S,M701B-21S,M701B-21S Milw S Black Heated Work Glove Liners,,,,Milwaukee Accessory (4031),Milwaukee Accessory,Milwaukee Accessory,,M701B-21S,,,"Milwaukee Accessory, Milw S Black Heated Work Glove Liners, M701B-21S",MILW S BLACK HEATED WORK GLOVE LINERS,Milwaukee Accessory M701B-21S Milw S Black Heated Work Glove Liners,"Milwaukee Accessory, M701B-21S Milw S Black Heated Work Glove Liners",Milwaukee Accessory M701B-21S Milw S Black Heated Work Glove Liners,"Milwaukee Accessory, M701B-21S Milw S Black Heated Work Glove Liners",,,,,,,,,,,,,,,,,,,,,,,,,,,,,,,,,,,,,,,,,,,,,,,,,,,,,,,,,,,,,,,,,,,,,,,,,,,,,,,,,,,,,,,,,,,,,,,,,,,,,,,,,,,,,,,,,,,,,,,,,,,,,,,,,,,,,,,,,,,,,,,,,,,,,,,,,,,,,,,,,,,,,,,,,,,,,,,,,,,,,,,,,,,,,,,,,,,,,,,,,,,,,,,,,,,,,,,,,,,,,,,
,,,,,,M701B-21XL,,,,M701B-21XL,M701B-21XL,M701B-21XL Milw XL Black Heated Work Glove Liners,,,,Milwaukee Accessory (4031),Milwaukee Accessory,Milwaukee Accessory,,M701B-21XL,,,"Milwaukee Accessory, Milw Xl Black Heated Work Glove Liners, M701B-21Xl",MILW XL BLACK HEATED WORK GLOVE LINERS,Milwaukee Accessory M701B-21Xl Milw Xl Black Heated Work Glove Liners,"Milwaukee Accessory, M701B-21XL Milw XL Black Heated Work Glove Liners",Milwaukee Accessory M701B-21Xl Milw Xl Black Heated Work Glove Liners,"Milwaukee Accessory, M701B-21XL Milw XL Black Heated Work Glove Liners",,,,,,,,,,,,,,,,,,,,,,,,,,,,,,,,,,,,,,,,,,,,,,,,,,,,,,,,,,,,,,,,,,,,,,,,,,,,,,,,,,,,,,,,,,,,,,,,,,,,,,,,,,,,,,,,,,,,,,,,,,,,,,,,,,,,,,,,,,,,,,,,,,,,,,,,,,,,,,,,,,,,,,,,,,,,,,,,,,,,,,,,,,,,,,,,,,,,,,,,,,,,,,,,,,,,,,,,,,,,,,,
,,,,,,MWUG42010124,,,,MWUG42010124,MWUG42010124,UTW Pro Heated Glove Blk XS,,,,Tech Gear 5.7 Inc (TECGE),Tech Gear 5.7 Inc,Tech Gear 5.7 Inc,,MWUG42010124,,,"Tech Gear 5.7 Inc, Utw Pro Heated Glove Blk Xs, Mwug42010124",UTW PRO HEATED GLOVE BLK XS,Tech Gear 5.7 Inc Mwug42010124 Utw Pro Heated Glove Blk Xs,"Tech Gear 5.7 Inc, UTW Pro Heated Glove Blk XS, Part Number: MWUG42010124",Tech Gear 5.7 Inc Mwug42010124 Utw Pro Heated Glove Blk Xs,"Tech Gear 5.7 Inc, UTW Pro Heated Glove Blk XS, Part Number: MWUG42010124",,,,,,,,,,,,,,,,,,,,,,,,,,,,,,,,,,,,,,,,,,,,,,,,,,,,,,,,,,,,,,,,,,,,,,,,,,,,,,,,,,,,,,,,,,,,,,,,,,,,,,,,,,,,,,,,,,,,,,,,,,,,,,,,,,,,,,,,,,,,,,,,,,,,,,,,,,,,,,,,,,,,,,,,,,,,,,,,,,,,,,,,,,,,,,,,,,,,,,,,,,,,,,,,,,,,,,,,,,,,,,,
,,,,,,MWUG42010224,,,,MWUG42010224,MWUG42010224,UTW Pro Heated Glove Blk SM,,,,Tech Gear 5.7 Inc (TECGE),Tech Gear 5.7 Inc,Tech Gear 5.7 Inc,,MWUG42010224,,,"Tech Gear 5.7 Inc, Utw Pro Heated Glove Blk Sm, Mwug42010224",UTW PRO HEATED GLOVE BLK SM,Tech Gear 5.7 Inc Mwug42010224 Utw Pro Heated Glove Blk Sm,"Tech Gear 5.7 Inc, UTW Pro Heated Glove Blk SM, Part Number: MWUG42010224",Tech Gear 5.7 Inc Mwug42010224 Utw Pro Heated Glove Blk Sm,"Tech Gear 5.7 Inc, UTW Pro Heated Glove Blk SM, Part Number: MWUG42010224",,,,,,,,,,,,,,,,,,,,,,,,,,,,,,,,,,,,,,,,,,,,,,,,,,,,,,,,,,,,,,,,,,,,,,,,,,,,,,,,,,,,,,,,,,,,,,,,,,,,,,,,,,,,,,,,,,,,,,,,,,,,,,,,,,,,,,,,,,,,,,,,,,,,,,,,,,,,,,,,,,,,,,,,,,,,,,,,,,,,,,,,,,,,,,,,,,,,,,,,,,,,,,,,,,,,,,,,,,,,,,,
,,,,,,MWUG42010324,,,,MWUG42010324,MWUG42010324,UTW Pro Heated Glove Blk MD,,,,Tech Gear 5.7 Inc (TECGE),Tech Gear 5.7 Inc,Tech Gear 5.7 Inc,,MWUG42010324,,,"Tech Gear 5.7 Inc, Utw Pro Heated Glove Blk Md, Mwug42010324",UTW PRO HEATED GLOVE BLK MD,Tech Gear 5.7 Inc Mwug42010324 Utw Pro Heated Glove Blk Md,"Tech Gear 5.7 Inc, UTW Pro Heated Glove Blk MD, Part Number: MWUG42010324",Tech Gear 5.7 Inc Mwug42010324 Utw Pro Heated Glove Blk Md,"Tech Gear 5.7 Inc, UTW Pro Heated Glove Blk MD, Part Number: MWUG42010324",,,,,,,,,,,,,,,,,,,,,,,,,,,,,,,,,,,,,,,,,,,,,,,,,,,,,,,,,,,,,,,,,,,,,,,,,,,,,,,,,,,,,,,,,,,,,,,,,,,,,,,,,,,,,,,,,,,,,,,,,,,,,,,,,,,,,,,,,,,,,,,,,,,,,,,,,,,,,,,,,,,,,,,,,,,,,,,,,,,,,,,,,,,,,,,,,,,,,,,,,,,,,,,,,,,,,,,,,,,,,,,
,,,,,,MWUG42010424,,,,MWUG42010424,MWUG42010424,UTW Pro Heated Glove Blk LG,,,,Tech Gear 5.7 Inc (TECGE),Tech Gear 5.7 Inc,Tech Gear 5.7 Inc,,MWUG42010424,,,"Tech Gear 5.7 Inc, Utw Pro Heated Glove Blk Lg, Mwug42010424",UTW PRO HEATED GLOVE BLK LG,Tech Gear 5.7 Inc Mwug42010424 Utw Pro Heated Glove Blk Lg,"Tech Gear 5.7 Inc, UTW Pro Heated Glove Blk LG, Part Number: MWUG42010424",Tech Gear 5.7 Inc Mwug42010424 Utw Pro Heated Glove Blk Lg,"Tech Gear 5.7 Inc, UTW Pro Heated Glove Blk LG, Part Number: MWUG42010424",,,,,,,,,,,,,,,,,,,,,,,,,,,,,,,,,,,,,,,,,,,,,,,,,,,,,,,,,,,,,,,,,,,,,,,,,,,,,,,,,,,,,,,,,,,,,,,,,,,,,,,,,,,,,,,,,,,,,,,,,,,,,,,,,,,,,,,,,,,,,,,,,,,,,,,,,,,,,,,,,,,,,,,,,,,,,,,,,,,,,,,,,,,,,,,,,,,,,,,,,,,,,,,,,,,,,,,,,,,,,,,
,,,,,,MWUG42010524,,,,MWUG42010524,MWUG42010524,UTW Pro Heated Glove Blk XL,,,,Tech Gear 5.7 Inc (TECGE),Tech Gear 5.7 Inc,Tech Gear 5.7 Inc,,MWUG42010524,,,"Tech Gear 5.7 Inc, Utw Pro Heated Glove Blk Xl, Mwug42010524",UTW PRO HEATED GLOVE BLK XL,Tech Gear 5.7 Inc Mwug42010524 Utw Pro Heated Glove Blk Xl,"Tech Gear 5.7 Inc, UTW Pro Heated Glove Blk XL, Part Number: MWUG42010524",Tech Gear 5.7 Inc Mwug42010524 Utw Pro Heated Glove Blk Xl,"Tech Gear 5.7 Inc, UTW Pro Heated Glove Blk XL, Part Number: MWUG42010524",,,,,,,,,,,,,,,,,,,,,,,,,,,,,,,,,,,,,,,,,,,,,,,,,,,,,,,,,,,,,,,,,,,,,,,,,,,,,,,,,,,,,,,,,,,,,,,,,,,,,,,,,,,,,,,,,,,,,,,,,,,,,,,,,,,,,,,,,,,,,,,,,,,,,,,,,,,,,,,,,,,,,,,,,,,,,,,,,,,,,,,,,,,,,,,,,,,,,,,,,,,,,,,,,,,,,,,,,,,,,,,
,,,,,,MWUG42010624,,,,MWUG42010624,MWUG42010624,UTW Pro Heated Glove Blk 2X,,,,Tech Gear 5.7 Inc (TECGE),Tech Gear 5.7 Inc,Tech Gear 5.7 Inc,,MWUG42010624,,,"Tech Gear 5.7 Inc, Utw Pro Heated Glove Blk 2X, Mwug42010624",UTW PRO HEATED GLOVE BLK 2X,Tech Gear 5.7 Inc Mwug42010624 Utw Pro Heated Glove Blk 2X,"Tech Gear 5.7 Inc, UTW Pro Heated Glove Blk 2X, Part Number: MWUG42010624",Tech Gear 5.7 Inc Mwug42010624 Utw Pro Heated Glove Blk 2X,"Tech Gear 5.7 Inc, UTW Pro Heated Glove Blk 2X, Part Number: MWUG42010624",,,,,,,,,,,,,,,,,,,,,,,,,,,,,,,,,,,,,,,,,,,,,,,,,,,,,,,,,,,,,,,,,,,,,,,,,,,,,,,,,,,,,,,,,,,,,,,,,,,,,,,,,,,,,,,,,,,,,,,,,,,,,,,,,,,,,,,,,,,,,,,,,,,,,,,,,,,,,,,,,,,,,,,,,,,,,,,,,,,,,,,,,,,,,,,,,,,,,,,,,,,,,,,,,,,,,,,,,,,,,,,
,,,,,,MWUG36010225,,,,MWUG36010225,MWUG36010225,MWUG36010225 BLK SM Aerial Snow Heated Glove,,,,Tech Gear 5.7 Inc (TECGE),Tech Gear 5.7 Inc,Tech Gear 5.7 Inc,,MWUG36010225,,,"Tech Gear 5.7 Inc, Blk Sm Aerial Snow Heated Glove, Mwug36010225",BLK SM AERIAL SNOW HEATED GLOVE,Tech Gear 5.7 Inc Mwug36010225 Blk Sm Aerial Snow Heated Glove,"Tech Gear 5.7 Inc, MWUG36010225 BLK SM Aerial Snow Heated Glove",Tech Gear 5.7 Inc Mwug36010225 Blk Sm Aerial Snow Heated Glove,"Tech Gear 5.7 Inc, MWUG36010225 BLK SM Aerial Snow Heated Glove",,,,,,,,,,,,,,,,,,,,,,,,,,,,,,,,,,,,,,,,,,,,,,,,,,,,,,,,,,,,,,,,,,,,,,,,,,,,,,,,,,,,,,,,,,,,,,,,,,,,,,,,,,,,,,,,,,,,,,,,,,,,,,,,,,,,,,,,,,,,,,,,,,,,,,,,,,,,,,,,,,,,,,,,,,,,,,,,,,,,,,,,,,,,,,,,,,,,,,,,,,,,,,,,,,,,,,,,,,,,,,,
,,,,,,MWUG36010325,,,,MWUG36010325,MWUG36010325,MWUG36010325 BLK MD Aerial Snow Heated Glove,,,,Tech Gear 5.7 Inc (TECGE),Tech Gear 5.7 Inc,Tech Gear 5.7 Inc,,MWUG36010325,,,"Tech Gear 5.7 Inc, Blk Md Aerial Snow Heated Glove, Mwug36010325",BLK MD AERIAL SNOW HEATED GLOVE,Tech Gear 5.7 Inc Mwug36010325 Blk Md Aerial Snow Heated Glove,"Tech Gear 5.7 Inc, MWUG36010325 BLK MD Aerial Snow Heated Glove",Tech Gear 5.7 Inc Mwug36010325 Blk Md Aerial Snow Heated Glove,"Tech Gear 5.7 Inc, MWUG36010325 BLK MD Aerial Snow Heated Glove",,,,,,,,,,,,,,,,,,,,,,,,,,,,,,,,,,,,,,,,,,,,,,,,,,,,,,,,,,,,,,,,,,,,,,,,,,,,,,,,,,,,,,,,,,,,,,,,,,,,,,,,,,,,,,,,,,,,,,,,,,,,,,,,,,,,,,,,,,,,,,,,,,,,,,,,,,,,,,,,,,,,,,,,,,,,,,,,,,,,,,,,,,,,,,,,,,,,,,,,,,,,,,,,,,,,,,,,,,,,,,,
,,,,,,MWUG36010425,,,,MWUG36010425,MWUG36010425,MWUG36010425 BLK LG Aerial Snow Heated Glove,,,,Tech Gear 5.7 Inc (TECGE),Tech Gear 5.7 Inc,Tech Gear 5.7 Inc,,MWUG36010425,,,"Tech Gear 5.7 Inc, Blk Lg Aerial Snow Heated Glove, Mwug36010425",BLK LG AERIAL SNOW HEATED GLOVE,Tech Gear 5.7 Inc Mwug36010425 Blk Lg Aerial Snow Heated Glove,"Tech Gear 5.7 Inc, MWUG36010425 BLK LG Aerial Snow Heated Glove",Tech Gear 5.7 Inc Mwug36010425 Blk Lg Aerial Snow Heated Glove,"Tech Gear 5.7 Inc, MWUG36010425 BLK LG Aerial Snow Heated Glove",,,,,,,,,,,,,,,,,,,,,,,,,,,,,,,,,,,,,,,,,,,,,,,,,,,,,,,,,,,,,,,,,,,,,,,,,,,,,,,,,,,,,,,,,,,,,,,,,,,,,,,,,,,,,,,,,,,,,,,,,,,,,,,,,,,,,,,,,,,,,,,,,,,,,,,,,,,,,,,,,,,,,,,,,,,,,,,,,,,,,,,,,,,,,,,,,,,,,,,,,,,,,,,,,,,,,,,,,,,,,,,
,,,,,,MWUG36010525,,,,MWUG36010525,MWUG36010525,MWUG36010525 BLK XL Aerial Snow Heated Glove,,,,Tech Gear 5.7 Inc (TECGE),Tech Gear 5.7 Inc,Tech Gear 5.7 Inc,,MWUG36010525,,,"Tech Gear 5.7 Inc, Blk Xl Aerial Snow Heated Glove, Mwug36010525",BLK XL AERIAL SNOW HEATED GLOVE,Tech Gear 5.7 Inc Mwug36010525 Blk Xl Aerial Snow Heated Glove,"Tech Gear 5.7 Inc, MWUG36010525 BLK XL Aerial Snow Heated Glove",Tech Gear 5.7 Inc Mwug36010525 Blk Xl Aerial Snow Heated Glove,"Tech Gear 5.7 Inc, MWUG36010525 BLK XL Aerial Snow Heated Glove",,,,,,,,,,,,,,,,,,,,,,,,,,,,,,,,,,,,,,,,,,,,,,,,,,,,,,,,,,,,,,,,,,,,,,,,,,,,,,,,,,,,,,,,,,,,,,,,,,,,,,,,,,,,,,,,,,,,,,,,,,,,,,,,,,,,,,,,,,,,,,,,,,,,,,,,,,,,,,,,,,,,,,,,,,,,,,,,,,,,,,,,,,,,,,,,,,,,,,,,,,,,,,,,,,,,,,,,,,,,,,,
,,,,,,MWUG36010625,,,,MWUG36010625,MWUG36010625,MWUG36010625 BLK 2X Aerial Snow Heated Glove,,,,Tech Gear 5.7 Inc (TECGE),Tech Gear 5.7 Inc,Tech Gear 5.7 Inc,,MWUG36010625,,,"Tech Gear 5.7 Inc, Blk 2X Aerial Snow Heated Glove, Mwug36010625",BLK 2X AERIAL SNOW HEATED GLOVE,Tech Gear 5.7 Inc Mwug36010625 Blk 2X Aerial Snow Heated Glove,"Tech Gear 5.7 Inc, MWUG36010625 BLK 2X Aerial Snow Heated Glove",Tech Gear 5.7 Inc Mwug36010625 Blk 2X Aerial Snow Heated Glove,"Tech Gear 5.7 Inc, MWUG36010625 BLK 2X Aerial Snow Heated Glove",,,,,,,,,,,,,,,,,,,,,,,,,,,,,,,,,,,,,,,,,,,,,,,,,,,,,,,,,,,,,,,,,,,,,,,,,,,,,,,,,,,,,,,,,,,,,,,,,,,,,,,,,,,,,,,,,,,,,,,,,,,,,,,,,,,,,,,,,,,,,,,,,,,,,,,,,,,,,,,,,,,,,,,,,,,,,,,,,,,,,,,,,,,,,,,,,,,,,,,,,,,,,,,,,,,,,,,,,,,,,,,
,,,,,,DPG15,,,,DPG15,DPG15,DPG15 Dewalt AM/FM Hearing Protector,,,,Radians (7363),Radians,Radians,,DPG15,,,"Radians, Dewalt Am/Fm Hearing Protector, Dpg15, DPG15",DEWALT AM/FM HEARING PROTECTOR,Radians Dpg15 Dewalt Am/Fm Hearing Protector,"Radians, DPG15 Dewalt AM/FM Hearing Protector",Radians Dpg15 Dewalt Am/Fm Hearing Protector,"Radians, DPG15 Dewalt AM/FM Hearing Protector",,,,,,,,,,,,,,,,,,,,,,,,,,,,,,,,,,,,,,,,,,,,,,,,,,,,,,,,,,,,,,,,,,,,,,,,,,,,,,,,,,,,,,,,,,,,,,,,,,,,,,,,,,,,,,,,,,,,,,,,,,,,,,,,,,,,,,,,,,,,,,,,,,,,,,,,,,,,,,,,,,,,,,,,,,,,,,,,,,,,,,,,,,,,,,,,,,,,,,,,,,,,,,,,,,,,,,,,,,,,,,,
,,,,,,F200B-21L,,,,F200B-21L,F200B-21L,F200B-21L Milw M12 Womens - BLK Heated Hoodie Kit L,,,,Milwaukee Accessory (4031),Milwaukee Accessory,Milwaukee Accessory,,F200B-21L,,,"Milwaukee Accessory, Milw M12 Womens, Blk Heated Hoodie Kit L, F200B-21L",MILW M12 WOMENS - BLK HEATED HOODIE KIT,Milwaukee Accessory F200B-21L Milw M12 Womens - Blk Heated Hoodie Kit L,"Milwaukee Accessory, F200B-21L Milw M12 Womens - BLK Heated Hoodie Kit L",Milwaukee Accessory F200B-21L Milw M12 Womens - Blk Heated Hoodie Kit L,"Milwaukee Accessory, F200B-21L Milw M12 Womens - BLK Heated Hoodie Kit L",,,,,,,,,,,,,,,,,,,,,,,,,,,,,,,,,,,,,,,,,,,,,,,,,,,,,,,,,,,,,,,,,,,,,,,,,,,,,,,,,,,,,,,,,,,,,,,,,,,,,,,,,,,,,,,,,,,,,,,,,,,,,,,,,,,,,,,,,,,,,,,,,,,,,,,,,,,,,,,,,,,,,,,,,,,,,,,,,,,,,,,,,,,,,,,,,,,,,,,,,,,,,,,,,,,,,,,,,,,,,,,
,,,,,,F200B-21M,,,,F200B-21M,F200B-21M,F200B-21M Milw M12 Womens - BLK Heated Hoodie Kit M,,,,Milwaukee Accessory (4031),Milwaukee Accessory,Milwaukee Accessory,,F200B-21M,,,"Milwaukee Accessory, Milw M12 Womens, Blk Heated Hoodie Kit M, F200B-21M",MILW M12 WOMENS - BLK HEATED HOODIE KIT,Milwaukee Accessory F200B-21M Milw M12 Womens - Blk Heated Hoodie Kit M,"Milwaukee Accessory, F200B-21M Milw M12 Womens - BLK Heated Hoodie Kit M",Milwaukee Accessory F200B-21M Milw M12 Womens - Blk Heated Hoodie Kit M,"Milwaukee Accessory, F200B-21M Milw M12 Womens - BLK Heated Hoodie Kit M",,,,,,,,,,,,,,,,,,,,,,,,,,,,,,,,,,,,,,,,,,,,,,,,,,,,,,,,,,,,,,,,,,,,,,,,,,,,,,,,,,,,,,,,,,,,,,,,,,,,,,,,,,,,,,,,,,,,,,,,,,,,,,,,,,,,,,,,,,,,,,,,,,,,,,,,,,,,,,,,,,,,,,,,,,,,,,,,,,,,,,,,,,,,,,,,,,,,,,,,,,,,,,,,,,,,,,,,,,,,,,,
,,,,,,M200B-21L,,,,M200B-21L,M200B-21L,M200B-21L Milw M12 BLK - Heated Hoodie Kit L,,,,Milwaukee Accessory (4031),Milwaukee Accessory,Milwaukee Accessory,,M200B-21L,,,"Milwaukee Accessory, Milw M12 Blk, Heated Hoodie Kit L, M200B-21L",MILW M12 BLK - HEATED HOODIE KIT L,Milwaukee Accessory M200B-21L Milw M12 Blk - Heated Hoodie Kit L,"Milwaukee Accessory, M200B-21L Milw M12 BLK - Heated Hoodie Kit L",Milwaukee Accessory M200B-21L Milw M12 Blk - Heated Hoodie Kit L,"Milwaukee Accessory, M200B-21L Milw M12 BLK - Heated Hoodie Kit L",,,,,,,,,,,,,,,,,,,,,,,,,,,,,,,,,,,,,,,,,,,,,,,,,,,,,,,,,,,,,,,,,,,,,,,,,,,,,,,,,,,,,,,,,,,,,,,,,,,,,,,,,,,,,,,,,,,,,,,,,,,,,,,,,,,,,,,,,,,,,,,,,,,,,,,,,,,,,,,,,,,,,,,,,,,,,,,,,,,,,,,,,,,,,,,,,,,,,,,,,,,,,,,,,,,,,,,,,,,,,,,
,,,,,,M200B-21M,,,,M200B-21M,M200B-21M,M200B-21M Milw M12 BLK - Heated Hoodie Kit M,,,,Milwaukee Accessory (4031),Milwaukee Accessory,Milwaukee Accessory,,M200B-21M,,,"Milwaukee Accessory, Milw M12 Blk, Heated Hoodie Kit M, M200B-21M",MILW M12 BLK - HEATED HOODIE KIT M,Milwaukee Accessory M200B-21M Milw M12 Blk - Heated Hoodie Kit M,"Milwaukee Accessory, M200B-21M Milw M12 BLK - Heated Hoodie Kit M",Milwaukee Accessory M200B-21M Milw M12 Blk - Heated Hoodie Kit M,"Milwaukee Accessory, M200B-21M Milw M12 BLK - Heated Hoodie Kit M",,,,,,,,,,,,,,,,,,,,,,,,,,,,,,,,,,,,,,,,,,,,,,,,,,,,,,,,,,,,,,,,,,,,,,,,,,,,,,,,,,,,,,,,,,,,,,,,,,,,,,,,,,,,,,,,,,,,,,,,,,,,,,,,,,,,,,,,,,,,,,,,,,,,,,,,,,,,,,,,,,,,,,,,,,,,,,,,,,,,,,,,,,,,,,,,,,,,,,,,,,,,,,,,,,,,,,,,,,,,,,,
,,,,,,M200B-21XL,,,,M200B-21XL,M200B-21XL,M200B-21XL Milw M12 BLK - Heated Hoodie Kit XL,,,,Milwaukee Accessory (4031),Milwaukee Accessory,Milwaukee Accessory,,M200B-21XL,,,"Milwaukee Accessory, Milw M12 Blk, Heated Hoodie Kit Xl, M200B-21Xl",MILW M12 BLK - HEATED HOODIE KIT XL,Milwaukee Accessory M200B-21Xl Milw M12 Blk - Heated Hoodie Kit Xl,"Milwaukee Accessory, M200B-21XL Milw M12 BLK - Heated Hoodie Kit XL",Milwaukee Accessory M200B-21Xl Milw M12 Blk - Heated Hoodie Kit Xl,"Milwaukee Accessory, M200B-21XL Milw M12 BLK - Heated Hoodie Kit XL",,,,,,,,,,,,,,,,,,,,,,,,,,,,,,,,,,,,,,,,,,,,,,,,,,,,,,,,,,,,,,,,,,,,,,,,,,,,,,,,,,,,,,,,,,,,,,,,,,,,,,,,,,,,,,,,,,,,,,,,,,,,,,,,,,,,,,,,,,,,,,,,,,,,,,,,,,,,,,,,,,,,,,,,,,,,,,,,,,,,,,,,,,,,,,,,,,,,,,,,,,,,,,,,,,,,,,,,,,,,,,,
,,,,,,M200G-21L,,,,M200G-21L,M200G-21L,M200G-21L Milw M12 Gray - Heated Hoodie Kit L,,,,Milwaukee Accessory (4031),Milwaukee Accessory,Milwaukee Accessory,,M200G-21L,,,"Milwaukee Accessory, Milw M12 Gray, Heated Hoodie Kit L, M200G-21L",MILW M12 GRAY - HEATED HOODIE KIT L,Milwaukee Accessory M200G-21L Milw M12 Gray - Heated Hoodie Kit L,"Milwaukee Accessory, M200G-21L Milw M12 Gray - Heated Hoodie Kit L",Milwaukee Accessory M200G-21L Milw M12 Gray - Heated Hoodie Kit L,"Milwaukee Accessory, M200G-21L Milw M12 Gray - Heated Hoodie Kit L",,,,,,,,,,,,,,,,,,,,,,,,,,,,,,,,,,,,,,,,,,,,,,,,,,,,,,,,,,,,,,,,,,,,,,,,,,,,,,,,,,,,,,,,,,,,,,,,,,,,,,,,,,,,,,,,,,,,,,,,,,,,,,,,,,,,,,,,,,,,,,,,,,,,,,,,,,,,,,,,,,,,,,,,,,,,,,,,,,,,,,,,,,,,,,,,,,,,,,,,,,,,,,,,,,,,,,,,,,,,,,,
,,,,,,M200G-21M,,,,M200G-21M,M200G-21M,M200G-21M Milw M12 Gray - Heated Hoodie Kit M,,,,Milwaukee Accessory (4031),Milwaukee Accessory,Milwaukee Accessory,,M200G-21M,,,"Milwaukee Accessory, Milw M12 Gray, Heated Hoodie Kit M, M200G-21M",MILW M12 GRAY - HEATED HOODIE KIT M,Milwaukee Accessory M200G-21M Milw M12 Gray - Heated Hoodie Kit M,"Milwaukee Accessory, M200G-21M Milw M12 Gray - Heated Hoodie Kit M",Milwaukee Accessory M200G-21M Milw M12 Gray - Heated Hoodie Kit M,"Milwaukee Accessory, M200G-21M Milw M12 Gray - Heated Hoodie Kit M",,,,,,,,,,,,,,,,,,,,,,,,,,,,,,,,,,,,,,,,,,,,,,,,,,,,,,,,,,,,,,,,,,,,,,,,,,,,,,,,,,,,,,,,,,,,,,,,,,,,,,,,,,,,,,,,,,,,,,,,,,,,,,,,,,,,,,,,,,,,,,,,,,,,,,,,,,,,,,,,,,,,,,,,,,,,,,,,,,,,,,,,,,,,,,,,,,,,,,,,,,,,,,,,,,,,,,,,,,,,,,,
,,,,,,M200G-21XL,,,,M200G-21XL,M200G-21XL,M200G-21XL Milw M12 Gray - Heated Hoodie Kit XL,,,,Milwaukee Accessory (4031),Milwaukee Accessory,Milwaukee Accessory,,M200G-21XL,,,"Milwaukee Accessory, Milw M12 Gray, Heated Hoodie Kit Xl, M200G-21Xl",MILW M12 GRAY - HEATED HOODIE KIT XL,Milwaukee Accessory M200G-21Xl Milw M12 Gray - Heated Hoodie Kit Xl,"Milwaukee Accessory, M200G-21XL Milw M12 Gray - Heated Hoodie Kit XL",Milwaukee Accessory M200G-21Xl Milw M12 Gray - Heated Hoodie Kit Xl,"Milwaukee Accessory, M200G-21XL Milw M12 Gray - Heated Hoodie Kit XL",,,,,,,,,,,,,,,,,,,,,,,,,,,,,,,,,,,,,,,,,,,,,,,,,,,,,,,,,,,,,,,,,,,,,,,,,,,,,,,,,,,,,,,,,,,,,,,,,,,,,,,,,,,,,,,,,,,,,,,,,,,,,,,,,,,,,,,,,,,,,,,,,,,,,,,,,,,,,,,,,,,,,,,,,,,,,,,,,,,,,,,,,,,,,,,,,,,,,,,,,,,,,,,,,,,,,,,,,,,,,,,
,,,,,,48-11-2330,,,,48-11-2330,48-11-2330,48-11-2330 Milw Heated Gear Power Source,,,,Milwaukee Accessory (4031),Milwaukee Accessory,Milwaukee Accessory,,48-11-2330,,,"Milwaukee Accessory, Milw Heated Gear Power Source, 48-11-2330",MILW HEATED GEAR POWER SOURCE,Milwaukee Accessory 48-11-2330 Milw Heated Gear Power Source,"Milwaukee Accessory, 48-11-2330 Milw Heated Gear Power Source",Milwaukee Accessory 48-11-2330 Milw Heated Gear Power Source,"Milwaukee Accessory, 48-11-2330 Milw Heated Gear Power Source",,,,,,,,,,,,,,,,,,,,,,,,,,,,,,,,,,,,,,,,,,,,,,,,,,,,,,,,,,,,,,,,,,,,,,,,,,,,,,,,,,,,,,,,,,,,,,,,,,,,,,,,,,,,,,,,,,,,,,,,,,,,,,,,,,,,,,,,,,,,,,,,,,,,,,,,,,,,,,,,,,,,,,,,,,,,,,,,,,,,,,,,,,,,,,,,,,,,,,,,,,,,,,,,,,,,,,,,,,,,,,,
,,,,,,DCBP250C,,,,DCBP250C,DCBP250C,DCBP520C Dewalt Starter Kit,,,DEWALT,Black & Decker/dewlt (2585),DEWALT,DEWALT,,DCBP250C,,,"DEWALT, Dewalt, Dcbp520C Dewalt Starter Kit, Dcbp250C, DCBP2",DCBP520C DEWALT STARTER KIT,Dewalt Dcbp250C Dcbp520C Dewalt Starter Kit,"DEWALT, DCBP520C Dewalt Starter Kit, Part Number: DCBP250C",Dewalt Dcbp250C Dcbp520C Dewalt Starter Kit,"DEWALT, DCBP520C Dewalt Starter Kit, Part Number: DCBP250C",,,,,,,,,,,,,,,,,,,,,,,,,,,,,,,,,,,,,,,,,,,,,,,,,,,,,,,,,,,,,,,,,,,,,,,,,,,,,,,,,,,,,,,,,,,,,,,,,,,,,,,,,,,,,,,,,,,,,,,,,,,,,,,,,,,,,,,,,,,,,,,,,,,,,,,,,,,,,,,,,,,,,,,,,,,,,,,,,,,,,,,,,,,,,,,,,,,,,,,,,,,,,,,,,,,,,,,,,,,,,,,
,,,,,,5328,,,,5328,5328,5328 Lg. Leather Phone Holster - Clip-on,,,,-,-,-,,5328,,,"-, Lg. Leather Phone Holster, Clip, On, 5328, 5328",LG. LEATHER PHONE HOLSTER - CLIP-ON,- 5328 Lg. Leather Phone Holster - Clip-On,"-, 5328 Lg. Leather Phone Holster - Clip-on",- 5328 Lg. Leather Phone Holster - Clip-On,"-, 5328 Lg. Leather Phone Holster - Clip-on",,,,,,,,,,,,,,,,,,,,,,,,,,,,,,,,,,,,,,,,,,,,,,,,,,,,,,,,,,,,,,,,,,,,,,,,,,,,,,,,,,,,,,,,,,,,,,,,,,,,,,,,,,,,,,,,,,,,,,,,,,,,,,,,,,,,,,,,,,,,,,,,,,,,,,,,,,,,,,,,,,,,,,,,,,,,,,,,,,,,,,,,,,,,,,,,,,,,,,,,,,,,,,,,,,,,,,,,,,,,,,,
,,,,,,3200-20,,,,3200-20,3200-20,3200-20 Milw Voltage Detector,,,,Milwaukee Accessory (4031),Milwaukee Accessory,Milwaukee Accessory,,3200-20,,,"Milwaukee Accessory, Milw Voltage Detector, 3200-20, 3200-20",MILW VOLTAGE DETECTOR,Milwaukee Accessory 3200-20 Milw Voltage Detector,"Milwaukee Accessory, 3200-20 Milw Voltage Detector",Milwaukee Accessory 3200-20 Milw Voltage Detector,"Milwaukee Accessory, 3200-20 Milw Voltage Detector",,,,,,,,,,,,,,,,,,,,,,,,,,,,,,,,,,,,,,,,,,,,,,,,,,,,,,,,,,,,,,,,,,,,,,,,,,,,,,,,,,,,,,,,,,,,,,,,,,,,,,,,,,,,,,,,,,,,,,,,,,,,,,,,,,,,,,,,,,,,,,,,,,,,,,,,,,,,,,,,,,,,,,,,,,,,,,,,,,,,,,,,,,,,,,,,,,,,,,,,,,,,,,,,,,,,,,,,,,,,,,,
,,,,,,3202-20,,,,3202-20,3202-20,3202-20 Milw Voltage Detector w/ LED,,,,Milwaukee Accessory (4031),Milwaukee Accessory,Milwaukee Accessory,,3202-20,,,"Milwaukee Accessory, Milw Voltage Detector W/ Led, 3202-20, ",MILW VOLTAGE DETECTOR W/ LED,Milwaukee Accessory 3202-20 Milw Voltage Detector W/ Led,"Milwaukee Accessory, 3202-20 Milw Voltage Detector w/ LED",Milwaukee Accessory 3202-20 Milw Voltage Detector W/ Led,"Milwaukee Accessory, 3202-20 Milw Voltage Detector w/ LED",,,,,,,,,,,,,,,,,,,,,,,,,,,,,,,,,,,,,,,,,,,,,,,,,,,,,,,,,,,,,,,,,,,,,,,,,,,,,,,,,,,,,,,,,,,,,,,,,,,,,,,,,,,,,,,,,,,,,,,,,,,,,,,,,,,,,,,,,,,,,,,,,,,,,,,,,,,,,,,,,,,,,,,,,,,,,,,,,,,,,,,,,,,,,,,,,,,,,,,,,,,,,,,,,,,,,,,,,,,,,,,
,,,,,,3203-20,,,,3203-20,3203-20,3203-20 Milw Dual Range Voltage Detector w/ LED,,,,Milwaukee Accessory (4031),Milwaukee Accessory,Milwaukee Accessory,,3203-20,,,"Milwaukee Accessory, Milw Dual Range Voltage Detector W/ Led, 3203-20",MILW DUAL RANGE VOLTAGE DETECTOR W/ LED,Milwaukee Accessory 3203-20 Milw Dual Range Voltage Detector W/ Led,"Milwaukee Accessory, 3203-20 Milw Dual Range Voltage Detector w/ LED",Milwaukee Accessory 3203-20 Milw Dual Range Voltage Detector W/ Led,"Milwaukee Accessory, 3203-20 Milw Dual Range Voltage Detector w/ LED",,,,,,,,,,,,,,,,,,,,,,,,,,,,,,,,,,,,,,,,,,,,,,,,,,,,,,,,,,,,,,,,,,,,,,,,,,,,,,,,,,,,,,,,,,,,,,,,,,,,,,,,,,,,,,,,,,,,,,,,,,,,,,,,,,,,,,,,,,,,,,,,,,,,,,,,,,,,,,,,,,,,,,,,,,,,,,,,,,,,,,,,,,,,,,,,,,,,,,,,,,,,,,,,,,,,,,,,,,,,,,,
,,,,,,BC-12300,,,,BC-12300,BC-12300,"BC-12300 BigCal 12""/300mm",,,,Woodpeckers Inc (WOODP),Woodpeckers Inc,Woodpeckers Inc,,BC-12300,,,"Woodpeckers Inc, Bigcal 12""/300Mm, Bc-12300, BC-12300","BIGCAL 12""/300MM","Woodpeckers Inc Bc-12300 Bigcal 12""/300Mm","Woodpeckers Inc, BC-12300 BigCal 12""/300mm","Woodpeckers Inc Bc-12300 Bigcal 12""/300Mm","Woodpeckers Inc, BC-12300 BigCal 12""/300mm",,,,,,,,,,,,,,,,,,,,,,,,,,,,,,,,,,,,,,,,,,,,,,,,,,,,,,,,,,,,,,,,,,,,,,,,,,,,,,,,,,,,,,,,,,,,,,,,,,,,,,,,,,,,,,,,,,,,,,,,,,,,,,,,,,,,,,,,,,,,,,,,,,,,,,,,,,,,,,,,,,,,,,,,,,,,,,,,,,,,,,,,,,,,,,,,,,,,,,,,,,,,,,,,,,,,,,,,,,,,,,,
,,,,,,BC-24600,,,,BC-24600,BC-24600,"BC-24600 BigCal 24""/600mm",,,,Woodpeckers Inc (WOODP),Woodpeckers Inc,Woodpeckers Inc,,BC-24600,,,"Woodpeckers Inc, Bigcal 24""/600Mm, Bc-24600, BC-24600","BIGCAL 24""/600MM","Woodpeckers Inc Bc-24600 Bigcal 24""/600Mm","Woodpeckers Inc, BC-24600 BigCal 24""/600mm","Woodpeckers Inc Bc-24600 Bigcal 24""/600Mm","Woodpeckers Inc, BC-24600 BigCal 24""/600mm",,,,,,,,,,,,,,,,,,,,,,,,,,,,,,,,,,,,,,,,,,,,,,,,,,,,,,,,,,,,,,,,,,,,,,,,,,,,,,,,,,,,,,,,,,,,,,,,,,,,,,,,,,,,,,,,,,,,,,,,,,,,,,,,,,,,,,,,,,,,,,,,,,,,,,,,,,,,,,,,,,,,,,,,,,,,,,,,,,,,,,,,,,,,,,,,,,,,,,,,,,,,,,,,,,,,,,,,,,,,,,,
,,,,,,DW08302CG,,,,DW08302CG,DW08302CG,DW08302CG Dewalt Laser - Green 3 Spot,,,DEWALT,Black & Decker/dewlt (2585),DEWALT,DEWALT,,DW08302CG,,,"DEWALT, Dewalt, Dewalt Laser, Green 3 Spot, Dw08302Cg, DW083",DEWALT LASER - GREEN 3 SPOT,Dewalt Dw08302Cg Dewalt Laser - Green 3 Spot,"DEWALT, DW08302CG Dewalt Laser - Green 3 Spot",Dewalt Dw08302Cg Dewalt Laser - Green 3 Spot,"DEWALT, DW08302CG Dewalt Laser - Green 3 Spot",,,,,,,,,,,,,,,,,,,,,,,,,,,,,,,,,,,,,,,,,,,,,,,,,,,,,,,,,,,,,,,,,,,,,,,,,,,,,,,,,,,,,,,,,,,,,,,,,,,,,,,,,,,,,,,,,,,,,,,,,,,,,,,,,,,,,,,,,,,,,,,,,,,,,,,,,,,,,,,,,,,,,,,,,,,,,,,,,,,,,,,,,,,,,,,,,,,,,,,,,,,,,,,,,,,,,,,,,,,,,,,
,,,,,,GCL165-42GL,,,,GCL165-42GL,GCL165-42GL,GCL165--42GL Cross Line Laser,,,,Robt Bosch Tool Corp (6564),Robt Bosch Tool Corp,Robt Bosch Tool Corp,,GCL165-42GL,,,"Robt Bosch Tool Corp, Gcl165, , 42Gl Cross Line Laser, Gcl165-42Gl",GCL165--42GL CROSS LINE LASER,Robt Bosch Tool Corp Gcl165-42Gl Gcl165--42Gl Cross Line Laser,"Robt Bosch Tool Corp, GCL165--42GL Cross Line Laser, Part Number: GCL165-42GL",Robt Bosch Tool Corp Gcl165-42Gl Gcl165--42Gl Cross Line Laser,"Robt Bosch Tool Corp, GCL165--42GL Cross Line Laser, Part Number: GCL165-42GL",,,,,,,,,,,,,,,,,,,,,,,,,,,,,,,,,,,,,,,,,,,,,,,,,,,,,,,,,,,,,,,,,,,,,,,,,,,,,,,,,,,,,,,,,,,,,,,,,,,,,,,,,,,,,,,,,,,,,,,,,,,,,,,,,,,,,,,,,,,,,,,,,,,,,,,,,,,,,,,,,,,,,,,,,,,,,,,,,,,,,,,,,,,,,,,,,,,,,,,,,,,,,,,,,,,,,,,,,,,,,,,
,,,,,,DW08802CG,,,,DW08802CG,DW08802CG,DW08802CG Dewalt Laser Green - Self-Level Cross Line,,,DEWALT,Black & Decker/dewlt (2585),DEWALT,DEWALT,,DW08802CG,,,"Dewalt, Dewalt Laser Green, Self, Level Cross Line, Dw08802Cg",DEWALT LASER GREEN - SELF-LEVEL CROSS,Dewalt Dw08802Cg Dewalt Laser Green - Self-Level Cross Line,"DEWALT, DW08802CG Dewalt Laser Green - Self-Level Cross Line",Dewalt Dw08802Cg Dewalt Laser Green - Self-Level Cross Line,"DEWALT, DW08802CG Dewalt Laser Green - Self-Level Cross Line",,,,,,,,,,,,,,,,,,,,,,,,,,,,,,,,,,,,,,,,,,,,,,,,,,,,,,,,,,,,,,,,,,,,,,,,,,,,,,,,,,,,,,,,,,,,,,,,,,,,,,,,,,,,,,,,,,,,,,,,,,,,,,,,,,,,,,,,,,,,,,,,,,,,,,,,,,,,,,,,,,,,,,,,,,,,,,,,,,,,,,,,,,,,,,,,,,,,,,,,,,,,,,,,,,,,,,,,,,,,,,,
,,,,,,DW088CG,,,,DW088CG,DW088CG,DW088CG Dewalt Laser - Green Cross Line,,,DEWALT,Black & Decker/dewlt (2585),DEWALT,DEWALT,,DW088CG,,,"DEWALT, Dewalt, Dewalt Laser, Green Cross Line, Dw088Cg, DW0",DEWALT LASER - GREEN CROSS LINE,Dewalt Dw088Cg Dewalt Laser - Green Cross Line,"DEWALT, DW088CG Dewalt Laser - Green Cross Line",Dewalt Dw088Cg Dewalt Laser - Green Cross Line,"DEWALT, DW088CG Dewalt Laser - Green Cross Line",,,,,,,,,,,,,,,,,,,,,,,,,,,,,,,,,,,,,,,,,,,,,,,,,,,,,,,,,,,,,,,,,,,,,,,,,,,,,,,,,,,,,,,,,,,,,,,,,,,,,,,,,,,,,,,,,,,,,,,,,,,,,,,,,,,,,,,,,,,,,,,,,,,,,,,,,,,,,,,,,,,,,,,,,,,,,,,,,,,,,,,,,,,,,,,,,,,,,,,,,,,,,,,,,,,,,,,,,,,,,,,
,,,,,,DW089CG,,,,DW089CG,DW089CG,DW089CG Dewalt Laser Level - 3 Line 30ft Range,,,DEWALT,Black & Decker/dewlt (2585),DEWALT,DEWALT,,DW089CG,,,"DEWALT, Dewalt, Dewalt Laser Level, 3 Line 30Ft Range, Dw089Cg",DEWALT LASER LEVEL - 3 LINE 30FT RANGE,Dewalt Dw089Cg Dewalt Laser Level - 3 Line 30Ft Range,"DEWALT, DW089CG Dewalt Laser Level - 3 Line 30ft Range",Dewalt Dw089Cg Dewalt Laser Level - 3 Line 30Ft Range,"DEWALT, DW089CG Dewalt Laser Level - 3 Line 30ft Range",,,,,,,,,,,,,,,,,,,,,,,,,,,,,,,,,,,,,,,,,,,,,,,,,,,,,,,,,,,,,,,,,,,,,,,,,,,,,,,,,,,,,,,,,,,,,,,,,,,,,,,,,,,,,,,,,,,,,,,,,,,,,,,,,,,,,,,,,,,,,,,,,,,,,,,,,,,,,,,,,,,,,,,,,,,,,,,,,,,,,,,,,,,,,,,,,,,,,,,,,,,,,,,,,,,,,,,,,,,,,,,
,,,,,,DCLE34520GB,,,,DCLE34520GB,DCLE34520GB,DCLE34520GB Dewalt Laser 20V - Cross Line 5 Spot (Bare),,,DEWALT,Black & Decker/dewlt (2585),DEWALT,DEWALT,,DCLE34520GB,,,"Dewalt, Dewalt Laser 20V, Cross Line 5 Spot (Bare), Dcle34520Gb",DEWALT LASER 20V - CROSS LINE 5 SPOT,Dewalt Dcle34520Gb Dewalt Laser 20V - Cross Line 5 Spot (Bare),"DEWALT, DCLE34520GB Dewalt Laser 20V - Cross Line 5 Spot (Bare)",Dewalt Dcle34520Gb Dewalt Laser 20V - Cross Line 5 Spot (Bare),"DEWALT, DCLE34520GB Dewalt Laser 20V - Cross Line 5 Spot (Bare)",,,,,,,,,,,,,,,,,,,,,,,,,,,,,,,,,,,,,,,,,,,,,,,,,,,,,,,,,,,,,,,,,,,,,,,,,,,,,,,,,,,,,,,,,,,,,,,,,,,,,,,,,,,,,,,,,,,,,,,,,,,,,,,,,,,,,,,,,,,,,,,,,,,,,,,,,,,,,,,,,,,,,,,,,,,,,,,,,,,,,,,,,,,,,,,,,,,,,,,,,,,,,,,,,,,,,,,,,,,,,,,
,,,,,,DCLE34031B,,,,DCLE34031B,DCLE34031B,DCLE34031B Dewalt Line Laser - 20V Self-Leveling (Bare),,,DEWALT,Black & Decker/dewlt (2585),DEWALT,DEWALT,,DCLE34031B,,,"Dewalt, Dewalt Line Laser, 20V Self, Leveling (Bare), Dcle34031B",DEWALT LINE LASER - 20V SELF-LEVELING,Dewalt Dcle34031B Dewalt Line Laser - 20V Self-Leveling (Bare),"DEWALT, DCLE34031B Dewalt Line Laser - 20V Self-Leveling (Bare)",Dewalt Dcle34031B Dewalt Line Laser - 20V Self-Leveling (Bare),"DEWALT, DCLE34031B Dewalt Line Laser - 20V Self-Leveling (Bare)",,,,,,,,,,,,,,,,,,,,,,,,,,,,,,,,,,,,,,,,,,,,,,,,,,,,,,,,,,,,,,,,,,,,,,,,,,,,,,,,,,,,,,,,,,,,,,,,,,,,,,,,,,,,,,,,,,,,,,,,,,,,,,,,,,,,,,,,,,,,,,,,,,,,,,,,,,,,,,,,,,,,,,,,,,,,,,,,,,,,,,,,,,,,,,,,,,,,,,,,,,,,,,,,,,,,,,,,,,,,,,,
,,,,,,DW0822CG,,,,DW0822CG,DW0822CG,DW0822CG Dewalt Cross Line - Plumb Spots Laser-Green,,,DEWALT,Black & Decker/dewlt (2585),DEWALT,DEWALT,,DW0822CG,,,"Dewalt, Dewalt Cross Line, Plumb Spots Laser, Green, Dw0822Cg",DEWALT CROSS LINE - PLUMB SPOTS,Dewalt Dw0822Cg Dewalt Cross Line - Plumb Spots Laser-Green,"DEWALT, DW0822CG Dewalt Cross Line - Plumb Spots Laser-Green",Dewalt Dw0822Cg Dewalt Cross Line - Plumb Spots Laser-Green,"DEWALT, DW0822CG Dewalt Cross Line - Plumb Spots Laser-Green",,,,,,,,,,,,,,,,,,,,,,,,,,,,,,,,,,,,,,,,,,,,,,,,,,,,,,,,,,,,,,,,,,,,,,,,,,,,,,,,,,,,,,,,,,,,,,,,,,,,,,,,,,,,,,,,,,,,,,,,,,,,,,,,,,,,,,,,,,,,,,,,,,,,,,,,,,,,,,,,,,,,,,,,,,,,,,,,,,,,,,,,,,,,,,,,,,,,,,,,,,,,,,,,,,,,,,,,,,,,,,,
,,,,,,25459,,,,25459,25459,25459 Mason Line Brd Orange - 500',,,,U S Tape Company (6694),U S Tape Company,U S Tape Company,,25459,,,"U S Tape Company, Mason Line Brd Orange, 500', 25459, 25459",MASON LINE BRD ORANGE - 500',U S Tape Company 25459 Mason Line Brd Orange - 500',"U S Tape Company, 25459 Mason Line Brd Orange - 500'",U S Tape Company 25459 Mason Line Brd Orange - 500',"U S Tape Company, 25459 Mason Line Brd Orange - 500'",,,,,,,,,,,,,,,,,,,,,,,,,,,,,,,,,,,,,,,,,,,,,,,,,,,,,,,,,,,,,,,,,,,,,,,,,,,,,,,,,,,,,,,,,,,,,,,,,,,,,,,,,,,,,,,,,,,,,,,,,,,,,,,,,,,,,,,,,,,,,,,,,,,,,,,,,,,,,,,,,,,,,,,,,,,,,,,,,,,,,,,,,,,,,,,,,,,,,,,,,,,,,,,,,,,,,,,,,,,,,,,
,,,,,,35459,,,,35459,35459,35459 Mason Line Brd Orange - 500' Replacement,,,,U S Tape Company (6694),U S Tape Company,U S Tape Company,,35459,,,"U S Tape Company, Mason Line Brd Orange, 500' Replacement, 35459",MASON LINE BRD ORANGE - 500' REPLACEMENT,U S Tape Company 35459 Mason Line Brd Orange - 500' Replacement,"U S Tape Company, 35459 Mason Line Brd Orange - 500' Replacement",U S Tape Company 35459 Mason Line Brd Orange - 500' Replacement,"U S Tape Company, 35459 Mason Line Brd Orange - 500' Replacement",,,,,,,,,,,,,,,,,,,,,,,,,,,,,,,,,,,,,,,,,,,,,,,,,,,,,,,,,,,,,,,,,,,,,,,,,,,,,,,,,,,,,,,,,,,,,,,,,,,,,,,,,,,,,,,,,,,,,,,,,,,,,,,,,,,,,,,,,,,,,,,,,,,,,,,,,,,,,,,,,,,,,,,,,,,,,,,,,,,,,,,,,,,,,,,,,,,,,,,,,,,,,,,,,,,,,,,,,,,,,,,
,,,,,,25759,,,,25759,25759,25759 Mason Line Brd Orange - 1000',,,,U S Tape Company (6694),U S Tape Company,U S Tape Company,,25759,,,"U S Tape Company, Mason Line Brd Orange, 1000', 25759, 25759",MASON LINE BRD ORANGE - 1000',U S Tape Company 25759 Mason Line Brd Orange - 1000',"U S Tape Company, 25759 Mason Line Brd Orange - 1000'",U S Tape Company 25759 Mason Line Brd Orange - 1000',"U S Tape Company, 25759 Mason Line Brd Orange - 1000'",,,,,,,,,,,,,,,,,,,,,,,,,,,,,,,,,,,,,,,,,,,,,,,,,,,,,,,,,,,,,,,,,,,,,,,,,,,,,,,,,,,,,,,,,,,,,,,,,,,,,,,,,,,,,,,,,,,,,,,,,,,,,,,,,,,,,,,,,,,,,,,,,,,,,,,,,,,,,,,,,,,,,,,,,,,,,,,,,,,,,,,,,,,,,,,,,,,,,,,,,,,,,,,,,,,,,,,,,,,,,,,
,,,,,,35112,,,,35112,35112,35112 Mason Line Twist Yellow - 270',,,,U S Tape Company (6694),U S Tape Company,U S Tape Company,,35112,,,"U S Tape Company, Mason Line Twist Yellow, 270', 35112, 3511",MASON LINE TWIST YELLOW - 270',U S Tape Company 35112 Mason Line Twist Yellow - 270',"U S Tape Company, 35112 Mason Line Twist Yellow - 270'",U S Tape Company 35112 Mason Line Twist Yellow - 270',"U S Tape Company, 35112 Mason Line Twist Yellow - 270'",,,,,,,,,,,,,,,,,,,,,,,,,,,,,,,,,,,,,,,,,,,,,,,,,,,,,,,,,,,,,,,,,,,,,,,,,,,,,,,,,,,,,,,,,,,,,,,,,,,,,,,,,,,,,,,,,,,,,,,,,,,,,,,,,,,,,,,,,,,,,,,,,,,,,,,,,,,,,,,,,,,,,,,,,,,,,,,,,,,,,,,,,,,,,,,,,,,,,,,,,,,,,,,,,,,,,,,,,,,,,,,
,,,,,,35115,,,,35115,35115,35115 Mason Line Twist Green - 270',,,,U S Tape Company (6694),U S Tape Company,U S Tape Company,,35115,,,"U S Tape Company, Mason Line Twist Green, 270', 35115, 35115",MASON LINE TWIST GREEN - 270',U S Tape Company 35115 Mason Line Twist Green - 270',"U S Tape Company, 35115 Mason Line Twist Green - 270'",U S Tape Company 35115 Mason Line Twist Green - 270',"U S Tape Company, 35115 Mason Line Twist Green - 270'",,,,,,,,,,,,,,,,,,,,,,,,,,,,,,,,,,,,,,,,,,,,,,,,,,,,,,,,,,,,,,,,,,,,,,,,,,,,,,,,,,,,,,,,,,,,,,,,,,,,,,,,,,,,,,,,,,,,,,,,,,,,,,,,,,,,,,,,,,,,,,,,,,,,,,,,,,,,,,,,,,,,,,,,,,,,,,,,,,,,,,,,,,,,,,,,,,,,,,,,,,,,,,,,,,,,,,,,,,,,,,,
,,,,,,25168,,,,25168,25168,25168 Mason Line Brd Green - 250',CENTURY COMPONENTS,,,U S Tape Company (6694),CENTURY COMPONENTS,CENTURY COMPONENTS,,25168,,,"CENTURY COMPONENTS, Century Components, Mason Line Brd Green, 250', 25168",MASON LINE BRD GREEN - 250',Century Components 25168 Mason Line Brd Green - 250',"CENTURY COMPONENTS, 25168 Mason Line Brd Green - 250'",Century Components 25168 Mason Line Brd Green - 250',"CENTURY COMPONENTS, 25168 Mason Line Brd Green - 250'",,,,,,,,,,,,,,,,,,,,,,,,,,,,,,,,,,,,,,,,,,,,,,,,,,,,,,,,,,,,,,,,,,,,,,,,,,,,,,,,,,,,,,,,,,,,,,,,,,,,,,,,,,,,,,,,,,,,,,,,,,,,,,,,,,,,,,,,,,,,,,,,,,,,,,,,,,,,,,,,,,,,,,,,,,,,,,,,,,,,,,,,,,,,,,,,,,,,,,,,,,,,,,,,,,,,,,,,,,,,,,,
,,,,,,35468,,,,35468,35468,35468 Mason Line Brd Green - 500' Replacement,,,,U S Tape Company (6694),U S Tape Company,U S Tape Company,,35468,,,"U S Tape Company, Mason Line Brd Green, 500' Replacement, 35468",MASON LINE BRD GREEN - 500' REPLACEMENT,U S Tape Company 35468 Mason Line Brd Green - 500' Replacement,"U S Tape Company, 35468 Mason Line Brd Green - 500' Replacement",U S Tape Company 35468 Mason Line Brd Green - 500' Replacement,"U S Tape Company, 35468 Mason Line Brd Green - 500' Replacement",,,,,,,,,,,,,,,,,,,,,,,,,,,,,,,,,,,,,,,,,,,,,,,,,,,,,,,,,,,,,,,,,,,,,,,,,,,,,,,,,,,,,,,,,,,,,,,,,,,,,,,,,,,,,,,,,,,,,,,,,,,,,,,,,,,,,,,,,,,,,,,,,,,,,,,,,,,,,,,,,,,,,,,,,,,,,,,,,,,,,,,,,,,,,,,,,,,,,,,,,,,,,,,,,,,,,,,,,,,,,,,
,,,,,,35494,,,,35494,35494,35494 Mason Line Brd Blk/Yellw - 500' Replacement,,,,U S Tape Company (6694),U S Tape Company,U S Tape Company,,35494,,,"U S Tape Company, Mason Line Brd Blk/Yellw, 500' Replacement, 35494",MASON LINE BRD BLK/YELLW - 500',U S Tape Company 35494 Mason Line Brd Blk/Yellw - 500' Replacement,"U S Tape Company, 35494 Mason Line Brd Blk/Yellw - 500' Replacement",U S Tape Company 35494 Mason Line Brd Blk/Yellw - 500' Replacement,"U S Tape Company, 35494 Mason Line Brd Blk/Yellw - 500' Replacement",,,,,,,,,,,,,,,,,,,,,,,,,,,,,,,,,,,,,,,,,,,,,,,,,,,,,,,,,,,,,,,,,,,,,,,,,,,,,,,,,,,,,,,,,,,,,,,,,,,,,,,,,,,,,,,,,,,,,,,,,,,,,,,,,,,,,,,,,,,,,,,,,,,,,,,,,,,,,,,,,,,,,,,,,,,,,,,,,,,,,,,,,,,,,,,,,,,,,,,,,,,,,,,,,,,,,,,,,,,,,,,
,,,,,,MLSQ0120,,,,MLSQ0120,MLSQ0120,"MLSQ0120 Milw 12"" RafterSquare",,,,Milwaukee Accessory (4031),Milwaukee Accessory,Milwaukee Accessory,,MLSQ0120,,,"Milwaukee Accessory, Milw 12"" Raftersquare, Mlsq0120, MLSQ01","MILW 12"" RAFTERSQUARE","Milwaukee Accessory Mlsq0120 Milw 12"" Raftersquare","Milwaukee Accessory, MLSQ0120 Milw 12"" RafterSquare","Milwaukee Accessory Mlsq0120 Milw 12"" Raftersquare","Milwaukee Accessory, MLSQ0120 Milw 12"" RafterSquare",,,,,,,,,,,,,,,,,,,,,,,,,,,,,,,,,,,,,,,,,,,,,,,,,,,,,,,,,,,,,,,,,,,,,,,,,,,,,,,,,,,,,,,,,,,,,,,,,,,,,,,,,,,,,,,,,,,,,,,,,,,,,,,,,,,,,,,,,,,,,,,,,,,,,,,,,,,,,,,,,,,,,,,,,,,,,,,,,,,,,,,,,,,,,,,,,,,,,,,,,,,,,,,,,,,,,,,,,,,,,,,
,,,,,,MLSQ1120,,,,MLSQ1120,MLSQ1120,MLSQ1120 Milw 300mm Rafter - Square (Metric),,,,Milwaukee Accessory (4031),Milwaukee Accessory,Milwaukee Accessory,,MLSQ1120,,,"Milwaukee Accessory, Milw 300Mm Rafter, Square (Metric), Mlsq1120",MILW 300MM RAFTER - SQUARE (METRIC),Milwaukee Accessory Mlsq1120 Milw 300Mm Rafter - Square (Metric),"Milwaukee Accessory, MLSQ1120 Milw 300mm Rafter - Square (Metric)",Milwaukee Accessory Mlsq1120 Milw 300Mm Rafter - Square (Metric),"Milwaukee Accessory, MLSQ1120 Milw 300mm Rafter - Square (Metric)",,,,,,,,,,,,,,,,,,,,,,,,,,,,,,,,,,,,,,,,,,,,,,,,,,,,,,,,,,,,,,,,,,,,,,,,,,,,,,,,,,,,,,,,,,,,,,,,,,,,,,,,,,,,,,,,,,,,,,,,,,,,,,,,,,,,,,,,,,,,,,,,,,,,,,,,,,,,,,,,,,,,,,,,,,,,,,,,,,,,,,,,,,,,,,,,,,,,,,,,,,,,,,,,,,,,,,,,,,,,,,,
,,,,,,55227,,,,55227,55227,"55227 Amana Countersink/Stop 1/8"" Drill TB",,,,Amana Tool Corp (AMATO),Amana Tool Corp,Amana Tool Corp,,55227,,,"Amana Tool Corp, Amana Countersink/Stop 1/8"" Drill Tb, 55227","AMANA COUNTERSINK/STOP 1/8"" DRILL TB","Amana Tool Corp 55227 Amana Countersink/Stop 1/8"" Drill Tb","Amana Tool Corp, 55227 Amana Countersink/Stop 1/8"" Drill TB","Amana Tool Corp 55227 Amana Countersink/Stop 1/8"" Drill Tb","Amana Tool Corp, 55227 Amana Countersink/Stop 1/8"" Drill TB",,,,,,,,,,,,,,,,,,,,,,,,,,,,,,,,,,,,,,,,,,,,,,,,,,,,,,,,,,,,,,,,,,,,,,,,,,,,,,,,,,,,,,,,,,,,,,,,,,,,,,,,,,,,,,,,,,,,,,,,,,,,,,,,,,,,,,,,,,,,,,,,,,,,,,,,,,,,,,,,,,,,,,,,,,,,,,,,,,,,,,,,,,,,,,,,,,,,,,,,,,,,,,,,,,,,,,,,,,,,,,,
,,,,,,37300952,,,,37300952,37300952,"095842 Fisch Plug Cutter 3/8""",,,,-,-,-,,37300952,,,"-, 095842 Fisch Plug Cutter 3/8"", 37300952, 37300952","095842 FISCH PLUG CUTTER 3/8""","- 37300952 095842 Fisch Plug Cutter 3/8""","-, 095842 Fisch Plug Cutter 3/8"", Part Number: 37300952","- 37300952 095842 Fisch Plug Cutter 3/8""","-, 095842 Fisch Plug Cutter 3/8"", Part Number: 37300952",,,,,,,,,,,,,,,,,,,,,,,,,,,,,,,,,,,,,,,,,,,,,,,,,,,,,,,,,,,,,,,,,,,,,,,,,,,,,,,,,,,,,,,,,,,,,,,,,,,,,,,,,,,,,,,,,,,,,,,,,,,,,,,,,,,,,,,,,,,,,,,,,,,,,,,,,,,,,,,,,,,,,,,,,,,,,,,,,,,,,,,,,,,,,,,,,,,,,,,,,,,,,,,,,,,,,,,,,,,,,,,
,,,,,,6008,,,,6008,6008,6008 Whiteside Router Bit,,,,Whiteside Machine & Repair Co (WHIMA),Whiteside Machine & Repair Co,Whiteside Machine & Repair Co,,6008,,,"Whiteside Machine & Repair Co, Whiteside Router Bit, 6008, 6",WHITESIDE ROUTER BIT,Whiteside Machine & Repair Co 6008 Whiteside Router Bit,"Whiteside Machine & Repair Co, 6008 Whiteside Router Bit",Whiteside Machine & Repair Co 6008 Whiteside Router Bit,"Whiteside Machine & Repair Co, 6008 Whiteside Router Bit",,,,,,,,,,,,,,,,,,,,,,,,,,,,,,,,,,,,,,,,,,,,,,,,,,,,,,,,,,,,,,,,,,,,,,,,,,,,,,,,,,,,,,,,,,,,,,,,,,,,,,,,,,,,,,,,,,,,,,,,,,,,,,,,,,,,,,,,,,,,,,,,,,,,,,,,,,,,,,,,,,,,,,,,,,,,,,,,,,,,,,,,,,,,,,,,,,,,,,,,,,,,,,,,,,,,,,,,,,,,,,,
,,,,,,6009,,,,6009,6009,6009 Whiteside Router Bit,,,,Whiteside Machine & Repair Co (WHIMA),Whiteside Machine & Repair Co,Whiteside Machine & Repair Co,,6009,,,"Whiteside Machine & Repair Co, Whiteside Router Bit, 6009, 6",WHITESIDE ROUTER BIT,Whiteside Machine & Repair Co 6009 Whiteside Router Bit,"Whiteside Machine & Repair Co, 6009 Whiteside Router Bit",Whiteside Machine & Repair Co 6009 Whiteside Router Bit,"Whiteside Machine & Repair Co, 6009 Whiteside Router Bit",,,,,,,,,,,,,,,,,,,,,,,,,,,,,,,,,,,,,,,,,,,,,,,,,,,,,,,,,,,,,,,,,,,,,,,,,,,,,,,,,,,,,,,,,,,,,,,,,,,,,,,,,,,,,,,,,,,,,,,,,,,,,,,,,,,,,,,,,,,,,,,,,,,,,,,,,,,,,,,,,,,,,,,,,,,,,,,,,,,,,,,,,,,,,,,,,,,,,,,,,,,,,,,,,,,,,,,,,,,,,,,
,,,,,,3000A,,,,3000A,3000A,3000A Whiteside Router Bit,,,,Whiteside Machine & Repair Co (WHIMA),Whiteside Machine & Repair Co,Whiteside Machine & Repair Co,,3000A,,,"Whiteside Machine & Repair Co, Whiteside Router Bit, 3000A, ",WHITESIDE ROUTER BIT,Whiteside Machine & Repair Co 3000A Whiteside Router Bit,"Whiteside Machine & Repair Co, 3000A Whiteside Router Bit",Whiteside Machine & Repair Co 3000A Whiteside Router Bit,"Whiteside Machine & Repair Co, 3000A Whiteside Router Bit",,,,,,,,,,,,,,,,,,,,,,,,,,,,,,,,,,,,,,,,,,,,,,,,,,,,,,,,,,,,,,,,,,,,,,,,,,,,,,,,,,,,,,,,,,,,,,,,,,,,,,,,,,,,,,,,,,,,,,,,,,,,,,,,,,,,,,,,,,,,,,,,,,,,,,,,,,,,,,,,,,,,,,,,,,,,,,,,,,,,,,,,,,,,,,,,,,,,,,,,,,,,,,,,,,,,,,,,,,,,,,,
,,,,,,MID6630201US,,,,MID6630201US,MID6630201US,MID6630201US Deos663XCV Sander,,,,Mirka Abrasives Inc (MIRUS),Mirka Abrasives Inc,Mirka Abrasives Inc,,MID6630201US,,,"Mirka Abrasives Inc, Deos663Xcv Sander, Mid6630201Us, MID663",DEOS663XCV SANDER,Mirka Abrasives Inc Mid6630201Us Deos663Xcv Sander,"Mirka Abrasives Inc, MID6630201US Deos663XCV Sander",Mirka Abrasives Inc Mid6630201Us Deos663Xcv Sander,"Mirka Abrasives Inc, MID6630201US Deos663XCV Sander",,,,,,,,,,,,,,,,,,,,,,,,,,,,,,,,,,,,,,,,,,,,,,,,,,,,,,,,,,,,,,,,,,,,,,,,,,,,,,,,,,,,,,,,,,,,,,,,,,,,,,,,,,,,,,,,,,,,,,,,,,,,,,,,,,,,,,,,,,,,,,,,,,,,,,,,,,,,,,,,,,,,,,,,,,,,,,,,,,,,,,,,,,,,,,,,,,,,,,,,,,,,,,,,,,,,,,,,,,,,,,,
,,,,,,DCF6202,,,,DCF6202,DCF6202,DCF6202 Dewalt Collated Attach,,,DEWALT,Black & Decker/dewlt (2585),DEWALT,DEWALT,,DCF6202,,,"DEWALT, Dewalt, Dewalt Collated Attach, Dcf6202, DCF6202",DEWALT COLLATED ATTACH,Dewalt Dcf6202 Dewalt Collated Attach,"DEWALT, DCF6202 Dewalt Collated Attach",Dewalt Dcf6202 Dewalt Collated Attach,"DEWALT, DCF6202 Dewalt Collated Attach",,,,,,,,,,,,,,,,,,,,,,,,,,,,,,,,,,,,,,,,,,,,,,,,,,,,,,,,,,,,,,,,,,,,,,,,,,,,,,,,,,,,,,,,,,,,,,,,,,,,,,,,,,,,,,,,,,,,,,,,,,,,,,,,,,,,,,,,,,,,,,,,,,,,,,,,,,,,,,,,,,,,,,,,,,,,,,,,,,,,,,,,,,,,,,,,,,,,,,,,,,,,,,,,,,,,,,,,,,,,,,,
,,,,,,25468,,,,25468,25468,25468 Mason Line Brd Green - 500',,,,U S Tape Company (6694),U S Tape Company,U S Tape Company,,25468,,,"U S Tape Company, Mason Line Brd Green, 500', 25468, 25468",MASON LINE BRD GREEN - 500',U S Tape Company 25468 Mason Line Brd Green - 500',"U S Tape Company, 25468 Mason Line Brd Green - 500'",U S Tape Company 25468 Mason Line Brd Green - 500',"U S Tape Company, 25468 Mason Line Brd Green - 500'",,,,,,,,,,,,,,,,,,,,,,,,,,,,,,,,,,,,,,,,,,,,,,,,,,,,,,,,,,,,,,,,,,,,,,,,,,,,,,,,,,,,,,,,,,,,,,,,,,,,,,,,,,,,,,,,,,,,,,,,,,,,,,,,,,,,,,,,,,,,,,,,,,,,,,,,,,,,,,,,,,,,,,,,,,,,,,,,,,,,,,,,,,,,,,,,,,,,,,,,,,,,,,,,,,,,,,,,,,,,,,,
,,,,,,25762,,,,25762,25762,25762 Mason Line Brd Pink - 1000',,,,U S Tape Company (6694),U S Tape Company,U S Tape Company,,25762,,,"U S Tape Company, Mason Line Brd Pink, 1000', 25762, 25762",MASON LINE BRD PINK - 1000',U S Tape Company 25762 Mason Line Brd Pink - 1000',"U S Tape Company, 25762 Mason Line Brd Pink - 1000'",U S Tape Company 25762 Mason Line Brd Pink - 1000',"U S Tape Company, 25762 Mason Line Brd Pink - 1000'",,,,,,,,,,,,,,,,,,,,,,,,,,,,,,,,,,,,,,,,,,,,,,,,,,,,,,,,,,,,,,,,,,,,,,,,,,,,,,,,,,,,,,,,,,,,,,,,,,,,,,,,,,,,,,,,,,,,,,,,,,,,,,,,,,,,,,,,,,,,,,,,,,,,,,,,,,,,,,,,,,,,,,,,,,,,,,,,,,,,,,,,,,,,,,,,,,,,,,,,,,,,,,,,,,,,,,,,,,,,,,,
,,,,,,21839NN,,,,21839NN,21839NN,"21839NN File Bstd Mill 10""",,,Nicholson,-,Nicholson,Nicholson,,21839NN,,,"Nicholson, File Bstd Mill 10"", 21839Nn, 21839NN","FILE BSTD MILL 10""","Nicholson 21839Nn File Bstd Mill 10""","Nicholson, 21839NN File Bstd Mill 10""","Nicholson 21839Nn File Bstd Mill 10""","Nicholson, 21839NN File Bstd Mill 10""",,,,,,,,,,,,,,,,,,,,,,,,,,,,,,,,,,,,,,,,,,,,,,,,,,,,,,,,,,,,,,,,,,,,,,,,,,,,,,,,,,,,,,,,,,,,,,,,,,,,,,,,,,,,,,,,,,,,,,,,,,,,,,,,,,,,,,,,,,,,,,,,,,,,,,,,,,,,,,,,,,,,,,,,,,,,,,,,,,,,,,,,,,,,,,,,,,,,,,,,,,,,,,,,,,,,,,,,,,,,,,,
,,,,,,VN56920,,,,VN56920,VN56920,"VN56920 10 1/2"" Saw Blade",,,,Marshalltown Trowel (5155),Marshalltown Trowel,Marshalltown Trowel,,VN56920,,,"Marshalltown Trowel, 10 1/2"" Saw Blade, Vn56920, VN56920","10 1/2"" SAW BLADE","Marshalltown Trowel Vn56920 10 1/2"" Saw Blade","Marshalltown Trowel, VN56920 10 1/2"" Saw Blade","Marshalltown Trowel Vn56920 10 1/2"" Saw Blade","Marshalltown Trowel, VN56920 10 1/2"" Saw Blade",,,,,,,,,,,,,,,,,,,,,,,,,,,,,,,,,,,,,,,,,,,,,,,,,,,,,,,,,,,,,,,,,,,,,,,,,,,,,,,,,,,,,,,,,,,,,,,,,,,,,,,,,,,,,,,,,,,,,,,,,,,,,,,,,,,,,,,,,,,,,,,,,,,,,,,,,,,,,,,,,,,,,,,,,,,,,,,,,,,,,,,,,,,,,,,,,,,,,,,,,,,,,,,,,,,,,,,,,,,,,,,
,,,,,,133164,,,,133164,133164,133164 950/9 Hex Plus Spks - Multicolor,,,,Wera Tools NA Inc (WERTO),Wera Tools NA Inc,Wera Tools NA Inc,,133164,,,"Wera Tools NA Inc, Wera Tools Na Inc, 950/9 Hex Plus Spks, Multicolor, 133164",950/9 HEX PLUS SPKS - MULTICOLOR,Wera Tools Na Inc 133164 950/9 Hex Plus Spks - Multicolor,"Wera Tools NA Inc, 133164 950/9 Hex Plus Spks - Multicolor",Wera Tools Na Inc 133164 950/9 Hex Plus Spks - Multicolor,"Wera Tools NA Inc, 133164 950/9 Hex Plus Spks - Multicolor",,,,,,,,,,,,,,,,,,,,,,,,,,,,,,,,,,,,,,,,,,,,,,,,,,,,,,,,,,,,,,,,,,,,,,,,,,,,,,,,,,,,,,,,,,,,,,,,,,,,,,,,,,,,,,,,,,,,,,,,,,,,,,,,,,,,,,,,,,,,,,,,,,,,,,,,,,,,,,,,,,,,,,,,,,,,,,,,,,,,,,,,,,,,,,,,,,,,,,,,,,,,,,,,,,,,,,,,,,,,,,,
,,,,,,DWHT10993,,,,DWHT10993,DWHT10993,DWHT10993 Folding Knife,,,DEWALT,Black & Decker/dewlt (2585),DEWALT,DEWALT,,DWHT10993,,,"DEWALT, Dewalt, Folding Knife, Dwht10993, DWHT10993",FOLDING KNIFE,Dewalt Dwht10993 Folding Knife,"DEWALT, DWHT10993 Folding Knife",Dewalt Dwht10993 Folding Knife,"DEWALT, DWHT10993 Folding Knife",,,,,,,,,,,,,,,,,,,,,,,,,,,,,,,,,,,,,,,,,,,,,,,,,,,,,,,,,,,,,,,,,,,,,,,,,,,,,,,,,,,,,,,,,,,,,,,,,,,,,,,,,,,,,,,,,,,,,,,,,,,,,,,,,,,,,,,,,,,,,,,,,,,,,,,,,,,,,,,,,,,,,,,,,,,,,,,,,,,,,,,,,,,,,,,,,,,,,,,,,,,,,,,,,,,,,,,,,,,,,,,
,,,,,,DWHT10994,,,,DWHT10994,DWHT10994,DWHT10994 Folding Knife,,,DEWALT,Black & Decker/dewlt (2585),DEWALT,DEWALT,,DWHT10994,,,"DEWALT, Dewalt, Folding Knife, Dwht10994, DWHT10994",FOLDING KNIFE,Dewalt Dwht10994 Folding Knife,"DEWALT, DWHT10994 Folding Knife",Dewalt Dwht10994 Folding Knife,"DEWALT, DWHT10994 Folding Knife",,,,,,,,,,,,,,,,,,,,,,,,,,,,,,,,,,,,,,,,,,,,,,,,,,,,,,,,,,,,,,,,,,,,,,,,,,,,,,,,,,,,,,,,,,,,,,,,,,,,,,,,,,,,,,,,,,,,,,,,,,,,,,,,,,,,,,,,,,,,,,,,,,,,,,,,,,,,,,,,,,,,,,,,,,,,,,,,,,,,,,,,,,,,,,,,,,,,,,,,,,,,,,,,,,,,,,,,,,,,,,,
,,,,,,QB22RU,,,,QB22RU,QB22RU,QB22RU Vessel Carrying Bit Holder (Red),,,,Vessel Tools USA Inc (VESTO),Vessel Tools USA Inc,Vessel Tools USA Inc,,QB22RU,,,"Vessel Tools Usa Inc, Vessel Carrying Bit Holder (Red), Qb22Ru",VESSEL CARRYING BIT HOLDER (RED),Vessel Tools Usa Inc Qb22Ru Vessel Carrying Bit Holder (Red),"Vessel Tools USA Inc, QB22RU Vessel Carrying Bit Holder (Red)",Vessel Tools Usa Inc Qb22Ru Vessel Carrying Bit Holder (Red),"Vessel Tools USA Inc, QB22RU Vessel Carrying Bit Holder (Red)",,,,,,,,,,,,,,,,,,,,,,,,,,,,,,,,,,,,,,,,,,,,,,,,,,,,,,,,,,,,,,,,,,,,,,,,,,,,,,,,,,,,,,,,,,,,,,,,,,,,,,,,,,,,,,,,,,,,,,,,,,,,,,,,,,,,,,,,,,,,,,,,,,,,,,,,,,,,,,,,,,,,,,,,,,,,,,,,,,,,,,,,,,,,,,,,,,,,,,,,,,,,,,,,,,,,,,,,,,,,,,,
,,,,,,QB22KU,,,,QB22KU,QB22KU,QB22KU Vessel Carrying Bit Holder (Black),,,,Vessel Tools USA Inc (VESTO),Vessel Tools USA Inc,Vessel Tools USA Inc,,QB22KU,,,"Vessel Tools Usa Inc, Vessel Carrying Bit Holder (Black), Qb22Ku",VESSEL CARRYING BIT HOLDER (BLACK),Vessel Tools Usa Inc Qb22Ku Vessel Carrying Bit Holder (Black),"Vessel Tools USA Inc, QB22KU Vessel Carrying Bit Holder (Black)",Vessel Tools Usa Inc Qb22Ku Vessel Carrying Bit Holder (Black),"Vessel Tools USA Inc, QB22KU Vessel Carrying Bit Holder (Black)",,,,,,,,,,,,,,,,,,,,,,,,,,,,,,,,,,,,,,,,,,,,,,,,,,,,,,,,,,,,,,,,,,,,,,,,,,,,,,,,,,,,,,,,,,,,,,,,,,,,,,,,,,,,,,,,,,,,,,,,,,,,,,,,,,,,,,,,,,,,,,,,,,,,,,,,,,,,,,,,,,,,,,,,,,,,,,,,,,,,,,,,,,,,,,,,,,,,,,,,,,,,,,,,,,,,,,,,,,,,,,,
,,,,,,AVM6EV,,,,AVM6EV,AVM6EV,AVM6 EV Mini Snip Red,,,,Malco Prod (2370),Malco Prod,Malco Prod,,AVM6EV,,,"Malco Prod, Avm6 Ev Mini Snip Red, Avm6Ev, AVM6EV",AVM6 EV MINI SNIP RED,Malco Prod Avm6Ev Avm6 Ev Mini Snip Red,"Malco Prod, AVM6 EV Mini Snip Red, Part Number: AVM6EV",Malco Prod Avm6Ev Avm6 Ev Mini Snip Red,"Malco Prod, AVM6 EV Mini Snip Red, Part Number: AVM6EV",,,,,,,,,,,,,,,,,,,,,,,,,,,,,,,,,,,,,,,,,,,,,,,,,,,,,,,,,,,,,,,,,,,,,,,,,,,,,,,,,,,,,,,,,,,,,,,,,,,,,,,,,,,,,,,,,,,,,,,,,,,,,,,,,,,,,,,,,,,,,,,,,,,,,,,,,,,,,,,,,,,,,,,,,,,,,,,,,,,,,,,,,,,,,,,,,,,,,,,,,,,,,,,,,,,,,,,,,,,,,,,
,,,,,,AVM6EV,,,,AVM6EV,AVM6EV,AVM7 EV Mini Snip Green,,,,Malco Prod (2370),Malco Prod,Malco Prod,,AVM6EV,,,"Malco Prod, Avm7 Ev Mini Snip Green, Avm6Ev, AVM6EV",AVM7 EV MINI SNIP GREEN,Malco Prod Avm6Ev Avm7 Ev Mini Snip Green,"Malco Prod, AVM7 EV Mini Snip Green, Part Number: AVM6EV",Malco Prod Avm6Ev Avm7 Ev Mini Snip Green,"Malco Prod, AVM7 EV Mini Snip Green, Part Number: AVM6EV",,,,,,,,,,,,,,,,,,,,,,,,,,,,,,,,,,,,,,,,,,,,,,,,,,,,,,,,,,,,,,,,,,,,,,,,,,,,,,,,,,,,,,,,,,,,,,,,,,,,,,,,,,,,,,,,,,,,,,,,,,,,,,,,,,,,,,,,,,,,,,,,,,,,,,,,,,,,,,,,,,,,,,,,,,,,,,,,,,,,,,,,,,,,,,,,,,,,,,,,,,,,,,,,,,,,,,,,,,,,,,,
,,,,,,DSA0250B,,,,DSA0250B,DSA0250B,"DSA0250B 1/4"" Square x1/4"" Hex - Socket Adapter",,,Diablo,Freud Inc (2435),Diablo,Diablo,,DSA0250B,,,"Diablo, 1/4"" Square X1/4"" Hex, Socket Adapter, Dsa0250B, DSA","1/4"" SQUARE X1/4"" HEX - SOCKET ADPT","Diablo Dsa0250B 1/4"" Square X1/4"" Hex - Socket Adapter","Diablo, DSA0250B 1/4"" Square x1/4"" Hex - Socket Adapter","Diablo Dsa0250B 1/4"" Square X1/4"" Hex - Socket Adapter","Diablo, DSA0250B 1/4"" Square x1/4"" Hex - Socket Adapter",,,,,,,,,,,,,,,,,,,,,,,,,,,,,,,,,,,,,,,,,,,,,,,,,,,,,,,,,,,,,,,,,,,,,,,,,,,,,,,,,,,,,,,,,,,,,,,,,,,,,,,,,,,,,,,,,,,,,,,,,,,,,,,,,,,,,,,,,,,,,,,,,,,,,,,,,,,,,,,,,,,,,,,,,,,,,,,,,,,,,,,,,,,,,,,,,,,,,,,,,,,,,,,,,,,,,,,,,,,,,,,
,,,,,,DSA0375B,,,,DSA0375B,DSA0375B,"DSA0375B 3/8"" Square x1/4"" Hex - Socket Adapter",,,Diablo,Freud Inc (2435),Diablo,Diablo,,DSA0375B,,,"Diablo, 3/8"" Square X1/4"" Hex, Socket Adapter, Dsa0375B, DSA","3/8"" SQUARE X1/4"" HEX - SOCKET ADPT","Diablo Dsa0375B 3/8"" Square X1/4"" Hex - Socket Adapter","Diablo, DSA0375B 3/8"" Square x1/4"" Hex - Socket Adapter","Diablo Dsa0375B 3/8"" Square X1/4"" Hex - Socket Adapter","Diablo, DSA0375B 3/8"" Square x1/4"" Hex - Socket Adapter",,,,,,,,,,,,,,,,,,,,,,,,,,,,,,,,,,,,,,,,,,,,,,,,,,,,,,,,,,,,,,,,,,,,,,,,,,,,,,,,,,,,,,,,,,,,,,,,,,,,,,,,,,,,,,,,,,,,,,,,,,,,,,,,,,,,,,,,,,,,,,,,,,,,,,,,,,,,,,,,,,,,,,,,,,,,,,,,,,,,,,,,,,,,,,,,,,,,,,,,,,,,,,,,,,,,,,,,,,,,,,,
,,,,,,DSA0500B,,,,DSA0500B,DSA0500B,"DSA0500B 1/2"" Square x1/4"" Hex - Socket Adapter",,,Diablo,Freud Inc (2435),Diablo,Diablo,,DSA0500B,,,"Diablo, 1/2"" Square X1/4"" Hex, Socket Adapter, Dsa0500B, DSA","1/2"" SQUARE X1/4"" HEX - SOCKET ADPT","Diablo Dsa0500B 1/2"" Square X1/4"" Hex - Socket Adapter","Diablo, DSA0500B 1/2"" Square x1/4"" Hex - Socket Adapter","Diablo Dsa0500B 1/2"" Square X1/4"" Hex - Socket Adapter","Diablo, DSA0500B 1/2"" Square x1/4"" Hex - Socket Adapter",,,,,,,,,,,,,,,,,,,,,,,,,,,,,,,,,,,,,,,,,,,,,,,,,,,,,,,,,,,,,,,,,,,,,,,,,,,,,,,,,,,,,,,,,,,,,,,,,,,,,,,,,,,,,,,,,,,,,,,,,,,,,,,,,,,,,,,,,,,,,,,,,,,,,,,,,,,,,,,,,,,,,,,,,,,,,,,,,,,,,,,,,,,,,,,,,,,,,,,,,,,,,,,,,,,,,,,,,,,,,,,
,,,,,,42-04-9107,,,,42-04-9107,42-04-9107,"42-04-9107 Milw 3/8"" Drive Universal Joint",,,,Milwaukee Accessory (4031),Milwaukee Accessory,Milwaukee Accessory,,42-04-9107,,,"Milwaukee Accessory, Milw 3/8"" Drive Universal Joint, 42-04-9107","MILW 3/8"" DRIVE UNIVERSAL JOINT","Milwaukee Accessory 42-04-9107 Milw 3/8"" Drive Universal Joint","Milwaukee Accessory, 42-04-9107 Milw 3/8"" Drive Universal Joint","Milwaukee Accessory 42-04-9107 Milw 3/8"" Drive Universal Joint","Milwaukee Accessory, 42-04-9107 Milw 3/8"" Drive Universal Joint",,,,,,,,,,,,,,,,,,,,,,,,,,,,,,,,,,,,,,,,,,,,,,,,,,,,,,,,,,,,,,,,,,,,,,,,,,,,,,,,,,,,,,,,,,,,,,,,,,,,,,,,,,,,,,,,,,,,,,,,,,,,,,,,,,,,,,,,,,,,,,,,,,,,,,,,,,,,,,,,,,,,,,,,,,,,,,,,,,,,,,,,,,,,,,,,,,,,,,,,,,,,,,,,,,,,,,,,,,,,,,,
,,,,,,48-22-9491,,,,48-22-9491,48-22-9491,48-22-9491 Milw 242pc Ratchet & Socket Set 4-Drawer Tool Box,,,,Milwaukee Accessory (4031),Milwaukee Accessory,Milwaukee Accessory,,48-22-9491,,,"Milwaukee Accessory, Milw 242Pc Ratchet & Socket Set 4, Drawer Tool Box",MILW 242PC RATCHET & SOCKET SET,Milwaukee Accessory 48-22-9491 Milw 242Pc Ratchet & Socket Set 4-Drawer Tool Box,"Milwaukee Accessory, 48-22-9491 Milw 242pc Ratchet & Socket Set 4-Drawer Tool Box",Milwaukee Accessory 48-22-9491 Milw 242Pc Ratchet & Socket Set 4-Drawer Tool Box,"Milwaukee Accessory, 48-22-9491 Milw 242pc Ratchet & Socket Set 4-Drawer Tool Box",,,,,,,,,,,,,,,,,,,,,,,,,,,,,,,,,,,,,,,,,,,,,,,,,,,,,,,,,,,,,,,,,,,,,,,,,,,,,,,,,,,,,,,,,,,,,,,,,,,,,,,,,,,,,,,,,,,,,,,,,,,,,,,,,,,,,,,,,,,,,,,,,,,,,,,,,,,,,,,,,,,,,,,,,,,,,,,,,,,,,,,,,,,,,,,,,,,,,,,,,,,,,,,,,,,,,,,,,,,,,,,
,,,,,,DWMT45422,,,,DWMT45422,DWMT45422,"DWMT45422 Dewalt 1/4"" Drive - 50pc Mechanics Set",,,,Black & Decker/dewlt (2585),Black & Decker/dewlt,Black & Decker/dewlt,,DWMT45422,,,"Black & Decker/Dewlt, Dewalt 1/4"" Drive, 50Pc Mechanics Set, Dwmt45422","DEWALT 1/4"" DRIVE - 50PC MECHANICS SET","Black & Decker/Dewlt Dwmt45422 Dewalt 1/4"" Drive - 50Pc Mechanics Set","Black & Decker/dewlt, DWMT45422 Dewalt 1/4"" Drive - 50pc Mechanics Set","Black & Decker/Dewlt Dwmt45422 Dewalt 1/4"" Drive - 50Pc Mechanics Set","Black & Decker/dewlt, DWMT45422 Dewalt 1/4"" Drive - 50pc Mechanics Set",,,,,,,,,,,,,,,,,,,,,,,,,,,,,,,,,,,,,,,,,,,,,,,,,,,,,,,,,,,,,,,,,,,,,,,,,,,,,,,,,,,,,,,,,,,,,,,,,,,,,,,,,,,,,,,,,,,,,,,,,,,,,,,,,,,,,,,,,,,,,,,,,,,,,,,,,,,,,,,,,,,,,,,,,,,,,,,,,,,,,,,,,,,,,,,,,,,,,,,,,,,,,,,,,,,,,,,,,,,,,,,
,,,,,,DWMT45424,,,,DWMT45424,DWMT45424,"DWMT45424 Dewalt 3/8"" Drive - 84pc Mechanics Set",,,,Black & Decker/dewlt (2585),Black & Decker/dewlt,Black & Decker/dewlt,,DWMT45424,,,"Black & Decker/Dewlt, Dewalt 3/8"" Drive, 84Pc Mechanics Set, Dwmt45424","DEWALT 3/8"" DRIVE - 84PC MECHANICS SET","Black & Decker/Dewlt Dwmt45424 Dewalt 3/8"" Drive - 84Pc Mechanics Set","Black & Decker/dewlt, DWMT45424 Dewalt 3/8"" Drive - 84pc Mechanics Set","Black & Decker/Dewlt Dwmt45424 Dewalt 3/8"" Drive - 84Pc Mechanics Set","Black & Decker/dewlt, DWMT45424 Dewalt 3/8"" Drive - 84pc Mechanics Set",,,,,,,,,,,,,,,,,,,,,,,,,,,,,,,,,,,,,,,,,,,,,,,,,,,,,,,,,,,,,,,,,,,,,,,,,,,,,,,,,,,,,,,,,,,,,,,,,,,,,,,,,,,,,,,,,,,,,,,,,,,,,,,,,,,,,,,,,,,,,,,,,,,,,,,,,,,,,,,,,,,,,,,,,,,,,,,,,,,,,,,,,,,,,,,,,,,,,,,,,,,,,,,,,,,,,,,,,,,,,,,
,,,,,,48-22-9483,,,,48-22-9483,48-22-9483,48-22-9483 Milw Packout 15pc - Metric Wrench Set,,,,Milwaukee Accessory (4031),Milwaukee Accessory,Milwaukee Accessory,,48-22-9483,,,"Milwaukee Accessory, Milw Packout 15Pc, Metric Wrench Set, 48-22-9483",MILW PACKOUT 15PC - METRIC WRENCH SET,Milwaukee Accessory 48-22-9483 Milw Packout 15Pc - Metric Wrench Set,"Milwaukee Accessory, 48-22-9483 Milw Packout 15pc - Metric Wrench Set",Milwaukee Accessory 48-22-9483 Milw Packout 15Pc - Metric Wrench Set,"Milwaukee Accessory, 48-22-9483 Milw Packout 15pc - Metric Wrench Set",,,,,,,,,,,,,,,,,,,,,,,,,,,,,,,,,,,,,,,,,,,,,,,,,,,,,,,,,,,,,,,,,,,,,,,,,,,,,,,,,,,,,,,,,,,,,,,,,,,,,,,,,,,,,,,,,,,,,,,,,,,,,,,,,,,,,,,,,,,,,,,,,,,,,,,,,,,,,,,,,,,,,,,,,,,,,,,,,,,,,,,,,,,,,,,,,,,,,,,,,,,,,,,,,,,,,,,,,,,,,,,
,,,,,,48-22-9484,,,,48-22-9484,48-22-9484,48-22-9484 Milw Packout 15pc - SAE Wrench Set,,,,Milwaukee Accessory (4031),Milwaukee Accessory,Milwaukee Accessory,,48-22-9484,,,"Milwaukee Accessory, Milw Packout 15Pc, Sae Wrench Set, 48-22-9484",MILW PACKOUT 15PC - SAE WRENCH SET,Milwaukee Accessory 48-22-9484 Milw Packout 15Pc - Sae Wrench Set,"Milwaukee Accessory, 48-22-9484 Milw Packout 15pc - SAE Wrench Set",Milwaukee Accessory 48-22-9484 Milw Packout 15Pc - Sae Wrench Set,"Milwaukee Accessory, 48-22-9484 Milw Packout 15pc - SAE Wrench Set",,,,,,,,,,,,,,,,,,,,,,,,,,,,,,,,,,,,,,,,,,,,,,,,,,,,,,,,,,,,,,,,,,,,,,,,,,,,,,,,,,,,,,,,,,,,,,,,,,,,,,,,,,,,,,,,,,,,,,,,,,,,,,,,,,,,,,,,,,,,,,,,,,,,,,,,,,,,,,,,,,,,,,,,,,,,,,,,,,,,,,,,,,,,,,,,,,,,,,,,,,,,,,,,,,,,,,,,,,,,,,,
,,,,,,48-22-9485,,,,48-22-9485,48-22-9485,48-22-9485 Milw Packout 30pc - Metric & SAE Wrench Set,,,,Milwaukee Accessory (4031),Milwaukee Accessory,Milwaukee Accessory,,48-22-9485,,,"Milwaukee Accessory, Milw Packout 30Pc, Metric & Sae Wrench Set, 48-22-9485",MILW PACKOUT 30PC - METRIC & SAE WRENCH,Milwaukee Accessory 48-22-9485 Milw Packout 30Pc - Metric & Sae Wrench Set,"Milwaukee Accessory, 48-22-9485 Milw Packout 30pc - Metric & SAE Wrench Set",Milwaukee Accessory 48-22-9485 Milw Packout 30Pc - Metric & Sae Wrench Set,"Milwaukee Accessory, 48-22-9485 Milw Packout 30pc - Metric & SAE Wrench Set",,,,,,,,,,,,,,,,,,,,,,,,,,,,,,,,,,,,,,,,,,,,,,,,,,,,,,,,,,,,,,,,,,,,,,,,,,,,,,,,,,,,,,,,,,,,,,,,,,,,,,,,,,,,,,,,,,,,,,,,,,,,,,,,,,,,,,,,,,,,,,,,,,,,,,,,,,,,,,,,,,,,,,,,,,,,,,,,,,,,,,,,,,,,,,,,,,,,,,,,,,,,,,,,,,,,,,,,,,,,,,,
,,,,,,48-44-2770,,,,48-44-2770,48-44-2770,48-44-2770 Milw Pole Pruning - Shears Replacement Blade,,,,Milwaukee Accessory (4031),Milwaukee Accessory,Milwaukee Accessory,,48-44-2770,,,"Milwaukee Accessory, Milw Pole Pruning, Shears Replacement Blade, 48-44-2770",MILW POLE PRUNING - SHEARS REPLACEMENT,Milwaukee Accessory 48-44-2770 Milw Pole Pruning - Shears Replacement Blade,"Milwaukee Accessory, 48-44-2770 Milw Pole Pruning - Shears Replacement Blade",Milwaukee Accessory 48-44-2770 Milw Pole Pruning - Shears Replacement Blade,"Milwaukee Accessory, 48-44-2770 Milw Pole Pruning - Shears Replacement Blade",,,,,,,,,,,,,,,,,,,,,,,,,,,,,,,,,,,,,,,,,,,,,,,,,,,,,,,,,,,,,,,,,,,,,,,,,,,,,,,,,,,,,,,,,,,,,,,,,,,,,,,,,,,,,,,,,,,,,,,,,,,,,,,,,,,,,,,,,,,,,,,,,,,,,,,,,,,,,,,,,,,,,,,,,,,,,,,,,,,,,,,,,,,,,,,,,,,,,,,,,,,,,,,,,,,,,,,,,,,,,,,
,,,,,,IWHT48441RC,,,,IWHT48441RC,IWHT48441RC,IWHT48441RC Irwin 100ft - Red Chalk & Reel Set,,,Irwin,Irwin Industrial Tools (5863),Irwin,Irwin,,IWHT48441RC,,,"Irwin, Irwin 100Ft, Red Chalk & Reel Set, Iwht48441Rc, IWHT4",IRWIN 100FT - RED CHALK & REEL SET,Irwin Iwht48441Rc Irwin 100Ft - Red Chalk & Reel Set,"Irwin, IWHT48441RC Irwin 100ft - Red Chalk & Reel Set",Irwin Iwht48441Rc Irwin 100Ft - Red Chalk & Reel Set,"Irwin, IWHT48441RC Irwin 100ft - Red Chalk & Reel Set",,,,,,,,,,,,,,,,,,,,,,,,,,,,,,,,,,,,,,,,,,,,,,,,,,,,,,,,,,,,,,,,,,,,,,,,,,,,,,,,,,,,,,,,,,,,,,,,,,,,,,,,,,,,,,,,,,,,,,,,,,,,,,,,,,,,,,,,,,,,,,,,,,,,,,,,,,,,,,,,,,,,,,,,,,,,,,,,,,,,,,,,,,,,,,,,,,,,,,,,,,,,,,,,,,,,,,,,,,,,,,,
,,,,,,XRU23SM1,,,,XRU23SM1,XRU23SM1,"XRU23SM1 Makita 18V 13"" - String Trimmer Kit",,,,Makita Usa Inc (5142),Makita Usa Inc,Makita Usa Inc,,XRU23SM1,,,"Makita Usa Inc, Makita 18V 13"", String Trimmer Kit, Xru23Sm1","MAKITA 18V 13"" - STRING TRIMMER KIT","Makita Usa Inc Xru23Sm1 Makita 18V 13"" - String Trimmer Kit","Makita Usa Inc, XRU23SM1 Makita 18V 13"" - String Trimmer Kit","Makita Usa Inc Xru23Sm1 Makita 18V 13"" - String Trimmer Kit","Makita Usa Inc, XRU23SM1 Makita 18V 13"" - String Trimmer Kit",,,,,,,,,,,,,,,,,,,,,,,,,,,,,,,,,,,,,,,,,,,,,,,,,,,,,,,,,,,,,,,,,,,,,,,,,,,,,,,,,,,,,,,,,,,,,,,,,,,,,,,,,,,,,,,,,,,,,,,,,,,,,,,,,,,,,,,,,,,,,,,,,,,,,,,,,,,,,,,,,,,,,,,,,,,,,,,,,,,,,,,,,,,,,,,,,,,,,,,,,,,,,,,,,,,,,,,,,,,,,,,
,,,,,,XRU15PT1,,,,XRU15PT1,XRU15PT1,XRU15PT1 Makita String Trimmer,,,,Makita Usa Inc (5142),Makita Usa Inc,Makita Usa Inc,,XRU15PT1,,,"Makita Usa Inc, Makita String Trimmer, Xru15Pt1, XRU15PT1",MAKITA STRING TRIMMER,Makita Usa Inc Xru15Pt1 Makita String Trimmer,"Makita Usa Inc, XRU15PT1 Makita String Trimmer",Makita Usa Inc Xru15Pt1 Makita String Trimmer,"Makita Usa Inc, XRU15PT1 Makita String Trimmer",,,,,,,,,,,,,,,,,,,,,,,,,,,,,,,,,,,,,,,,,,,,,,,,,,,,,,,,,,,,,,,,,,,,,,,,,,,,,,,,,,,,,,,,,,,,,,,,,,,,,,,,,,,,,,,,,,,,,,,,,,,,,,,,,,,,,,,,,,,,,,,,,,,,,,,,,,,,,,,,,,,,,,,,,,,,,,,,,,,,,,,,,,,,,,,,,,,,,,,,,,,,,,,,,,,,,,,,,,,,,,,
,,,,,,XRU23Z,,,,XRU23Z,XRU23Z,XRU23Z Makita 18V Trimmer Tool - Only,,,,Makita Usa Inc (5142),Makita Usa Inc,Makita Usa Inc,,XRU23Z,,,"Makita Usa Inc, Makita 18V Trimmer Tool, Only, Xru23Z, XRU23",MAKITA 18V TRIMMER TOOL - ONLY,Makita Usa Inc Xru23Z Makita 18V Trimmer Tool - Only,"Makita Usa Inc, XRU23Z Makita 18V Trimmer Tool - Only",Makita Usa Inc Xru23Z Makita 18V Trimmer Tool - Only,"Makita Usa Inc, XRU23Z Makita 18V Trimmer Tool - Only",,,,,,,,,,,,,,,,,,,,,,,,,,,,,,,,,,,,,,,,,,,,,,,,,,,,,,,,,,,,,,,,,,,,,,,,,,,,,,,,,,,,,,,,,,,,,,,,,,,,,,,,,,,,,,,,,,,,,,,,,,,,,,,,,,,,,,,,,,,,,,,,,,,,,,,,,,,,,,,,,,,,,,,,,,,,,,,,,,,,,,,,,,,,,,,,,,,,,,,,,,,,,,,,,,,,,,,,,,,,,,,
,,,,,,0887-20,,,,0887-20,0887-20,0887-20 Milw M18 Brushless Precision Blower,,,,Milwaukee Accessory (4031),Milwaukee Accessory,Milwaukee Accessory,,0887-20,,,"Milwaukee Accessory, Milw M18 Brushless Precision Blower, 0887-20",MILW M18 BRUSHLESS PRECISION BLOWER,Milwaukee Accessory 0887-20 Milw M18 Brushless Precision Blower,"Milwaukee Accessory, 0887-20 Milw M18 Brushless Precision Blower",Milwaukee Accessory 0887-20 Milw M18 Brushless Precision Blower,"Milwaukee Accessory, 0887-20 Milw M18 Brushless Precision Blower",,,,,,,,,,,,,,,,,,,,,,,,,,,,,,,,,,,,,,,,,,,,,,,,,,,,,,,,,,,,,,,,,,,,,,,,,,,,,,,,,,,,,,,,,,,,,,,,,,,,,,,,,,,,,,,,,,,,,,,,,,,,,,,,,,,,,,,,,,,,,,,,,,,,,,,,,,,,,,,,,,,,,,,,,,,,,,,,,,,,,,,,,,,,,,,,,,,,,,,,,,,,,,,,,,,,,,,,,,,,,,,
,,,,,,DCBL724B,,,,DCBL724B,DCBL724B,DCBL724B Dewalt 20V Max XR Blower (Bare),,,,Black & Decker/dewlt (2585),Black & Decker/dewlt,Black & Decker/dewlt,,DCBL724B,,,"Black & Decker/Dewlt, Dewalt 20V Max Xr Blower (Bare), Dcbl724B",DEWALT 20V MAX XR BLOWER (BARE),Black & Decker/Dewlt Dcbl724B Dewalt 20V Max Xr Blower (Bare),"Black & Decker/dewlt, DCBL724B Dewalt 20V Max XR Blower (Bare)",Black & Decker/Dewlt Dcbl724B Dewalt 20V Max Xr Blower (Bare),"Black & Decker/dewlt, DCBL724B Dewalt 20V Max XR Blower (Bare)",,,,,,,,,,,,,,,,,,,,,,,,,,,,,,,,,,,,,,,,,,,,,,,,,,,,,,,,,,,,,,,,,,,,,,,,,,,,,,,,,,,,,,,,,,,,,,,,,,,,,,,,,,,,,,,,,,,,,,,,,,,,,,,,,,,,,,,,,,,,,,,,,,,,,,,,,,,,,,,,,,,,,,,,,,,,,,,,,,,,,,,,,,,,,,,,,,,,,,,,,,,,,,,,,,,,,,,,,,,,,,,
,,,,,,2954-20,,,,2954-20,2954-20,2954-20 Milw M18 Bluetooth Jobsite Speaker,,,,Milwaukee Accessory (4031),Milwaukee Accessory,Milwaukee Accessory,,2954-20,,,"Milwaukee Accessory, Milw M18 Bluetooth Jobsite Speaker, 2954-20",MILW M18 BLUETOOTH JOBSITE SPEAKER,Milwaukee Accessory 2954-20 Milw M18 Bluetooth Jobsite Speaker,"Milwaukee Accessory, 2954-20 Milw M18 Bluetooth Jobsite Speaker",Milwaukee Accessory 2954-20 Milw M18 Bluetooth Jobsite Speaker,"Milwaukee Accessory, 2954-20 Milw M18 Bluetooth Jobsite Speaker",,,,,,,,,,,,,,,,,,,,,,,,,,,,,,,,,,,,,,,,,,,,,,,,,,,,,,,,,,,,,,,,,,,,,,,,,,,,,,,,,,,,,,,,,,,,,,,,,,,,,,,,,,,,,,,,,,,,,,,,,,,,,,,,,,,,,,,,,,,,,,,,,,,,,,,,,,,,,,,,,,,,,,,,,,,,,,,,,,,,,,,,,,,,,,,,,,,,,,,,,,,,,,,,,,,,,,,,,,,,,,,
,,,,,,2955-20,,,,2955-20,2955-20,2955-20 Milw M12 Bluetooth - Jobsite Speaker w/Packout,,,,Milwaukee Accessory (4031),Milwaukee Accessory,Milwaukee Accessory,,2955-20,,,"Milwaukee Accessory, Milw M12 Bluetooth, Jobsite Speaker W/Packout, 2955-20",MILW M12 BLUETOOTH - JOBSITE SPEAKER,Milwaukee Accessory 2955-20 Milw M12 Bluetooth - Jobsite Speaker W/Packout,"Milwaukee Accessory, 2955-20 Milw M12 Bluetooth - Jobsite Speaker w/Packout",Milwaukee Accessory 2955-20 Milw M12 Bluetooth - Jobsite Speaker W/Packout,"Milwaukee Accessory, 2955-20 Milw M12 Bluetooth - Jobsite Speaker w/Packout",,,,,,,,,,,,,,,,,,,,,,,,,,,,,,,,,,,,,,,,,,,,,,,,,,,,,,,,,,,,,,,,,,,,,,,,,,,,,,,,,,,,,,,,,,,,,,,,,,,,,,,,,,,,,,,,,,,,,,,,,,,,,,,,,,,,,,,,,,,,,,,,,,,,,,,,,,,,,,,,,,,,,,,,,,,,,,,,,,,,,,,,,,,,,,,,,,,,,,,,,,,,,,,,,,,,,,,,,,,,,,,
,,,,,,9A-219-180,,,,9A-219-180,9A-219-180,9A-219-180 Abranet 4x6x6,,,,Mirka Abrasives Inc (MIRUS),Mirka Abrasives Inc,Mirka Abrasives Inc,,9A-219-180,,,"Mirka Abrasives Inc, Abranet 4X6X6, 9A-219-180, 9A-219-180",ABRANET 4X6X6,Mirka Abrasives Inc 9A-219-180 Abranet 4X6X6,"Mirka Abrasives Inc, 9A-219-180 Abranet 4x6x6",Mirka Abrasives Inc 9A-219-180 Abranet 4X6X6,"Mirka Abrasives Inc, 9A-219-180 Abranet 4x6x6",,,,,,,,,,,,,,,,,,,,,,,,,,,,,,,,,,,,,,,,,,,,,,,,,,,,,,,,,,,,,,,,,,,,,,,,,,,,,,,,,,,,,,,,,,,,,,,,,,,,,,,,,,,,,,,,,,,,,,,,,,,,,,,,,,,,,,,,,,,,,,,,,,,,,,,,,,,,,,,,,,,,,,,,,,,,,,,,,,,,,,,,,,,,,,,,,,,,,,,,,,,,,,,,,,,,,,,,,,,,,,,
,,,,,,9A-219-120RP,,,,9A-219-120RP,9A-219-120RP,9A-219-120RP Abranet 4x6x6,,,,Mirka Abrasives Inc (MIRUS),Mirka Abrasives Inc,Mirka Abrasives Inc,,9A-219-120RP,,,"Mirka Abrasives Inc, Abranet 4X6X6, 9A-219-120Rp, 9A-219-120",ABRANET 4X6X6,Mirka Abrasives Inc 9A-219-120Rp Abranet 4X6X6,"Mirka Abrasives Inc, 9A-219-120RP Abranet 4x6x6",Mirka Abrasives Inc 9A-219-120Rp Abranet 4X6X6,"Mirka Abrasives Inc, 9A-219-120RP Abranet 4x6x6",,,,,,,,,,,,,,,,,,,,,,,,,,,,,,,,,,,,,,,,,,,,,,,,,,,,,,,,,,,,,,,,,,,,,,,,,,,,,,,,,,,,,,,,,,,,,,,,,,,,,,,,,,,,,,,,,,,,,,,,,,,,,,,,,,,,,,,,,,,,,,,,,,,,,,,,,,,,,,,,,,,,,,,,,,,,,,,,,,,,,,,,,,,,,,,,,,,,,,,,,,,,,,,,,,,,,,,,,,,,,,,
,,,,,,3033-20,,,,3033-20,3033-20,"3033-20 Milw M18 24"" - Hedge Trimmer",,,Milwaukee,Milwaukee Accessory (4031),Milwaukee,Milwaukee,,3033-20,,,"Milwaukee, Milw M18 24"", Hedge Trimmer, 3033-20, 3033-20","MILW M18 24"" - HEDGE TRIMMER","Milwaukee 3033-20 Milw M18 24"" - Hedge Trimmer","Milwaukee, 3033-20 Milw M18 24"" - Hedge Trimmer","Milwaukee 3033-20 Milw M18 24"" - Hedge Trimmer","Milwaukee, 3033-20 Milw M18 24"" - Hedge Trimmer",,,,,,,,,,,,,,,,,,,,,,,,,,,,,,,,,,,,,,,,,,,,,,,,,,,,,,,,,,,,,,,,,,,,,,,,,,,,,,,,,,,,,,,,,,,,,,,,,,,,,,,,,,,,,,,,,,,,,,,,,,,,,,,,,,,,,,,,,,,,,,,,,,,,,,,,,,,,,,,,,,,,,,,,,,,,,,,,,,,,,,,,,,,,,,,,,,,,,,,,,,,,,,,,,,,,,,,,,,,,,,,
,,,,,,3033-21,,,,3033-21,3033-21,"3033-21 Milw M18 24"" - Hedge Trimmer Kit",,,,Milwaukee Accessory (4031),Milwaukee Accessory,Milwaukee Accessory,,3033-21,,,"Milwaukee Accessory, Milw M18 24"", Hedge Trimmer Kit, 3033-21","MILW M18 24"" - HEDGE TRIMMER KIT","Milwaukee Accessory 3033-21 Milw M18 24"" - Hedge Trimmer Kit","Milwaukee Accessory, 3033-21 Milw M18 24"" - Hedge Trimmer Kit","Milwaukee Accessory 3033-21 Milw M18 24"" - Hedge Trimmer Kit","Milwaukee Accessory, 3033-21 Milw M18 24"" - Hedge Trimmer Kit",,,,,,,,,,,,,,,,,,,,,,,,,,,,,,,,,,,,,,,,,,,,,,,,,,,,,,,,,,,,,,,,,,,,,,,,,,,,,,,,,,,,,,,,,,,,,,,,,,,,,,,,,,,,,,,,,,,,,,,,,,,,,,,,,,,,,,,,,,,,,,,,,,,,,,,,,,,,,,,,,,,,,,,,,,,,,,,,,,,,,,,,,,,,,,,,,,,,,,,,,,,,,,,,,,,,,,,,,,,,,,,
,,,,,,3034-20,,,,3034-20,3034-20,"3034-20 Milw M18 30"" - Hedge Trimmer",,,Milwaukee,Milwaukee Accessory (4031),Milwaukee,Milwaukee,,3034-20,,,"Milwaukee, Milw M18 30"", Hedge Trimmer, 3034-20, 3034-20","MILW M18 30"" - HEDGE TRIMMER","Milwaukee 3034-20 Milw M18 30"" - Hedge Trimmer","Milwaukee, 3034-20 Milw M18 30"" - Hedge Trimmer","Milwaukee 3034-20 Milw M18 30"" - Hedge Trimmer","Milwaukee, 3034-20 Milw M18 30"" - Hedge Trimmer",,,,,,,,,,,,,,,,,,,,,,,,,,,,,,,,,,,,,,,,,,,,,,,,,,,,,,,,,,,,,,,,,,,,,,,,,,,,,,,,,,,,,,,,,,,,,,,,,,,,,,,,,,,,,,,,,,,,,,,,,,,,,,,,,,,,,,,,,,,,,,,,,,,,,,,,,,,,,,,,,,,,,,,,,,,,,,,,,,,,,,,,,,,,,,,,,,,,,,,,,,,,,,,,,,,,,,,,,,,,,,,
,,,,,,D25333K,,,,D25333K,D25333K,D25333K Dewalt Hammer Drill,,,,Black & Decker/dewlt (2585),Black & Decker/dewlt,Black & Decker/dewlt,,D25333K,,,"Black & Decker/dewlt, Black & Decker/Dewlt, Dewalt Hammer Drill, D25333K",DEWALT HAMMER DRILL,Black & Decker/Dewlt D25333K Dewalt Hammer Drill,"Black & Decker/dewlt, D25333K Dewalt Hammer Drill",Black & Decker/Dewlt D25333K Dewalt Hammer Drill,"Black & Decker/dewlt, D25333K Dewalt Hammer Drill",,,,,,,,,,,,,,,,,,,,,,,,,,,,,,,,,,,,,,,,,,,,,,,,,,,,,,,,,,,,,,,,,,,,,,,,,,,,,,,,,,,,,,,,,,,,,,,,,,,,,,,,,,,,,,,,,,,,,,,,,,,,,,,,,,,,,,,,,,,,,,,,,,,,,,,,,,,,,,,,,,,,,,,,,,,,,,,,,,,,,,,,,,,,,,,,,,,,,,,,,,,,,,,,,,,,,,,,,,,,,,,
,,,,,,DCD803B,,,,DCD803B,DCD803B,DCD803B Dewalt Multi-Head Drill Driver,,,,Black & Decker/dewlt (2585),Black & Decker/dewlt,Black & Decker/dewlt,,DCD803B,,,"Black & Decker/Dewlt, Dewalt Multi, Head Drill Driver, Dcd803B",DEWALT MULTI-HEAD DRILL DRIVER,Black & Decker/Dewlt Dcd803B Dewalt Multi-Head Drill Driver,"Black & Decker/dewlt, DCD803B Dewalt Multi-Head Drill Driver",Black & Decker/Dewlt Dcd803B Dewalt Multi-Head Drill Driver,"Black & Decker/dewlt, DCD803B Dewalt Multi-Head Drill Driver",,,,,,,,,,,,,,,,,,,,,,,,,,,,,,,,,,,,,,,,,,,,,,,,,,,,,,,,,,,,,,,,,,,,,,,,,,,,,,,,,,,,,,,,,,,,,,,,,,,,,,,,,,,,,,,,,,,,,,,,,,,,,,,,,,,,,,,,,,,,,,,,,,,,,,,,,,,,,,,,,,,,,,,,,,,,,,,,,,,,,,,,,,,,,,,,,,,,,,,,,,,,,,,,,,,,,,,,,,,,,,,
,,,,,,DCF860B,,,,DCF860B,DCF860B,DCF860B Dewalt 20V Impact - Driver Drill,,,,Black & Decker/dewlt (2585),Black & Decker/dewlt,Black & Decker/dewlt,,DCF860B,,,"Black & Decker/Dewlt, Dewalt 20V Impact, Driver Drill, Dcf860B",DEWALT 20V IMPACT - DRIVER DRILL,Black & Decker/Dewlt Dcf860B Dewalt 20V Impact - Driver Drill,"Black & Decker/dewlt, DCF860B Dewalt 20V Impact - Driver Drill",Black & Decker/Dewlt Dcf860B Dewalt 20V Impact - Driver Drill,"Black & Decker/dewlt, DCF860B Dewalt 20V Impact - Driver Drill",,,,,,,,,,,,,,,,,,,,,,,,,,,,,,,,,,,,,,,,,,,,,,,,,,,,,,,,,,,,,,,,,,,,,,,,,,,,,,,,,,,,,,,,,,,,,,,,,,,,,,,,,,,,,,,,,,,,,,,,,,,,,,,,,,,,,,,,,,,,,,,,,,,,,,,,,,,,,,,,,,,,,,,,,,,,,,,,,,,,,,,,,,,,,,,,,,,,,,,,,,,,,,,,,,,,,,,,,,,,,,,
,,,,,,3401-20,,,,3401-20,3401-20,3401-20 Milw M12 Drill Driver - Brushless Compact (Bare),,,,Milwaukee Accessory (4031),Milwaukee Accessory,Milwaukee Accessory,,3401-20,,,"Milwaukee Accessory, Milw M12 Drill Driver, Brushless Compact (Bare), 3401-20",MILW M12 DRILL DRIVER - BRUSHLESS,Milwaukee Accessory 3401-20 Milw M12 Drill Driver - Brushless Compact (Bare),"Milwaukee Accessory, 3401-20 Milw M12 Drill Driver - Brushless Compact (Bare)",Milwaukee Accessory 3401-20 Milw M12 Drill Driver - Brushless Compact (Bare),"Milwaukee Accessory, 3401-20 Milw M12 Drill Driver - Brushless Compact (Bare)",,,,,,,,,,,,,,,,,,,,,,,,,,,,,,,,,,,,,,,,,,,,,,,,,,,,,,,,,,,,,,,,,,,,,,,,,,,,,,,,,,,,,,,,,,,,,,,,,,,,,,,,,,,,,,,,,,,,,,,,,,,,,,,,,,,,,,,,,,,,,,,,,,,,,,,,,,,,,,,,,,,,,,,,,,,,,,,,,,,,,,,,,,,,,,,,,,,,,,,,,,,,,,,,,,,,,,,,,,,,,,,
,,,,,,KPTDR050A,,,,KPTDR050A,KPTDR050A,KPTDR050A Kreg 20V Ionic Compact Drill,,,,Kreg Tool Company (KRETO),Kreg Tool Company,Kreg Tool Company,,KPTDR050A,,,"Kreg Tool Company, Kreg 20V Ionic Compact Drill, Kptdr050A, ",KREG 20V IONIC COMPACT DRILL,Kreg Tool Company Kptdr050A Kreg 20V Ionic Compact Drill,"Kreg Tool Company, KPTDR050A Kreg 20V Ionic Compact Drill",Kreg Tool Company Kptdr050A Kreg 20V Ionic Compact Drill,"Kreg Tool Company, KPTDR050A Kreg 20V Ionic Compact Drill",,,,,,,,,,,,,,,,,,,,,,,,,,,,,,,,,,,,,,,,,,,,,,,,,,,,,,,,,,,,,,,,,,,,,,,,,,,,,,,,,,,,,,,,,,,,,,,,,,,,,,,,,,,,,,,,,,,,,,,,,,,,,,,,,,,,,,,,,,,,,,,,,,,,,,,,,,,,,,,,,,,,,,,,,,,,,,,,,,,,,,,,,,,,,,,,,,,,,,,,,,,,,,,,,,,,,,,,,,,,,,,
,,,,,,DCD1007B,,,,DCD1007B,DCD1007B,"DCD1007B Dewalt 20V Cordless - 1/2"" Hammer Drill (Bare)",,,DEWALT,Black & Decker/dewlt (2585),DEWALT,DEWALT,,DCD1007B,,,"Dewalt, Dewalt 20V Cordless, 1/2"" Hammer Drill (Bare), Dcd1007B","DEWALT 20V CORDLESS - 1/2"" HAMMER DRILL","Dewalt Dcd1007B Dewalt 20V Cordless - 1/2"" Hammer Drill (Bare)","DEWALT, DCD1007B Dewalt 20V Cordless - 1/2"" Hammer Drill (Bare)","Dewalt Dcd1007B Dewalt 20V Cordless - 1/2"" Hammer Drill (Bare)","DEWALT, DCD1007B Dewalt 20V Cordless - 1/2"" Hammer Drill (Bare)",,,,,,,,,,,,,,,,,,,,,,,,,,,,,,,,,,,,,,,,,,,,,,,,,,,,,,,,,,,,,,,,,,,,,,,,,,,,,,,,,,,,,,,,,,,,,,,,,,,,,,,,,,,,,,,,,,,,,,,,,,,,,,,,,,,,,,,,,,,,,,,,,,,,,,,,,,,,,,,,,,,,,,,,,,,,,,,,,,,,,,,,,,,,,,,,,,,,,,,,,,,,,,,,,,,,,,,,,,,,,,,
,,,,,,DCD799B,,,,DCD799B,DCD799B,DCD799B Dewalt Drill,,,,Black & Decker/dewlt (2585),Black & Decker/dewlt,Black & Decker/dewlt,,DCD799B,,,"Black & Decker/dewlt, Black & Decker/Dewlt, Dewalt Drill, Dcd799B",DEWALT DRILL,Black & Decker/Dewlt Dcd799B Dewalt Drill,"Black & Decker/dewlt, DCD799B Dewalt Drill",Black & Decker/Dewlt Dcd799B Dewalt Drill,"Black & Decker/dewlt, DCD799B Dewalt Drill",,,,,,,,,,,,,,,,,,,,,,,,,,,,,,,,,,,,,,,,,,,,,,,,,,,,,,,,,,,,,,,,,,,,,,,,,,,,,,,,,,,,,,,,,,,,,,,,,,,,,,,,,,,,,,,,,,,,,,,,,,,,,,,,,,,,,,,,,,,,,,,,,,,,,,,,,,,,,,,,,,,,,,,,,,,,,,,,,,,,,,,,,,,,,,,,,,,,,,,,,,,,,,,,,,,,,,,,,,,,,,,
,,,,,,58006,,,,58006,58006,58006 Voyager Drill Press,,,,King Canada Inc (KINCA),King Canada Inc,King Canada Inc,,58006,,,"King Canada Inc, Voyager Drill Press, 58006, 58006",VOYAGER DRILL PRESS,King Canada Inc 58006 Voyager Drill Press,"King Canada Inc, 58006 Voyager Drill Press",King Canada Inc 58006 Voyager Drill Press,"King Canada Inc, 58006 Voyager Drill Press",,,,,,,,,,,,,,,,,,,,,,,,,,,,,,,,,,,,,,,,,,,,,,,,,,,,,,,,,,,,,,,,,,,,,,,,,,,,,,,,,,,,,,,,,,,,,,,,,,,,,,,,,,,,,,,,,,,,,,,,,,,,,,,,,,,,,,,,,,,,,,,,,,,,,,,,,,,,,,,,,,,,,,,,,,,,,,,,,,,,,,,,,,,,,,,,,,,,,,,,,,,,,,,,,,,,,,,,,,,,,,,
,,,,,,2909-20,,,,2909-20,2909-20,2909-20 Milw Roofing Nailer - M18,,,Milwaukee,Milwaukee Accessory (4031),Milwaukee,Milwaukee,,2909-20,,,"Milwaukee, Milw Roofing Nailer, M18, 2909-20, 2909-20",MILW ROOFING NAILER - M18,Milwaukee 2909-20 Milw Roofing Nailer - M18,"Milwaukee, 2909-20 Milw Roofing Nailer - M18",Milwaukee 2909-20 Milw Roofing Nailer - M18,"Milwaukee, 2909-20 Milw Roofing Nailer - M18",,,,,,,,,,,,,,,,,,,,,,,,,,,,,,,,,,,,,,,,,,,,,,,,,,,,,,,,,,,,,,,,,,,,,,,,,,,,,,,,,,,,,,,,,,,,,,,,,,,,,,,,,,,,,,,,,,,,,,,,,,,,,,,,,,,,,,,,,,,,,,,,,,,,,,,,,,,,,,,,,,,,,,,,,,,,,,,,,,,,,,,,,,,,,,,,,,,,,,,,,,,,,,,,,,,,,,,,,,,,,,,
,,,,,,2909-21,,,,2909-21,2909-21,2909-21 Milw M18 Coil Roofing - Nailer Kit,,,Milwaukee,Milwaukee Accessory (4031),Milwaukee,Milwaukee,,2909-21,,,"Milwaukee, Milw M18 Coil Roofing, Nailer Kit, 2909-21, 2909-",MILW M18 COIL ROOFING - NAILER KIT,Milwaukee 2909-21 Milw M18 Coil Roofing - Nailer Kit,"Milwaukee, 2909-21 Milw M18 Coil Roofing - Nailer Kit",Milwaukee 2909-21 Milw M18 Coil Roofing - Nailer Kit,"Milwaukee, 2909-21 Milw M18 Coil Roofing - Nailer Kit",,,,,,,,,,,,,,,,,,,,,,,,,,,,,,,,,,,,,,,,,,,,,,,,,,,,,,,,,,,,,,,,,,,,,,,,,,,,,,,,,,,,,,,,,,,,,,,,,,,,,,,,,,,,,,,,,,,,,,,,,,,,,,,,,,,,,,,,,,,,,,,,,,,,,,,,,,,,,,,,,,,,,,,,,,,,,,,,,,,,,,,,,,,,,,,,,,,,,,,,,,,,,,,,,,,,,,,,,,,,,,,
,,,,,,918200,,,,918200,918200,918200 Paslode CT200S24 18Ga ST Brad Nailer,,,,National Nail Corp (7439),National Nail Corp,National Nail Corp,,918200,,,"National Nail Corp, Paslode Ct200S24 18Ga St Brad Nailer, 918200",PASLODE CT200S24 18GA ST BRAD NAILER,National Nail Corp 918200 Paslode Ct200S24 18Ga St Brad Nailer,"National Nail Corp, 918200 Paslode CT200S24 18Ga ST Brad Nailer",National Nail Corp 918200 Paslode Ct200S24 18Ga St Brad Nailer,"National Nail Corp, 918200 Paslode CT200S24 18Ga ST Brad Nailer",,,,,,,,,,,,,,,,,,,,,,,,,,,,,,,,,,,,,,,,,,,,,,,,,,,,,,,,,,,,,,,,,,,,,,,,,,,,,,,,,,,,,,,,,,,,,,,,,,,,,,,,,,,,,,,,,,,,,,,,,,,,,,,,,,,,,,,,,,,,,,,,,,,,,,,,,,,,,,,,,,,,,,,,,,,,,,,,,,,,,,,,,,,,,,,,,,,,,,,,,,,,,,,,,,,,,,,,,,,,,,,
,,,,,,2541-20,,,,2541-20,2541-20,2541-20 Milw M12 - Compact Brad Nailer (Bare),,,,Milwaukee Accessory (4031),Milwaukee Accessory,Milwaukee Accessory,,2541-20,,,"Milwaukee Accessory, Milw M12, Compact Brad Nailer (Bare), 2541-20",MILW M12 - COMPACT BRAD NAILER (BARE),Milwaukee Accessory 2541-20 Milw M12 - Compact Brad Nailer (Bare),"Milwaukee Accessory, 2541-20 Milw M12 - Compact Brad Nailer (Bare)",Milwaukee Accessory 2541-20 Milw M12 - Compact Brad Nailer (Bare),"Milwaukee Accessory, 2541-20 Milw M12 - Compact Brad Nailer (Bare)",,,,,,,,,,,,,,,,,,,,,,,,,,,,,,,,,,,,,,,,,,,,,,,,,,,,,,,,,,,,,,,,,,,,,,,,,,,,,,,,,,,,,,,,,,,,,,,,,,,,,,,,,,,,,,,,,,,,,,,,,,,,,,,,,,,,,,,,,,,,,,,,,,,,,,,,,,,,,,,,,,,,,,,,,,,,,,,,,,,,,,,,,,,,,,,,,,,,,,,,,,,,,,,,,,,,,,,,,,,,,,,
,,,,,,DCN930B,,,,DCN930B,DCN930B,DCN930B Dewalt 20V 30 Degree - Framing Nailer,,,DEWALT,Black & Decker/dewlt (2585),DEWALT,DEWALT,,DCN930B,,,"DEWALT, Dewalt, Dewalt 20V 30 Degree, Framing Nailer, Dcn930B",DEWALT 20V 30 DEGREE - FRAMING NAILER,Dewalt Dcn930B Dewalt 20V 30 Degree - Framing Nailer,"DEWALT, DCN930B Dewalt 20V 30 Degree - Framing Nailer",Dewalt Dcn930B Dewalt 20V 30 Degree - Framing Nailer,"DEWALT, DCN930B Dewalt 20V 30 Degree - Framing Nailer",,,,,,,,,,,,,,,,,,,,,,,,,,,,,,,,,,,,,,,,,,,,,,,,,,,,,,,,,,,,,,,,,,,,,,,,,,,,,,,,,,,,,,,,,,,,,,,,,,,,,,,,,,,,,,,,,,,,,,,,,,,,,,,,,,,,,,,,,,,,,,,,,,,,,,,,,,,,,,,,,,,,,,,,,,,,,,,,,,,,,,,,,,,,,,,,,,,,,,,,,,,,,,,,,,,,,,,,,,,,,,,
,,,,,,DCN930P1,,,,DCN930P1,DCN930P1,DCN930P1 Dewalt 20V 30 Degree - Framing Nailer Kit,,,DEWALT,Black & Decker/dewlt (2585),DEWALT,DEWALT,,DCN930P1,,,"DEWALT, Dewalt, Dewalt 20V 30 Degree, Framing Nailer Kit, Dcn930P1",DEWALT 20V 30 DEGREE - FRAMING NAILER,Dewalt Dcn930P1 Dewalt 20V 30 Degree - Framing Nailer Kit,"DEWALT, DCN930P1 Dewalt 20V 30 Degree - Framing Nailer Kit",Dewalt Dcn930P1 Dewalt 20V 30 Degree - Framing Nailer Kit,"DEWALT, DCN930P1 Dewalt 20V 30 Degree - Framing Nailer Kit",,,,,,,,,,,,,,,,,,,,,,,,,,,,,,,,,,,,,,,,,,,,,,,,,,,,,,,,,,,,,,,,,,,,,,,,,,,,,,,,,,,,,,,,,,,,,,,,,,,,,,,,,,,,,,,,,,,,,,,,,,,,,,,,,,,,,,,,,,,,,,,,,,,,,,,,,,,,,,,,,,,,,,,,,,,,,,,,,,,,,,,,,,,,,,,,,,,,,,,,,,,,,,,,,,,,,,,,,,,,,,,
,,,,,,XNB04Z,,,,XNB04Z,XNB04Z,"XNB04Z Makita 18V 2"" Brad Nailer 18GA (Bare)",,,,Makita Usa Inc (5142),Makita Usa Inc,Makita Usa Inc,,XNB04Z,,,"Makita Usa Inc, Makita 18V 2"" Brad Nailer 18Ga (Bare), Xnb04Z","MAKITA 18V 2"" BRAD NAILER 18GA (BARE)","Makita Usa Inc Xnb04Z Makita 18V 2"" Brad Nailer 18Ga (Bare)","Makita Usa Inc, XNB04Z Makita 18V 2"" Brad Nailer 18GA (Bare)","Makita Usa Inc Xnb04Z Makita 18V 2"" Brad Nailer 18Ga (Bare)","Makita Usa Inc, XNB04Z Makita 18V 2"" Brad Nailer 18GA (Bare)",,,,,,,,,,,,,,,,,,,,,,,,,,,,,,,,,,,,,,,,,,,,,,,,,,,,,,,,,,,,,,,,,,,,,,,,,,,,,,,,,,,,,,,,,,,,,,,,,,,,,,,,,,,,,,,,,,,,,,,,,,,,,,,,,,,,,,,,,,,,,,,,,,,,,,,,,,,,,,,,,,,,,,,,,,,,,,,,,,,,,,,,,,,,,,,,,,,,,,,,,,,,,,,,,,,,,,,,,,,,,,,
,,,,,,XNB05Z,,,,XNB05Z,XNB05Z,"XNB05Z Makita 18V 2-1/2"" Straight Finish Nailer 16GA",,,,Makita Usa Inc (5142),Makita Usa Inc,Makita Usa Inc,,XNB05Z,,,"Makita Usa Inc, Makita 18V 2, 1/2"" Straight Finish Nailer 16Ga, Xnb05Z","MAKITA 18V 2-1/2"" STRAIGHT FINISH","Makita Usa Inc Xnb05Z Makita 18V 2-1/2"" Straight Finish Nailer 16Ga","Makita Usa Inc, XNB05Z Makita 18V 2-1/2"" Straight Finish Nailer 16GA","Makita Usa Inc Xnb05Z Makita 18V 2-1/2"" Straight Finish Nailer 16Ga","Makita Usa Inc, XNB05Z Makita 18V 2-1/2"" Straight Finish Nailer 16GA",,,,,,,,,,,,,,,,,,,,,,,,,,,,,,,,,,,,,,,,,,,,,,,,,,,,,,,,,,,,,,,,,,,,,,,,,,,,,,,,,,,,,,,,,,,,,,,,,,,,,,,,,,,,,,,,,,,,,,,,,,,,,,,,,,,,,,,,,,,,,,,,,,,,,,,,,,,,,,,,,,,,,,,,,,,,,,,,,,,,,,,,,,,,,,,,,,,,,,,,,,,,,,,,,,,,,,,,,,,,,,,
,,,,,,XNB06Z,,,,XNB06Z,XNB06Z,"XNB06Z Makita 18V 2-1/2"" Angled Finish Nailer 16GA",,,,Makita Usa Inc (5142),Makita Usa Inc,Makita Usa Inc,,XNB06Z,,,"Makita Usa Inc, Makita 18V 2, 1/2"" Angled Finish Nailer 16Ga, Xnb06Z","MAKITA 18V 2-1/2"" ANGLED FINISH NAILER","Makita Usa Inc Xnb06Z Makita 18V 2-1/2"" Angled Finish Nailer 16Ga","Makita Usa Inc, XNB06Z Makita 18V 2-1/2"" Angled Finish Nailer 16GA","Makita Usa Inc Xnb06Z Makita 18V 2-1/2"" Angled Finish Nailer 16Ga","Makita Usa Inc, XNB06Z Makita 18V 2-1/2"" Angled Finish Nailer 16GA",,,,,,,,,,,,,,,,,,,,,,,,,,,,,,,,,,,,,,,,,,,,,,,,,,,,,,,,,,,,,,,,,,,,,,,,,,,,,,,,,,,,,,,,,,,,,,,,,,,,,,,,,,,,,,,,,,,,,,,,,,,,,,,,,,,,,,,,,,,,,,,,,,,,,,,,,,,,,,,,,,,,,,,,,,,,,,,,,,,,,,,,,,,,,,,,,,,,,,,,,,,,,,,,,,,,,,,,,,,,,,,
,,,,,,XNB07Z,,,,XNB07Z,XNB07Z,XNB07Z Makita 18V LXT BL 30 Nailer (Bare),,,,Makita Usa Inc (5142),Makita Usa Inc,Makita Usa Inc,,XNB07Z,,,"Makita Usa Inc, Makita 18V Lxt Bl 30 Nailer (Bare), Xnb07Z, ",MAKITA 18V LXT BL 30 NAILER (BARE),Makita Usa Inc Xnb07Z Makita 18V Lxt Bl 30 Nailer (Bare),"Makita Usa Inc, XNB07Z Makita 18V LXT BL 30 Nailer (Bare)",Makita Usa Inc Xnb07Z Makita 18V Lxt Bl 30 Nailer (Bare),"Makita Usa Inc, XNB07Z Makita 18V LXT BL 30 Nailer (Bare)",,,,,,,,,,,,,,,,,,,,,,,,,,,,,,,,,,,,,,,,,,,,,,,,,,,,,,,,,,,,,,,,,,,,,,,,,,,,,,,,,,,,,,,,,,,,,,,,,,,,,,,,,,,,,,,,,,,,,,,,,,,,,,,,,,,,,,,,,,,,,,,,,,,,,,,,,,,,,,,,,,,,,,,,,,,,,,,,,,,,,,,,,,,,,,,,,,,,,,,,,,,,,,,,,,,,,,,,,,,,,,,
,,,,,,DZN930,,,,DZN930,DZN930,DZN930 Dewalt 30 Degree - Framing Magazine,,,,Black & Decker/dewlt (2585),Black & Decker/dewlt,Black & Decker/dewlt,,DZN930,,,"Black & Decker/Dewlt, Dewalt 30 Degree, Framing Magazine, Dzn930",DEWALT 30 DEGREE - FRAMING MAGAZINE,Black & Decker/Dewlt Dzn930 Dewalt 30 Degree - Framing Magazine,"Black & Decker/dewlt, DZN930 Dewalt 30 Degree - Framing Magazine",Black & Decker/Dewlt Dzn930 Dewalt 30 Degree - Framing Magazine,"Black & Decker/dewlt, DZN930 Dewalt 30 Degree - Framing Magazine",,,,,,,,,,,,,,,,,,,,,,,,,,,,,,,,,,,,,,,,,,,,,,,,,,,,,,,,,,,,,,,,,,,,,,,,,,,,,,,,,,,,,,,,,,,,,,,,,,,,,,,,,,,,,,,,,,,,,,,,,,,,,,,,,,,,,,,,,,,,,,,,,,,,,,,,,,,,,,,,,,,,,,,,,,,,,,,,,,,,,,,,,,,,,,,,,,,,,,,,,,,,,,,,,,,,,,,,,,,,,,,
,,,,,,220USB25U,,,,220USB25U,220USB25U,220USB25U Vessel Screwdriver w/25pc Bit Set,,,,Vessel Tools USA Inc (VESTO),Vessel Tools USA Inc,Vessel Tools USA Inc,,220USB25U,,,"Vessel Tools Usa Inc, Vessel Screwdriver W/25Pc Bit Set, 220Usb25U",VESSEL SCREWDRIVER W/25PC BIT SET,Vessel Tools Usa Inc 220Usb25U Vessel Screwdriver W/25Pc Bit Set,"Vessel Tools USA Inc, 220USB25U Vessel Screwdriver w/25pc Bit Set",Vessel Tools Usa Inc 220Usb25U Vessel Screwdriver W/25Pc Bit Set,"Vessel Tools USA Inc, 220USB25U Vessel Screwdriver w/25pc Bit Set",,,,,,,,,,,,,,,,,,,,,,,,,,,,,,,,,,,,,,,,,,,,,,,,,,,,,,,,,,,,,,,,,,,,,,,,,,,,,,,,,,,,,,,,,,,,,,,,,,,,,,,,,,,,,,,,,,,,,,,,,,,,,,,,,,,,,,,,,,,,,,,,,,,,,,,,,,,,,,,,,,,,,,,,,,,,,,,,,,,,,,,,,,,,,,,,,,,,,,,,,,,,,,,,,,,,,,,,,,,,,,,
,,,,,,XRF03Z,,,,XRF03Z,XRF03Z,XRF03Z Makita 18V Screwdriver - Autofeed,,,,Makita Usa Inc (5142),Makita Usa Inc,Makita Usa Inc,,XRF03Z,,,"Makita Usa Inc, Makita 18V Screwdriver, Autofeed, Xrf03Z, XR",MAKITA 18V SCREWDRIVER - AUTOFEED,Makita Usa Inc Xrf03Z Makita 18V Screwdriver - Autofeed,"Makita Usa Inc, XRF03Z Makita 18V Screwdriver - Autofeed",Makita Usa Inc Xrf03Z Makita 18V Screwdriver - Autofeed,"Makita Usa Inc, XRF03Z Makita 18V Screwdriver - Autofeed",,,,,,,,,,,,,,,,,,,,,,,,,,,,,,,,,,,,,,,,,,,,,,,,,,,,,,,,,,,,,,,,,,,,,,,,,,,,,,,,,,,,,,,,,,,,,,,,,,,,,,,,,,,,,,,,,,,,,,,,,,,,,,,,,,,,,,,,,,,,,,,,,,,,,,,,,,,,,,,,,,,,,,,,,,,,,,,,,,,,,,,,,,,,,,,,,,,,,,,,,,,,,,,,,,,,,,,,,,,,,,,
,,,,,,220USBP5U,,,,220USBP5U,220USBP5U,220USBP5U Vessel Screwdriver Plus w/5pc Bit Set,,,,Vessel Tools USA Inc (VESTO),Vessel Tools USA Inc,Vessel Tools USA Inc,,220USBP5U,,,"Vessel Tools Usa Inc, Vessel Screwdriver Plus W/5Pc Bit Set, 220Usbp5U",VESSEL SCREWDRIVER PLUS W/5PC BIT SET,Vessel Tools Usa Inc 220Usbp5U Vessel Screwdriver Plus W/5Pc Bit Set,"Vessel Tools USA Inc, 220USBP5U Vessel Screwdriver Plus w/5pc Bit Set",Vessel Tools Usa Inc 220Usbp5U Vessel Screwdriver Plus W/5Pc Bit Set,"Vessel Tools USA Inc, 220USBP5U Vessel Screwdriver Plus w/5pc Bit Set",,,,,,,,,,,,,,,,,,,,,,,,,,,,,,,,,,,,,,,,,,,,,,,,,,,,,,,,,,,,,,,,,,,,,,,,,,,,,,,,,,,,,,,,,,,,,,,,,,,,,,,,,,,,,,,,,,,,,,,,,,,,,,,,,,,,,,,,,,,,,,,,,,,,,,,,,,,,,,,,,,,,,,,,,,,,,,,,,,,,,,,,,,,,,,,,,,,,,,,,,,,,,,,,,,,,,,,,,,,,,,,
,,,,,,49-66-4567,,,,49-66-4567,49-66-4567,"49-66-4567 Milw 6"" Magnetic - Impact Driver Set 6pc",,,,Milwaukee Accessory (4031),Milwaukee Accessory,Milwaukee Accessory,,49-66-4567,,,"Milwaukee Accessory, Milw 6"" Magnetic, Impact Driver Set 6Pc, 49-66-4567","MILW 6"" MAGNETIC - IMPACT DRIVER SET 6PC","Milwaukee Accessory 49-66-4567 Milw 6"" Magnetic - Impact Driver Set 6Pc","Milwaukee Accessory, 49-66-4567 Milw 6"" Magnetic - Impact Driver Set 6pc","Milwaukee Accessory 49-66-4567 Milw 6"" Magnetic - Impact Driver Set 6Pc","Milwaukee Accessory, 49-66-4567 Milw 6"" Magnetic - Impact Driver Set 6pc",,,,,,,,,,,,,,,,,,,,,,,,,,,,,,,,,,,,,,,,,,,,,,,,,,,,,,,,,,,,,,,,,,,,,,,,,,,,,,,,,,,,,,,,,,,,,,,,,,,,,,,,,,,,,,,,,,,,,,,,,,,,,,,,,,,,,,,,,,,,,,,,,,,,,,,,,,,,,,,,,,,,,,,,,,,,,,,,,,,,,,,,,,,,,,,,,,,,,,,,,,,,,,,,,,,,,,,,,,,,,,,
,,,,,,IBMG90K003,,,,IBMG90K003,IBMG90K003,"IBMG90K003 Vessel Impact Ball Torsion Bit Assort 5pc 3.5""",,,,Vessel Tools USA Inc (VESTO),Vessel Tools USA Inc,Vessel Tools USA Inc,,IBMG90K003,,,"Vessel Tools Usa Inc, Vessel Impact Ball Torsion Bit Assort 5Pc 3.5"", Ibmg90K003",VESSEL IMPACT BALL TORSION BIT ASSORT,"Vessel Tools Usa Inc Ibmg90K003 Vessel Impact Ball Torsion Bit Assort 5Pc 3.5""","Vessel Tools USA Inc, IBMG90K003 Vessel Impact Ball Torsion Bit Assort 5pc 3.5""","Vessel Tools Usa Inc Ibmg90K003 Vessel Impact Ball Torsion Bit Assort 5Pc 3.5""","Vessel Tools USA Inc, IBMG90K003 Vessel Impact Ball Torsion Bit Assort 5pc 3.5""",,,,,,,,,,,,,,,,,,,,,,,,,,,,,,,,,,,,,,,,,,,,,,,,,,,,,,,,,,,,,,,,,,,,,,,,,,,,,,,,,,,,,,,,,,,,,,,,,,,,,,,,,,,,,,,,,,,,,,,,,,,,,,,,,,,,,,,,,,,,,,,,,,,,,,,,,,,,,,,,,,,,,,,,,,,,,,,,,,,,,,,,,,,,,,,,,,,,,,,,,,,,,,,,,,,,,,,,,,,,,,,
,,,,,,IBPH250P15T,,,,IBPH250P15T,IBPH250P15T,"IBPH250P15T Vessel Torsion Bit 2"" 15pc",,,,Vessel Tools USA Inc (VESTO),Vessel Tools USA Inc,Vessel Tools USA Inc,,IBPH250P15T,,,"Vessel Tools Usa Inc, Vessel Torsion Bit 2"" 15Pc, Ibph250P15T","VESSEL TORSION BIT 2"" 15PC","Vessel Tools Usa Inc Ibph250P15T Vessel Torsion Bit 2"" 15Pc","Vessel Tools USA Inc, IBPH250P15T Vessel Torsion Bit 2"" 15pc","Vessel Tools Usa Inc Ibph250P15T Vessel Torsion Bit 2"" 15Pc","Vessel Tools USA Inc, IBPH250P15T Vessel Torsion Bit 2"" 15pc",,,,,,,,,,,,,,,,,,,,,,,,,,,,,,,,,,,,,,,,,,,,,,,,,,,,,,,,,,,,,,,,,,,,,,,,,,,,,,,,,,,,,,,,,,,,,,,,,,,,,,,,,,,,,,,,,,,,,,,,,,,,,,,,,,,,,,,,,,,,,,,,,,,,,,,,,,,,,,,,,,,,,,,,,,,,,,,,,,,,,,,,,,,,,,,,,,,,,,,,,,,,,,,,,,,,,,,,,,,,,,,
,,,,,,DPH12B,,,,DPH12B,DPH12B,"DPH12B 2"" #1 Phillips Drive - Bit",,,Diablo,Freud Inc (2435),Diablo,Diablo,,DPH12B,,,"Diablo, 2"" #1 Phillips Drive, Bit, Dph12B, DPH12B","2"" #1 PHILLIPS DRIVE - BIT","Diablo Dph12B 2"" #1 Phillips Drive - Bit","Diablo, DPH12B 2"" #1 Phillips Drive - Bit","Diablo Dph12B 2"" #1 Phillips Drive - Bit","Diablo, DPH12B 2"" #1 Phillips Drive - Bit",,,,,,,,,,,,,,,,,,,,,,,,,,,,,,,,,,,,,,,,,,,,,,,,,,,,,,,,,,,,,,,,,,,,,,,,,,,,,,,,,,,,,,,,,,,,,,,,,,,,,,,,,,,,,,,,,,,,,,,,,,,,,,,,,,,,,,,,,,,,,,,,,,,,,,,,,,,,,,,,,,,,,,,,,,,,,,,,,,,,,,,,,,,,,,,,,,,,,,,,,,,,,,,,,,,,,,,,,,,,,,,
,,,,,,DPH135B,,,,DPH135B,DPH135B,"DPH135B 3-1/2"" #1 Phillips - Drive Bit",,,Diablo,Freud Inc (2435),Diablo,Diablo,,DPH135B,,,"Diablo, 3, 1/2"" #1 Phillips, Drive Bit, Dph135B, DPH135B","3-1/2"" #1 PHILLIPS - DRIVE BIT","Diablo Dph135B 3-1/2"" #1 Phillips - Drive Bit","Diablo, DPH135B 3-1/2"" #1 Phillips - Drive Bit","Diablo Dph135B 3-1/2"" #1 Phillips - Drive Bit","Diablo, DPH135B 3-1/2"" #1 Phillips - Drive Bit",,,,,,,,,,,,,,,,,,,,,,,,,,,,,,,,,,,,,,,,,,,,,,,,,,,,,,,,,,,,,,,,,,,,,,,,,,,,,,,,,,,,,,,,,,,,,,,,,,,,,,,,,,,,,,,,,,,,,,,,,,,,,,,,,,,,,,,,,,,,,,,,,,,,,,,,,,,,,,,,,,,,,,,,,,,,,,,,,,,,,,,,,,,,,,,,,,,,,,,,,,,,,,,,,,,,,,,,,,,,,,,
,,,,,,DPH21B,,,,DPH21B,DPH21B,"DPH21B 1"" #2 Phillips Drive - Bit",,,Diablo,Freud Inc (2435),Diablo,Diablo,,DPH21B,,,"Diablo, 1"" #2 Phillips Drive, Bit, Dph21B, DPH21B","1"" #2 PHILLIPS DRIVE - BIT","Diablo Dph21B 1"" #2 Phillips Drive - Bit","Diablo, DPH21B 1"" #2 Phillips Drive - Bit","Diablo Dph21B 1"" #2 Phillips Drive - Bit","Diablo, DPH21B 1"" #2 Phillips Drive - Bit",,,,,,,,,,,,,,,,,,,,,,,,,,,,,,,,,,,,,,,,,,,,,,,,,,,,,,,,,,,,,,,,,,,,,,,,,,,,,,,,,,,,,,,,,,,,,,,,,,,,,,,,,,,,,,,,,,,,,,,,,,,,,,,,,,,,,,,,,,,,,,,,,,,,,,,,,,,,,,,,,,,,,,,,,,,,,,,,,,,,,,,,,,,,,,,,,,,,,,,,,,,,,,,,,,,,,,,,,,,,,,,
,,,,,,DPH22B,,,,DPH22B,DPH22B,"DPH22B 2"" #2 Phillips Drive - Bit",,,Diablo,Freud Inc (2435),Diablo,Diablo,,DPH22B,,,"Diablo, 2"" #2 Phillips Drive, Bit, Dph22B, DPH22B","2"" #2 PHILLIPS DRIVE - BIT","Diablo Dph22B 2"" #2 Phillips Drive - Bit","Diablo, DPH22B 2"" #2 Phillips Drive - Bit","Diablo Dph22B 2"" #2 Phillips Drive - Bit","Diablo, DPH22B 2"" #2 Phillips Drive - Bit",,,,,,,,,,,,,,,,,,,,,,,,,,,,,,,,,,,,,,,,,,,,,,,,,,,,,,,,,,,,,,,,,,,,,,,,,,,,,,,,,,,,,,,,,,,,,,,,,,,,,,,,,,,,,,,,,,,,,,,,,,,,,,,,,,,,,,,,,,,,,,,,,,,,,,,,,,,,,,,,,,,,,,,,,,,,,,,,,,,,,,,,,,,,,,,,,,,,,,,,,,,,,,,,,,,,,,,,,,,,,,,
,,,,,,DPH235B,,,,DPH235B,DPH235B,"DPH235B 3-1/2"" #2 Phillips - Drive Bit",,,Diablo,Freud Inc (2435),Diablo,Diablo,,DPH235B,,,"Diablo, 3, 1/2"" #2 Phillips, Drive Bit, Dph235B, DPH235B","3-1/2"" #2 PHILLIPS - DRIVE BIT","Diablo Dph235B 3-1/2"" #2 Phillips - Drive Bit","Diablo, DPH235B 3-1/2"" #2 Phillips - Drive Bit","Diablo Dph235B 3-1/2"" #2 Phillips - Drive Bit","Diablo, DPH235B 3-1/2"" #2 Phillips - Drive Bit",,,,,,,,,,,,,,,,,,,,,,,,,,,,,,,,,,,,,,,,,,,,,,,,,,,,,,,,,,,,,,,,,,,,,,,,,,,,,,,,,,,,,,,,,,,,,,,,,,,,,,,,,,,,,,,,,,,,,,,,,,,,,,,,,,,,,,,,,,,,,,,,,,,,,,,,,,,,,,,,,,,,,,,,,,,,,,,,,,,,,,,,,,,,,,,,,,,,,,,,,,,,,,,,,,,,,,,,,,,,,,,
,,,,,,DPH26B,,,,DPH26B,DPH26B,"DPH26B 6"" #2 Phillips Drive - Bit",,,Diablo,Freud Inc (2435),Diablo,Diablo,,DPH26B,,,"Diablo, 6"" #2 Phillips Drive, Bit, Dph26B, DPH26B","6"" #2 PHILLIPS DRIVE - BIT","Diablo Dph26B 6"" #2 Phillips Drive - Bit","Diablo, DPH26B 6"" #2 Phillips Drive - Bit","Diablo Dph26B 6"" #2 Phillips Drive - Bit","Diablo, DPH26B 6"" #2 Phillips Drive - Bit",,,,,,,,,,,,,,,,,,,,,,,,,,,,,,,,,,,,,,,,,,,,,,,,,,,,,,,,,,,,,,,,,,,,,,,,,,,,,,,,,,,,,,,,,,,,,,,,,,,,,,,,,,,,,,,,,,,,,,,,,,,,,,,,,,,,,,,,,,,,,,,,,,,,,,,,,,,,,,,,,,,,,,,,,,,,,,,,,,,,,,,,,,,,,,,,,,,,,,,,,,,,,,,,,,,,,,,,,,,,,,,
,,,,,,DPH2R1B,,,,DPH2R1B,DPH2R1B,"DPH2R1B 1"" #2 Phillips Drywall - Screws Drive Bit",,,Diablo,Freud Inc (2435),Diablo,Diablo,,DPH2R1B,,,"Diablo, 1"" #2 Phillips Drywall, Screws Drive Bit, Dph2R1B, D","1"" #2 PHILLIPS DRYWALL - SCREWS DRIVE","Diablo Dph2R1B 1"" #2 Phillips Drywall - Screws Drive Bit","Diablo, DPH2R1B 1"" #2 Phillips Drywall - Screws Drive Bit","Diablo Dph2R1B 1"" #2 Phillips Drywall - Screws Drive Bit","Diablo, DPH2R1B 1"" #2 Phillips Drywall - Screws Drive Bit",,,,,,,,,,,,,,,,,,,,,,,,,,,,,,,,,,,,,,,,,,,,,,,,,,,,,,,,,,,,,,,,,,,,,,,,,,,,,,,,,,,,,,,,,,,,,,,,,,,,,,,,,,,,,,,,,,,,,,,,,,,,,,,,,,,,,,,,,,,,,,,,,,,,,,,,,,,,,,,,,,,,,,,,,,,,,,,,,,,,,,,,,,,,,,,,,,,,,,,,,,,,,,,,,,,,,,,,,,,,,,,
,,,,,,DPH31B,,,,DPH31B,DPH31B,"DPH31B 1"" #3 Phillips Drive - Bit",,,Diablo,Freud Inc (2435),Diablo,Diablo,,DPH31B,,,"Diablo, 1"" #3 Phillips Drive, Bit, Dph31B, DPH31B","1"" #3 PHILLIPS DRIVE - BIT","Diablo Dph31B 1"" #3 Phillips Drive - Bit","Diablo, DPH31B 1"" #3 Phillips Drive - Bit","Diablo Dph31B 1"" #3 Phillips Drive - Bit","Diablo, DPH31B 1"" #3 Phillips Drive - Bit",,,,,,,,,,,,,,,,,,,,,,,,,,,,,,,,,,,,,,,,,,,,,,,,,,,,,,,,,,,,,,,,,,,,,,,,,,,,,,,,,,,,,,,,,,,,,,,,,,,,,,,,,,,,,,,,,,,,,,,,,,,,,,,,,,,,,,,,,,,,,,,,,,,,,,,,,,,,,,,,,,,,,,,,,,,,,,,,,,,,,,,,,,,,,,,,,,,,,,,,,,,,,,,,,,,,,,,,,,,,,,,
,,,,,,DPH32B,,,,DPH32B,DPH32B,"DPH32B 2"" #3 Phillips Drive - Bit",,,Diablo,Freud Inc (2435),Diablo,Diablo,,DPH32B,,,"Diablo, 2"" #3 Phillips Drive, Bit, Dph32B, DPH32B","2"" #3 PHILLIPS DRIVE - BIT","Diablo Dph32B 2"" #3 Phillips Drive - Bit","Diablo, DPH32B 2"" #3 Phillips Drive - Bit","Diablo Dph32B 2"" #3 Phillips Drive - Bit","Diablo, DPH32B 2"" #3 Phillips Drive - Bit",,,,,,,,,,,,,,,,,,,,,,,,,,,,,,,,,,,,,,,,,,,,,,,,,,,,,,,,,,,,,,,,,,,,,,,,,,,,,,,,,,,,,,,,,,,,,,,,,,,,,,,,,,,,,,,,,,,,,,,,,,,,,,,,,,,,,,,,,,,,,,,,,,,,,,,,,,,,,,,,,,,,,,,,,,,,,,,,,,,,,,,,,,,,,,,,,,,,,,,,,,,,,,,,,,,,,,,,,,,,,,,
,,,,,,DPH335B,,,,DPH335B,DPH335B,"DPH335B 3-1/2"" #3 Phillips - Drive Bit",,,Diablo,Freud Inc (2435),Diablo,Diablo,,DPH335B,,,"Diablo, 3, 1/2"" #3 Phillips, Drive Bit, Dph335B, DPH335B","3-1/2"" #3 PHILLIPS - DRIVE BIT","Diablo Dph335B 3-1/2"" #3 Phillips - Drive Bit","Diablo, DPH335B 3-1/2"" #3 Phillips - Drive Bit","Diablo Dph335B 3-1/2"" #3 Phillips - Drive Bit","Diablo, DPH335B 3-1/2"" #3 Phillips - Drive Bit",,,,,,,,,,,,,,,,,,,,,,,,,,,,,,,,,,,,,,,,,,,,,,,,,,,,,,,,,,,,,,,,,,,,,,,,,,,,,,,,,,,,,,,,,,,,,,,,,,,,,,,,,,,,,,,,,,,,,,,,,,,,,,,,,,,,,,,,,,,,,,,,,,,,,,,,,,,,,,,,,,,,,,,,,,,,,,,,,,,,,,,,,,,,,,,,,,,,,,,,,,,,,,,,,,,,,,,,,,,,,,,
,,,,,,DSQ12B,,,,DSQ12B,DSQ12B,"DSQ12B 2"" #1 Square Drive Bit",,,Diablo,Freud Inc (2435),Diablo,Diablo,,DSQ12B,,,"Diablo, 2"" #1 Square Drive Bit, Dsq12B, DSQ12B","2"" #1 SQUARE DRIVE BIT","Diablo Dsq12B 2"" #1 Square Drive Bit","Diablo, DSQ12B 2"" #1 Square Drive Bit","Diablo Dsq12B 2"" #1 Square Drive Bit","Diablo, DSQ12B 2"" #1 Square Drive Bit",,,,,,,,,,,,,,,,,,,,,,,,,,,,,,,,,,,,,,,,,,,,,,,,,,,,,,,,,,,,,,,,,,,,,,,,,,,,,,,,,,,,,,,,,,,,,,,,,,,,,,,,,,,,,,,,,,,,,,,,,,,,,,,,,,,,,,,,,,,,,,,,,,,,,,,,,,,,,,,,,,,,,,,,,,,,,,,,,,,,,,,,,,,,,,,,,,,,,,,,,,,,,,,,,,,,,,,,,,,,,,,
,,,,,,DSQ22B,,,,DSQ22B,DSQ22B,"DSQ22B 2"" #2 Square Drive Bit",,,Diablo,Freud Inc (2435),Diablo,Diablo,,DSQ22B,,,"Diablo, 2"" #2 Square Drive Bit, Dsq22B, DSQ22B","2"" #2 SQUARE DRIVE BIT","Diablo Dsq22B 2"" #2 Square Drive Bit","Diablo, DSQ22B 2"" #2 Square Drive Bit","Diablo Dsq22B 2"" #2 Square Drive Bit","Diablo, DSQ22B 2"" #2 Square Drive Bit",,,,,,,,,,,,,,,,,,,,,,,,,,,,,,,,,,,,,,,,,,,,,,,,,,,,,,,,,,,,,,,,,,,,,,,,,,,,,,,,,,,,,,,,,,,,,,,,,,,,,,,,,,,,,,,,,,,,,,,,,,,,,,,,,,,,,,,,,,,,,,,,,,,,,,,,,,,,,,,,,,,,,,,,,,,,,,,,,,,,,,,,,,,,,,,,,,,,,,,,,,,,,,,,,,,,,,,,,,,,,,,
,,,,,,DSQ26B,,,,DSQ26B,DSQ26B,"DSQ26B 6"" #2 Square Drive Bit",,,Diablo,Freud Inc (2435),Diablo,Diablo,,DSQ26B,,,"Diablo, 6"" #2 Square Drive Bit, Dsq26B, DSQ26B","6"" #2 SQUARE DRIVE BIT","Diablo Dsq26B 6"" #2 Square Drive Bit","Diablo, DSQ26B 6"" #2 Square Drive Bit","Diablo Dsq26B 6"" #2 Square Drive Bit","Diablo, DSQ26B 6"" #2 Square Drive Bit",,,,,,,,,,,,,,,,,,,,,,,,,,,,,,,,,,,,,,,,,,,,,,,,,,,,,,,,,,,,,,,,,,,,,,,,,,,,,,,,,,,,,,,,,,,,,,,,,,,,,,,,,,,,,,,,,,,,,,,,,,,,,,,,,,,,,,,,,,,,,,,,,,,,,,,,,,,,,,,,,,,,,,,,,,,,,,,,,,,,,,,,,,,,,,,,,,,,,,,,,,,,,,,,,,,,,,,,,,,,,,,
,,,,,,DSQ32B,,,,DSQ32B,DSQ32B,"DSQ32B 2"" #3 Square Drive Bit",,,Diablo,Freud Inc (2435),Diablo,Diablo,,DSQ32B,,,"Diablo, 2"" #3 Square Drive Bit, Dsq32B, DSQ32B","2"" #3 SQUARE DRIVE BIT","Diablo Dsq32B 2"" #3 Square Drive Bit","Diablo, DSQ32B 2"" #3 Square Drive Bit","Diablo Dsq32B 2"" #3 Square Drive Bit","Diablo, DSQ32B 2"" #3 Square Drive Bit",,,,,,,,,,,,,,,,,,,,,,,,,,,,,,,,,,,,,,,,,,,,,,,,,,,,,,,,,,,,,,,,,,,,,,,,,,,,,,,,,,,,,,,,,,,,,,,,,,,,,,,,,,,,,,,,,,,,,,,,,,,,,,,,,,,,,,,,,,,,,,,,,,,,,,,,,,,,,,,,,,,,,,,,,,,,,,,,,,,,,,,,,,,,,,,,,,,,,,,,,,,,,,,,,,,,,,,,,,,,,,,
,,,,,,DT102B,,,,DT102B,DT102B,"DT102B 2"" #10 Torx Drive Bit",,,Diablo,Freud Inc (2435),Diablo,Diablo,,DT102B,,,"Diablo, 2"" #10 Torx Drive Bit, Dt102B, DT102B","2"" #10 TORX DRIVE BIT","Diablo Dt102B 2"" #10 Torx Drive Bit","Diablo, DT102B 2"" #10 Torx Drive Bit","Diablo Dt102B 2"" #10 Torx Drive Bit","Diablo, DT102B 2"" #10 Torx Drive Bit",,,,,,,,,,,,,,,,,,,,,,,,,,,,,,,,,,,,,,,,,,,,,,,,,,,,,,,,,,,,,,,,,,,,,,,,,,,,,,,,,,,,,,,,,,,,,,,,,,,,,,,,,,,,,,,,,,,,,,,,,,,,,,,,,,,,,,,,,,,,,,,,,,,,,,,,,,,,,,,,,,,,,,,,,,,,,,,,,,,,,,,,,,,,,,,,,,,,,,,,,,,,,,,,,,,,,,,,,,,,,,,
,,,,,,DT152B,,,,DT152B,DT152B,"DT152B 2"" #15 Torx Drive Bit",,,Diablo,Freud Inc (2435),Diablo,Diablo,,DT152B,,,"Diablo, 2"" #15 Torx Drive Bit, Dt152B, DT152B","2"" #15 TORX DRIVE BIT","Diablo Dt152B 2"" #15 Torx Drive Bit","Diablo, DT152B 2"" #15 Torx Drive Bit","Diablo Dt152B 2"" #15 Torx Drive Bit","Diablo, DT152B 2"" #15 Torx Drive Bit",,,,,,,,,,,,,,,,,,,,,,,,,,,,,,,,,,,,,,,,,,,,,,,,,,,,,,,,,,,,,,,,,,,,,,,,,,,,,,,,,,,,,,,,,,,,,,,,,,,,,,,,,,,,,,,,,,,,,,,,,,,,,,,,,,,,,,,,,,,,,,,,,,,,,,,,,,,,,,,,,,,,,,,,,,,,,,,,,,,,,,,,,,,,,,,,,,,,,,,,,,,,,,,,,,,,,,,,,,,,,,,
,,,,,,DT1535B,,,,DT1535B,DT1535B,"DT1535B 3-1/2"" #15 Torx Drive - Bit",,,Diablo,Freud Inc (2435),Diablo,Diablo,,DT1535B,,,"Diablo, 3, 1/2"" #15 Torx Drive, Bit, Dt1535B, DT1535B","3-1/2"" #15 TORX DRIVE - BIT","Diablo Dt1535B 3-1/2"" #15 Torx Drive - Bit","Diablo, DT1535B 3-1/2"" #15 Torx Drive - Bit","Diablo Dt1535B 3-1/2"" #15 Torx Drive - Bit","Diablo, DT1535B 3-1/2"" #15 Torx Drive - Bit",,,,,,,,,,,,,,,,,,,,,,,,,,,,,,,,,,,,,,,,,,,,,,,,,,,,,,,,,,,,,,,,,,,,,,,,,,,,,,,,,,,,,,,,,,,,,,,,,,,,,,,,,,,,,,,,,,,,,,,,,,,,,,,,,,,,,,,,,,,,,,,,,,,,,,,,,,,,,,,,,,,,,,,,,,,,,,,,,,,,,,,,,,,,,,,,,,,,,,,,,,,,,,,,,,,,,,,,,,,,,,,
,,,,,,DT202B,,,,DT202B,DT202B,"DT202B 2"" #20 Torx Drive Bit",,,Diablo,Freud Inc (2435),Diablo,Diablo,,DT202B,,,"Diablo, 2"" #20 Torx Drive Bit, Dt202B, DT202B","2"" #20 TORX DRIVE BIT","Diablo Dt202B 2"" #20 Torx Drive Bit","Diablo, DT202B 2"" #20 Torx Drive Bit","Diablo Dt202B 2"" #20 Torx Drive Bit","Diablo, DT202B 2"" #20 Torx Drive Bit",,,,,,,,,,,,,,,,,,,,,,,,,,,,,,,,,,,,,,,,,,,,,,,,,,,,,,,,,,,,,,,,,,,,,,,,,,,,,,,,,,,,,,,,,,,,,,,,,,,,,,,,,,,,,,,,,,,,,,,,,,,,,,,,,,,,,,,,,,,,,,,,,,,,,,,,,,,,,,,,,,,,,,,,,,,,,,,,,,,,,,,,,,,,,,,,,,,,,,,,,,,,,,,,,,,,,,,,,,,,,,,
,,,,,,DT2035B,,,,DT2035B,DT2035B,"DT2035B 3-1/2"" #20 Torx Drive - Bit",,,Diablo,Freud Inc (2435),Diablo,Diablo,,DT2035B,,,"Diablo, 3, 1/2"" #20 Torx Drive, Bit, Dt2035B, DT2035B","3-1/2"" #20 TORX DRIVE - BIT","Diablo Dt2035B 3-1/2"" #20 Torx Drive - Bit","Diablo, DT2035B 3-1/2"" #20 Torx Drive - Bit","Diablo Dt2035B 3-1/2"" #20 Torx Drive - Bit","Diablo, DT2035B 3-1/2"" #20 Torx Drive - Bit",,,,,,,,,,,,,,,,,,,,,,,,,,,,,,,,,,,,,,,,,,,,,,,,,,,,,,,,,,,,,,,,,,,,,,,,,,,,,,,,,,,,,,,,,,,,,,,,,,,,,,,,,,,,,,,,,,,,,,,,,,,,,,,,,,,,,,,,,,,,,,,,,,,,,,,,,,,,,,,,,,,,,,,,,,,,,,,,,,,,,,,,,,,,,,,,,,,,,,,,,,,,,,,,,,,,,,,,,,,,,,,
,,,,,,DT206B,,,,DT206B,DT206B,"DT206B 6"" #20 Torx Drive Bit",,,Diablo,Freud Inc (2435),Diablo,Diablo,,DT206B,,,"Diablo, 6"" #20 Torx Drive Bit, Dt206B, DT206B","6"" #20 TORX DRIVE BIT","Diablo Dt206B 6"" #20 Torx Drive Bit","Diablo, DT206B 6"" #20 Torx Drive Bit","Diablo Dt206B 6"" #20 Torx Drive Bit","Diablo, DT206B 6"" #20 Torx Drive Bit",,,,,,,,,,,,,,,,,,,,,,,,,,,,,,,,,,,,,,,,,,,,,,,,,,,,,,,,,,,,,,,,,,,,,,,,,,,,,,,,,,,,,,,,,,,,,,,,,,,,,,,,,,,,,,,,,,,,,,,,,,,,,,,,,,,,,,,,,,,,,,,,,,,,,,,,,,,,,,,,,,,,,,,,,,,,,,,,,,,,,,,,,,,,,,,,,,,,,,,,,,,,,,,,,,,,,,,,,,,,,,,
,,,,,,DT252B,,,,DT252B,DT252B,"DT252B 2"" #25 Trox Drive Bit",,,Diablo,Freud Inc (2435),Diablo,Diablo,,DT252B,,,"Diablo, 2"" #25 Trox Drive Bit, Dt252B, DT252B","2"" #25 TROX DRIVE BIT","Diablo Dt252B 2"" #25 Trox Drive Bit","Diablo, DT252B 2"" #25 Trox Drive Bit","Diablo Dt252B 2"" #25 Trox Drive Bit","Diablo, DT252B 2"" #25 Trox Drive Bit",,,,,,,,,,,,,,,,,,,,,,,,,,,,,,,,,,,,,,,,,,,,,,,,,,,,,,,,,,,,,,,,,,,,,,,,,,,,,,,,,,,,,,,,,,,,,,,,,,,,,,,,,,,,,,,,,,,,,,,,,,,,,,,,,,,,,,,,,,,,,,,,,,,,,,,,,,,,,,,,,,,,,,,,,,,,,,,,,,,,,,,,,,,,,,,,,,,,,,,,,,,,,,,,,,,,,,,,,,,,,,,
,,,,,,DT2535B,,,,DT2535B,DT2535B,"DT2535B 3-1/4"" #25 Torx Drive - Bit",,,Diablo,Freud Inc (2435),Diablo,Diablo,,DT2535B,,,"Diablo, 3, 1/4"" #25 Torx Drive, Bit, Dt2535B, DT2535B","3-1/4"" #25 TORX DRIVE - BIT","Diablo Dt2535B 3-1/4"" #25 Torx Drive - Bit","Diablo, DT2535B 3-1/4"" #25 Torx Drive - Bit","Diablo Dt2535B 3-1/4"" #25 Torx Drive - Bit","Diablo, DT2535B 3-1/4"" #25 Torx Drive - Bit",,,,,,,,,,,,,,,,,,,,,,,,,,,,,,,,,,,,,,,,,,,,,,,,,,,,,,,,,,,,,,,,,,,,,,,,,,,,,,,,,,,,,,,,,,,,,,,,,,,,,,,,,,,,,,,,,,,,,,,,,,,,,,,,,,,,,,,,,,,,,,,,,,,,,,,,,,,,,,,,,,,,,,,,,,,,,,,,,,,,,,,,,,,,,,,,,,,,,,,,,,,,,,,,,,,,,,,,,,,,,,,
,,,,,,DT256B,,,,DT256B,DT256B,"DT256B 6"" #25 Torx Drive Bit",,,Diablo,Freud Inc (2435),Diablo,Diablo,,DT256B,,,"Diablo, 6"" #25 Torx Drive Bit, Dt256B, DT256B","6"" #25 TORX DRIVE BIT","Diablo Dt256B 6"" #25 Torx Drive Bit","Diablo, DT256B 6"" #25 Torx Drive Bit","Diablo Dt256B 6"" #25 Torx Drive Bit","Diablo, DT256B 6"" #25 Torx Drive Bit",,,,,,,,,,,,,,,,,,,,,,,,,,,,,,,,,,,,,,,,,,,,,,,,,,,,,,,,,,,,,,,,,,,,,,,,,,,,,,,,,,,,,,,,,,,,,,,,,,,,,,,,,,,,,,,,,,,,,,,,,,,,,,,,,,,,,,,,,,,,,,,,,,,,,,,,,,,,,,,,,,,,,,,,,,,,,,,,,,,,,,,,,,,,,,,,,,,,,,,,,,,,,,,,,,,,,,,,,,,,,,,
,,,,,,DT302B,,,,DT302B,DT302B,"DT302B 2"" #30 Torx Drive Bit",,,Diablo,Freud Inc (2435),Diablo,Diablo,,DT302B,,,"Diablo, 2"" #30 Torx Drive Bit, Dt302B, DT302B","2"" #30 TORX DRIVE BIT","Diablo Dt302B 2"" #30 Torx Drive Bit","Diablo, DT302B 2"" #30 Torx Drive Bit","Diablo Dt302B 2"" #30 Torx Drive Bit","Diablo, DT302B 2"" #30 Torx Drive Bit",,,,,,,,,,,,,,,,,,,,,,,,,,,,,,,,,,,,,,,,,,,,,,,,,,,,,,,,,,,,,,,,,,,,,,,,,,,,,,,,,,,,,,,,,,,,,,,,,,,,,,,,,,,,,,,,,,,,,,,,,,,,,,,,,,,,,,,,,,,,,,,,,,,,,,,,,,,,,,,,,,,,,,,,,,,,,,,,,,,,,,,,,,,,,,,,,,,,,,,,,,,,,,,,,,,,,,,,,,,,,,,
,,,,,,DT402B,,,,DT402B,DT402B,"DT402B 2"" #40 Torx Drive Bit",,,Diablo,Freud Inc (2435),Diablo,Diablo,,DT402B,,,"Diablo, 2"" #40 Torx Drive Bit, Dt402B, DT402B","2"" #40 TORX DRIVE BIT","Diablo Dt402B 2"" #40 Torx Drive Bit","Diablo, DT402B 2"" #40 Torx Drive Bit","Diablo Dt402B 2"" #40 Torx Drive Bit","Diablo, DT402B 2"" #40 Torx Drive Bit",,,,,,,,,,,,,,,,,,,,,,,,,,,,,,,,,,,,,,,,,,,,,,,,,,,,,,,,,,,,,,,,,,,,,,,,,,,,,,,,,,,,,,,,,,,,,,,,,,,,,,,,,,,,,,,,,,,,,,,,,,,,,,,,,,,,,,,,,,,,,,,,,,,,,,,,,,,,,,,,,,,,,,,,,,,,,,,,,,,,,,,,,,,,,,,,,,,,,,,,,,,,,,,,,,,,,,,,,,,,,,,
,,,,,,DDWSSB,,,,DDWSSB,DDWSSB,DDWSSB #2 Drywall Screw Setter,,,Diablo,Freud Inc (2435),Diablo,Diablo,,DDWSSB,,,"Diablo, #2 Drywall Screw Setter, Ddwssb, DDWSSB",#2 DRYWALL SCREW SETTER,Diablo Ddwssb #2 Drywall Screw Setter,"Diablo, DDWSSB #2 Drywall Screw Setter",Diablo Ddwssb #2 Drywall Screw Setter,"Diablo, DDWSSB #2 Drywall Screw Setter",,,,,,,,,,,,,,,,,,,,,,,,,,,,,,,,,,,,,,,,,,,,,,,,,,,,,,,,,,,,,,,,,,,,,,,,,,,,,,,,,,,,,,,,,,,,,,,,,,,,,,,,,,,,,,,,,,,,,,,,,,,,,,,,,,,,,,,,,,,,,,,,,,,,,,,,,,,,,,,,,,,,,,,,,,,,,,,,,,,,,,,,,,,,,,,,,,,,,,,,,,,,,,,,,,,,,,,,,,,,,,,
,,,,,,191V02-0,,,,191V02-0,191V02-0,191V02-0 Makita #2 Phillips Bit 5pk,,,,Makita Usa Inc (5142),Makita Usa Inc,Makita Usa Inc,,191V02-0,,,"Makita Usa Inc, Makita #2 Phillips Bit 5Pk, 191V02-0, 191V02",MAKITA #2 PHILLIPS BIT 5PK,Makita Usa Inc 191V02-0 Makita #2 Phillips Bit 5Pk,"Makita Usa Inc, 191V02-0 Makita #2 Phillips Bit 5pk",Makita Usa Inc 191V02-0 Makita #2 Phillips Bit 5Pk,"Makita Usa Inc, 191V02-0 Makita #2 Phillips Bit 5pk",,,,,,,,,,,,,,,,,,,,,,,,,,,,,,,,,,,,,,,,,,,,,,,,,,,,,,,,,,,,,,,,,,,,,,,,,,,,,,,,,,,,,,,,,,,,,,,,,,,,,,,,,,,,,,,,,,,,,,,,,,,,,,,,,,,,,,,,,,,,,,,,,,,,,,,,,,,,,,,,,,,,,,,,,,,,,,,,,,,,,,,,,,,,,,,,,,,,,,,,,,,,,,,,,,,,,,,,,,,,,,,
,,,,,,XTS02Z,,,,XTS02Z,XTS02Z,"XTS02Z Makita 18V 1/4"" Narrow Crown Stapler 18GA",,,,Makita Usa Inc (5142),Makita Usa Inc,Makita Usa Inc,,XTS02Z,,,"Makita Usa Inc, Makita 18V 1/4"" Narrow Crown Stapler 18Ga, Xts02Z","MAKITA 18V 1/4"" NARROW CROWN STAPLER","Makita Usa Inc Xts02Z Makita 18V 1/4"" Narrow Crown Stapler 18Ga","Makita Usa Inc, XTS02Z Makita 18V 1/4"" Narrow Crown Stapler 18GA","Makita Usa Inc Xts02Z Makita 18V 1/4"" Narrow Crown Stapler 18Ga","Makita Usa Inc, XTS02Z Makita 18V 1/4"" Narrow Crown Stapler 18GA",,,,,,,,,,,,,,,,,,,,,,,,,,,,,,,,,,,,,,,,,,,,,,,,,,,,,,,,,,,,,,,,,,,,,,,,,,,,,,,,,,,,,,,,,,,,,,,,,,,,,,,,,,,,,,,,,,,,,,,,,,,,,,,,,,,,,,,,,,,,,,,,,,,,,,,,,,,,,,,,,,,,,,,,,,,,,,,,,,,,,,,,,,,,,,,,,,,,,,,,,,,,,,,,,,,,,,,,,,,,,,,
,,,,,,DCF809D1,,,,DCF809D1,DCF809D1,"DCF809D1 Dewalt Atomic 20V 1/4"" Impact Driver Kit",,,DEWALT,Black & Decker/dewlt (2585),DEWALT,DEWALT,,DCF809D1,,,"DEWALT, Dewalt, Dewalt Atomic 20V 1/4"" Impact Driver Kit, Dcf809D1","DEWALT ATOMIC 20V 1/4"" IMPACT DRIVER KIT","Dewalt Dcf809D1 Dewalt Atomic 20V 1/4"" Impact Driver Kit","DEWALT, DCF809D1 Dewalt Atomic 20V 1/4"" Impact Driver Kit","Dewalt Dcf809D1 Dewalt Atomic 20V 1/4"" Impact Driver Kit","DEWALT, DCF809D1 Dewalt Atomic 20V 1/4"" Impact Driver Kit",,,,,,,,,,,,,,,,,,,,,,,,,,,,,,,,,,,,,,,,,,,,,,,,,,,,,,,,,,,,,,,,,,,,,,,,,,,,,,,,,,,,,,,,,,,,,,,,,,,,,,,,,,,,,,,,,,,,,,,,,,,,,,,,,,,,,,,,,,,,,,,,,,,,,,,,,,,,,,,,,,,,,,,,,,,,,,,,,,,,,,,,,,,,,,,,,,,,,,,,,,,,,,,,,,,,,,,,,,,,,,,
,,,,,,2761-20,,,,2761-20,2761-20,"2761-20 Milw M18 1/4"" Hex Hydraulic Driver",,,,Milwaukee Accessory (4031),Milwaukee Accessory,Milwaukee Accessory,,2761-20,,,"Milwaukee Accessory, Milw M18 1/4"" Hex Hydraulic Driver, 2761-20","MILW M18 1/4"" HEX HYDRAULIC DRIVER","Milwaukee Accessory 2761-20 Milw M18 1/4"" Hex Hydraulic Driver","Milwaukee Accessory, 2761-20 Milw M18 1/4"" Hex Hydraulic Driver","Milwaukee Accessory 2761-20 Milw M18 1/4"" Hex Hydraulic Driver","Milwaukee Accessory, 2761-20 Milw M18 1/4"" Hex Hydraulic Driver",,,,,,,,,,,,,,,,,,,,,,,,,,,,,,,,,,,,,,,,,,,,,,,,,,,,,,,,,,,,,,,,,,,,,,,,,,,,,,,,,,,,,,,,,,,,,,,,,,,,,,,,,,,,,,,,,,,,,,,,,,,,,,,,,,,,,,,,,,,,,,,,,,,,,,,,,,,,,,,,,,,,,,,,,,,,,,,,,,,,,,,,,,,,,,,,,,,,,,,,,,,,,,,,,,,,,,,,,,,,,,,
,,,,,,2761-22,,,,2761-22,2761-22,2761-22 Milw M18 Surge Kit,,,,Milwaukee Accessory (4031),Milwaukee Accessory,Milwaukee Accessory,,2761-22,,,"Milwaukee Accessory, Milw M18 Surge Kit, 2761-22, 2761-22",MILW M18 SURGE KIT,Milwaukee Accessory 2761-22 Milw M18 Surge Kit,"Milwaukee Accessory, 2761-22 Milw M18 Surge Kit",Milwaukee Accessory 2761-22 Milw M18 Surge Kit,"Milwaukee Accessory, 2761-22 Milw M18 Surge Kit",,,,,,,,,,,,,,,,,,,,,,,,,,,,,,,,,,,,,,,,,,,,,,,,,,,,,,,,,,,,,,,,,,,,,,,,,,,,,,,,,,,,,,,,,,,,,,,,,,,,,,,,,,,,,,,,,,,,,,,,,,,,,,,,,,,,,,,,,,,,,,,,,,,,,,,,,,,,,,,,,,,,,,,,,,,,,,,,,,,,,,,,,,,,,,,,,,,,,,,,,,,,,,,,,,,,,,,,,,,,,,,
,,,,,,3450-20,,,,3450-20,3450-20,3450-20 Milw M12 Impact Driver - Brushless Compact (Bare),,,,Milwaukee Accessory (4031),Milwaukee Accessory,Milwaukee Accessory,,3450-20,,,"Milwaukee Accessory, Milw M12 Impact Driver, Brushless Compact (Bare), 3450-20",MILW M12 IMPACT DRIVER - BRUSHLESS,Milwaukee Accessory 3450-20 Milw M12 Impact Driver - Brushless Compact (Bare),"Milwaukee Accessory, 3450-20 Milw M12 Impact Driver - Brushless Compact (Bare)",Milwaukee Accessory 3450-20 Milw M12 Impact Driver - Brushless Compact (Bare),"Milwaukee Accessory, 3450-20 Milw M12 Impact Driver - Brushless Compact (Bare)",,,,,,,,,,,,,,,,,,,,,,,,,,,,,,,,,,,,,,,,,,,,,,,,,,,,,,,,,,,,,,,,,,,,,,,,,,,,,,,,,,,,,,,,,,,,,,,,,,,,,,,,,,,,,,,,,,,,,,,,,,,,,,,,,,,,,,,,,,,,,,,,,,,,,,,,,,,,,,,,,,,,,,,,,,,,,,,,,,,,,,,,,,,,,,,,,,,,,,,,,,,,,,,,,,,,,,,,,,,,,,,
,,,,,,KPTDV025A,,,,KPTDV025A,KPTDV025A,KPTDV025A Kreg 20V Ionic Compact Impact Driver,,,,Kreg Tool Company (KRETO),Kreg Tool Company,Kreg Tool Company,,KPTDV025A,,,"Kreg Tool Company, Kreg 20V Ionic Compact Impact Driver, Kptdv025A",KREG 20V IONIC COMPACT IMPACT DRIVER,Kreg Tool Company Kptdv025A Kreg 20V Ionic Compact Impact Driver,"Kreg Tool Company, KPTDV025A Kreg 20V Ionic Compact Impact Driver",Kreg Tool Company Kptdv025A Kreg 20V Ionic Compact Impact Driver,"Kreg Tool Company, KPTDV025A Kreg 20V Ionic Compact Impact Driver",,,,,,,,,,,,,,,,,,,,,,,,,,,,,,,,,,,,,,,,,,,,,,,,,,,,,,,,,,,,,,,,,,,,,,,,,,,,,,,,,,,,,,,,,,,,,,,,,,,,,,,,,,,,,,,,,,,,,,,,,,,,,,,,,,,,,,,,,,,,,,,,,,,,,,,,,,,,,,,,,,,,,,,,,,,,,,,,,,,,,,,,,,,,,,,,,,,,,,,,,,,,,,,,,,,,,,,,,,,,,,,
,,,,,,3048-20,,,,3048-20,3048-20,"3048-20 Milw M12 1/4"" Impact Wrench w/Friction Ring",,,,Milwaukee Accessory (4031),Milwaukee Accessory,Milwaukee Accessory,,3048-20,,,"Milwaukee Accessory, Milw M12 1/4"" Impact Wrench W/Friction Ring, 3048-20","MILW M12 1/4"" IMPACT WRENCH W/FRICTION","Milwaukee Accessory 3048-20 Milw M12 1/4"" Impact Wrench W/Friction Ring","Milwaukee Accessory, 3048-20 Milw M12 1/4"" Impact Wrench w/Friction Ring","Milwaukee Accessory 3048-20 Milw M12 1/4"" Impact Wrench W/Friction Ring","Milwaukee Accessory, 3048-20 Milw M12 1/4"" Impact Wrench w/Friction Ring",,,,,,,,,,,,,,,,,,,,,,,,,,,,,,,,,,,,,,,,,,,,,,,,,,,,,,,,,,,,,,,,,,,,,,,,,,,,,,,,,,,,,,,,,,,,,,,,,,,,,,,,,,,,,,,,,,,,,,,,,,,,,,,,,,,,,,,,,,,,,,,,,,,,,,,,,,,,,,,,,,,,,,,,,,,,,,,,,,,,,,,,,,,,,,,,,,,,,,,,,,,,,,,,,,,,,,,,,,,,,,,
,,,,,,3049-20,,,,3049-20,3049-20,"3049-20 Milw M12 3/8"" Impact Wrench w/Friction Ring",,,,Milwaukee Accessory (4031),Milwaukee Accessory,Milwaukee Accessory,,3049-20,,,"Milwaukee Accessory, Milw M12 3/8"" Impact Wrench W/Friction Ring, 3049-20","MILW M12 3/8"" IMPACT WRENCH W/FRICTION","Milwaukee Accessory 3049-20 Milw M12 3/8"" Impact Wrench W/Friction Ring","Milwaukee Accessory, 3049-20 Milw M12 3/8"" Impact Wrench w/Friction Ring","Milwaukee Accessory 3049-20 Milw M12 3/8"" Impact Wrench W/Friction Ring","Milwaukee Accessory, 3049-20 Milw M12 3/8"" Impact Wrench w/Friction Ring",,,,,,,,,,,,,,,,,,,,,,,,,,,,,,,,,,,,,,,,,,,,,,,,,,,,,,,,,,,,,,,,,,,,,,,,,,,,,,,,,,,,,,,,,,,,,,,,,,,,,,,,,,,,,,,,,,,,,,,,,,,,,,,,,,,,,,,,,,,,,,,,,,,,,,,,,,,,,,,,,,,,,,,,,,,,,,,,,,,,,,,,,,,,,,,,,,,,,,,,,,,,,,,,,,,,,,,,,,,,,,,
,,,,,,2563-20,,,,2563-20,2563-20,"2563-20 Milw M12 Stubby 1/2"" Impact Wrench",,,,Milwaukee Accessory (4031),Milwaukee Accessory,Milwaukee Accessory,,2563-20,,,"Milwaukee Accessory, Milw M12 Stubby 1/2"" Impact Wrench, 2563-20","MILW M12 STUBBY 1/2"" IMPACT WRENCH","Milwaukee Accessory 2563-20 Milw M12 Stubby 1/2"" Impact Wrench","Milwaukee Accessory, 2563-20 Milw M12 Stubby 1/2"" Impact Wrench","Milwaukee Accessory 2563-20 Milw M12 Stubby 1/2"" Impact Wrench","Milwaukee Accessory, 2563-20 Milw M12 Stubby 1/2"" Impact Wrench",,,,,,,,,,,,,,,,,,,,,,,,,,,,,,,,,,,,,,,,,,,,,,,,,,,,,,,,,,,,,,,,,,,,,,,,,,,,,,,,,,,,,,,,,,,,,,,,,,,,,,,,,,,,,,,,,,,,,,,,,,,,,,,,,,,,,,,,,,,,,,,,,,,,,,,,,,,,,,,,,,,,,,,,,,,,,,,,,,,,,,,,,,,,,,,,,,,,,,,,,,,,,,,,,,,,,,,,,,,,,,,
,,,,,,DCF961B,,,,DCF961B,DCF961B,"Dewalt DCF961B 20V 1/2"" Impact - Bare Tool",,,DEWALT,Black & Decker/dewlt (2585),DEWALT,DEWALT,,DCF961B,,,"DEWALT, Dewalt, Dewalt Dcf961B 20V 1/2"" Impact, Bare Tool, Dcf961B","DEWALT DCF961B 20V 1/2"" IMPACT - BARE","Dewalt Dcf961B Dewalt Dcf961B 20V 1/2"" Impact - Bare Tool","DEWALT, Dewalt DCF961B 20V 1/2"" Impact - Bare Tool","Dewalt Dcf961B Dewalt Dcf961B 20V 1/2"" Impact - Bare Tool","DEWALT, Dewalt DCF961B 20V 1/2"" Impact - Bare Tool",,,,,,,,,,,,,,,,,,,,,,,,,,,,,,,,,,,,,,,,,,,,,,,,,,,,,,,,,,,,,,,,,,,,,,,,,,,,,,,,,,,,,,,,,,,,,,,,,,,,,,,,,,,,,,,,,,,,,,,,,,,,,,,,,,,,,,,,,,,,,,,,,,,,,,,,,,,,,,,,,,,,,,,,,,,,,,,,,,,,,,,,,,,,,,,,,,,,,,,,,,,,,,,,,,,,,,,,,,,,,,,
,,,,,,DCF964B,,,,DCF964B,DCF964B,"DCF964B Dewalt 20V 3/4"" Impact - Wrench (Bare)",,,DEWALT,Black & Decker/dewlt (2585),DEWALT,DEWALT,,DCF964B,,,"DEWALT, Dewalt, Dewalt 20V 3/4"" Impact, Wrench (Bare), Dcf964B","DEWALT 20V 3/4"" IMPACT - WRENCH (BARE)","Dewalt Dcf964B Dewalt 20V 3/4"" Impact - Wrench (Bare)","DEWALT, DCF964B Dewalt 20V 3/4"" Impact - Wrench (Bare)","Dewalt Dcf964B Dewalt 20V 3/4"" Impact - Wrench (Bare)","DEWALT, DCF964B Dewalt 20V 3/4"" Impact - Wrench (Bare)",,,,,,,,,,,,,,,,,,,,,,,,,,,,,,,,,,,,,,,,,,,,,,,,,,,,,,,,,,,,,,,,,,,,,,,,,,,,,,,,,,,,,,,,,,,,,,,,,,,,,,,,,,,,,,,,,,,,,,,,,,,,,,,,,,,,,,,,,,,,,,,,,,,,,,,,,,,,,,,,,,,,,,,,,,,,,,,,,,,,,,,,,,,,,,,,,,,,,,,,,,,,,,,,,,,,,,,,,,,,,,,
,,,,,,2563P-20,,,,2563P-20,2563P-20,"2563P-20 Milw M12 1/2"" Stubby - Impact Wrench w/Pin Detent",,,,Milwaukee Accessory (4031),Milwaukee Accessory,Milwaukee Accessory,,2563P-20,,,"Milwaukee Accessory, Milw M12 1/2"" Stubby, Impact Wrench W/Pin Detent, 2563P-20","MILW M12 1/2"" STUBBY - IMPACT WRENCH","Milwaukee Accessory 2563P-20 Milw M12 1/2"" Stubby - Impact Wrench W/Pin Detent","Milwaukee Accessory, 2563P-20 Milw M12 1/2"" Stubby - Impact Wrench w/Pin Detent","Milwaukee Accessory 2563P-20 Milw M12 1/2"" Stubby - Impact Wrench W/Pin Detent","Milwaukee Accessory, 2563P-20 Milw M12 1/2"" Stubby - Impact Wrench w/Pin Detent",,,,,,,,,,,,,,,,,,,,,,,,,,,,,,,,,,,,,,,,,,,,,,,,,,,,,,,,,,,,,,,,,,,,,,,,,,,,,,,,,,,,,,,,,,,,,,,,,,,,,,,,,,,,,,,,,,,,,,,,,,,,,,,,,,,,,,,,,,,,,,,,,,,,,,,,,,,,,,,,,,,,,,,,,,,,,,,,,,,,,,,,,,,,,,,,,,,,,,,,,,,,,,,,,,,,,,,,,,,,,,,
,,,,,,DCF921P2,,,,DCF921P2,DCF921P2,DCF921P2 Dewalt 20V 1/2 Impact,,,,Black & Decker/dewlt (2585),Black & Decker/dewlt,Black & Decker/dewlt,,DCF921P2,,,"Black & Decker/dewlt, Black & Decker/Dewlt, Dewalt 20V 1/2 Impact, Dcf921P2",DEWALT 20V 1/2 IMPACT,Black & Decker/Dewlt Dcf921P2 Dewalt 20V 1/2 Impact,"Black & Decker/dewlt, DCF921P2 Dewalt 20V 1/2 Impact",Black & Decker/Dewlt Dcf921P2 Dewalt 20V 1/2 Impact,"Black & Decker/dewlt, DCF921P2 Dewalt 20V 1/2 Impact",,,,,,,,,,,,,,,,,,,,,,,,,,,,,,,,,,,,,,,,,,,,,,,,,,,,,,,,,,,,,,,,,,,,,,,,,,,,,,,,,,,,,,,,,,,,,,,,,,,,,,,,,,,,,,,,,,,,,,,,,,,,,,,,,,,,,,,,,,,,,,,,,,,,,,,,,,,,,,,,,,,,,,,,,,,,,,,,,,,,,,,,,,,,,,,,,,,,,,,,,,,,,,,,,,,,,,,,,,,,,,,
,,,,,,XLT03Z,,,,XLT03Z,XLT03Z,"XLT03Z Makita 3/8"" 18V Angle Impact",,,,Makita Usa Inc (5142),Makita Usa Inc,Makita Usa Inc,,XLT03Z,,,"Makita Usa Inc, Makita 3/8"" 18V Angle Impact, Xlt03Z, XLT03Z","MAKITA 3/8"" 18V ANGLE IMPACT","Makita Usa Inc Xlt03Z Makita 3/8"" 18V Angle Impact","Makita Usa Inc, XLT03Z Makita 3/8"" 18V Angle Impact","Makita Usa Inc Xlt03Z Makita 3/8"" 18V Angle Impact","Makita Usa Inc, XLT03Z Makita 3/8"" 18V Angle Impact",,,,,,,,,,,,,,,,,,,,,,,,,,,,,,,,,,,,,,,,,,,,,,,,,,,,,,,,,,,,,,,,,,,,,,,,,,,,,,,,,,,,,,,,,,,,,,,,,,,,,,,,,,,,,,,,,,,,,,,,,,,,,,,,,,,,,,,,,,,,,,,,,,,,,,,,,,,,,,,,,,,,,,,,,,,,,,,,,,,,,,,,,,,,,,,,,,,,,,,,,,,,,,,,,,,,,,,,,,,,,,,
,,,,,,XLT04Z,,,,XLT04Z,XLT04Z,"XLT04Z Makita 1/4"" 18V Angle Impact",,,,Makita Usa Inc (5142),Makita Usa Inc,Makita Usa Inc,,XLT04Z,,,"Makita Usa Inc, Makita 1/4"" 18V Angle Impact, Xlt04Z, XLT04Z","MAKITA 1/4"" 18V ANGLE IMPACT","Makita Usa Inc Xlt04Z Makita 1/4"" 18V Angle Impact","Makita Usa Inc, XLT04Z Makita 1/4"" 18V Angle Impact","Makita Usa Inc Xlt04Z Makita 1/4"" 18V Angle Impact","Makita Usa Inc, XLT04Z Makita 1/4"" 18V Angle Impact",,,,,,,,,,,,,,,,,,,,,,,,,,,,,,,,,,,,,,,,,,,,,,,,,,,,,,,,,,,,,,,,,,,,,,,,,,,,,,,,,,,,,,,,,,,,,,,,,,,,,,,,,,,,,,,,,,,,,,,,,,,,,,,,,,,,,,,,,,,,,,,,,,,,,,,,,,,,,,,,,,,,,,,,,,,,,,,,,,,,,,,,,,,,,,,,,,,,,,,,,,,,,,,,,,,,,,,,,,,,,,,
,,,,,,XLT05Z,,,,XLT05Z,XLT05Z,"XLT05Z Makita 1/2"" 18V Angle Impact",,,,Makita Usa Inc (5142),Makita Usa Inc,Makita Usa Inc,,XLT05Z,,,"Makita Usa Inc, Makita 1/2"" 18V Angle Impact, Xlt05Z, XLT05Z","MAKITA 1/2"" 18V ANGLE IMPACT","Makita Usa Inc Xlt05Z Makita 1/2"" 18V Angle Impact","Makita Usa Inc, XLT05Z Makita 1/2"" 18V Angle Impact","Makita Usa Inc Xlt05Z Makita 1/2"" 18V Angle Impact","Makita Usa Inc, XLT05Z Makita 1/2"" 18V Angle Impact",,,,,,,,,,,,,,,,,,,,,,,,,,,,,,,,,,,,,,,,,,,,,,,,,,,,,,,,,,,,,,,,,,,,,,,,,,,,,,,,,,,,,,,,,,,,,,,,,,,,,,,,,,,,,,,,,,,,,,,,,,,,,,,,,,,,,,,,,,,,,,,,,,,,,,,,,,,,,,,,,,,,,,,,,,,,,,,,,,,,,,,,,,,,,,,,,,,,,,,,,,,,,,,,,,,,,,,,,,,,,,,
,,,,,,DCF510B,,,,DCF510B,DCF510B,Dewalt DCF510B 20V Rachet - Interchangeable Anvil,,,DEWALT,Black & Decker/dewlt (2585),DEWALT,DEWALT,,DCF510B,,,"Dewalt, Dewalt Dcf510B 20V Rachet, Interchangeable Anvil, Dcf510B",DEWALT DCF510B 20V RACHET -,Dewalt Dcf510B Dewalt Dcf510B 20V Rachet - Interchangeable Anvil,"DEWALT, Dewalt DCF510B 20V Rachet - Interchangeable Anvil",Dewalt Dcf510B Dewalt Dcf510B 20V Rachet - Interchangeable Anvil,"DEWALT, Dewalt DCF510B 20V Rachet - Interchangeable Anvil",,,,,,,,,,,,,,,,,,,,,,,,,,,,,,,,,,,,,,,,,,,,,,,,,,,,,,,,,,,,,,,,,,,,,,,,,,,,,,,,,,,,,,,,,,,,,,,,,,,,,,,,,,,,,,,,,,,,,,,,,,,,,,,,,,,,,,,,,,,,,,,,,,,,,,,,,,,,,,,,,,,,,,,,,,,,,,,,,,,,,,,,,,,,,,,,,,,,,,,,,,,,,,,,,,,,,,,,,,,,,,,
,,,,,,3052-20,,,,3052-20,3052-20,"3052-20 Milw M12 Fuel 1/4"" Rachet",,,,Milwaukee Accessory (4031),Milwaukee Accessory,Milwaukee Accessory,,3052-20,,,"Milwaukee Accessory, Milw M12 Fuel 1/4"" Rachet, 3052-20, 305","MILW M12 FUEL 1/4"" RACHET","Milwaukee Accessory 3052-20 Milw M12 Fuel 1/4"" Rachet","Milwaukee Accessory, 3052-20 Milw M12 Fuel 1/4"" Rachet","Milwaukee Accessory 3052-20 Milw M12 Fuel 1/4"" Rachet","Milwaukee Accessory, 3052-20 Milw M12 Fuel 1/4"" Rachet",,,,,,,,,,,,,,,,,,,,,,,,,,,,,,,,,,,,,,,,,,,,,,,,,,,,,,,,,,,,,,,,,,,,,,,,,,,,,,,,,,,,,,,,,,,,,,,,,,,,,,,,,,,,,,,,,,,,,,,,,,,,,,,,,,,,,,,,,,,,,,,,,,,,,,,,,,,,,,,,,,,,,,,,,,,,,,,,,,,,,,,,,,,,,,,,,,,,,,,,,,,,,,,,,,,,,,,,,,,,,,,
,,,,,,3054-20,,,,3054-20,3054-20,"3054-20 Milw M12 1/2"" Ratchet (Bare)",,,,Milwaukee Accessory (4031),Milwaukee Accessory,Milwaukee Accessory,,3054-20,,,"Milwaukee Accessory, Milw M12 1/2"" Ratchet (Bare), 3054-20, ","MILW M12 1/2"" RATCHET (BARE)","Milwaukee Accessory 3054-20 Milw M12 1/2"" Ratchet (Bare)","Milwaukee Accessory, 3054-20 Milw M12 1/2"" Ratchet (Bare)","Milwaukee Accessory 3054-20 Milw M12 1/2"" Ratchet (Bare)","Milwaukee Accessory, 3054-20 Milw M12 1/2"" Ratchet (Bare)",,,,,,,,,,,,,,,,,,,,,,,,,,,,,,,,,,,,,,,,,,,,,,,,,,,,,,,,,,,,,,,,,,,,,,,,,,,,,,,,,,,,,,,,,,,,,,,,,,,,,,,,,,,,,,,,,,,,,,,,,,,,,,,,,,,,,,,,,,,,,,,,,,,,,,,,,,,,,,,,,,,,,,,,,,,,,,,,,,,,,,,,,,,,,,,,,,,,,,,,,,,,,,,,,,,,,,,,,,,,,,,
,,,,,,DCF513EB,,,,DCF513EB,DCF513EB,"DCF513EB Dewalt 3/8"" Open Head Rachet",,,,Black & Decker/dewlt (2585),Black & Decker/dewlt,Black & Decker/dewlt,,DCF513EB,,,"Black & Decker/Dewlt, Dewalt 3/8"" Open Head Rachet, Dcf513Eb","DEWALT 3/8"" OPEN HEAD RACHET","Black & Decker/Dewlt Dcf513Eb Dewalt 3/8"" Open Head Rachet","Black & Decker/dewlt, DCF513EB Dewalt 3/8"" Open Head Rachet","Black & Decker/Dewlt Dcf513Eb Dewalt 3/8"" Open Head Rachet","Black & Decker/dewlt, DCF513EB Dewalt 3/8"" Open Head Rachet",,,,,,,,,,,,,,,,,,,,,,,,,,,,,,,,,,,,,,,,,,,,,,,,,,,,,,,,,,,,,,,,,,,,,,,,,,,,,,,,,,,,,,,,,,,,,,,,,,,,,,,,,,,,,,,,,,,,,,,,,,,,,,,,,,,,,,,,,,,,,,,,,,,,,,,,,,,,,,,,,,,,,,,,,,,,,,,,,,,,,,,,,,,,,,,,,,,,,,,,,,,,,,,,,,,,,,,,,,,,,,,
,,,,,,XVP01Z,,,,XVP01Z,XVP01Z,"XVP01Z Makita 18V 3"" Polisher/ 2"" Sander",,,,Makita Usa Inc (5142),Makita Usa Inc,Makita Usa Inc,,XVP01Z,,,"Makita Usa Inc, Makita 18V 3"" Polisher/ 2"" Sander, Xvp01Z, X","MAKITA 18V 3"" POLISHER/ 2"" SANDER","Makita Usa Inc Xvp01Z Makita 18V 3"" Polisher/ 2"" Sander","Makita Usa Inc, XVP01Z Makita 18V 3"" Polisher/ 2"" Sander","Makita Usa Inc Xvp01Z Makita 18V 3"" Polisher/ 2"" Sander","Makita Usa Inc, XVP01Z Makita 18V 3"" Polisher/ 2"" Sander",,,,,,,,,,,,,,,,,,,,,,,,,,,,,,,,,,,,,,,,,,,,,,,,,,,,,,,,,,,,,,,,,,,,,,,,,,,,,,,,,,,,,,,,,,,,,,,,,,,,,,,,,,,,,,,,,,,,,,,,,,,,,,,,,,,,,,,,,,,,,,,,,,,,,,,,,,,,,,,,,,,,,,,,,,,,,,,,,,,,,,,,,,,,,,,,,,,,,,,,,,,,,,,,,,,,,,,,,,,,,,,
,,,,,,DCM200B,,,,DCM200B,DCM200B,DCM200B Dewalt 1/2in x 18in - Band File,,,DEWALT,Black & Decker/dewlt (2585),DEWALT,DEWALT,,DCM200B,,,"DEWALT, Dewalt, Dewalt 1/2In X 18In, Band File, Dcm200B, DCM",DEWALT 1/2IN X 18IN - BAND FILE,Dewalt Dcm200B Dewalt 1/2In X 18In - Band File,"DEWALT, DCM200B Dewalt 1/2in x 18in - Band File",Dewalt Dcm200B Dewalt 1/2In X 18In - Band File,"DEWALT, DCM200B Dewalt 1/2in x 18in - Band File",,,,,,,,,,,,,,,,,,,,,,,,,,,,,,,,,,,,,,,,,,,,,,,,,,,,,,,,,,,,,,,,,,,,,,,,,,,,,,,,,,,,,,,,,,,,,,,,,,,,,,,,,,,,,,,,,,,,,,,,,,,,,,,,,,,,,,,,,,,,,,,,,,,,,,,,,,,,,,,,,,,,,,,,,,,,,,,,,,,,,,,,,,,,,,,,,,,,,,,,,,,,,,,,,,,,,,,,,,,,,,,
,,,,,,DCG410B,,,,DCG410B,DCG410B,"DCG410B Dewalt 20V 4-1/2""-5"" - Angle Grinder (Bare)",,,DEWALT,Black & Decker/dewlt (2585),DEWALT,DEWALT,,DCG410B,,,"Dewalt, Dewalt 20V 4, 1/2"", 5"", Angle Grinder (Bare), Dcg410B","DEWALT 20V 4-1/2""-5"" - ANGLE GRINDER","Dewalt Dcg410B Dewalt 20V 4-1/2""-5"" - Angle Grinder (Bare)","DEWALT, DCG410B Dewalt 20V 4-1/2""-5"" - Angle Grinder (Bare)","Dewalt Dcg410B Dewalt 20V 4-1/2""-5"" - Angle Grinder (Bare)","DEWALT, DCG410B Dewalt 20V 4-1/2""-5"" - Angle Grinder (Bare)",,,,,,,,,,,,,,,,,,,,,,,,,,,,,,,,,,,,,,,,,,,,,,,,,,,,,,,,,,,,,,,,,,,,,,,,,,,,,,,,,,,,,,,,,,,,,,,,,,,,,,,,,,,,,,,,,,,,,,,,,,,,,,,,,,,,,,,,,,,,,,,,,,,,,,,,,,,,,,,,,,,,,,,,,,,,,,,,,,,,,,,,,,,,,,,,,,,,,,,,,,,,,,,,,,,,,,,,,,,,,,,
,,,,,,DCG460B,,,,DCG460B,DCG460B,"DCG460B Dewalt 60V Grinder - 7-9""",,,DEWALT,Black & Decker/dewlt (2585),DEWALT,DEWALT,,DCG460B,,,"DEWALT, Dewalt, Dewalt 60V Grinder, 7, 9"", Dcg460B, DCG460B","DEWALT 60V GRINDER - 7-9""","Dewalt Dcg460B Dewalt 60V Grinder - 7-9""","DEWALT, DCG460B Dewalt 60V Grinder - 7-9""","Dewalt Dcg460B Dewalt 60V Grinder - 7-9""","DEWALT, DCG460B Dewalt 60V Grinder - 7-9""",,,,,,,,,,,,,,,,,,,,,,,,,,,,,,,,,,,,,,,,,,,,,,,,,,,,,,,,,,,,,,,,,,,,,,,,,,,,,,,,,,,,,,,,,,,,,,,,,,,,,,,,,,,,,,,,,,,,,,,,,,,,,,,,,,,,,,,,,,,,,,,,,,,,,,,,,,,,,,,,,,,,,,,,,,,,,,,,,,,,,,,,,,,,,,,,,,,,,,,,,,,,,,,,,,,,,,,,,,,,,,,
,,,,,,DCG402B,,,,DCG402B,DCG402B,"DCG402B Dewalt 20V 4.5"" Angle Grinder (Bare)",,,,Black & Decker/dewlt (2585),Black & Decker/dewlt,Black & Decker/dewlt,,DCG402B,,,"Black & Decker/Dewlt, Dewalt 20V 4.5"" Angle Grinder (Bare), Dcg402B","DEWALT 20V 4.5"" ANGLE GRINDER (BARE)","Black & Decker/Dewlt Dcg402B Dewalt 20V 4.5"" Angle Grinder (Bare)","Black & Decker/dewlt, DCG402B Dewalt 20V 4.5"" Angle Grinder (Bare)","Black & Decker/Dewlt Dcg402B Dewalt 20V 4.5"" Angle Grinder (Bare)","Black & Decker/dewlt, DCG402B Dewalt 20V 4.5"" Angle Grinder (Bare)",,,,,,,,,,,,,,,,,,,,,,,,,,,,,,,,,,,,,,,,,,,,,,,,,,,,,,,,,,,,,,,,,,,,,,,,,,,,,,,,,,,,,,,,,,,,,,,,,,,,,,,,,,,,,,,,,,,,,,,,,,,,,,,,,,,,,,,,,,,,,,,,,,,,,,,,,,,,,,,,,,,,,,,,,,,,,,,,,,,,,,,,,,,,,,,,,,,,,,,,,,,,,,,,,,,,,,,,,,,,,,,
,,,,,,3485-20,,,,3485-20,3485-20,"3485-20 Milw M12 1/4"" Right Angle Die Grinder",,,,Milwaukee Accessory (4031),Milwaukee Accessory,Milwaukee Accessory,,3485-20,,,"Milwaukee Accessory, Milw M12 1/4"" Right Angle Die Grinder, 3485-20","MILW M12 1/4"" RIGHT ANGLE DIE GRINDER","Milwaukee Accessory 3485-20 Milw M12 1/4"" Right Angle Die Grinder","Milwaukee Accessory, 3485-20 Milw M12 1/4"" Right Angle Die Grinder","Milwaukee Accessory 3485-20 Milw M12 1/4"" Right Angle Die Grinder","Milwaukee Accessory, 3485-20 Milw M12 1/4"" Right Angle Die Grinder",,,,,,,,,,,,,,,,,,,,,,,,,,,,,,,,,,,,,,,,,,,,,,,,,,,,,,,,,,,,,,,,,,,,,,,,,,,,,,,,,,,,,,,,,,,,,,,,,,,,,,,,,,,,,,,,,,,,,,,,,,,,,,,,,,,,,,,,,,,,,,,,,,,,,,,,,,,,,,,,,,,,,,,,,,,,,,,,,,,,,,,,,,,,,,,,,,,,,,,,,,,,,,,,,,,,,,,,,,,,,,,
,,,,,,DCG420B,,,,DCG420B,DCG420B,DCG420B Dewalt 20V Die Grinder (Bare),,,,Black & Decker/dewlt (2585),Black & Decker/dewlt,Black & Decker/dewlt,,DCG420B,,,"Black & Decker/Dewlt, Dewalt 20V Die Grinder (Bare), Dcg420B",DEWALT 20V DIE GRINDER (BARE),Black & Decker/Dewlt Dcg420B Dewalt 20V Die Grinder (Bare),"Black & Decker/dewlt, DCG420B Dewalt 20V Die Grinder (Bare)",Black & Decker/Dewlt Dcg420B Dewalt 20V Die Grinder (Bare),"Black & Decker/dewlt, DCG420B Dewalt 20V Die Grinder (Bare)",,,,,,,,,,,,,,,,,,,,,,,,,,,,,,,,,,,,,,,,,,,,,,,,,,,,,,,,,,,,,,,,,,,,,,,,,,,,,,,,,,,,,,,,,,,,,,,,,,,,,,,,,,,,,,,,,,,,,,,,,,,,,,,,,,,,,,,,,,,,,,,,,,,,,,,,,,,,,,,,,,,,,,,,,,,,,,,,,,,,,,,,,,,,,,,,,,,,,,,,,,,,,,,,,,,,,,,,,,,,,,,
,,,,,,DCG422B,,,,DCG422B,DCG422B,DCG422B Dewalt 20V Right Angle Die Grinder (Bare),,,,Black & Decker/dewlt (2585),Black & Decker/dewlt,Black & Decker/dewlt,,DCG422B,,,"Black & Decker/Dewlt, Dewalt 20V Right Angle Die Grinder (Bare), Dcg422B",DEWALT 20V RIGHT ANGLE DIE GRINDER,Black & Decker/Dewlt Dcg422B Dewalt 20V Right Angle Die Grinder (Bare),"Black & Decker/dewlt, DCG422B Dewalt 20V Right Angle Die Grinder (Bare)",Black & Decker/Dewlt Dcg422B Dewalt 20V Right Angle Die Grinder (Bare),"Black & Decker/dewlt, DCG422B Dewalt 20V Right Angle Die Grinder (Bare)",,,,,,,,,,,,,,,,,,,,,,,,,,,,,,,,,,,,,,,,,,,,,,,,,,,,,,,,,,,,,,,,,,,,,,,,,,,,,,,,,,,,,,,,,,,,,,,,,,,,,,,,,,,,,,,,,,,,,,,,,,,,,,,,,,,,,,,,,,,,,,,,,,,,,,,,,,,,,,,,,,,,,,,,,,,,,,,,,,,,,,,,,,,,,,,,,,,,,,,,,,,,,,,,,,,,,,,,,,,,,,,
,,,,,,924422,,,,924422,924422,924422 Mafell Carpentry - Planing Machine ZH 320 Ec 120V,,,,-,-,-,,924422,,,"-, Mafell Carpentry, Planing Machine Zh 320 Ec 120V, 924422, 92442",MAFELL CARPENTRY - PLANING MACHINE ZH,- 924422 Mafell Carpentry - Planing Machine Zh 320 Ec 120V,"-, 924422 Mafell Carpentry - Planing Machine ZH 320 Ec 120V",- 924422 Mafell Carpentry - Planing Machine Zh 320 Ec 120V,"-, 924422 Mafell Carpentry - Planing Machine ZH 320 Ec 120V",,,,,,,,,,,,,,,,,,,,,,,,,,,,,,,,,,,,,,,,,,,,,,,,,,,,,,,,,,,,,,,,,,,,,,,,,,,,,,,,,,,,,,,,,,,,,,,,,,,,,,,,,,,,,,,,,,,,,,,,,,,,,,,,,,,,,,,,,,,,,,,,,,,,,,,,,,,,,,,,,,,,,,,,,,,,,,,,,,,,,,,,,,,,,,,,,,,,,,,,,,,,,,,,,,,,,,,,,,,,,,,
,,,,,,DCW620B,,,,DCW620B,DCW620B,DCW620B Dewalt 20V Plunge - Router,,,,Black & Decker/dewlt (2585),Black & Decker/dewlt,Black & Decker/dewlt,,DCW620B,,,"Black & Decker/dewlt, Black & Decker/Dewlt, Dewalt 20V Plunge, Router, Dcw620B",DEWALT 20V PLUNGE - ROUTER,Black & Decker/Dewlt Dcw620B Dewalt 20V Plunge - Router,"Black & Decker/dewlt, DCW620B Dewalt 20V Plunge - Router",Black & Decker/Dewlt Dcw620B Dewalt 20V Plunge - Router,"Black & Decker/dewlt, DCW620B Dewalt 20V Plunge - Router",,,,,,,,,,,,,,,,,,,,,,,,,,,,,,,,,,,,,,,,,,,,,,,,,,,,,,,,,,,,,,,,,,,,,,,,,,,,,,,,,,,,,,,,,,,,,,,,,,,,,,,,,,,,,,,,,,,,,,,,,,,,,,,,,,,,,,,,,,,,,,,,,,,,,,,,,,,,,,,,,,,,,,,,,,,,,,,,,,,,,,,,,,,,,,,,,,,,,,,,,,,,,,,,,,,,,,,,,,,,,,,
,,,,,,2535-20,,,,2535-20,2535-20,"2535-20 Milw 3"" Orbit Sander - M12",,,,Milwaukee Accessory (4031),Milwaukee Accessory,Milwaukee Accessory,,2535-20,,,"Milwaukee Accessory, Milw 3"" Orbit Sander, M12, 2535-20, 253","MILW 3"" ORBIT SANDER - M12","Milwaukee Accessory 2535-20 Milw 3"" Orbit Sander - M12","Milwaukee Accessory, 2535-20 Milw 3"" Orbit Sander - M12","Milwaukee Accessory 2535-20 Milw 3"" Orbit Sander - M12","Milwaukee Accessory, 2535-20 Milw 3"" Orbit Sander - M12",,,,,,,,,,,,,,,,,,,,,,,,,,,,,,,,,,,,,,,,,,,,,,,,,,,,,,,,,,,,,,,,,,,,,,,,,,,,,,,,,,,,,,,,,,,,,,,,,,,,,,,,,,,,,,,,,,,,,,,,,,,,,,,,,,,,,,,,,,,,,,,,,,,,,,,,,,,,,,,,,,,,,,,,,,,,,,,,,,,,,,,,,,,,,,,,,,,,,,,,,,,,,,,,,,,,,,,,,,,,,,,
,,,,,,2837-20,,,,2837-20,2837-20,"2837-20 Milw M18 5"" Sander - Orbital (Bare)",,,Milwaukee,Milwaukee Accessory (4031),Milwaukee,Milwaukee,,2837-20,,,"Milwaukee, Milw M18 5"" Sander, Orbital (Bare), 2837-20, 2837","MILW M18 5"" SANDER - ORBITAL (BARE)","Milwaukee 2837-20 Milw M18 5"" Sander - Orbital (Bare)","Milwaukee, 2837-20 Milw M18 5"" Sander - Orbital (Bare)","Milwaukee 2837-20 Milw M18 5"" Sander - Orbital (Bare)","Milwaukee, 2837-20 Milw M18 5"" Sander - Orbital (Bare)",,,,,,,,,,,,,,,,,,,,,,,,,,,,,,,,,,,,,,,,,,,,,,,,,,,,,,,,,,,,,,,,,,,,,,,,,,,,,,,,,,,,,,,,,,,,,,,,,,,,,,,,,,,,,,,,,,,,,,,,,,,,,,,,,,,,,,,,,,,,,,,,,,,,,,,,,,,,,,,,,,,,,,,,,,,,,,,,,,,,,,,,,,,,,,,,,,,,,,,,,,,,,,,,,,,,,,,,,,,,,,,
,,,,,,577728,,,,577728,577728,577728 Festool Cordless Sander - ETSC 2 150 I-Plus,,,,Festool USA (FESTO),Festool USA,Festool USA,,577728,,,"Festool Usa, Festool Cordless Sander, Etsc 2 150 I, Plus, 577728",FESTOOL CORDLESS SANDER - ETSC 2 150,Festool Usa 577728 Festool Cordless Sander - Etsc 2 150 I-Plus,"Festool USA, 577728 Festool Cordless Sander - ETSC 2 150 I-Plus",Festool Usa 577728 Festool Cordless Sander - Etsc 2 150 I-Plus,"Festool USA, 577728 Festool Cordless Sander - ETSC 2 150 I-Plus",,,,,,,,,,,,,,,,,,,,,,,,,,,,,,,,,,,,,,,,,,,,,,,,,,,,,,,,,,,,,,,,,,,,,,,,,,,,,,,,,,,,,,,,,,,,,,,,,,,,,,,,,,,,,,,,,,,,,,,,,,,,,,,,,,,,,,,,,,,,,,,,,,,,,,,,,,,,,,,,,,,,,,,,,,,,,,,,,,,,,,,,,,,,,,,,,,,,,,,,,,,,,,,,,,,,,,,,,,,,,,,
,,,,,,577738,,,,577738,577738,577738 Festool Cordless Sander - ETSC 2 125 I-Plus,,,,Festool USA (FESTO),Festool USA,Festool USA,,577738,,,"Festool Usa, Festool Cordless Sander, Etsc 2 125 I, Plus, 577738",FESTOOL CORDLESS SANDER - ETSC 2 125,Festool Usa 577738 Festool Cordless Sander - Etsc 2 125 I-Plus,"Festool USA, 577738 Festool Cordless Sander - ETSC 2 125 I-Plus",Festool Usa 577738 Festool Cordless Sander - Etsc 2 125 I-Plus,"Festool USA, 577738 Festool Cordless Sander - ETSC 2 125 I-Plus",,,,,,,,,,,,,,,,,,,,,,,,,,,,,,,,,,,,,,,,,,,,,,,,,,,,,,,,,,,,,,,,,,,,,,,,,,,,,,,,,,,,,,,,,,,,,,,,,,,,,,,,,,,,,,,,,,,,,,,,,,,,,,,,,,,,,,,,,,,,,,,,,,,,,,,,,,,,,,,,,,,,,,,,,,,,,,,,,,,,,,,,,,,,,,,,,,,,,,,,,,,,,,,,,,,,,,,,,,,,,,,
,,,,,,KPTRS500A,,,,KPTRS500A,KPTRS500A,"KPTRS500A Kreg 20V Ionic 5"" Random Orbit Sander",,,,Kreg Tool Company (KRETO),Kreg Tool Company,Kreg Tool Company,,KPTRS500A,,,"Kreg Tool Company, Kreg 20V Ionic 5"" Random Orbit Sander, Kptrs500A","KREG 20V IONIC 5"" RANDOM ORBIT SANDER","Kreg Tool Company Kptrs500A Kreg 20V Ionic 5"" Random Orbit Sander","Kreg Tool Company, KPTRS500A Kreg 20V Ionic 5"" Random Orbit Sander","Kreg Tool Company Kptrs500A Kreg 20V Ionic 5"" Random Orbit Sander","Kreg Tool Company, KPTRS500A Kreg 20V Ionic 5"" Random Orbit Sander",,,,,,,,,,,,,,,,,,,,,,,,,,,,,,,,,,,,,,,,,,,,,,,,,,,,,,,,,,,,,,,,,,,,,,,,,,,,,,,,,,,,,,,,,,,,,,,,,,,,,,,,,,,,,,,,,,,,,,,,,,,,,,,,,,,,,,,,,,,,,,,,,,,,,,,,,,,,,,,,,,,,,,,,,,,,,,,,,,,,,,,,,,,,,,,,,,,,,,,,,,,,,,,,,,,,,,,,,,,,,,,
,,,,,,24-35M-320,,,,24-35M-320,24-35M-320,"24-35M-320 Iridium Grip - 3.2"" x 5.2"" Grip",,,,Mirka Abrasives Inc (MIRUS),Mirka Abrasives Inc,Mirka Abrasives Inc,,24-35M-320,,,"Mirka Abrasives Inc, Iridium Grip, 3.2"" X 5.2"" Grip, 24-35M-320","IRIDIUM GRIP - 3.2"" X 5.2"" GRIP","Mirka Abrasives Inc 24-35M-320 Iridium Grip - 3.2"" X 5.2"" Grip","Mirka Abrasives Inc, 24-35M-320 Iridium Grip - 3.2"" x 5.2"" Grip","Mirka Abrasives Inc 24-35M-320 Iridium Grip - 3.2"" X 5.2"" Grip","Mirka Abrasives Inc, 24-35M-320 Iridium Grip - 3.2"" x 5.2"" Grip",,,,,,,,,,,,,,,,,,,,,,,,,,,,,,,,,,,,,,,,,,,,,,,,,,,,,,,,,,,,,,,,,,,,,,,,,,,,,,,,,,,,,,,,,,,,,,,,,,,,,,,,,,,,,,,,,,,,,,,,,,,,,,,,,,,,,,,,,,,,,,,,,,,,,,,,,,,,,,,,,,,,,,,,,,,,,,,,,,,,,,,,,,,,,,,,,,,,,,,,,,,,,,,,,,,,,,,,,,,,,,,
,,,,,,9A-129-120,,,,9A-129-120,9A-129-120,9A-129-120 Abranet 3x4 - 50 Sheets/Box,,,,Mirka Abrasives Inc (MIRUS),Mirka Abrasives Inc,Mirka Abrasives Inc,,9A-129-120,,,"Mirka Abrasives Inc, Abranet 3X4, 50 Sheets/Box, 9A-129-120, 9A-129-12",ABRANET 3X4 - 50 SHEETS/BOX,Mirka Abrasives Inc 9A-129-120 Abranet 3X4 - 50 Sheets/Box,"Mirka Abrasives Inc, 9A-129-120 Abranet 3x4 - 50 Sheets/Box",Mirka Abrasives Inc 9A-129-120 Abranet 3X4 - 50 Sheets/Box,"Mirka Abrasives Inc, 9A-129-120 Abranet 3x4 - 50 Sheets/Box",,,,,,,,,,,,,,,,,,,,,,,,,,,,,,,,,,,,,,,,,,,,,,,,,,,,,,,,,,,,,,,,,,,,,,,,,,,,,,,,,,,,,,,,,,,,,,,,,,,,,,,,,,,,,,,,,,,,,,,,,,,,,,,,,,,,,,,,,,,,,,,,,,,,,,,,,,,,,,,,,,,,,,,,,,,,,,,,,,,,,,,,,,,,,,,,,,,,,,,,,,,,,,,,,,,,,,,,,,,,,,,
,,,,,,578800,,,,578800,578800,578800 Festool 80x133 M GR PRO/10,,,,Festool USA (FESTO),Festool USA,Festool USA,,578800,,,"Festool USA, Festool Usa, Festool 80X133 M Gr Pro/10, 578800",FESTOOL 80X133 M GR PRO/10,Festool Usa 578800 Festool 80X133 M Gr Pro/10,"Festool USA, 578800 Festool 80x133 M GR PRO/10",Festool Usa 578800 Festool 80X133 M Gr Pro/10,"Festool USA, 578800 Festool 80x133 M GR PRO/10",,,,,,,,,,,,,,,,,,,,,,,,,,,,,,,,,,,,,,,,,,,,,,,,,,,,,,,,,,,,,,,,,,,,,,,,,,,,,,,,,,,,,,,,,,,,,,,,,,,,,,,,,,,,,,,,,,,,,,,,,,,,,,,,,,,,,,,,,,,,,,,,,,,,,,,,,,,,,,,,,,,,,,,,,,,,,,,,,,,,,,,,,,,,,,,,,,,,,,,,,,,,,,,,,,,,,,,,,,,,,,,
,,,,,,578801,,,,578801,578801,578801 Festool 80x133 F GR PRO/10,,,,Festool USA (FESTO),Festool USA,Festool USA,,578801,,,"Festool USA, Festool Usa, Festool 80X133 F Gr Pro/10, 578801",FESTOOL 80X133 F GR PRO/10,Festool Usa 578801 Festool 80X133 F Gr Pro/10,"Festool USA, 578801 Festool 80x133 F GR PRO/10",Festool Usa 578801 Festool 80X133 F Gr Pro/10,"Festool USA, 578801 Festool 80x133 F GR PRO/10",,,,,,,,,,,,,,,,,,,,,,,,,,,,,,,,,,,,,,,,,,,,,,,,,,,,,,,,,,,,,,,,,,,,,,,,,,,,,,,,,,,,,,,,,,,,,,,,,,,,,,,,,,,,,,,,,,,,,,,,,,,,,,,,,,,,,,,,,,,,,,,,,,,,,,,,,,,,,,,,,,,,,,,,,,,,,,,,,,,,,,,,,,,,,,,,,,,,,,,,,,,,,,,,,,,,,,,,,,,,,,,
,,,,,,578802,,,,578802,578802,578802 Festool 80x133 S GR PRO/10,,,,Festool USA (FESTO),Festool USA,Festool USA,,578802,,,"Festool USA, Festool Usa, Festool 80X133 S Gr Pro/10, 578802",FESTOOL 80X133 S GR PRO/10,Festool Usa 578802 Festool 80X133 S Gr Pro/10,"Festool USA, 578802 Festool 80x133 S GR PRO/10",Festool Usa 578802 Festool 80X133 S Gr Pro/10,"Festool USA, 578802 Festool 80x133 S GR PRO/10",,,,,,,,,,,,,,,,,,,,,,,,,,,,,,,,,,,,,,,,,,,,,,,,,,,,,,,,,,,,,,,,,,,,,,,,,,,,,,,,,,,,,,,,,,,,,,,,,,,,,,,,,,,,,,,,,,,,,,,,,,,,,,,,,,,,,,,,,,,,,,,,,,,,,,,,,,,,,,,,,,,,,,,,,,,,,,,,,,,,,,,,,,,,,,,,,,,,,,,,,,,,,,,,,,,,,,,,,,,,,,,
,,,,,,578808,,,,578808,578808,578808 Festool 3x4 M GR PRO/10,,,,Festool USA (FESTO),Festool USA,Festool USA,,578808,,,"Festool USA, Festool Usa, Festool 3X4 M Gr Pro/10, 578808, 5",FESTOOL 3X4 M GR PRO/10,Festool Usa 578808 Festool 3X4 M Gr Pro/10,"Festool USA, 578808 Festool 3x4 M GR PRO/10",Festool Usa 578808 Festool 3X4 M Gr Pro/10,"Festool USA, 578808 Festool 3x4 M GR PRO/10",,,,,,,,,,,,,,,,,,,,,,,,,,,,,,,,,,,,,,,,,,,,,,,,,,,,,,,,,,,,,,,,,,,,,,,,,,,,,,,,,,,,,,,,,,,,,,,,,,,,,,,,,,,,,,,,,,,,,,,,,,,,,,,,,,,,,,,,,,,,,,,,,,,,,,,,,,,,,,,,,,,,,,,,,,,,,,,,,,,,,,,,,,,,,,,,,,,,,,,,,,,,,,,,,,,,,,,,,,,,,,,
,,,,,,578809,,,,578809,578809,578809 Festool 3x4 F GR PRO/10,,,,Festool USA (FESTO),Festool USA,Festool USA,,578809,,,"Festool USA, Festool Usa, Festool 3X4 F Gr Pro/10, 578809, 5",FESTOOL 3X4 F GR PRO/10,Festool Usa 578809 Festool 3X4 F Gr Pro/10,"Festool USA, 578809 Festool 3x4 F GR PRO/10",Festool Usa 578809 Festool 3X4 F Gr Pro/10,"Festool USA, 578809 Festool 3x4 F GR PRO/10",,,,,,,,,,,,,,,,,,,,,,,,,,,,,,,,,,,,,,,,,,,,,,,,,,,,,,,,,,,,,,,,,,,,,,,,,,,,,,,,,,,,,,,,,,,,,,,,,,,,,,,,,,,,,,,,,,,,,,,,,,,,,,,,,,,,,,,,,,,,,,,,,,,,,,,,,,,,,,,,,,,,,,,,,,,,,,,,,,,,,,,,,,,,,,,,,,,,,,,,,,,,,,,,,,,,,,,,,,,,,,,
,,,,,,578810,,,,578810,578810,578810 Festool 3x4 S GR PRO/10,,,,Festool USA (FESTO),Festool USA,Festool USA,,578810,,,"Festool USA, Festool Usa, Festool 3X4 S Gr Pro/10, 578810, 5",FESTOOL 3X4 S GR PRO/10,Festool Usa 578810 Festool 3X4 S Gr Pro/10,"Festool USA, 578810 Festool 3x4 S GR PRO/10",Festool Usa 578810 Festool 3X4 S Gr Pro/10,"Festool USA, 578810 Festool 3x4 S GR PRO/10",,,,,,,,,,,,,,,,,,,,,,,,,,,,,,,,,,,,,,,,,,,,,,,,,,,,,,,,,,,,,,,,,,,,,,,,,,,,,,,,,,,,,,,,,,,,,,,,,,,,,,,,,,,,,,,,,,,,,,,,,,,,,,,,,,,,,,,,,,,,,,,,,,,,,,,,,,,,,,,,,,,,,,,,,,,,,,,,,,,,,,,,,,,,,,,,,,,,,,,,,,,,,,,,,,,,,,,,,,,,,,,
,,,,,,578811,,,,578811,578811,578811 Festool 3x4 GR PRO/10-Set,,,,Festool USA (FESTO),Festool USA,Festool USA,,578811,,,"Festool USA, Festool Usa, Festool 3X4 Gr Pro/10, Set, 578811",FESTOOL 3X4 GR PRO/10-SET,Festool Usa 578811 Festool 3X4 Gr Pro/10-Set,"Festool USA, 578811 Festool 3x4 GR PRO/10-Set",Festool Usa 578811 Festool 3X4 Gr Pro/10-Set,"Festool USA, 578811 Festool 3x4 GR PRO/10-Set",,,,,,,,,,,,,,,,,,,,,,,,,,,,,,,,,,,,,,,,,,,,,,,,,,,,,,,,,,,,,,,,,,,,,,,,,,,,,,,,,,,,,,,,,,,,,,,,,,,,,,,,,,,,,,,,,,,,,,,,,,,,,,,,,,,,,,,,,,,,,,,,,,,,,,,,,,,,,,,,,,,,,,,,,,,,,,,,,,,,,,,,,,,,,,,,,,,,,,,,,,,,,,,,,,,,,,,,,,,,,,,
,,,,,,578192,,,,578192,578192,578192 Festool D 150 GR SYS - Systainer Abrasive Set,,,,Festool USA (FESTO),Festool USA,Festool USA,,578192,,,"Festool Usa, Festool D 150 Gr Sys, Systainer Abrasive Set, 578192",FESTOOL D 150 GR SYS - SYSTAINER,Festool Usa 578192 Festool D 150 Gr Sys - Systainer Abrasive Set,"Festool USA, 578192 Festool D 150 GR SYS - Systainer Abrasive Set",Festool Usa 578192 Festool D 150 Gr Sys - Systainer Abrasive Set,"Festool USA, 578192 Festool D 150 GR SYS - Systainer Abrasive Set",,,,,,,,,,,,,,,,,,,,,,,,,,,,,,,,,,,,,,,,,,,,,,,,,,,,,,,,,,,,,,,,,,,,,,,,,,,,,,,,,,,,,,,,,,,,,,,,,,,,,,,,,,,,,,,,,,,,,,,,,,,,,,,,,,,,,,,,,,,,,,,,,,,,,,,,,,,,,,,,,,,,,,,,,,,,,,,,,,,,,,,,,,,,,,,,,,,,,,,,,,,,,,,,,,,,,,,,,,,,,,,
,,,,,,578806,,,,578806,578806,578806 Festool Delta S GR PRO/10,,,,Festool USA (FESTO),Festool USA,Festool USA,,578806,,,"Festool USA, Festool Usa, Festool Delta S Gr Pro/10, 578806, 57880",FESTOOL DELTA S GR PRO/10,Festool Usa 578806 Festool Delta S Gr Pro/10,"Festool USA, 578806 Festool Delta S GR PRO/10",Festool Usa 578806 Festool Delta S Gr Pro/10,"Festool USA, 578806 Festool Delta S GR PRO/10",,,,,,,,,,,,,,,,,,,,,,,,,,,,,,,,,,,,,,,,,,,,,,,,,,,,,,,,,,,,,,,,,,,,,,,,,,,,,,,,,,,,,,,,,,,,,,,,,,,,,,,,,,,,,,,,,,,,,,,,,,,,,,,,,,,,,,,,,,,,,,,,,,,,,,,,,,,,,,,,,,,,,,,,,,,,,,,,,,,,,,,,,,,,,,,,,,,,,,,,,,,,,,,,,,,,,,,,,,,,,,,
,,,,,,D0860X,,,,D0860X,D0860X,"D0860X Diablo 8-1/4"" 60 Tooth - Fine Finish Saw Blade",,,,Freud Inc (2435),Freud Inc,Freud Inc,,D0860X,,,"Freud Inc, Diablo 8, 1/4"" 60 Tooth, Fine Finish Saw Blade, D0860X","DIABLO 8-1/4"" 60 TOOTH - FINE FINISH","Freud Inc D0860X Diablo 8-1/4"" 60 Tooth - Fine Finish Saw Blade","Freud Inc, D0860X Diablo 8-1/4"" 60 Tooth - Fine Finish Saw Blade","Freud Inc D0860X Diablo 8-1/4"" 60 Tooth - Fine Finish Saw Blade","Freud Inc, D0860X Diablo 8-1/4"" 60 Tooth - Fine Finish Saw Blade",,,,,,,,,,,,,,,,,,,,,,,,,,,,,,,,,,,,,,,,,,,,,,,,,,,,,,,,,,,,,,,,,,,,,,,,,,,,,,,,,,,,,,,,,,,,,,,,,,,,,,,,,,,,,,,,,,,,,,,,,,,,,,,,,,,,,,,,,,,,,,,,,,,,,,,,,,,,,,,,,,,,,,,,,,,,,,,,,,,,,,,,,,,,,,,,,,,,,,,,,,,,,,,,,,,,,,,,,,,,,,,
,,,,,,48-40-0740,,,,48-40-0740,48-40-0740,48-40-0740 Milw 7-1/4in. 24T - Framing Circ Saw Blade,,,Milwaukee,Milwaukee Accessory (4031),Milwaukee,Milwaukee,,48-40-0740,,,"Milwaukee, Milw 7, 1/4In. 24T, Framing Circ Saw Blade, 48-40-0740",MILW 7-1/4IN. 24T - FRAMING CIRC SAW,Milwaukee 48-40-0740 Milw 7-1/4In. 24T - Framing Circ Saw Blade,"Milwaukee, 48-40-0740 Milw 7-1/4in. 24T - Framing Circ Saw Blade",Milwaukee 48-40-0740 Milw 7-1/4In. 24T - Framing Circ Saw Blade,"Milwaukee, 48-40-0740 Milw 7-1/4in. 24T - Framing Circ Saw Blade",,,,,,,,,,,,,,,,,,,,,,,,,,,,,,,,,,,,,,,,,,,,,,,,,,,,,,,,,,,,,,,,,,,,,,,,,,,,,,,,,,,,,,,,,,,,,,,,,,,,,,,,,,,,,,,,,,,,,,,,,,,,,,,,,,,,,,,,,,,,,,,,,,,,,,,,,,,,,,,,,,,,,,,,,,,,,,,,,,,,,,,,,,,,,,,,,,,,,,,,,,,,,,,,,,,,,,,,,,,,,,,
,,,,,,48-41-0740,,,,48-41-0740,48-41-0740,48-41-0740 Milw7-1/4 24TFrming - Blade,,,,Milwaukee Accessory (4031),Milwaukee Accessory,Milwaukee Accessory,,48-41-0740,,,"Milwaukee Accessory, Milw7, 1/4 24Tfrming, Blade, 48-41-0740",MILW7-1/4 24TFRMING - BLADE,Milwaukee Accessory 48-41-0740 Milw7-1/4 24Tfrming - Blade,"Milwaukee Accessory, 48-41-0740 Milw7-1/4 24TFrming - Blade",Milwaukee Accessory 48-41-0740 Milw7-1/4 24Tfrming - Blade,"Milwaukee Accessory, 48-41-0740 Milw7-1/4 24TFrming - Blade",,,,,,,,,,,,,,,,,,,,,,,,,,,,,,,,,,,,,,,,,,,,,,,,,,,,,,,,,,,,,,,,,,,,,,,,,,,,,,,,,,,,,,,,,,,,,,,,,,,,,,,,,,,,,,,,,,,,,,,,,,,,,,,,,,,,,,,,,,,,,,,,,,,,,,,,,,,,,,,,,,,,,,,,,,,,,,,,,,,,,,,,,,,,,,,,,,,,,,,,,,,,,,,,,,,,,,,,,,,,,,,
,,,,,,A-96095,,,,A-96095,A-96095,"A-96095 Makita 5-7/8"" 32T Saw Blade",,,,Makita Usa Inc (5142),Makita Usa Inc,Makita Usa Inc,,A-96095,,,"Makita Usa Inc, Makita 5, 7/8"" 32T Saw Blade, A-96095, A-960","MAKITA 5-7/8"" 32T SAW BLADE","Makita Usa Inc A-96095 Makita 5-7/8"" 32T Saw Blade","Makita Usa Inc, A-96095 Makita 5-7/8"" 32T Saw Blade","Makita Usa Inc A-96095 Makita 5-7/8"" 32T Saw Blade","Makita Usa Inc, A-96095 Makita 5-7/8"" 32T Saw Blade",,,,,,,,,,,,,,,,,,,,,,,,,,,,,,,,,,,,,,,,,,,,,,,,,,,,,,,,,,,,,,,,,,,,,,,,,,,,,,,,,,,,,,,,,,,,,,,,,,,,,,,,,,,,,,,,,,,,,,,,,,,,,,,,,,,,,,,,,,,,,,,,,,,,,,,,,,,,,,,,,,,,,,,,,,,,,,,,,,,,,,,,,,,,,,,,,,,,,,,,,,,,,,,,,,,,,,,,,,,,,,,
,,,,,,D0760UX,,,,D0760UX,D0760UX,"D0760UX Diablo 7-1/4"" 60T Circ - Saw Blade",,,Diablo,Freud Inc (2435),Diablo,Diablo,,D0760UX,,,"Diablo, Diablo 7, 1/4"" 60T Circ, Saw Blade, D0760Ux, D0760UX","DIABLO 7-1/4"" 60T CIRC - SAW BLADE","Diablo D0760Ux Diablo 7-1/4"" 60T Circ - Saw Blade","Diablo, D0760UX Diablo 7-1/4"" 60T Circ - Saw Blade","Diablo D0760Ux Diablo 7-1/4"" 60T Circ - Saw Blade","Diablo, D0760UX Diablo 7-1/4"" 60T Circ - Saw Blade",,,,,,,,,,,,,,,,,,,,,,,,,,,,,,,,,,,,,,,,,,,,,,,,,,,,,,,,,,,,,,,,,,,,,,,,,,,,,,,,,,,,,,,,,,,,,,,,,,,,,,,,,,,,,,,,,,,,,,,,,,,,,,,,,,,,,,,,,,,,,,,,,,,,,,,,,,,,,,,,,,,,,,,,,,,,,,,,,,,,,,,,,,,,,,,,,,,,,,,,,,,,,,,,,,,,,,,,,,,,,,,
,,,,,,230.312.08,,,,230.312.08,230.312.08,230.312.08 CMT Locked Dado Pro Set,,,,CMT USA Inc (CMTUS),CMT USA Inc,CMT USA Inc,,230.312.08,,,"CMT USA Inc, Cmt Usa Inc, Cmt Locked Dado Pro Set, 230.312.08",CMT LOCKED DADO PRO SET,Cmt Usa Inc 230.312.08 Cmt Locked Dado Pro Set,"CMT USA Inc, 230.312.08 CMT Locked Dado Pro Set",Cmt Usa Inc 230.312.08 Cmt Locked Dado Pro Set,"CMT USA Inc, 230.312.08 CMT Locked Dado Pro Set",,,,,,,,,,,,,,,,,,,,,,,,,,,,,,,,,,,,,,,,,,,,,,,,,,,,,,,,,,,,,,,,,,,,,,,,,,,,,,,,,,,,,,,,,,,,,,,,,,,,,,,,,,,,,,,,,,,,,,,,,,,,,,,,,,,,,,,,,,,,,,,,,,,,,,,,,,,,,,,,,,,,,,,,,,,,,,,,,,,,,,,,,,,,,,,,,,,,,,,,,,,,,,,,,,,,,,,,,,,,,,,
,,,,,,D0708LF,,,,D0708LF,D0708LF,"D0708LF Saw Blade 7-1/4""x8 - Laminate & Wood Flooring",,,,Freud Inc (2435),Freud Inc,Freud Inc,,D0708LF,,,"Freud Inc, Saw Blade 7, 1/4""X8, Laminate & Wood Flooring, D0708Lf","SAW BLADE 7-1/4""X8 - LAMINATE & WOOD","Freud Inc D0708Lf Saw Blade 7-1/4""X8 - Laminate & Wood Flooring","Freud Inc, D0708LF Saw Blade 7-1/4""x8 - Laminate & Wood Flooring","Freud Inc D0708Lf Saw Blade 7-1/4""X8 - Laminate & Wood Flooring","Freud Inc, D0708LF Saw Blade 7-1/4""x8 - Laminate & Wood Flooring",,,,,,,,,,,,,,,,,,,,,,,,,,,,,,,,,,,,,,,,,,,,,,,,,,,,,,,,,,,,,,,,,,,,,,,,,,,,,,,,,,,,,,,,,,,,,,,,,,,,,,,,,,,,,,,,,,,,,,,,,,,,,,,,,,,,,,,,,,,,,,,,,,,,,,,,,,,,,,,,,,,,,,,,,,,,,,,,,,,,,,,,,,,,,,,,,,,,,,,,,,,,,,,,,,,,,,,,,,,,,,,
,,,,,,D1012LF,,,,D1012LF,D1012LF,"D1012LF Saw Blade 10""x12Teeth - Laminate & Wood Flooring",,,,Freud Inc (2435),Freud Inc,Freud Inc,,D1012LF,,,"Freud Inc, Saw Blade 10""X12Teeth, Laminate & Wood Flooring, D1012Lf","SAW BLADE 10""X12TEETH - LAMINATE & WOOD","Freud Inc D1012Lf Saw Blade 10""X12Teeth - Laminate & Wood Flooring","Freud Inc, D1012LF Saw Blade 10""x12Teeth - Laminate & Wood Flooring","Freud Inc D1012Lf Saw Blade 10""X12Teeth - Laminate & Wood Flooring","Freud Inc, D1012LF Saw Blade 10""x12Teeth - Laminate & Wood Flooring",,,,,,,,,,,,,,,,,,,,,,,,,,,,,,,,,,,,,,,,,,,,,,,,,,,,,,,,,,,,,,,,,,,,,,,,,,,,,,,,,,,,,,,,,,,,,,,,,,,,,,,,,,,,,,,,,,,,,,,,,,,,,,,,,,,,,,,,,,,,,,,,,,,,,,,,,,,,,,,,,,,,,,,,,,,,,,,,,,,,,,,,,,,,,,,,,,,,,,,,,,,,,,,,,,,,,,,,,,,,,,,
,,,,,,D1216LF,,,,D1216LF,D1216LF,"D1216LF Saw Blade 12""x16Teeth - Laminate & Wood Flooring",,,,Freud Inc (2435),Freud Inc,Freud Inc,,D1216LF,,,"Freud Inc, Saw Blade 12""X16Teeth, Laminate & Wood Flooring, D1216Lf","SAW BLADE 12""X16TEETH - LAMINATE & WOOD","Freud Inc D1216Lf Saw Blade 12""X16Teeth - Laminate & Wood Flooring","Freud Inc, D1216LF Saw Blade 12""x16Teeth - Laminate & Wood Flooring","Freud Inc D1216Lf Saw Blade 12""X16Teeth - Laminate & Wood Flooring","Freud Inc, D1216LF Saw Blade 12""x16Teeth - Laminate & Wood Flooring",,,,,,,,,,,,,,,,,,,,,,,,,,,,,,,,,,,,,,,,,,,,,,,,,,,,,,,,,,,,,,,,,,,,,,,,,,,,,,,,,,,,,,,,,,,,,,,,,,,,,,,,,,,,,,,,,,,,,,,,,,,,,,,,,,,,,,,,,,,,,,,,,,,,,,,,,,,,,,,,,,,,,,,,,,,,,,,,,,,,,,,,,,,,,,,,,,,,,,,,,,,,,,,,,,,,,,,,,,,,,,,
,,,,,,DWA47421,,,,DWA47421,DWA47421,"DWA47421 Dewalt 14"" Segmented - Rim Diamond Blade",,,DEWALT,Black & Decker/dewlt (2585),DEWALT,DEWALT,,DWA47421,,,"DEWALT, Dewalt, Dewalt 14"" Segmented, Rim Diamond Blade, Dwa47421","DEWALT 14"" SEGMENTED - RIM DIAMOND BLADE","Dewalt Dwa47421 Dewalt 14"" Segmented - Rim Diamond Blade","DEWALT, DWA47421 Dewalt 14"" Segmented - Rim Diamond Blade","Dewalt Dwa47421 Dewalt 14"" Segmented - Rim Diamond Blade","DEWALT, DWA47421 Dewalt 14"" Segmented - Rim Diamond Blade",,,,,,,,,,,,,,,,,,,,,,,,,,,,,,,,,,,,,,,,,,,,,,,,,,,,,,,,,,,,,,,,,,,,,,,,,,,,,,,,,,,,,,,,,,,,,,,,,,,,,,,,,,,,,,,,,,,,,,,,,,,,,,,,,,,,,,,,,,,,,,,,,,,,,,,,,,,,,,,,,,,,,,,,,,,,,,,,,,,,,,,,,,,,,,,,,,,,,,,,,,,,,,,,,,,,,,,,,,,,,,,
,,,,,,DWA4769,,,,DWA4769,DWA4769,"DWA4769 Dewalt Rim Glass Tile - Blade 10""",,,,Black & Decker/dewlt (2585),Black & Decker/dewlt,Black & Decker/dewlt,,DWA4769,,,"Black & Decker/Dewlt, Dewalt Rim Glass Tile, Blade 10"", Dwa4769","DEWALT RIM GLASS TILE - BLADE 10""","Black & Decker/Dewlt Dwa4769 Dewalt Rim Glass Tile - Blade 10""","Black & Decker/dewlt, DWA4769 Dewalt Rim Glass Tile - Blade 10""","Black & Decker/Dewlt Dwa4769 Dewalt Rim Glass Tile - Blade 10""","Black & Decker/dewlt, DWA4769 Dewalt Rim Glass Tile - Blade 10""",,,,,,,,,,,,,,,,,,,,,,,,,,,,,,,,,,,,,,,,,,,,,,,,,,,,,,,,,,,,,,,,,,,,,,,,,,,,,,,,,,,,,,,,,,,,,,,,,,,,,,,,,,,,,,,,,,,,,,,,,,,,,,,,,,,,,,,,,,,,,,,,,,,,,,,,,,,,,,,,,,,,,,,,,,,,,,,,,,,,,,,,,,,,,,,,,,,,,,,,,,,,,,,,,,,,,,,,,,,,,,,
,,,,,,49-93-9204,,,,49-93-9204,49-93-9204,"49-93-9204 Milw 4-1/2"" Diamond - Tile Blade",,,,Milwaukee Accessory (4031),Milwaukee Accessory,Milwaukee Accessory,,49-93-9204,,,"Milwaukee Accessory, Milw 4, 1/2"" Diamond, Tile Blade, 49-93-9204","MILW 4-1/2"" DIAMOND - TILE BLADE","Milwaukee Accessory 49-93-9204 Milw 4-1/2"" Diamond - Tile Blade","Milwaukee Accessory, 49-93-9204 Milw 4-1/2"" Diamond - Tile Blade","Milwaukee Accessory 49-93-9204 Milw 4-1/2"" Diamond - Tile Blade","Milwaukee Accessory, 49-93-9204 Milw 4-1/2"" Diamond - Tile Blade",,,,,,,,,,,,,,,,,,,,,,,,,,,,,,,,,,,,,,,,,,,,,,,,,,,,,,,,,,,,,,,,,,,,,,,,,,,,,,,,,,,,,,,,,,,,,,,,,,,,,,,,,,,,,,,,,,,,,,,,,,,,,,,,,,,,,,,,,,,,,,,,,,,,,,,,,,,,,,,,,,,,,,,,,,,,,,,,,,,,,,,,,,,,,,,,,,,,,,,,,,,,,,,,,,,,,,,,,,,,,,,
,,,,,,49-93-9207,,,,49-93-9207,49-93-9207,"49-93-9207 Milw 7"" Diamond - Tile Blade",,,,Milwaukee Accessory (4031),Milwaukee Accessory,Milwaukee Accessory,,49-93-9207,,,"Milwaukee Accessory, Milw 7"" Diamond, Tile Blade, 49-93-9207","MILW 7"" DIAMOND - TILE BLADE","Milwaukee Accessory 49-93-9207 Milw 7"" Diamond - Tile Blade","Milwaukee Accessory, 49-93-9207 Milw 7"" Diamond - Tile Blade","Milwaukee Accessory 49-93-9207 Milw 7"" Diamond - Tile Blade","Milwaukee Accessory, 49-93-9207 Milw 7"" Diamond - Tile Blade",,,,,,,,,,,,,,,,,,,,,,,,,,,,,,,,,,,,,,,,,,,,,,,,,,,,,,,,,,,,,,,,,,,,,,,,,,,,,,,,,,,,,,,,,,,,,,,,,,,,,,,,,,,,,,,,,,,,,,,,,,,,,,,,,,,,,,,,,,,,,,,,,,,,,,,,,,,,,,,,,,,,,,,,,,,,,,,,,,,,,,,,,,,,,,,,,,,,,,,,,,,,,,,,,,,,,,,,,,,,,,,
,,,,,,49-93-9210,,,,49-93-9210,49-93-9210,"49-93-9210 Milw 10"" Diamond - Tile Blade",,,,Milwaukee Accessory (4031),Milwaukee Accessory,Milwaukee Accessory,,49-93-9210,,,"Milwaukee Accessory, Milw 10"" Diamond, Tile Blade, 49-93-9210","MILW 10"" DIAMOND - TILE BLADE","Milwaukee Accessory 49-93-9210 Milw 10"" Diamond - Tile Blade","Milwaukee Accessory, 49-93-9210 Milw 10"" Diamond - Tile Blade","Milwaukee Accessory 49-93-9210 Milw 10"" Diamond - Tile Blade","Milwaukee Accessory, 49-93-9210 Milw 10"" Diamond - Tile Blade",,,,,,,,,,,,,,,,,,,,,,,,,,,,,,,,,,,,,,,,,,,,,,,,,,,,,,,,,,,,,,,,,,,,,,,,,,,,,,,,,,,,,,,,,,,,,,,,,,,,,,,,,,,,,,,,,,,,,,,,,,,,,,,,,,,,,,,,,,,,,,,,,,,,,,,,,,,,,,,,,,,,,,,,,,,,,,,,,,,,,,,,,,,,,,,,,,,,,,,,,,,,,,,,,,,,,,,,,,,,,,,
,,,,,,49-93-9202,,,,49-93-9202,49-93-9202,"49-93-9202 Milw 4"" Diamond - Tile Blade",,,,Milwaukee Accessory (4031),Milwaukee Accessory,Milwaukee Accessory,,49-93-9202,,,"Milwaukee Accessory, Milw 4"" Diamond, Tile Blade, 49-93-9202","MILW 4"" DIAMOND - TILE BLADE","Milwaukee Accessory 49-93-9202 Milw 4"" Diamond - Tile Blade","Milwaukee Accessory, 49-93-9202 Milw 4"" Diamond - Tile Blade","Milwaukee Accessory 49-93-9202 Milw 4"" Diamond - Tile Blade","Milwaukee Accessory, 49-93-9202 Milw 4"" Diamond - Tile Blade",,,,,,,,,,,,,,,,,,,,,,,,,,,,,,,,,,,,,,,,,,,,,,,,,,,,,,,,,,,,,,,,,,,,,,,,,,,,,,,,,,,,,,,,,,,,,,,,,,,,,,,,,,,,,,,,,,,,,,,,,,,,,,,,,,,,,,,,,,,,,,,,,,,,,,,,,,,,,,,,,,,,,,,,,,,,,,,,,,,,,,,,,,,,,,,,,,,,,,,,,,,,,,,,,,,,,,,,,,,,,,,
,,,,,,49-93-9205,,,,49-93-9205,49-93-9205,"49-93-9205 Milw 5"" Diamond - Tile Blade",,,,Milwaukee Accessory (4031),Milwaukee Accessory,Milwaukee Accessory,,49-93-9205,,,"Milwaukee Accessory, Milw 5"" Diamond, Tile Blade, 49-93-9205","MILW 5"" DIAMOND - TILE BLADE","Milwaukee Accessory 49-93-9205 Milw 5"" Diamond - Tile Blade","Milwaukee Accessory, 49-93-9205 Milw 5"" Diamond - Tile Blade","Milwaukee Accessory 49-93-9205 Milw 5"" Diamond - Tile Blade","Milwaukee Accessory, 49-93-9205 Milw 5"" Diamond - Tile Blade",,,,,,,,,,,,,,,,,,,,,,,,,,,,,,,,,,,,,,,,,,,,,,,,,,,,,,,,,,,,,,,,,,,,,,,,,,,,,,,,,,,,,,,,,,,,,,,,,,,,,,,,,,,,,,,,,,,,,,,,,,,,,,,,,,,,,,,,,,,,,,,,,,,,,,,,,,,,,,,,,,,,,,,,,,,,,,,,,,,,,,,,,,,,,,,,,,,,,,,,,,,,,,,,,,,,,,,,,,,,,,,
,,,,,,49-22-4702,,,,49-22-4702,49-22-4702,49-22-4702 Milw 13pc Quik-Lock Hole Dozer Kit,,,,Milwaukee Accessory (4031),Milwaukee Accessory,Milwaukee Accessory,,49-22-4702,,,"Milwaukee Accessory, Milw 13Pc Quik, Lock Hole Dozer Kit, 49-22-4702",MILW 13PC QUIK-LOCK HOLE DOZER KIT,Milwaukee Accessory 49-22-4702 Milw 13Pc Quik-Lock Hole Dozer Kit,"Milwaukee Accessory, 49-22-4702 Milw 13pc Quik-Lock Hole Dozer Kit",Milwaukee Accessory 49-22-4702 Milw 13Pc Quik-Lock Hole Dozer Kit,"Milwaukee Accessory, 49-22-4702 Milw 13pc Quik-Lock Hole Dozer Kit",,,,,,,,,,,,,,,,,,,,,,,,,,,,,,,,,,,,,,,,,,,,,,,,,,,,,,,,,,,,,,,,,,,,,,,,,,,,,,,,,,,,,,,,,,,,,,,,,,,,,,,,,,,,,,,,,,,,,,,,,,,,,,,,,,,,,,,,,,,,,,,,,,,,,,,,,,,,,,,,,,,,,,,,,,,,,,,,,,,,,,,,,,,,,,,,,,,,,,,,,,,,,,,,,,,,,,,,,,,,,,,
,,,,,,DJT155HHM,,,,DJT155HHM,DJT155HHM,"DJT155HHM Diablo 3-3/5"" 10 TPI - Jig Saw Blade",,,,Freud Inc (2435),Freud Inc,Freud Inc,,DJT155HHM,,,"Freud Inc, Diablo 3, 3/5"" 10 Tpi, Jig Saw Blade, Djt155Hhm, ","DIABLO 3-3/5"" 10 TPI - JIG SAW BLADE","Freud Inc Djt155Hhm Diablo 3-3/5"" 10 Tpi - Jig Saw Blade","Freud Inc, DJT155HHM Diablo 3-3/5"" 10 TPI - Jig Saw Blade","Freud Inc Djt155Hhm Diablo 3-3/5"" 10 Tpi - Jig Saw Blade","Freud Inc, DJT155HHM Diablo 3-3/5"" 10 TPI - Jig Saw Blade",,,,,,,,,,,,,,,,,,,,,,,,,,,,,,,,,,,,,,,,,,,,,,,,,,,,,,,,,,,,,,,,,,,,,,,,,,,,,,,,,,,,,,,,,,,,,,,,,,,,,,,,,,,,,,,,,,,,,,,,,,,,,,,,,,,,,,,,,,,,,,,,,,,,,,,,,,,,,,,,,,,,,,,,,,,,,,,,,,,,,,,,,,,,,,,,,,,,,,,,,,,,,,,,,,,,,,,,,,,,,,,
,,,,,,790.82,,,,790.82,790.82,790.820 CMT Planer Blade 2pc,,,,CMT USA Inc (CMTUS),CMT USA Inc,CMT USA Inc,,790.82,,,"CMT USA Inc, Cmt Usa Inc, 0 Cmt Planer Blade 2Pc, 790.82, 79",0 CMT PLANER BLADE 2PC,Cmt Usa Inc 790.82 0 Cmt Planer Blade 2Pc,"CMT USA Inc, 790.820 CMT Planer Blade 2pc",Cmt Usa Inc 790.82 0 Cmt Planer Blade 2Pc,"CMT USA Inc, 790.820 CMT Planer Blade 2pc",,,,,,,,,,,,,,,,,,,,,,,,,,,,,,,,,,,,,,,,,,,,,,,,,,,,,,,,,,,,,,,,,,,,,,,,,,,,,,,,,,,,,,,,,,,,,,,,,,,,,,,,,,,,,,,,,,,,,,,,,,,,,,,,,,,,,,,,,,,,,,,,,,,,,,,,,,,,,,,,,,,,,,,,,,,,,,,,,,,,,,,,,,,,,,,,,,,,,,,,,,,,,,,,,,,,,,,,,,,,,,,
,,,,,,794.321,,,,794.321,794.321,794.321 HS Planer Knives 3pc,,,,CMT USA Inc (CMTUS),CMT USA Inc,CMT USA Inc,,794.321,,,"CMT USA Inc, Cmt Usa Inc, Hs Planer Knives 3Pc, 794.321, 794",HS PLANER KNIVES 3PC,Cmt Usa Inc 794.321 Hs Planer Knives 3Pc,"CMT USA Inc, 794.321 HS Planer Knives 3pc",Cmt Usa Inc 794.321 Hs Planer Knives 3Pc,"CMT USA Inc, 794.321 HS Planer Knives 3pc",,,,,,,,,,,,,,,,,,,,,,,,,,,,,,,,,,,,,,,,,,,,,,,,,,,,,,,,,,,,,,,,,,,,,,,,,,,,,,,,,,,,,,,,,,,,,,,,,,,,,,,,,,,,,,,,,,,,,,,,,,,,,,,,,,,,,,,,,,,,,,,,,,,,,,,,,,,,,,,,,,,,,,,,,,,,,,,,,,,,,,,,,,,,,,,,,,,,,,,,,,,,,,,,,,,,,,,,,,,,,,,
,,,,,,49-22-5641,,,,49-22-5641,49-22-5641,49-22-5641 Milw Packout 15pc - Sawzall Blade Kit,,,,Milwaukee Accessory (4031),Milwaukee Accessory,Milwaukee Accessory,,49-22-5641,,,"Milwaukee Accessory, Milw Packout 15Pc, Sawzall Blade Kit, 49-22-5641",MILW PACKOUT 15PC - SAWZALL BLADE KIT,Milwaukee Accessory 49-22-5641 Milw Packout 15Pc - Sawzall Blade Kit,"Milwaukee Accessory, 49-22-5641 Milw Packout 15pc - Sawzall Blade Kit",Milwaukee Accessory 49-22-5641 Milw Packout 15Pc - Sawzall Blade Kit,"Milwaukee Accessory, 49-22-5641 Milw Packout 15pc - Sawzall Blade Kit",,,,,,,,,,,,,,,,,,,,,,,,,,,,,,,,,,,,,,,,,,,,,,,,,,,,,,,,,,,,,,,,,,,,,,,,,,,,,,,,,,,,,,,,,,,,,,,,,,,,,,,,,,,,,,,,,,,,,,,,,,,,,,,,,,,,,,,,,,,,,,,,,,,,,,,,,,,,,,,,,,,,,,,,,,,,,,,,,,,,,,,,,,,,,,,,,,,,,,,,,,,,,,,,,,,,,,,,,,,,,,,
,,,,,,D0604TSH,,,,D0604TSH,D0604TSH,"D0604TSH Diablo 6-1/2"" 4-Tooth - Cement Track Saw Blade",,,,Freud Inc (2435),Freud Inc,Freud Inc,,D0604TSH,,,"Freud Inc, Diablo 6, 1/2"" 4, Tooth, Cement Track Saw Blade, D0604Tsh","DIABLO 6-1/2"" 4-TOOTH - CEMENT TRACK","Freud Inc D0604Tsh Diablo 6-1/2"" 4-Tooth - Cement Track Saw Blade","Freud Inc, D0604TSH Diablo 6-1/2"" 4-Tooth - Cement Track Saw Blade","Freud Inc D0604Tsh Diablo 6-1/2"" 4-Tooth - Cement Track Saw Blade","Freud Inc, D0604TSH Diablo 6-1/2"" 4-Tooth - Cement Track Saw Blade",,,,,,,,,,,,,,,,,,,,,,,,,,,,,,,,,,,,,,,,,,,,,,,,,,,,,,,,,,,,,,,,,,,,,,,,,,,,,,,,,,,,,,,,,,,,,,,,,,,,,,,,,,,,,,,,,,,,,,,,,,,,,,,,,,,,,,,,,,,,,,,,,,,,,,,,,,,,,,,,,,,,,,,,,,,,,,,,,,,,,,,,,,,,,,,,,,,,,,,,,,,,,,,,,,,,,,,,,,,,,,,
,,,,,,D0620TSR,,,,D0620TSR,D0620TSR,"D0620TSR Diablo 6-1/2""20 Tooth - Framing Saw Blade",,,,Freud Inc (2435),Freud Inc,Freud Inc,,D0620TSR,,,"Freud Inc, Diablo 6, 1/2""20 Tooth, Framing Saw Blade, D0620Tsr","DIABLO 6-1/2""20 TOOTH - FRAMING SAW","Freud Inc D0620Tsr Diablo 6-1/2""20 Tooth - Framing Saw Blade","Freud Inc, D0620TSR Diablo 6-1/2""20 Tooth - Framing Saw Blade","Freud Inc D0620Tsr Diablo 6-1/2""20 Tooth - Framing Saw Blade","Freud Inc, D0620TSR Diablo 6-1/2""20 Tooth - Framing Saw Blade",,,,,,,,,,,,,,,,,,,,,,,,,,,,,,,,,,,,,,,,,,,,,,,,,,,,,,,,,,,,,,,,,,,,,,,,,,,,,,,,,,,,,,,,,,,,,,,,,,,,,,,,,,,,,,,,,,,,,,,,,,,,,,,,,,,,,,,,,,,,,,,,,,,,,,,,,,,,,,,,,,,,,,,,,,,,,,,,,,,,,,,,,,,,,,,,,,,,,,,,,,,,,,,,,,,,,,,,,,,,,,,
,,,,,,D0648TSF,,,,D0648TSF,D0648TSF,"D0648TSF Diablo 6-1/2""48 Tooth - Plywood Track Saw Blade",,,,Freud Inc (2435),Freud Inc,Freud Inc,,D0648TSF,,,"Freud Inc, Diablo 6, 1/2""48 Tooth, Plywood Track Saw Blade, D0648Tsf","DIABLO 6-1/2""48 TOOTH - PLYWOOD TRACK","Freud Inc D0648Tsf Diablo 6-1/2""48 Tooth - Plywood Track Saw Blade","Freud Inc, D0648TSF Diablo 6-1/2""48 Tooth - Plywood Track Saw Blade","Freud Inc D0648Tsf Diablo 6-1/2""48 Tooth - Plywood Track Saw Blade","Freud Inc, D0648TSF Diablo 6-1/2""48 Tooth - Plywood Track Saw Blade",,,,,,,,,,,,,,,,,,,,,,,,,,,,,,,,,,,,,,,,,,,,,,,,,,,,,,,,,,,,,,,,,,,,,,,,,,,,,,,,,,,,,,,,,,,,,,,,,,,,,,,,,,,,,,,,,,,,,,,,,,,,,,,,,,,,,,,,,,,,,,,,,,,,,,,,,,,,,,,,,,,,,,,,,,,,,,,,,,,,,,,,,,,,,,,,,,,,,,,,,,,,,,,,,,,,,,,,,,,,,,,
,,,,,,D0652TSL,,,,D0652TSL,D0652TSL,"D0652TSL Diablo 6-1/2""52 Tooth - Laminate Track Saw Blade",,,,Freud Inc (2435),Freud Inc,Freud Inc,,D0652TSL,,,"Freud Inc, Diablo 6, 1/2""52 Tooth, Laminate Track Saw Blade, D0652Tsl","DIABLO 6-1/2""52 TOOTH - LAMINATE TRACK","Freud Inc D0652Tsl Diablo 6-1/2""52 Tooth - Laminate Track Saw Blade","Freud Inc, D0652TSL Diablo 6-1/2""52 Tooth - Laminate Track Saw Blade","Freud Inc D0652Tsl Diablo 6-1/2""52 Tooth - Laminate Track Saw Blade","Freud Inc, D0652TSL Diablo 6-1/2""52 Tooth - Laminate Track Saw Blade",,,,,,,,,,,,,,,,,,,,,,,,,,,,,,,,,,,,,,,,,,,,,,,,,,,,,,,,,,,,,,,,,,,,,,,,,,,,,,,,,,,,,,,,,,,,,,,,,,,,,,,,,,,,,,,,,,,,,,,,,,,,,,,,,,,,,,,,,,,,,,,,,,,,,,,,,,,,,,,,,,,,,,,,,,,,,,,,,,,,,,,,,,,,,,,,,,,,,,,,,,,,,,,,,,,,,,,,,,,,,,,
,,,,,,JT1-549,,,,JT1-549,JT1-549,"JT1-549 JWBS18SFX 18"" Bandsaw - 1.75HP 1PH 115V",,,,JPW Industries (JPWIN),JPW Industries,JPW Industries,,JT1-549,,,"Jpw Industries, Jwbs18Sfx 18"" Bandsaw, 1.75Hp 1Ph 115V, Jt1-549","JWBS18SFX 18"" BANDSAW - 1.75HP 1PH 115V","Jpw Industries Jt1-549 Jwbs18Sfx 18"" Bandsaw - 1.75Hp 1Ph 115V","JPW Industries, JT1-549 JWBS18SFX 18"" Bandsaw - 1.75HP 1PH 115V","Jpw Industries Jt1-549 Jwbs18Sfx 18"" Bandsaw - 1.75Hp 1Ph 115V","JPW Industries, JT1-549 JWBS18SFX 18"" Bandsaw - 1.75HP 1PH 115V",,,,,,,,,,,,,,,,,,,,,,,,,,,,,,,,,,,,,,,,,,,,,,,,,,,,,,,,,,,,,,,,,,,,,,,,,,,,,,,,,,,,,,,,,,,,,,,,,,,,,,,,,,,,,,,,,,,,,,,,,,,,,,,,,,,,,,,,,,,,,,,,,,,,,,,,,,,,,,,,,,,,,,,,,,,,,,,,,,,,,,,,,,,,,,,,,,,,,,,,,,,,,,,,,,,,,,,,,,,,,,,
,,,,,,JT1-1371,,,,JT1-1371,JT1-1371,"JWBS14-SFX-BLK Jet 14"" Bandsaw - JT1-1371",,,,JPW Industries (JPWIN),JPW Industries,JPW Industries,,JT1-1371,,,"Jpw Industries, Jwbs14, Sfx, Blk Jet 14"" Bandsaw, Jt1, 1371, Jt1-1371","JWBS14-SFX-BLK JET 14"" BANDSAW -","Jpw Industries Jt1-1371 Jwbs14-Sfx-Blk Jet 14"" Bandsaw - Jt1-1371","JPW Industries, JWBS14-SFX-BLK Jet 14"" Bandsaw - JT1-1371","Jpw Industries Jt1-1371 Jwbs14-Sfx-Blk Jet 14"" Bandsaw - Jt1-1371","JPW Industries, JWBS14-SFX-BLK Jet 14"" Bandsaw - JT1-1371",,,,,,,,,,,,,,,,,,,,,,,,,,,,,,,,,,,,,,,,,,,,,,,,,,,,,,,,,,,,,,,,,,,,,,,,,,,,,,,,,,,,,,,,,,,,,,,,,,,,,,,,,,,,,,,,,,,,,,,,,,,,,,,,,,,,,,,,,,,,,,,,,,,,,,,,,,,,,,,,,,,,,,,,,,,,,,,,,,,,,,,,,,,,,,,,,,,,,,,,,,,,,,,,,,,,,,,,,,,,,,,
,,,,,,JT9-714400K,,,,JT9-714400K,JT9-714400K,"JWBS-14SFX 14"" Bandsaw JTP-714400K",,,,JPW Industries (JPWIN),JPW Industries,JPW Industries,,JT9-714400K,,,"Jpw Industries, Jwbs, 14Sfx 14"" Bandsaw Jtp, 714400K, Jt9-714400K","JWBS-14SFX 14"" BANDSAW JTP-714400K","Jpw Industries Jt9-714400K Jwbs-14Sfx 14"" Bandsaw Jtp-714400K","JPW Industries, JWBS-14SFX 14"" Bandsaw JTP-714400K, Part Number: JT9-714400K","Jpw Industries Jt9-714400K Jwbs-14Sfx 14"" Bandsaw Jtp-714400K","JPW Industries, JWBS-14SFX 14"" Bandsaw JTP-714400K, Part Number: JT9-714400K",,,,,,,,,,,,,,,,,,,,,,,,,,,,,,,,,,,,,,,,,,,,,,,,,,,,,,,,,,,,,,,,,,,,,,,,,,,,,,,,,,,,,,,,,,,,,,,,,,,,,,,,,,,,,,,,,,,,,,,,,,,,,,,,,,,,,,,,,,,,,,,,,,,,,,,,,,,,,,,,,,,,,,,,,,,,,,,,,,,,,,,,,,,,,,,,,,,,,,,,,,,,,,,,,,,,,,,,,,,,,,,
,,,,,,2834-21HD,,,,2834-21HD,2834-21HD,"2834-21HD Milw M18 7-1/4"" Circ - Saw Kit",,,Milwaukee,Milwaukee Accessory (4031),Milwaukee,Milwaukee,,2834-21HD,,,"Milwaukee, Milw M18 7, 1/4"" Circ, Saw Kit, 2834-21Hd, 2834-2","MILW M18 7-1/4"" CIRC - SAW KIT","Milwaukee 2834-21Hd Milw M18 7-1/4"" Circ - Saw Kit","Milwaukee, 2834-21HD Milw M18 7-1/4"" Circ - Saw Kit","Milwaukee 2834-21Hd Milw M18 7-1/4"" Circ - Saw Kit","Milwaukee, 2834-21HD Milw M18 7-1/4"" Circ - Saw Kit",,,,,,,,,,,,,,,,,,,,,,,,,,,,,,,,,,,,,,,,,,,,,,,,,,,,,,,,,,,,,,,,,,,,,,,,,,,,,,,,,,,,,,,,,,,,,,,,,,,,,,,,,,,,,,,,,,,,,,,,,,,,,,,,,,,,,,,,,,,,,,,,,,,,,,,,,,,,,,,,,,,,,,,,,,,,,,,,,,,,,,,,,,,,,,,,,,,,,,,,,,,,,,,,,,,,,,,,,,,,,,,
,,,,,,DCS383B,,,,DCS383B,DCS383B,"DCS383B Dewalt 20V 7-1/4"" - Metal Cutting Circ Saw",,,,Black & Decker/dewlt (2585),Black & Decker/dewlt,Black & Decker/dewlt,,DCS383B,,,"Black & Decker/Dewlt, Dewalt 20V 7, 1/4"", Metal Cutting Circ Saw, Dcs383B","DEWALT 20V 7-1/4"" - METAL CUTTING CIRC","Black & Decker/Dewlt Dcs383B Dewalt 20V 7-1/4"" - Metal Cutting Circ Saw","Black & Decker/dewlt, DCS383B Dewalt 20V 7-1/4"" - Metal Cutting Circ Saw","Black & Decker/Dewlt Dcs383B Dewalt 20V 7-1/4"" - Metal Cutting Circ Saw","Black & Decker/dewlt, DCS383B Dewalt 20V 7-1/4"" - Metal Cutting Circ Saw",,,,,,,,,,,,,,,,,,,,,,,,,,,,,,,,,,,,,,,,,,,,,,,,,,,,,,,,,,,,,,,,,,,,,,,,,,,,,,,,,,,,,,,,,,,,,,,,,,,,,,,,,,,,,,,,,,,,,,,,,,,,,,,,,,,,,,,,,,,,,,,,,,,,,,,,,,,,,,,,,,,,,,,,,,,,,,,,,,,,,,,,,,,,,,,,,,,,,,,,,,,,,,,,,,,,,,,,,,,,,,,
,,,,,,DCS590B,,,,DCS590B,DCS590B,"DCS590B Dewalt 20V Cordless - 7-1/4"" Circular Saw (Bare)",,,DEWALT,Black & Decker/dewlt (2585),DEWALT,DEWALT,,DCS590B,,,"Dewalt, Dewalt 20V Cordless, 7, 1/4"" Circular Saw (Bare), Dcs590B","DEWALT 20V CORDLESS - 7-1/4"" CIRCULAR","Dewalt Dcs590B Dewalt 20V Cordless - 7-1/4"" Circular Saw (Bare)","DEWALT, DCS590B Dewalt 20V Cordless - 7-1/4"" Circular Saw (Bare)","Dewalt Dcs590B Dewalt 20V Cordless - 7-1/4"" Circular Saw (Bare)","DEWALT, DCS590B Dewalt 20V Cordless - 7-1/4"" Circular Saw (Bare)",,,,,,,,,,,,,,,,,,,,,,,,,,,,,,,,,,,,,,,,,,,,,,,,,,,,,,,,,,,,,,,,,,,,,,,,,,,,,,,,,,,,,,,,,,,,,,,,,,,,,,,,,,,,,,,,,,,,,,,,,,,,,,,,,,,,,,,,,,,,,,,,,,,,,,,,,,,,,,,,,,,,,,,,,,,,,,,,,,,,,,,,,,,,,,,,,,,,,,,,,,,,,,,,,,,,,,,,,,,,,,,
,,,,,,KPTCS725A,,,,KPTCS725A,KPTCS725A,"KPTCS725A Kreg 20V Ionic 7-1/4"" Circ Saw",,,,Kreg Tool Company (KRETO),Kreg Tool Company,Kreg Tool Company,,KPTCS725A,,,"Kreg Tool Company, Kreg 20V Ionic 7, 1/4"" Circ Saw, Kptcs725A","KREG 20V IONIC 7-1/4"" CIRC SAW","Kreg Tool Company Kptcs725A Kreg 20V Ionic 7-1/4"" Circ Saw","Kreg Tool Company, KPTCS725A Kreg 20V Ionic 7-1/4"" Circ Saw","Kreg Tool Company Kptcs725A Kreg 20V Ionic 7-1/4"" Circ Saw","Kreg Tool Company, KPTCS725A Kreg 20V Ionic 7-1/4"" Circ Saw",,,,,,,,,,,,,,,,,,,,,,,,,,,,,,,,,,,,,,,,,,,,,,,,,,,,,,,,,,,,,,,,,,,,,,,,,,,,,,,,,,,,,,,,,,,,,,,,,,,,,,,,,,,,,,,,,,,,,,,,,,,,,,,,,,,,,,,,,,,,,,,,,,,,,,,,,,,,,,,,,,,,,,,,,,,,,,,,,,,,,,,,,,,,,,,,,,,,,,,,,,,,,,,,,,,,,,,,,,,,,,,
,,,,,,KPTCS450A,,,,KPTCS450A,KPTCS450A,"KPTCS450A Kreg 20V Ionic 4-1/2"" Circ Saw",,,,Kreg Tool Company (KRETO),Kreg Tool Company,Kreg Tool Company,,KPTCS450A,,,"Kreg Tool Company, Kreg 20V Ionic 4, 1/2"" Circ Saw, Kptcs450A","KREG 20V IONIC 4-1/2"" CIRC SAW","Kreg Tool Company Kptcs450A Kreg 20V Ionic 4-1/2"" Circ Saw","Kreg Tool Company, KPTCS450A Kreg 20V Ionic 4-1/2"" Circ Saw","Kreg Tool Company Kptcs450A Kreg 20V Ionic 4-1/2"" Circ Saw","Kreg Tool Company, KPTCS450A Kreg 20V Ionic 4-1/2"" Circ Saw",,,,,,,,,,,,,,,,,,,,,,,,,,,,,,,,,,,,,,,,,,,,,,,,,,,,,,,,,,,,,,,,,,,,,,,,,,,,,,,,,,,,,,,,,,,,,,,,,,,,,,,,,,,,,,,,,,,,,,,,,,,,,,,,,,,,,,,,,,,,,,,,,,,,,,,,,,,,,,,,,,,,,,,,,,,,,,,,,,,,,,,,,,,,,,,,,,,,,,,,,,,,,,,,,,,,,,,,,,,,,,,
,,,,,,2545-20,,,,2545-20,2545-20,2545-20 Milw M12 Jig Saw,,,Milwaukee,Milwaukee Accessory (4031),Milwaukee,Milwaukee,,2545-20,,,"Milwaukee, Milw M12 Jig Saw, 2545-20, 2545-20",MILW M12 JIG SAW,Milwaukee 2545-20 Milw M12 Jig Saw,"Milwaukee, 2545-20 Milw M12 Jig Saw",Milwaukee 2545-20 Milw M12 Jig Saw,"Milwaukee, 2545-20 Milw M12 Jig Saw",,,,,,,,,,,,,,,,,,,,,,,,,,,,,,,,,,,,,,,,,,,,,,,,,,,,,,,,,,,,,,,,,,,,,,,,,,,,,,,,,,,,,,,,,,,,,,,,,,,,,,,,,,,,,,,,,,,,,,,,,,,,,,,,,,,,,,,,,,,,,,,,,,,,,,,,,,,,,,,,,,,,,,,,,,,,,,,,,,,,,,,,,,,,,,,,,,,,,,,,,,,,,,,,,,,,,,,,,,,,,,,
,,,,,,KPTJS100A,,,,KPTJS100A,KPTJS100A,KPTJS100A Kreg 20V Ionic Barrel Grip Jigsaw,,,,Kreg Tool Company (KRETO),Kreg Tool Company,Kreg Tool Company,,KPTJS100A,,,"Kreg Tool Company, Kreg 20V Ionic Barrel Grip Jigsaw, Kptjs100A",KREG 20V IONIC BARREL GRIP JIGSAW,Kreg Tool Company Kptjs100A Kreg 20V Ionic Barrel Grip Jigsaw,"Kreg Tool Company, KPTJS100A Kreg 20V Ionic Barrel Grip Jigsaw",Kreg Tool Company Kptjs100A Kreg 20V Ionic Barrel Grip Jigsaw,"Kreg Tool Company, KPTJS100A Kreg 20V Ionic Barrel Grip Jigsaw",,,,,,,,,,,,,,,,,,,,,,,,,,,,,,,,,,,,,,,,,,,,,,,,,,,,,,,,,,,,,,,,,,,,,,,,,,,,,,,,,,,,,,,,,,,,,,,,,,,,,,,,,,,,,,,,,,,,,,,,,,,,,,,,,,,,,,,,,,,,,,,,,,,,,,,,,,,,,,,,,,,,,,,,,,,,,,,,,,,,,,,,,,,,,,,,,,,,,,,,,,,,,,,,,,,,,,,,,,,,,,,
,,,,,,DCS714B,,,,DCS714B,DCS714B,"DCS714B Dewalt 20V Miter Saw - (Bare) 10"" Double Bevel Fixed",,,,Black & Decker/dewlt (2585),Black & Decker/dewlt,Black & Decker/dewlt,,DCS714B,,,"Black & Decker/Dewlt, Dewalt 20V Miter Saw, (Bare) 10"" Double Bevel Fixed","DEWALT 20V MITER SAW - (BARE) 10""","Black & Decker/Dewlt Dcs714B Dewalt 20V Miter Saw - (Bare) 10"" Double Bevel Fixed","Black & Decker/dewlt, DCS714B Dewalt 20V Miter Saw - (Bare) 10"" Double Bevel Fixed","Black & Decker/Dewlt Dcs714B Dewalt 20V Miter Saw - (Bare) 10"" Double Bevel Fixed","Black & Decker/dewlt, DCS714B Dewalt 20V Miter Saw - (Bare) 10"" Double Bevel Fixed",,,,,,,,,,,,,,,,,,,,,,,,,,,,,,,,,,,,,,,,,,,,,,,,,,,,,,,,,,,,,,,,,,,,,,,,,,,,,,,,,,,,,,,,,,,,,,,,,,,,,,,,,,,,,,,,,,,,,,,,,,,,,,,,,,,,,,,,,,,,,,,,,,,,,,,,,,,,,,,,,,,,,,,,,,,,,,,,,,,,,,,,,,,,,,,,,,,,,,,,,,,,,,,,,,,,,,,,,,,,,,,
,,,,,,DCS785B,,,,DCS785B,DCS785B,"DCS785B Dewalt 20V Miter Saw - Kit 12"" Double Bevel Sliding",,,,Black & Decker/dewlt (2585),Black & Decker/dewlt,Black & Decker/dewlt,,DCS785B,,,"Black & Decker/Dewlt, Dewalt 20V Miter Saw, Kit 12"" Double Bevel Sliding","DEWALT 20V MITER SAW - KIT 12"" DOUBLE","Black & Decker/Dewlt Dcs785B Dewalt 20V Miter Saw - Kit 12"" Double Bevel Sliding","Black & Decker/dewlt, DCS785B Dewalt 20V Miter Saw - Kit 12"" Double Bevel Sliding","Black & Decker/Dewlt Dcs785B Dewalt 20V Miter Saw - Kit 12"" Double Bevel Sliding","Black & Decker/dewlt, DCS785B Dewalt 20V Miter Saw - Kit 12"" Double Bevel Sliding",,,,,,,,,,,,,,,,,,,,,,,,,,,,,,,,,,,,,,,,,,,,,,,,,,,,,,,,,,,,,,,,,,,,,,,,,,,,,,,,,,,,,,,,,,,,,,,,,,,,,,,,,,,,,,,,,,,,,,,,,,,,,,,,,,,,,,,,,,,,,,,,,,,,,,,,,,,,,,,,,,,,,,,,,,,,,,,,,,,,,,,,,,,,,,,,,,,,,,,,,,,,,,,,,,,,,,,,,,,,,,,
,,,,,,GSL02M1,,,,GSL02M1,GSL02M1,"GSL02M1 Makita Miter Saw - 40V 8-1/2""",,,,Makita Usa Inc (5142),Makita Usa Inc,Makita Usa Inc,,GSL02M1,,,"Makita Usa Inc, Makita Miter Saw, 40V 8, 1/2"", Gsl02M1, GSL0","MAKITA MITER SAW - 40V 8-1/2""","Makita Usa Inc Gsl02M1 Makita Miter Saw - 40V 8-1/2""","Makita Usa Inc, GSL02M1 Makita Miter Saw - 40V 8-1/2""","Makita Usa Inc Gsl02M1 Makita Miter Saw - 40V 8-1/2""","Makita Usa Inc, GSL02M1 Makita Miter Saw - 40V 8-1/2""",,,,,,,,,,,,,,,,,,,,,,,,,,,,,,,,,,,,,,,,,,,,,,,,,,,,,,,,,,,,,,,,,,,,,,,,,,,,,,,,,,,,,,,,,,,,,,,,,,,,,,,,,,,,,,,,,,,,,,,,,,,,,,,,,,,,,,,,,,,,,,,,,,,,,,,,,,,,,,,,,,,,,,,,,,,,,,,,,,,,,,,,,,,,,,,,,,,,,,,,,,,,,,,,,,,,,,,,,,,,,,,
,,,,,,DW7029,,,,DW7029,DW7029,DW7029 Dewalt Miter Saw - Stand Support/Stop,,,,Black & Decker/dewlt (2585),Black & Decker/dewlt,Black & Decker/dewlt,,DW7029,,,"Black & Decker/Dewlt, Dewalt Miter Saw, Stand Support/Stop, Dw7029",DEWALT MITER SAW - STAND SUPPORT/STOP,Black & Decker/Dewlt Dw7029 Dewalt Miter Saw - Stand Support/Stop,"Black & Decker/dewlt, DW7029 Dewalt Miter Saw - Stand Support/Stop",Black & Decker/Dewlt Dw7029 Dewalt Miter Saw - Stand Support/Stop,"Black & Decker/dewlt, DW7029 Dewalt Miter Saw - Stand Support/Stop",,,,,,,,,,,,,,,,,,,,,,,,,,,,,,,,,,,,,,,,,,,,,,,,,,,,,,,,,,,,,,,,,,,,,,,,,,,,,,,,,,,,,,,,,,,,,,,,,,,,,,,,,,,,,,,,,,,,,,,,,,,,,,,,,,,,,,,,,,,,,,,,,,,,,,,,,,,,,,,,,,,,,,,,,,,,,,,,,,,,,,,,,,,,,,,,,,,,,,,,,,,,,,,,,,,,,,,,,,,,,,,
,,,,,,DCS384B,,,,DCS384B,DCS384B,DCS384B Dewalt 20V Brushless - Cordless Recip Saw (Bare),,,DEWALT,Black & Decker/dewlt (2585),DEWALT,DEWALT,,DCS384B,,,"Dewalt, Dewalt 20V Brushless, Cordless Recip Saw (Bare), Dcs384B",DEWALT 20V BRUSHLESS - CORDLESS RECIP,Dewalt Dcs384B Dewalt 20V Brushless - Cordless Recip Saw (Bare),"DEWALT, DCS384B Dewalt 20V Brushless - Cordless Recip Saw (Bare)",Dewalt Dcs384B Dewalt 20V Brushless - Cordless Recip Saw (Bare),"DEWALT, DCS384B Dewalt 20V Brushless - Cordless Recip Saw (Bare)",,,,,,,,,,,,,,,,,,,,,,,,,,,,,,,,,,,,,,,,,,,,,,,,,,,,,,,,,,,,,,,,,,,,,,,,,,,,,,,,,,,,,,,,,,,,,,,,,,,,,,,,,,,,,,,,,,,,,,,,,,,,,,,,,,,,,,,,,,,,,,,,,,,,,,,,,,,,,,,,,,,,,,,,,,,,,,,,,,,,,,,,,,,,,,,,,,,,,,,,,,,,,,,,,,,,,,,,,,,,,,,
,,,,,,XRJ08Z,,,,XRJ08Z,XRJ08Z,XRJ08Z Makita 18V Recip Saw - Bare Tool,,,,Makita Usa Inc (5142),Makita Usa Inc,Makita Usa Inc,,XRJ08Z,,,"Makita Usa Inc, Makita 18V Recip Saw, Bare Tool, Xrj08Z, XRJ",MAKITA 18V RECIP SAW - BARE TOOL,Makita Usa Inc Xrj08Z Makita 18V Recip Saw - Bare Tool,"Makita Usa Inc, XRJ08Z Makita 18V Recip Saw - Bare Tool",Makita Usa Inc Xrj08Z Makita 18V Recip Saw - Bare Tool,"Makita Usa Inc, XRJ08Z Makita 18V Recip Saw - Bare Tool",,,,,,,,,,,,,,,,,,,,,,,,,,,,,,,,,,,,,,,,,,,,,,,,,,,,,,,,,,,,,,,,,,,,,,,,,,,,,,,,,,,,,,,,,,,,,,,,,,,,,,,,,,,,,,,,,,,,,,,,,,,,,,,,,,,,,,,,,,,,,,,,,,,,,,,,,,,,,,,,,,,,,,,,,,,,,,,,,,,,,,,,,,,,,,,,,,,,,,,,,,,,,,,,,,,,,,,,,,,,,,,
,,,,,,G0771Z,,,,G0771Z,G0771Z,"Grizzly G0771Z 30"" Table Saw",,,,Woodstock Intl (3658),Woodstock Intl,Woodstock Intl,,G0771Z,,,"Woodstock Intl, Grizzly G0771Z 30"" Table Saw, G0771Z, G0771Z","GRIZZLY G0771Z 30"" TABLE SAW","Woodstock Intl G0771Z Grizzly G0771Z 30"" Table Saw","Woodstock Intl, Grizzly G0771Z 30"" Table Saw","Woodstock Intl G0771Z Grizzly G0771Z 30"" Table Saw","Woodstock Intl, Grizzly G0771Z 30"" Table Saw",,,,,,,,,,,,,,,,,,,,,,,,,,,,,,,,,,,,,,,,,,,,,,,,,,,,,,,,,,,,,,,,,,,,,,,,,,,,,,,,,,,,,,,,,,,,,,,,,,,,,,,,,,,,,,,,,,,,,,,,,,,,,,,,,,,,,,,,,,,,,,,,,,,,,,,,,,,,,,,,,,,,,,,,,,,,,,,,,,,,,,,,,,,,,,,,,,,,,,,,,,,,,,,,,,,,,,,,,,,,,,,
,,,,,,TS1017,,,,TS1017,TS1017,TS1017 Table Saw Zero-Clearance Insert,,,,Robt Bosch Tool Corp (6564),Robt Bosch Tool Corp,Robt Bosch Tool Corp,,TS1017,,,"Robt Bosch Tool Corp, Table Saw Zero, Clearance Insert, Ts1017",TABLE SAW ZERO-CLEARANCE INSERT,Robt Bosch Tool Corp Ts1017 Table Saw Zero-Clearance Insert,"Robt Bosch Tool Corp, TS1017 Table Saw Zero-Clearance Insert",Robt Bosch Tool Corp Ts1017 Table Saw Zero-Clearance Insert,"Robt Bosch Tool Corp, TS1017 Table Saw Zero-Clearance Insert",,,,,,,,,,,,,,,,,,,,,,,,,,,,,,,,,,,,,,,,,,,,,,,,,,,,,,,,,,,,,,,,,,,,,,,,,,,,,,,,,,,,,,,,,,,,,,,,,,,,,,,,,,,,,,,,,,,,,,,,,,,,,,,,,,,,,,,,,,,,,,,,,,,,,,,,,,,,,,,,,,,,,,,,,,,,,,,,,,,,,,,,,,,,,,,,,,,,,,,,,,,,,,,,,,,,,,,,,,,,,,,
,,,,,,XT524,,,,XT524,XT524,"XT524 24"" XT XTENDER Fence",,,,Bow Products (BOWPR),Bow Products,Bow Products,,XT524,,,"Bow Products, 24"" Xt Xtender Fence, Xt524, XT524","24"" XT XTENDER FENCE","Bow Products Xt524 24"" Xt Xtender Fence","Bow Products, XT524 24"" XT XTENDER Fence","Bow Products Xt524 24"" Xt Xtender Fence","Bow Products, XT524 24"" XT XTENDER Fence",,,,,,,,,,,,,,,,,,,,,,,,,,,,,,,,,,,,,,,,,,,,,,,,,,,,,,,,,,,,,,,,,,,,,,,,,,,,,,,,,,,,,,,,,,,,,,,,,,,,,,,,,,,,,,,,,,,,,,,,,,,,,,,,,,,,,,,,,,,,,,,,,,,,,,,,,,,,,,,,,,,,,,,,,,,,,,,,,,,,,,,,,,,,,,,,,,,,,,,,,,,,,,,,,,,,,,,,,,,,,,,
,,,,,,XT536,,,,XT536,XT536,"XT536 36"" XT XTENDER Fence",,,,Bow Products (BOWPR),Bow Products,Bow Products,,XT536,,,"Bow Products, 36"" Xt Xtender Fence, Xt536, XT536","36"" XT XTENDER FENCE","Bow Products Xt536 36"" Xt Xtender Fence","Bow Products, XT536 36"" XT XTENDER Fence","Bow Products Xt536 36"" Xt Xtender Fence","Bow Products, XT536 36"" XT XTENDER Fence",,,,,,,,,,,,,,,,,,,,,,,,,,,,,,,,,,,,,,,,,,,,,,,,,,,,,,,,,,,,,,,,,,,,,,,,,,,,,,,,,,,,,,,,,,,,,,,,,,,,,,,,,,,,,,,,,,,,,,,,,,,,,,,,,,,,,,,,,,,,,,,,,,,,,,,,,,,,,,,,,,,,,,,,,,,,,,,,,,,,,,,,,,,,,,,,,,,,,,,,,,,,,,,,,,,,,,,,,,,,,,,
,,,,,,XT546,,,,XT546,XT546,"XT546 46"" XT XTENDER Fence",,,,Bow Products (BOWPR),Bow Products,Bow Products,,XT546,,,"Bow Products, 46"" Xt Xtender Fence, Xt546, XT546","46"" XT XTENDER FENCE","Bow Products Xt546 46"" Xt Xtender Fence","Bow Products, XT546 46"" XT XTENDER Fence","Bow Products Xt546 46"" Xt Xtender Fence","Bow Products, XT546 46"" XT XTENDER Fence",,,,,,,,,,,,,,,,,,,,,,,,,,,,,,,,,,,,,,,,,,,,,,,,,,,,,,,,,,,,,,,,,,,,,,,,,,,,,,,,,,,,,,,,,,,,,,,,,,,,,,,,,,,,,,,,,,,,,,,,,,,,,,,,,,,,,,,,,,,,,,,,,,,,,,,,,,,,,,,,,,,,,,,,,,,,,,,,,,,,,,,,,,,,,,,,,,,,,,,,,,,,,,,,,,,,,,,,,,,,,,,
,,,,,,XTP235,,,,XTP235,XTP235,"35"" XTP XTENDER PRO Fence - XTP235",,,,Bow Products (BOWPR),Bow Products,Bow Products,,XTP235,,,"Bow Products, 35"" Xtp Xtender Pro Fence, Xtp235, Xtp235, XTP","35"" XTP XTENDER PRO FENCE - XTP235","Bow Products Xtp235 35"" Xtp Xtender Pro Fence - Xtp235","Bow Products, 35"" XTP XTENDER PRO Fence - XTP235","Bow Products Xtp235 35"" Xtp Xtender Pro Fence - Xtp235","Bow Products, 35"" XTP XTENDER PRO Fence - XTP235",,,,,,,,,,,,,,,,,,,,,,,,,,,,,,,,,,,,,,,,,,,,,,,,,,,,,,,,,,,,,,,,,,,,,,,,,,,,,,,,,,,,,,,,,,,,,,,,,,,,,,,,,,,,,,,,,,,,,,,,,,,,,,,,,,,,,,,,,,,,,,,,,,,,,,,,,,,,,,,,,,,,,,,,,,,,,,,,,,,,,,,,,,,,,,,,,,,,,,,,,,,,,,,,,,,,,,,,,,,,,,,
,,,,,,TGP2-FA,,,,TGP2-FA,TGP2-FA,TGP2-FA T-Glide Fence Professional,,,,Saw Stop LLC (SAWST),Saw Stop LLC,Saw Stop LLC,,TGP2-FA,,,"Saw Stop LLC, Saw Stop Llc, T, Glide Fence Professional, Tgp2-Fa",T-GLIDE FENCE PRO,Saw Stop Llc Tgp2-Fa T-Glide Fence Professional,"Saw Stop LLC, TGP2-FA T-Glide Fence Professional",Saw Stop Llc Tgp2-Fa T-Glide Fence Professional,"Saw Stop LLC, TGP2-FA T-Glide Fence Professional",,,,,,,,,,,,,,,,,,,,,,,,,,,,,,,,,,,,,,,,,,,,,,,,,,,,,,,,,,,,,,,,,,,,,,,,,,,,,,,,,,,,,,,,,,,,,,,,,,,,,,,,,,,,,,,,,,,,,,,,,,,,,,,,,,,,,,,,,,,,,,,,,,,,,,,,,,,,,,,,,,,,,,,,,,,,,,,,,,,,,,,,,,,,,,,,,,,,,,,,,,,,,,,,,,,,,,,,,,,,,,,
,,,,,,ATGI-FA,,,,ATGI-FA,ATGI-FA,ATGI-FA T-Glide Advanced Fence Industrial,,,,Saw Stop LLC (SAWST),Saw Stop LLC,Saw Stop LLC,,ATGI-FA,,,"Saw Stop LLC, Saw Stop Llc, T, Glide Advanced Fence Industrial, Atgi-Fa",T-GLIDE ADVANCED FENCE IND,Saw Stop Llc Atgi-Fa T-Glide Advanced Fence Industrial,"Saw Stop LLC, ATGI-FA T-Glide Advanced Fence Industrial",Saw Stop Llc Atgi-Fa T-Glide Advanced Fence Industrial,"Saw Stop LLC, ATGI-FA T-Glide Advanced Fence Industrial",,,,,,,,,,,,,,,,,,,,,,,,,,,,,,,,,,,,,,,,,,,,,,,,,,,,,,,,,,,,,,,,,,,,,,,,,,,,,,,,,,,,,,,,,,,,,,,,,,,,,,,,,,,,,,,,,,,,,,,,,,,,,,,,,,,,,,,,,,,,,,,,,,,,,,,,,,,,,,,,,,,,,,,,,,,,,,,,,,,,,,,,,,,,,,,,,,,,,,,,,,,,,,,,,,,,,,,,,,,,,,,
,,,,,,ATGP-FA,,,,ATGP-FA,ATGP-FA,ATGP-FA T-Glide Advance Fence Professional,,,,Saw Stop LLC (SAWST),Saw Stop LLC,Saw Stop LLC,,ATGP-FA,,,"Saw Stop LLC, Saw Stop Llc, T, Glide Advance Fence Professional, Atgp-Fa",T-GLIDE ADVANCE FENCE PRO,Saw Stop Llc Atgp-Fa T-Glide Advance Fence Professional,"Saw Stop LLC, ATGP-FA T-Glide Advance Fence Professional",Saw Stop Llc Atgp-Fa T-Glide Advance Fence Professional,"Saw Stop LLC, ATGP-FA T-Glide Advance Fence Professional",,,,,,,,,,,,,,,,,,,,,,,,,,,,,,,,,,,,,,,,,,,,,,,,,,,,,,,,,,,,,,,,,,,,,,,,,,,,,,,,,,,,,,,,,,,,,,,,,,,,,,,,,,,,,,,,,,,,,,,,,,,,,,,,,,,,,,,,,,,,,,,,,,,,,,,,,,,,,,,,,,,,,,,,,,,,,,,,,,,,,,,,,,,,,,,,,,,,,,,,,,,,,,,,,,,,,,,,,,,,,,,
,,,,,,TGI2-FA,,,,TGI2-FA,TGI2-FA,TGI2-FA T-Glide Fence Indudtrial,,,,Saw Stop LLC (SAWST),Saw Stop LLC,Saw Stop LLC,,TGI2-FA,,,"Saw Stop LLC, Saw Stop Llc, T, Glide Fence Indudtrial, Tgi2-Fa",T-GLIDE FENCE INDUDTRIAL,Saw Stop Llc Tgi2-Fa T-Glide Fence Indudtrial,"Saw Stop LLC, TGI2-FA T-Glide Fence Indudtrial",Saw Stop Llc Tgi2-Fa T-Glide Fence Indudtrial,"Saw Stop LLC, TGI2-FA T-Glide Fence Indudtrial",,,,,,,,,,,,,,,,,,,,,,,,,,,,,,,,,,,,,,,,,,,,,,,,,,,,,,,,,,,,,,,,,,,,,,,,,,,,,,,,,,,,,,,,,,,,,,,,,,,,,,,,,,,,,,,,,,,,,,,,,,,,,,,,,,,,,,,,,,,,,,,,,,,,,,,,,,,,,,,,,,,,,,,,,,,,,,,,,,,,,,,,,,,,,,,,,,,,,,,,,,,,,,,,,,,,,,,,,,,,,,,
,,,,,,TGI2-T36A,,,,TGI2-T36A,TGI2-T36A,"TGI2-T36A 36"" Table Assembly Industrial",,,,Saw Stop LLC (SAWST),Saw Stop LLC,Saw Stop LLC,,TGI2-T36A,,,"Saw Stop LLC, Saw Stop Llc, 36"" Table Assembly Industrial, Tgi2-T36A","36"" TABLE ASSY IND","Saw Stop Llc Tgi2-T36A 36"" Table Assembly Industrial","Saw Stop LLC, TGI2-T36A 36"" Table Assembly Industrial","Saw Stop Llc Tgi2-T36A 36"" Table Assembly Industrial","Saw Stop LLC, TGI2-T36A 36"" Table Assembly Industrial",,,,,,,,,,,,,,,,,,,,,,,,,,,,,,,,,,,,,,,,,,,,,,,,,,,,,,,,,,,,,,,,,,,,,,,,,,,,,,,,,,,,,,,,,,,,,,,,,,,,,,,,,,,,,,,,,,,,,,,,,,,,,,,,,,,,,,,,,,,,,,,,,,,,,,,,,,,,,,,,,,,,,,,,,,,,,,,,,,,,,,,,,,,,,,,,,,,,,,,,,,,,,,,,,,,,,,,,,,,,,,,
,,,,,,KPTBPS100A,,,,KPTBPS100A,KPTBPS100A,"KPTBPS100A Kreg 20V Ionic 6-1/2"" Plunge-Cut Track Saw Kit",,,,Kreg Tool Company (KRETO),Kreg Tool Company,Kreg Tool Company,,KPTBPS100A,,,"Kreg Tool Company, Kreg 20V Ionic 6, 1/2"" Plunge, Cut Track Saw Kit, Kptbps100A","KREG 20V IONIC 6-1/2"" PLUNGE-CUT TRACK","Kreg Tool Company Kptbps100A Kreg 20V Ionic 6-1/2"" Plunge-Cut Track Saw Kit","Kreg Tool Company, KPTBPS100A Kreg 20V Ionic 6-1/2"" Plunge-Cut Track Saw Kit","Kreg Tool Company Kptbps100A Kreg 20V Ionic 6-1/2"" Plunge-Cut Track Saw Kit","Kreg Tool Company, KPTBPS100A Kreg 20V Ionic 6-1/2"" Plunge-Cut Track Saw Kit",,,,,,,,,,,,,,,,,,,,,,,,,,,,,,,,,,,,,,,,,,,,,,,,,,,,,,,,,,,,,,,,,,,,,,,,,,,,,,,,,,,,,,,,,,,,,,,,,,,,,,,,,,,,,,,,,,,,,,,,,,,,,,,,,,,,,,,,,,,,,,,,,,,,,,,,,,,,,,,,,,,,,,,,,,,,,,,,,,,,,,,,,,,,,,,,,,,,,,,,,,,,,,,,,,,,,,,,,,,,,,,
,,,,,,DCB606C,,,,DCB606C,DCB606C,DCB606C Dewalt Flexvolt Starter Kit,,,,Black & Decker/dewlt (2585),Black & Decker/dewlt,Black & Decker/dewlt,,DCB606C,,,"Black & Decker/dewlt, Black & Decker/Dewlt, Dewalt Flexvolt Starter Kit, Dcb606C",DEWALT FLEXVOLT STARTER KIT,Black & Decker/Dewlt Dcb606C Dewalt Flexvolt Starter Kit,"Black & Decker/dewlt, DCB606C Dewalt Flexvolt Starter Kit",Black & Decker/Dewlt Dcb606C Dewalt Flexvolt Starter Kit,"Black & Decker/dewlt, DCB606C Dewalt Flexvolt Starter Kit",,,,,,,,,,,,,,,,,,,,,,,,,,,,,,,,,,,,,,,,,,,,,,,,,,,,,,,,,,,,,,,,,,,,,,,,,,,,,,,,,,,,,,,,,,,,,,,,,,,,,,,,,,,,,,,,,,,,,,,,,,,,,,,,,,,,,,,,,,,,,,,,,,,,,,,,,,,,,,,,,,,,,,,,,,,,,,,,,,,,,,,,,,,,,,,,,,,,,,,,,,,,,,,,,,,,,,,,,,,,,,,
,,,,,,BL1850BDC1,,,,BL1850BDC1,BL1850BDC1,BL1850BDC1 Makita Starter Kit,,,,Makita Usa Inc (5142),Makita Usa Inc,Makita Usa Inc,,BL1850BDC1,,,"Makita Usa Inc, Makita Starter Kit, Bl1850Bdc1, BL1850BDC1",MAKITA STARTER KIT,Makita Usa Inc Bl1850Bdc1 Makita Starter Kit,"Makita Usa Inc, BL1850BDC1 Makita Starter Kit",Makita Usa Inc Bl1850Bdc1 Makita Starter Kit,"Makita Usa Inc, BL1850BDC1 Makita Starter Kit",,,,,,,,,,,,,,,,,,,,,,,,,,,,,,,,,,,,,,,,,,,,,,,,,,,,,,,,,,,,,,,,,,,,,,,,,,,,,,,,,,,,,,,,,,,,,,,,,,,,,,,,,,,,,,,,,,,,,,,,,,,,,,,,,,,,,,,,,,,,,,,,,,,,,,,,,,,,,,,,,,,,,,,,,,,,,,,,,,,,,,,,,,,,,,,,,,,,,,,,,,,,,,,,,,,,,,,,,,,,,,,
,,,,,,DCB205C,,,,DCB205C,DCB205C,DCB205C 20V Starter Kit,,,DEWALT,Black & Decker/dewlt (2585),DEWALT,DEWALT,,DCB205C,,,"DEWALT, Dewalt, 20V Starter Kit, Dcb205C, DCB205C",20V STARTER KIT,Dewalt Dcb205C 20V Starter Kit,"DEWALT, DCB205C 20V Starter Kit",Dewalt Dcb205C 20V Starter Kit,"DEWALT, DCB205C 20V Starter Kit",,,,,,,,,,,,,,,,,,,,,,,,,,,,,,,,,,,,,,,,,,,,,,,,,,,,,,,,,,,,,,,,,,,,,,,,,,,,,,,,,,,,,,,,,,,,,,,,,,,,,,,,,,,,,,,,,,,,,,,,,,,,,,,,,,,,,,,,,,,,,,,,,,,,,,,,,,,,,,,,,,,,,,,,,,,,,,,,,,,,,,,,,,,,,,,,,,,,,,,,,,,,,,,,,,,,,,,,,,,,,,,
,,,,,,DCB2108,,,,DCB2108,DCB2108,DCB2108 Dewalt 20V 8Ah Battery - Max XR Powerpack,,,DEWALT,Black & Decker/dewlt (2585),DEWALT,DEWALT,,DCB2108,,,"DEWALT, Dewalt, Dewalt 20V 8Ah Battery, Max Xr Powerpack, Dcb2108",DEWALT 20V 8AH BATTERY - MAX XR,Dewalt Dcb2108 Dewalt 20V 8Ah Battery - Max Xr Powerpack,"DEWALT, DCB2108 Dewalt 20V 8Ah Battery - Max XR Powerpack",Dewalt Dcb2108 Dewalt 20V 8Ah Battery - Max Xr Powerpack,"DEWALT, DCB2108 Dewalt 20V 8Ah Battery - Max XR Powerpack",,,,,,,,,,,,,,,,,,,,,,,,,,,,,,,,,,,,,,,,,,,,,,,,,,,,,,,,,,,,,,,,,,,,,,,,,,,,,,,,,,,,,,,,,,,,,,,,,,,,,,,,,,,,,,,,,,,,,,,,,,,,,,,,,,,,,,,,,,,,,,,,,,,,,,,,,,,,,,,,,,,,,,,,,,,,,,,,,,,,,,,,,,,,,,,,,,,,,,,,,,,,,,,,,,,,,,,,,,,,,,,
,,,,,,DCB2108-2,,,,DCB2108-2,DCB2108-2,DCB2108-2 Dewalt 20V 8Ah 2pk - Battery Max XR Powerpack,,,,Black & Decker/dewlt (2585),Black & Decker/dewlt,Black & Decker/dewlt,,DCB2108-2,,,"Black & Decker/Dewlt, Dewalt 20V 8Ah 2Pk, Battery Max Xr Powerpack, Dcb2108-2",DEWALT 20V 8AH 2PK - BATTERY MAX XR,Black & Decker/Dewlt Dcb2108-2 Dewalt 20V 8Ah 2Pk - Battery Max Xr Powerpack,"Black & Decker/dewlt, DCB2108-2 Dewalt 20V 8Ah 2pk - Battery Max XR Powerpack",Black & Decker/Dewlt Dcb2108-2 Dewalt 20V 8Ah 2Pk - Battery Max Xr Powerpack,"Black & Decker/dewlt, DCB2108-2 Dewalt 20V 8Ah 2pk - Battery Max XR Powerpack",,,,,,,,,,,,,,,,,,,,,,,,,,,,,,,,,,,,,,,,,,,,,,,,,,,,,,,,,,,,,,,,,,,,,,,,,,,,,,,,,,,,,,,,,,,,,,,,,,,,,,,,,,,,,,,,,,,,,,,,,,,,,,,,,,,,,,,,,,,,,,,,,,,,,,,,,,,,,,,,,,,,,,,,,,,,,,,,,,,,,,,,,,,,,,,,,,,,,,,,,,,,,,,,,,,,,,,,,,,,,,,
,,,,,,VB0212,,,,VB0212,VB0212,VB0212 Senco 18V 2.0 AH Lithium Battery,,,,Senco Products Inc (4650),Senco Products Inc,Senco Products Inc,,VB0212,,,"Senco Products Inc, Senco 18V 2.0 Ah Lithium Battery, Vb0212",SENCO 18V 2.0 AH LITHIUM BATTERY,Senco Products Inc Vb0212 Senco 18V 2.0 Ah Lithium Battery,"Senco Products Inc, VB0212 Senco 18V 2.0 AH Lithium Battery",Senco Products Inc Vb0212 Senco 18V 2.0 Ah Lithium Battery,"Senco Products Inc, VB0212 Senco 18V 2.0 AH Lithium Battery",,,,,,,,,,,,,,,,,,,,,,,,,,,,,,,,,,,,,,,,,,,,,,,,,,,,,,,,,,,,,,,,,,,,,,,,,,,,,,,,,,,,,,,,,,,,,,,,,,,,,,,,,,,,,,,,,,,,,,,,,,,,,,,,,,,,,,,,,,,,,,,,,,,,,,,,,,,,,,,,,,,,,,,,,,,,,,,,,,,,,,,,,,,,,,,,,,,,,,,,,,,,,,,,,,,,,,,,,,,,,,,
,,,,,,BCB2A20A,,,,BCB2A20A,BCB2A20A,BCB2A20A Kreg 20V Battery/Charger Starter Kit,,,,Kreg Tool Company (KRETO),Kreg Tool Company,Kreg Tool Company,,BCB2A20A,,,"Kreg Tool Company, Kreg 20V Battery/Charger Starter Kit, Bcb2A20A",KREG 20V BATTERY/CHARGER STARTER KIT,Kreg Tool Company Bcb2A20A Kreg 20V Battery/Charger Starter Kit,"Kreg Tool Company, BCB2A20A Kreg 20V Battery/Charger Starter Kit",Kreg Tool Company Bcb2A20A Kreg 20V Battery/Charger Starter Kit,"Kreg Tool Company, BCB2A20A Kreg 20V Battery/Charger Starter Kit",,,,,,,,,,,,,,,,,,,,,,,,,,,,,,,,,,,,,,,,,,,,,,,,,,,,,,,,,,,,,,,,,,,,,,,,,,,,,,,,,,,,,,,,,,,,,,,,,,,,,,,,,,,,,,,,,,,,,,,,,,,,,,,,,,,,,,,,,,,,,,,,,,,,,,,,,,,,,,,,,,,,,,,,,,,,,,,,,,,,,,,,,,,,,,,,,,,,,,,,,,,,,,,,,,,,,,,,,,,,,,,
,,,,,,BATT4A,,,,BATT4A,BATT4A,BATT4A Kreg 20V 4ah Battery Pack,,,,Kreg Tool Company (KRETO),Kreg Tool Company,Kreg Tool Company,,BATT4A,,,"Kreg Tool Company, Kreg 20V 4Ah Battery Pack, Batt4A, BATT4A",KREG 20V 4AH BATTERY PACK,Kreg Tool Company Batt4A Kreg 20V 4Ah Battery Pack,"Kreg Tool Company, BATT4A Kreg 20V 4ah Battery Pack",Kreg Tool Company Batt4A Kreg 20V 4Ah Battery Pack,"Kreg Tool Company, BATT4A Kreg 20V 4ah Battery Pack",,,,,,,,,,,,,,,,,,,,,,,,,,,,,,,,,,,,,,,,,,,,,,,,,,,,,,,,,,,,,,,,,,,,,,,,,,,,,,,,,,,,,,,,,,,,,,,,,,,,,,,,,,,,,,,,,,,,,,,,,,,,,,,,,,,,,,,,,,,,,,,,,,,,,,,,,,,,,,,,,,,,,,,,,,,,,,,,,,,,,,,,,,,,,,,,,,,,,,,,,,,,,,,,,,,,,,,,,,,,,,,
,,,,,,BATT2A,,,,BATT2A,BATT2A,BATT2A Kreg 20V 2ah Battery Pack,,,,Kreg Tool Company (KRETO),Kreg Tool Company,Kreg Tool Company,,BATT2A,,,"Kreg Tool Company, Kreg 20V 2Ah Battery Pack, Batt2A, BATT2A",KREG 20V 2AH BATTERY PACK,Kreg Tool Company Batt2A Kreg 20V 2Ah Battery Pack,"Kreg Tool Company, BATT2A Kreg 20V 2ah Battery Pack",Kreg Tool Company Batt2A Kreg 20V 2Ah Battery Pack,"Kreg Tool Company, BATT2A Kreg 20V 2ah Battery Pack",,,,,,,,,,,,,,,,,,,,,,,,,,,,,,,,,,,,,,,,,,,,,,,,,,,,,,,,,,,,,,,,,,,,,,,,,,,,,,,,,,,,,,,,,,,,,,,,,,,,,,,,,,,,,,,,,,,,,,,,,,,,,,,,,,,,,,,,,,,,,,,,,,,,,,,,,,,,,,,,,,,,,,,,,,,,,,,,,,,,,,,,,,,,,,,,,,,,,,,,,,,,,,,,,,,,,,,,,,,,,,,
,,,,,,BL1850BDC2X1,,,,BL1850BDC2X1,BL1850BDC2X1,BL1850BDC2X1 Makita Starter Kit,,,,Makita Usa Inc (5142),Makita Usa Inc,Makita Usa Inc,,BL1850BDC2X1,,,"Makita Usa Inc, Makita Starter Kit, Bl1850Bdc2X1, BL1850BDC2",MAKITA STARTER KIT,Makita Usa Inc Bl1850Bdc2X1 Makita Starter Kit,"Makita Usa Inc, BL1850BDC2X1 Makita Starter Kit",Makita Usa Inc Bl1850Bdc2X1 Makita Starter Kit,"Makita Usa Inc, BL1850BDC2X1 Makita Starter Kit",,,,,,,,,,,,,,,,,,,,,,,,,,,,,,,,,,,,,,,,,,,,,,,,,,,,,,,,,,,,,,,,,,,,,,,,,,,,,,,,,,,,,,,,,,,,,,,,,,,,,,,,,,,,,,,,,,,,,,,,,,,,,,,,,,,,,,,,,,,,,,,,,,,,,,,,,,,,,,,,,,,,,,,,,,,,,,,,,,,,,,,,,,,,,,,,,,,,,,,,,,,,,,,,,,,,,,,,,,,,,,,
,,,,,,48-11-2422,,,,48-11-2422,48-11-2422,48-11-2422 Milw M12 CP2.0 Battery Two Pack,,,,Milwaukee Accessory (4031),Milwaukee Accessory,Milwaukee Accessory,,48-11-2422,,,"Milwaukee Accessory, Milw M12 Cp2.0 Battery Two Pack, 48-11-2422",MILW M12 CP2.0 BATTERY TWO PACK,Milwaukee Accessory 48-11-2422 Milw M12 Cp2.0 Battery Two Pack,"Milwaukee Accessory, 48-11-2422 Milw M12 CP2.0 Battery Two Pack",Milwaukee Accessory 48-11-2422 Milw M12 Cp2.0 Battery Two Pack,"Milwaukee Accessory, 48-11-2422 Milw M12 CP2.0 Battery Two Pack",,,,,,,,,,,,,,,,,,,,,,,,,,,,,,,,,,,,,,,,,,,,,,,,,,,,,,,,,,,,,,,,,,,,,,,,,,,,,,,,,,,,,,,,,,,,,,,,,,,,,,,,,,,,,,,,,,,,,,,,,,,,,,,,,,,,,,,,,,,,,,,,,,,,,,,,,,,,,,,,,,,,,,,,,,,,,,,,,,,,,,,,,,,,,,,,,,,,,,,,,,,,,,,,,,,,,,,,,,,,,,,
,,,,,,DCB1104,,,,DCB1104,DCB1104,DCB1104 Dewalt 12V/20V Charger - 4 Amp,,,,Black & Decker/dewlt (2585),Black & Decker/dewlt,Black & Decker/dewlt,,DCB1104,,,"Black & Decker/Dewlt, Dewalt 12V/20V Charger, 4 Amp, Dcb1104",DEWALT 12V/20V CHARGER - 4 AMP,Black & Decker/Dewlt Dcb1104 Dewalt 12V/20V Charger - 4 Amp,"Black & Decker/dewlt, DCB1104 Dewalt 12V/20V Charger - 4 Amp",Black & Decker/Dewlt Dcb1104 Dewalt 12V/20V Charger - 4 Amp,"Black & Decker/dewlt, DCB1104 Dewalt 12V/20V Charger - 4 Amp",,,,,,,,,,,,,,,,,,,,,,,,,,,,,,,,,,,,,,,,,,,,,,,,,,,,,,,,,,,,,,,,,,,,,,,,,,,,,,,,,,,,,,,,,,,,,,,,,,,,,,,,,,,,,,,,,,,,,,,,,,,,,,,,,,,,,,,,,,,,,,,,,,,,,,,,,,,,,,,,,,,,,,,,,,,,,,,,,,,,,,,,,,,,,,,,,,,,,,,,,,,,,,,,,,,,,,,,,,,,,,,
,,,,,,48-59-1804,,,,48-59-1804,48-59-1804,48-59-1804 Milw M18 and M12 Rapid Charger,,,,Milwaukee Accessory (4031),Milwaukee Accessory,Milwaukee Accessory,,48-59-1804,,,"Milwaukee Accessory, Milw M18 And M12 Rapid Charger, 48-59-1804",MILW M18 AND M12 RAPID CHARGER,Milwaukee Accessory 48-59-1804 Milw M18 And M12 Rapid Charger,"Milwaukee Accessory, 48-59-1804 Milw M18 and M12 Rapid Charger",Milwaukee Accessory 48-59-1804 Milw M18 And M12 Rapid Charger,"Milwaukee Accessory, 48-59-1804 Milw M18 and M12 Rapid Charger",,,,,,,,,,,,,,,,,,,,,,,,,,,,,,,,,,,,,,,,,,,,,,,,,,,,,,,,,,,,,,,,,,,,,,,,,,,,,,,,,,,,,,,,,,,,,,,,,,,,,,,,,,,,,,,,,,,,,,,,,,,,,,,,,,,,,,,,,,,,,,,,,,,,,,,,,,,,,,,,,,,,,,,,,,,,,,,,,,,,,,,,,,,,,,,,,,,,,,,,,,,,,,,,,,,,,,,,,,,,,,,
,,,,,,CRGR401A,,,,CRGR401A,CRGR401A,CRGR401A Kreg 20V Fast Charger,,,,Kreg Tool Company (KRETO),Kreg Tool Company,Kreg Tool Company,,CRGR401A,,,"Kreg Tool Company, Kreg 20V Fast Charger, Crgr401A, CRGR401A",KREG 20V FAST CHARGER,Kreg Tool Company Crgr401A Kreg 20V Fast Charger,"Kreg Tool Company, CRGR401A Kreg 20V Fast Charger",Kreg Tool Company Crgr401A Kreg 20V Fast Charger,"Kreg Tool Company, CRGR401A Kreg 20V Fast Charger",,,,,,,,,,,,,,,,,,,,,,,,,,,,,,,,,,,,,,,,,,,,,,,,,,,,,,,,,,,,,,,,,,,,,,,,,,,,,,,,,,,,,,,,,,,,,,,,,,,,,,,,,,,,,,,,,,,,,,,,,,,,,,,,,,,,,,,,,,,,,,,,,,,,,,,,,,,,,,,,,,,,,,,,,,,,,,,,,,,,,,,,,,,,,,,,,,,,,,,,,,,,,,,,,,,,,,,,,,,,,,,
,,,,,,48-59-1211,,,,48-59-1211,48-59-1211,48-59-1211 Milw Power Supply - Charger,,,Milwaukee,Milwaukee Accessory (4031),Milwaukee,Milwaukee,,48-59-1211,,,"Milwaukee, Milw Power Supply, Charger, 48-59-1211, 48-59-121",MILW POWER SUPPLY - CHARGER,Milwaukee 48-59-1211 Milw Power Supply - Charger,"Milwaukee, 48-59-1211 Milw Power Supply - Charger",Milwaukee 48-59-1211 Milw Power Supply - Charger,"Milwaukee, 48-59-1211 Milw Power Supply - Charger",,,,,,,,,,,,,,,,,,,,,,,,,,,,,,,,,,,,,,,,,,,,,,,,,,,,,,,,,,,,,,,,,,,,,,,,,,,,,,,,,,,,,,,,,,,,,,,,,,,,,,,,,,,,,,,,,,,,,,,,,,,,,,,,,,,,,,,,,,,,,,,,,,,,,,,,,,,,,,,,,,,,,,,,,,,,,,,,,,,,,,,,,,,,,,,,,,,,,,,,,,,,,,,,,,,,,,,,,,,,,,,
,,,,,,2847-20,,,,2847-20,2847-20,2847-20 Milw M18 Charger and Power Supply,,,,Milwaukee Accessory (4031),Milwaukee Accessory,Milwaukee Accessory,,2847-20,,,"Milwaukee Accessory, Milw M18 Charger And Power Supply, 2847-20",MILW M18 CHARGER AND POWER SUPPLY,Milwaukee Accessory 2847-20 Milw M18 Charger And Power Supply,"Milwaukee Accessory, 2847-20 Milw M18 Charger and Power Supply",Milwaukee Accessory 2847-20 Milw M18 Charger And Power Supply,"Milwaukee Accessory, 2847-20 Milw M18 Charger and Power Supply",,,,,,,,,,,,,,,,,,,,,,,,,,,,,,,,,,,,,,,,,,,,,,,,,,,,,,,,,,,,,,,,,,,,,,,,,,,,,,,,,,,,,,,,,,,,,,,,,,,,,,,,,,,,,,,,,,,,,,,,,,,,,,,,,,,,,,,,,,,,,,,,,,,,,,,,,,,,,,,,,,,,,,,,,,,,,,,,,,,,,,,,,,,,,,,,,,,,,,,,,,,,,,,,,,,,,,,,,,,,,,,
,,,,,,DWV9401,,,,DWV9401,DWV9401,DWV9401 Dewalt Paper Bag - 5pk,,,,Black & Decker/dewlt (2585),Black & Decker/dewlt,Black & Decker/dewlt,,DWV9401,,,"Black & Decker/dewlt, Black & Decker/Dewlt, Dewalt Paper Bag, 5Pk, Dwv9401",DEWALT PAPER BAG - 5PK,Black & Decker/Dewlt Dwv9401 Dewalt Paper Bag - 5Pk,"Black & Decker/dewlt, DWV9401 Dewalt Paper Bag - 5pk",Black & Decker/Dewlt Dwv9401 Dewalt Paper Bag - 5Pk,"Black & Decker/dewlt, DWV9401 Dewalt Paper Bag - 5pk",,,,,,,,,,,,,,,,,,,,,,,,,,,,,,,,,,,,,,,,,,,,,,,,,,,,,,,,,,,,,,,,,,,,,,,,,,,,,,,,,,,,,,,,,,,,,,,,,,,,,,,,,,,,,,,,,,,,,,,,,,,,,,,,,,,,,,,,,,,,,,,,,,,,,,,,,,,,,,,,,,,,,,,,,,,,,,,,,,,,,,,,,,,,,,,,,,,,,,,,,,,,,,,,,,,,,,,,,,,,,,,
,,,,,,578512,,,,578512,578512,578512 Festool Dust Extractor-CT MIDI I HEPA,,,,Festool USA (FESTO),Festool USA,Festool USA,,578512,,,"Festool USA, Festool Usa, Festool Dust Extractor, Ct Midi I Hepa, 578512",FESTOOL DUST EXTRACTOR-CT MIDI I HEPA,Festool Usa 578512 Festool Dust Extractor-Ct Midi I Hepa,"Festool USA, 578512 Festool Dust Extractor-CT MIDI I HEPA",Festool Usa 578512 Festool Dust Extractor-Ct Midi I Hepa,"Festool USA, 578512 Festool Dust Extractor-CT MIDI I HEPA",,,,,,,,,,,,,,,,,,,,,,,,,,,,,,,,,,,,,,,,,,,,,,,,,,,,,,,,,,,,,,,,,,,,,,,,,,,,,,,,,,,,,,,,,,,,,,,,,,,,,,,,,,,,,,,,,,,,,,,,,,,,,,,,,,,,,,,,,,,,,,,,,,,,,,,,,,,,,,,,,,,,,,,,,,,,,,,,,,,,,,,,,,,,,,,,,,,,,,,,,,,,,,,,,,,,,,,,,,,,,,,
,,,,,,577871,,,,577871,577871,577871 Festool Dust Extractor - CT 26,,,,Festool USA (FESTO),Festool USA,Festool USA,,577871,,,"Festool USA, Festool Usa, Festool Dust Extractor, Ct 26, 577871",FESTOOL DUST EXTRACTOR - CT 26,Festool Usa 577871 Festool Dust Extractor - Ct 26,"Festool USA, 577871 Festool Dust Extractor - CT 26",Festool Usa 577871 Festool Dust Extractor - Ct 26,"Festool USA, 577871 Festool Dust Extractor - CT 26",,,,,,,,,,,,,,,,,,,,,,,,,,,,,,,,,,,,,,,,,,,,,,,,,,,,,,,,,,,,,,,,,,,,,,,,,,,,,,,,,,,,,,,,,,,,,,,,,,,,,,,,,,,,,,,,,,,,,,,,,,,,,,,,,,,,,,,,,,,,,,,,,,,,,,,,,,,,,,,,,,,,,,,,,,,,,,,,,,,,,,,,,,,,,,,,,,,,,,,,,,,,,,,,,,,,,,,,,,,,,,,
,,,,,,577874,,,,577874,577874,577874 Festool Dust Extractor - CT 36,,,,Festool USA (FESTO),Festool USA,Festool USA,,577874,,,"Festool USA, Festool Usa, Festool Dust Extractor, Ct 36, 577874",FESTOOL DUST EXTRACTOR - CT 36,Festool Usa 577874 Festool Dust Extractor - Ct 36,"Festool USA, 577874 Festool Dust Extractor - CT 36",Festool Usa 577874 Festool Dust Extractor - Ct 36,"Festool USA, 577874 Festool Dust Extractor - CT 36",,,,,,,,,,,,,,,,,,,,,,,,,,,,,,,,,,,,,,,,,,,,,,,,,,,,,,,,,,,,,,,,,,,,,,,,,,,,,,,,,,,,,,,,,,,,,,,,,,,,,,,,,,,,,,,,,,,,,,,,,,,,,,,,,,,,,,,,,,,,,,,,,,,,,,,,,,,,,,,,,,,,,,,,,,,,,,,,,,,,,,,,,,,,,,,,,,,,,,,,,,,,,,,,,,,,,,,,,,,,,,,
,,,,,,577876,,,,577876,577876,577876 Festool Dust Extractor - CT 48,,,,Festool USA (FESTO),Festool USA,Festool USA,,577876,,,"Festool USA, Festool Usa, Festool Dust Extractor, Ct 48, 577876",FESTOOL DUST EXTRACTOR - CT 48,Festool Usa 577876 Festool Dust Extractor - Ct 48,"Festool USA, 577876 Festool Dust Extractor - CT 48",Festool Usa 577876 Festool Dust Extractor - Ct 48,"Festool USA, 577876 Festool Dust Extractor - CT 48",,,,,,,,,,,,,,,,,,,,,,,,,,,,,,,,,,,,,,,,,,,,,,,,,,,,,,,,,,,,,,,,,,,,,,,,,,,,,,,,,,,,,,,,,,,,,,,,,,,,,,,,,,,,,,,,,,,,,,,,,,,,,,,,,,,,,,,,,,,,,,,,,,,,,,,,,,,,,,,,,,,,,,,,,,,,,,,,,,,,,,,,,,,,,,,,,,,,,,,,,,,,,,,,,,,,,,,,,,,,,,,
,,,,,,578441,,,,578441,578441,578441 Festool Dust Extractor-CT 15 HEPA,,,,Festool USA (FESTO),Festool USA,Festool USA,,578441,,,"Festool USA, Festool Usa, Festool Dust Extractor, Ct 15 Hepa, 578441",FESTOOL DUST EXTRACTOR-CT 15 HEPA,Festool Usa 578441 Festool Dust Extractor-Ct 15 Hepa,"Festool USA, 578441 Festool Dust Extractor-CT 15 HEPA",Festool Usa 578441 Festool Dust Extractor-Ct 15 Hepa,"Festool USA, 578441 Festool Dust Extractor-CT 15 HEPA",,,,,,,,,,,,,,,,,,,,,,,,,,,,,,,,,,,,,,,,,,,,,,,,,,,,,,,,,,,,,,,,,,,,,,,,,,,,,,,,,,,,,,,,,,,,,,,,,,,,,,,,,,,,,,,,,,,,,,,,,,,,,,,,,,,,,,,,,,,,,,,,,,,,,,,,,,,,,,,,,,,,,,,,,,,,,,,,,,,,,,,,,,,,,,,,,,,,,,,,,,,,,,,,,,,,,,,,,,,,,,,
,,,,,,DCK225D2,,,,DCK225D2,DCK225D2,DCK225D2 Dewalt Impact/Drill - Kit,,,DEWALT,Black & Decker/dewlt (2585),DEWALT,DEWALT,,DCK225D2,,,"DEWALT, Dewalt, Dewalt Impact/Drill, Kit, Dck225D2, DCK225D2",DEWALT IMPACT/DRILL - KIT,Dewalt Dck225D2 Dewalt Impact/Drill - Kit,"DEWALT, DCK225D2 Dewalt Impact/Drill - Kit",Dewalt Dck225D2 Dewalt Impact/Drill - Kit,"DEWALT, DCK225D2 Dewalt Impact/Drill - Kit",,,,,,,,,,,,,,,,,,,,,,,,,,,,,,,,,,,,,,,,,,,,,,,,,,,,,,,,,,,,,,,,,,,,,,,,,,,,,,,,,,,,,,,,,,,,,,,,,,,,,,,,,,,,,,,,,,,,,,,,,,,,,,,,,,,,,,,,,,,,,,,,,,,,,,,,,,,,,,,,,,,,,,,,,,,,,,,,,,,,,,,,,,,,,,,,,,,,,,,,,,,,,,,,,,,,,,,,,,,,,,,
,,,,,,DCK2101QQ2,,,,DCK2101QQ2,DCK2101QQ2,Dewalt DCK2101QQ2 20V 2Pc Kit,,,,Black & Decker/dewlt (2585),Black & Decker/dewlt,Black & Decker/dewlt,,DCK2101QQ2,,,"Black & Decker/Dewlt, Dewalt Dck2101Qq2 20V 2Pc Kit, Dck2101Qq2",DEWALT DCK2101QQ2 20V 2PC KIT,Black & Decker/Dewlt Dck2101Qq2 Dewalt Dck2101Qq2 20V 2Pc Kit,"Black & Decker/dewlt, Dewalt DCK2101QQ2 20V 2Pc Kit",Black & Decker/Dewlt Dck2101Qq2 Dewalt Dck2101Qq2 20V 2Pc Kit,"Black & Decker/dewlt, Dewalt DCK2101QQ2 20V 2Pc Kit",,,,,,,,,,,,,,,,,,,,,,,,,,,,,,,,,,,,,,,,,,,,,,,,,,,,,,,,,,,,,,,,,,,,,,,,,,,,,,,,,,,,,,,,,,,,,,,,,,,,,,,,,,,,,,,,,,,,,,,,,,,,,,,,,,,,,,,,,,,,,,,,,,,,,,,,,,,,,,,,,,,,,,,,,,,,,,,,,,,,,,,,,,,,,,,,,,,,,,,,,,,,,,,,,,,,,,,,,,,,,,,
,,,,,,4000-2/32,,,,4000-2/32,4000-2/32,4000-2/32 DREMEL ROTARY TOOL,,,Dremel,Robt Bosch Tool Corp (6564),Dremel,Dremel,,4000-2/32,,,"Dremel, Dremel Rotary Tool, 4000-2/32, 4000-2/32",DREMEL ROTARY TOOL,Dremel 4000-2/32 Dremel Rotary Tool,"Dremel, 4000-2/32 DREMEL ROTARY TOOL",Dremel 4000-2/32 Dremel Rotary Tool,"Dremel, 4000-2/32 DREMEL ROTARY TOOL",,,,,,,,,,,,,,,,,,,,,,,,,,,,,,,,,,,,,,,,,,,,,,,,,,,,,,,,,,,,,,,,,,,,,,,,,,,,,,,,,,,,,,,,,,,,,,,,,,,,,,,,,,,,,,,,,,,,,,,,,,,,,,,,,,,,,,,,,,,,,,,,,,,,,,,,,,,,,,,,,,,,,,,,,,,,,,,,,,,,,,,,,,,,,,,,,,,,,,,,,,,,,,,,,,,,,,,,,,,,,,,
,,,,,,15-01-3100,,,,15-01-3100,15-01-3100,3100-1/15 Dremel Rotary Tool - Kit 15pc,,,Dremel,Robt Bosch Tool Corp (6564),Dremel,Dremel,,15-01-3100,,,"Dremel, 3100, 1/15 Dremel Rotary Tool, Kit 15Pc, 15-01-3100, 15-01-310",3100-1/15 DREMEL ROTARY TOOL - KIT 15PC,Dremel 15-01-3100 3100-1/15 Dremel Rotary Tool - Kit 15Pc,"Dremel, 3100-1/15 Dremel Rotary Tool - Kit 15pc, Part Number: 15-01-3100",Dremel 15-01-3100 3100-1/15 Dremel Rotary Tool - Kit 15Pc,"Dremel, 3100-1/15 Dremel Rotary Tool - Kit 15pc, Part Number: 15-01-3100",,,,,,,,,,,,,,,,,,,,,,,,,,,,,,,,,,,,,,,,,,,,,,,,,,,,,,,,,,,,,,,,,,,,,,,,,,,,,,,,,,,,,,,,,,,,,,,,,,,,,,,,,,,,,,,,,,,,,,,,,,,,,,,,,,,,,,,,,,,,,,,,,,,,,,,,,,,,,,,,,,,,,,,,,,,,,,,,,,,,,,,,,,,,,,,,,,,,,,,,,,,,,,,,,,,,,,,,,,,,,,,
,,,,,,T-90043,,,,T-90043,T-90043,T-90043 Deep Medium Organizer,,,,Makita Usa Inc (5142),Makita Usa Inc,Makita Usa Inc,,T-90043,,,"Makita Usa Inc, Deep Medium Organizer, T-90043, T-90043",DEEP MEDIUM ORGANIZER,Makita Usa Inc T-90043 Deep Medium Organizer,"Makita Usa Inc, T-90043 Deep Medium Organizer",Makita Usa Inc T-90043 Deep Medium Organizer,"Makita Usa Inc, T-90043 Deep Medium Organizer",,,,,,,,,,,,,,,,,,,,,,,,,,,,,,,,,,,,,,,,,,,,,,,,,,,,,,,,,,,,,,,,,,,,,,,,,,,,,,,,,,,,,,,,,,,,,,,,,,,,,,,,,,,,,,,,,,,,,,,,,,,,,,,,,,,,,,,,,,,,,,,,,,,,,,,,,,,,,,,,,,,,,,,,,,,,,,,,,,,,,,,,,,,,,,,,,,,,,,,,,,,,,,,,,,,,,,,,,,,,,,,
,,,,,,T-90059,,,,T-90059,T-90059,T-90059 Low Profile Medium - Organizer,,,,Makita Usa Inc (5142),Makita Usa Inc,Makita Usa Inc,,T-90059,,,"Makita Usa Inc, Low Profile Medium, Organizer, T-90059, T-90",LOW PROFILE MEDIUM - ORGANIZER,Makita Usa Inc T-90059 Low Profile Medium - Organizer,"Makita Usa Inc, T-90059 Low Profile Medium - Organizer",Makita Usa Inc T-90059 Low Profile Medium - Organizer,"Makita Usa Inc, T-90059 Low Profile Medium - Organizer",,,,,,,,,,,,,,,,,,,,,,,,,,,,,,,,,,,,,,,,,,,,,,,,,,,,,,,,,,,,,,,,,,,,,,,,,,,,,,,,,,,,,,,,,,,,,,,,,,,,,,,,,,,,,,,,,,,,,,,,,,,,,,,,,,,,,,,,,,,,,,,,,,,,,,,,,,,,,,,,,,,,,,,,,,,,,,,,,,,,,,,,,,,,,,,,,,,,,,,,,,,,,,,,,,,,,,,,,,,,,,,
,,,,,,T-90065,,,,T-90065,T-90065,T-90065 Deep Compact Organizer,,,,Makita Usa Inc (5142),Makita Usa Inc,Makita Usa Inc,,T-90065,,,"Makita Usa Inc, Deep Compact Organizer, T-90065, T-90065",DEEP COMPACT ORGANIZER,Makita Usa Inc T-90065 Deep Compact Organizer,"Makita Usa Inc, T-90065 Deep Compact Organizer",Makita Usa Inc T-90065 Deep Compact Organizer,"Makita Usa Inc, T-90065 Deep Compact Organizer",,,,,,,,,,,,,,,,,,,,,,,,,,,,,,,,,,,,,,,,,,,,,,,,,,,,,,,,,,,,,,,,,,,,,,,,,,,,,,,,,,,,,,,,,,,,,,,,,,,,,,,,,,,,,,,,,,,,,,,,,,,,,,,,,,,,,,,,,,,,,,,,,,,,,,,,,,,,,,,,,,,,,,,,,,,,,,,,,,,,,,,,,,,,,,,,,,,,,,,,,,,,,,,,,,,,,,,,,,,,,,,
,,,,,,10047VS,,,,10047VS,10047VS,10047VS Oliver 3HP 230V 1PH Shaper 1-1/4 Spindle,,,,Oliver Machinery Company (OLIMA),Oliver Machinery Company,Oliver Machinery Company,,10047VS,,,"Oliver Machinery Company, Oliver 3Hp 230V 1Ph Shaper 1, 1/4 Spindle, 10047Vs",OLIVER 3HP 230V 1PH SHAPER 1-1/4 SPINDLE,Oliver Machinery Company 10047Vs Oliver 3Hp 230V 1Ph Shaper 1-1/4 Spindle,"Oliver Machinery Company, 10047VS Oliver 3HP 230V 1PH Shaper 1-1/4 Spindle",Oliver Machinery Company 10047Vs Oliver 3Hp 230V 1Ph Shaper 1-1/4 Spindle,"Oliver Machinery Company, 10047VS Oliver 3HP 230V 1PH Shaper 1-1/4 Spindle",,,,,,,,,,,,,,,,,,,,,,,,,,,,,,,,,,,,,,,,,,,,,,,,,,,,,,,,,,,,,,,,,,,,,,,,,,,,,,,,,,,,,,,,,,,,,,,,,,,,,,,,,,,,,,,,,,,,,,,,,,,,,,,,,,,,,,,,,,,,,,,,,,,,,,,,,,,,,,,,,,,,,,,,,,,,,,,,,,,,,,,,,,,,,,,,,,,,,,,,,,,,,,,,,,,,,,,,,,,,,,,
,,,,,,MAG:2044-230-1,,,,MAG:2044-230-1,MAG:2044-230-1,2044-230-1 Stock Feeder 4-Roll - Steff,,,,J&G Machinery (JGMAC),J&G Machinery,J&G Machinery,,MAG:2044-230-1,,,"J&G Machinery, 2044, 230, 1 Stock Feeder 4, Roll, Steff, Mag:2044-230-1",2044-230-1 STOCK FEEDER 4-ROLL - STEFF,J&G Machinery Mag:2044-230-1 2044-230-1 Stock Feeder 4-Roll - Steff,"J&G Machinery, 2044-230-1 Stock Feeder 4-Roll - Steff, Part Number: MAG:2044-230-1",J&G Machinery Mag:2044-230-1 2044-230-1 Stock Feeder 4-Roll - Steff,"J&G Machinery, 2044-230-1 Stock Feeder 4-Roll - Steff, Part Number: MAG:2044-230-1",,,,,,,,,,,,,,,,,,,,,,,,,,,,,,,,,,,,,,,,,,,,,,,,,,,,,,,,,,,,,,,,,,,,,,,,,,,,,,,,,,,,,,,,,,,,,,,,,,,,,,,,,,,,,,,,,,,,,,,,,,,,,,,,,,,,,,,,,,,,,,,,,,,,,,,,,,,,,,,,,,,,,,,,,,,,,,,,,,,,,,,,,,,,,,,,,,,,,,,,,,,,,,,,,,,,,,,,,,,,,,,
,,,,,,XTP242,,,,XTP242,XTP242,"42"" XTP XTENDER PRO Fence - XTP242",,,,Bow Products (BOWPR),Bow Products,Bow Products,,XTP242,,,"Bow Products, 42"" Xtp Xtender Pro Fence, Xtp242, Xtp242, XTP","42"" XTP XTENDER PRO FENCE - XTP242","Bow Products Xtp242 42"" Xtp Xtender Pro Fence - Xtp242","Bow Products, 42"" XTP XTENDER PRO Fence - XTP242","Bow Products Xtp242 42"" Xtp Xtender Pro Fence - Xtp242","Bow Products, 42"" XTP XTENDER PRO Fence - XTP242",,,,,,,,,,,,,,,,,,,,,,,,,,,,,,,,,,,,,,,,,,,,,,,,,,,,,,,,,,,,,,,,,,,,,,,,,,,,,,,,,,,,,,,,,,,,,,,,,,,,,,,,,,,,,,,,,,,,,,,,,,,,,,,,,,,,,,,,,,,,,,,,,,,,,,,,,,,,,,,,,,,,,,,,,,,,,,,,,,,,,,,,,,,,,,,,,,,,,,,,,,,,,,,,,,,,,,,,,,,,,,,
,,,,,,AAS-P,,,,AAS-P,AAS-P,AAS-P Align-A-Saw Plate Only,,,,Woodpeckers Inc (WOODP),Woodpeckers Inc,Woodpeckers Inc,,AAS-P,,,"Woodpeckers Inc, Align, A, Saw Plate Only, Aas-P, AAS-P",ALIGN-A-SAW PLATE ONLY,Woodpeckers Inc Aas-P Align-A-Saw Plate Only,"Woodpeckers Inc, AAS-P Align-A-Saw Plate Only",Woodpeckers Inc Aas-P Align-A-Saw Plate Only,"Woodpeckers Inc, AAS-P Align-A-Saw Plate Only",,,,,,,,,,,,,,,,,,,,,,,,,,,,,,,,,,,,,,,,,,,,,,,,,,,,,,,,,,,,,,,,,,,,,,,,,,,,,,,,,,,,,,,,,,,,,,,,,,,,,,,,,,,,,,,,,,,,,,,,,,,,,,,,,,,,,,,,,,,,,,,,,,,,,,,,,,,,,,,,,,,,,,,,,,,,,,,,,,,,,,,,,,,,,,,,,,,,,,,,,,,,,,,,,,,,,,,,,,,,,,,
,,,,,,SSCMS,,,,SSCMS,SSCMS,SSCMS Stealthstop Miter Sled,,,,Woodpeckers Inc (WOODP),Woodpeckers Inc,Woodpeckers Inc,,SSCMS,,,"Woodpeckers Inc, Stealthstop Miter Sled, Sscms, SSCMS",STEALTHSTOP MITER SLED,Woodpeckers Inc Sscms Stealthstop Miter Sled,"Woodpeckers Inc, SSCMS Stealthstop Miter Sled",Woodpeckers Inc Sscms Stealthstop Miter Sled,"Woodpeckers Inc, SSCMS Stealthstop Miter Sled",,,,,,,,,,,,,,,,,,,,,,,,,,,,,,,,,,,,,,,,,,,,,,,,,,,,,,,,,,,,,,,,,,,,,,,,,,,,,,,,,,,,,,,,,,,,,,,,,,,,,,,,,,,,,,,,,,,,,,,,,,,,,,,,,,,,,,,,,,,,,,,,,,,,,,,,,,,,,,,,,,,,,,,,,,,,,,,,,,,,,,,,,,,,,,,,,,,,,,,,,,,,,,,,,,,,,,,,,,,,,,,
,,,,,,4225.201,,,,4225.201,4225.201,"4225.201 Oliver 6"" HH Jointer Paralleogram",,,,Oliver Machinery Company (OLIMA),Oliver Machinery Company,Oliver Machinery Company,,4225.201,,,"Oliver Machinery Company, Oliver 6"" Hh Jointer Paralleogram, 4225.201","OLIVER 6"" HH JOINTER PARALLEOGRAM","Oliver Machinery Company 4225.201 Oliver 6"" Hh Jointer Paralleogram","Oliver Machinery Company, 4225.201 Oliver 6"" HH Jointer Paralleogram","Oliver Machinery Company 4225.201 Oliver 6"" Hh Jointer Paralleogram","Oliver Machinery Company, 4225.201 Oliver 6"" HH Jointer Paralleogram",,,,,,,,,,,,,,,,,,,,,,,,,,,,,,,,,,,,,,,,,,,,,,,,,,,,,,,,,,,,,,,,,,,,,,,,,,,,,,,,,,,,,,,,,,,,,,,,,,,,,,,,,,,,,,,,,,,,,,,,,,,,,,,,,,,,,,,,,,,,,,,,,,,,,,,,,,,,,,,,,,,,,,,,,,,,,,,,,,,,,,,,,,,,,,,,,,,,,,,,,,,,,,,,,,,,,,,,,,,,,,,
,,,,,,KC-426C,,,,KC-426C,KC-426C,"KC-426C 12"" Portable Planer",,,,King Canada Inc (KINCA),King Canada Inc,King Canada Inc,,KC-426C,,,"King Canada Inc, 12"" Portable Planer, Kc-426C, KC-426C","12"" PORTABLE PLANER","King Canada Inc Kc-426C 12"" Portable Planer","King Canada Inc, KC-426C 12"" Portable Planer","King Canada Inc Kc-426C 12"" Portable Planer","King Canada Inc, KC-426C 12"" Portable Planer",,,,,,,,,,,,,,,,,,,,,,,,,,,,,,,,,,,,,,,,,,,,,,,,,,,,,,,,,,,,,,,,,,,,,,,,,,,,,,,,,,,,,,,,,,,,,,,,,,,,,,,,,,,,,,,,,,,,,,,,,,,,,,,,,,,,,,,,,,,,,,,,,,,,,,,,,,,,,,,,,,,,,,,,,,,,,,,,,,,,,,,,,,,,,,,,,,,,,,,,,,,,,,,,,,,,,,,,,,,,,,,
,,,,,,10045.201,,,,10045.201,10045.201,"10045.201 Oliver 13"" Benchtop Planer 2HP,115V 1Ph",,,,Oliver Machinery Company (OLIMA),Oliver Machinery Company,Oliver Machinery Company,,10045.201,,,"Oliver Machinery Company, Oliver 13"" Benchtop Planer 2Hp,115V 1Ph, 10045.201","OLIVER 13"" BENCHTOP PLANER 2HP,115V 1PH","Oliver Machinery Company 10045.201 Oliver 13"" Benchtop Planer 2Hp,115V 1Ph","Oliver Machinery Company, 10045.201 Oliver 13"" Benchtop Planer 2HP,115V 1Ph","Oliver Machinery Company 10045.201 Oliver 13"" Benchtop Planer 2Hp,115V 1Ph","Oliver Machinery Company, 10045.201 Oliver 13"" Benchtop Planer 2HP,115V 1Ph",,,,,,,,,,,,,,,,,,,,,,,,,,,,,,,,,,,,,,,,,,,,,,,,,,,,,,,,,,,,,,,,,,,,,,,,,,,,,,,,,,,,,,,,,,,,,,,,,,,,,,,,,,,,,,,,,,,,,,,,,,,,,,,,,,,,,,,,,,,,,,,,,,,,,,,,,,,,,,,,,,,,,,,,,,,,,,,,,,,,,,,,,,,,,,,,,,,,,,,,,,,,,,,,,,,,,,,,,,,,,,,
,,,,,,10014.201,,,,10014.201,10014.201,"10014.201 Oliver 15"" Planer 3HP 1Ph 220V",,,,Oliver Machinery Company (OLIMA),Oliver Machinery Company,Oliver Machinery Company,,10014.201,,,"Oliver Machinery Company, Oliver 15"" Planer 3Hp 1Ph 220V, 10014.201","OLIVER 15"" PLANER 3HP 1PH 220V","Oliver Machinery Company 10014.201 Oliver 15"" Planer 3Hp 1Ph 220V","Oliver Machinery Company, 10014.201 Oliver 15"" Planer 3HP 1Ph 220V","Oliver Machinery Company 10014.201 Oliver 15"" Planer 3Hp 1Ph 220V","Oliver Machinery Company, 10014.201 Oliver 15"" Planer 3HP 1Ph 220V",,,,,,,,,,,,,,,,,,,,,,,,,,,,,,,,,,,,,,,,,,,,,,,,,,,,,,,,,,,,,,,,,,,,,,,,,,,,,,,,,,,,,,,,,,,,,,,,,,,,,,,,,,,,,,,,,,,,,,,,,,,,,,,,,,,,,,,,,,,,,,,,,,,,,,,,,,,,,,,,,,,,,,,,,,,,,,,,,,,,,,,,,,,,,,,,,,,,,,,,,,,,,,,,,,,,,,,,,,,,,,,
,,,,,,4430.201,,,,4430.201,4430.201,"4430.201 Oliver 20"" Planer 5HP 1Ph 230V",,,,Oliver Machinery Company (OLIMA),Oliver Machinery Company,Oliver Machinery Company,,4430.201,,,"Oliver Machinery Company, Oliver 20"" Planer 5Hp 1Ph 230V, 4430.201","OLIVER 20"" PLANER 5HP 1PH 230V","Oliver Machinery Company 4430.201 Oliver 20"" Planer 5Hp 1Ph 230V","Oliver Machinery Company, 4430.201 Oliver 20"" Planer 5HP 1Ph 230V","Oliver Machinery Company 4430.201 Oliver 20"" Planer 5Hp 1Ph 230V","Oliver Machinery Company, 4430.201 Oliver 20"" Planer 5HP 1Ph 230V",,,,,,,,,,,,,,,,,,,,,,,,,,,,,,,,,,,,,,,,,,,,,,,,,,,,,,,,,,,,,,,,,,,,,,,,,,,,,,,,,,,,,,,,,,,,,,,,,,,,,,,,,,,,,,,,,,,,,,,,,,,,,,,,,,,,,,,,,,,,,,,,,,,,,,,,,,,,,,,,,,,,,,,,,,,,,,,,,,,,,,,,,,,,,,,,,,,,,,,,,,,,,,,,,,,,,,,,,,,,,,,
,,,,,,10055.201,,,,10055.201,10055.201,"10055.201 Oliver 15"" Benchtop Planer 2.5HP 1Ph 230V",,,,Oliver Machinery Company (OLIMA),Oliver Machinery Company,Oliver Machinery Company,,10055.201,,,"Oliver Machinery Company, Oliver 15"" Benchtop Planer 2.5Hp 1Ph 230V, 10055.201","OLIVER 15"" BENCHTOP PLANER 2.5HP 1PH","Oliver Machinery Company 10055.201 Oliver 15"" Benchtop Planer 2.5Hp 1Ph 230V","Oliver Machinery Company, 10055.201 Oliver 15"" Benchtop Planer 2.5HP 1Ph 230V","Oliver Machinery Company 10055.201 Oliver 15"" Benchtop Planer 2.5Hp 1Ph 230V","Oliver Machinery Company, 10055.201 Oliver 15"" Benchtop Planer 2.5HP 1Ph 230V",,,,,,,,,,,,,,,,,,,,,,,,,,,,,,,,,,,,,,,,,,,,,,,,,,,,,,,,,,,,,,,,,,,,,,,,,,,,,,,,,,,,,,,,,,,,,,,,,,,,,,,,,,,,,,,,,,,,,,,,,,,,,,,,,,,,,,,,,,,,,,,,,,,,,,,,,,,,,,,,,,,,,,,,,,,,,,,,,,,,,,,,,,,,,,,,,,,,,,,,,,,,,,,,,,,,,,,,,,,,,,,
,,,,,,T27417,,,,T27417,T27417,T27417 Grizzly OscillatingEdge - Belt and Spindle Sander,,,,Woodstock Intl (3658),Woodstock Intl,Woodstock Intl,,T27417,,,"Woodstock Intl, Grizzly Oscillatingedge, Belt And Spindle Sander, T27417",GRIZZLY OSCILLATINGEDGE - BELT AND,Woodstock Intl T27417 Grizzly Oscillatingedge - Belt And Spindle Sander,"Woodstock Intl, T27417 Grizzly OscillatingEdge - Belt and Spindle Sander",Woodstock Intl T27417 Grizzly Oscillatingedge - Belt And Spindle Sander,"Woodstock Intl, T27417 Grizzly OscillatingEdge - Belt and Spindle Sander",,,,,,,,,,,,,,,,,,,,,,,,,,,,,,,,,,,,,,,,,,,,,,,,,,,,,,,,,,,,,,,,,,,,,,,,,,,,,,,,,,,,,,,,,,,,,,,,,,,,,,,,,,,,,,,,,,,,,,,,,,,,,,,,,,,,,,,,,,,,,,,,,,,,,,,,,,,,,,,,,,,,,,,,,,,,,,,,,,,,,,,,,,,,,,,,,,,,,,,,,,,,,,,,,,,,,,,,,,,,,,,
